path,size_bytes,sha256
00_START_HERE/BUNDLE_SCOPE_AND_GAPS.md,1336,e91a90ce88ab09fdac08a7424fe38dddda898b5ba5c7f287d2dc0391dff6e74d
00_START_HERE/README.md,951,cfd9ec9ca79c87520660ce5e3ab034749c23dbb6a0a30760592ab26ef44aa733
00_START_HERE/RECONSTRUCT_AND_AUDIT_PROMPT.md,2637,78b01c9f9cf242ccc86b1bd13016d0535f4ae2a836e9e97aa2a85a273f3099b6
00_START_HERE/V3_CHANGELOG_AND_PRECHECK.md,1634,6dd8f589e7666e66c86e7194ac7dd6c1d7d3881bb860dafc7df57c7374359fd7
01_FOUNDATION/ARTICLE_PROTOCOL_C2R1_PATCHED.md,77630,32c13245d94a6affac6f1007b41d91a66eb69afd81ff1edc890de018d881568b
01_FOUNDATION/PFD.md,9178,3ec8ced26a854c0f6e479e93e8145afac356a10c2ff40ca0913d37f3c4365c5b
01_FOUNDATION/VISION.md,10890,c951aa173f14e4bd03bc886451ef020dd7515464adecbf6c997934a8308ea6d2
02_MASTER_EVIDENCE_BASE/01_KERNEL/TRUTH_ENGINE_2.10.6_R3P1_CANONICAL.zip,218204,d113e3bd1848805bc3dbf1485eb1107a5767ebe74efd0cf27b601e01db278d30
02_MASTER_EVIDENCE_BASE/01_KERNEL/UNPACKED/truth-engine-v2_2.10.6-R3P1_CANONICAL/.gitignore,79,55d40310f620ea2b99b41ac7834b74d0627d99d79c2de97b1c62e6ffcc468d1a
02_MASTER_EVIDENCE_BASE/01_KERNEL/UNPACKED/truth-engine-v2_2.10.6-R3P1_CANONICAL/.verify/config.example.json,728,fc4ee1aa9b3b41ed831bd8622ffd6b78f0ffa742789d17c33396f48e8f456f4a
02_MASTER_EVIDENCE_BASE/01_KERNEL/UNPACKED/truth-engine-v2_2.10.6-R3P1_CANONICAL/.verify/config.json,2407,aa038bb5e9a6aa06d7cd2b6e3afa0c2dadedb3e6c4a694d5ba097fa163de10f6
02_MASTER_EVIDENCE_BASE/01_KERNEL/UNPACKED/truth-engine-v2_2.10.6-R3P1_CANONICAL/ARCHITECTURE.md,39996,4a0ec19e1b1f2fc0033d47041c90b697308864fc3e7b997408251602893a5ad0
02_MASTER_EVIDENCE_BASE/01_KERNEL/UNPACKED/truth-engine-v2_2.10.6-R3P1_CANONICAL/KERNEL.md,69458,0d78b5d2db873d6bb9984867c3a4b1095b46400db2145487a763680b43e88974
02_MASTER_EVIDENCE_BASE/01_KERNEL/UNPACKED/truth-engine-v2_2.10.6-R3P1_CANONICAL/PACKAGE_R2A2P1.md,802,912ba6863d5d7ecce179ba13cc3bd9d3a66ead1c685d5dc856a65edbb5d6ae2d
02_MASTER_EVIDENCE_BASE/01_KERNEL/UNPACKED/truth-engine-v2_2.10.6-R3P1_CANONICAL/PACKAGE_R3P0.md,2728,68e21ba60958c31930f60475e11a745c674b89b1552c9d7e051d85be9ec398d4
02_MASTER_EVIDENCE_BASE/01_KERNEL/UNPACKED/truth-engine-v2_2.10.6-R3P1_CANONICAL/PACKAGE_R3P1.md,1820,4c60e53ed742a2210de2b036571bcefd9a55e6bce0fb6bec86b3348982d93f77
02_MASTER_EVIDENCE_BASE/01_KERNEL/UNPACKED/truth-engine-v2_2.10.6-R3P1_CANONICAL/PATCH_R2A2_MNEMO_DEGRADED.md,2101,b0fbf5370123f3832a42d7177a1e5c66b8b0b3aebaa94e8f633b01d6591b26c9
02_MASTER_EVIDENCE_BASE/01_KERNEL/UNPACKED/truth-engine-v2_2.10.6-R3P1_CANONICAL/PATH_AUDIT.csv,5913,156aacdc65fa4f5fb3180e465ac548ce47241350e2db1fda19e96e1158205efc
02_MASTER_EVIDENCE_BASE/01_KERNEL/UNPACKED/truth-engine-v2_2.10.6-R3P1_CANONICAL/PATH_AUDIT.md,728,00086cfab707ba07c052bdbdb13122f62417c24cccae3156e99c9be13ab983dc
02_MASTER_EVIDENCE_BASE/01_KERNEL/UNPACKED/truth-engine-v2_2.10.6-R3P1_CANONICAL/clusters/BIO.md,1868,73cbb1d3998e52a1eedb79ab29a0825aac87981b26fb7f4632e7823dbaaaf951
02_MASTER_EVIDENCE_BASE/01_KERNEL/UNPACKED/truth-engine-v2_2.10.6-R3P1_CANONICAL/clusters/CONFIRMATION.md,1606,5dea3f0d1d4994a1e45f5409beab451da6cbd69d9d53fee0ee65769e856251aa
02_MASTER_EVIDENCE_BASE/01_KERNEL/UNPACKED/truth-engine-v2_2.10.6-R3P1_CANONICAL/clusters/FRAGMENTATION.md,1587,92128543a24b348bfe21a2c98f66ebbb446f67b3a7c6135ee37bf789bc3b62ae
02_MASTER_EVIDENCE_BASE/01_KERNEL/UNPACKED/truth-engine-v2_2.10.6-R3P1_CANONICAL/clusters/FRAMING.md,1479,2171e88d7538d7a5b7c3be4ace16f2d8d58ce023ffb2da1f407329acb6a81740
02_MASTER_EVIDENCE_BASE/01_KERNEL/UNPACKED/truth-engine-v2_2.10.6-R3P1_CANONICAL/clusters/GASLIGHTING.md,1446,92ca318eb8655a7a89c63e8605284885c9d15f318af8728af4022f6ecf0693d1
02_MASTER_EVIDENCE_BASE/01_KERNEL/UNPACKED/truth-engine-v2_2.10.6-R3P1_CANONICAL/clusters/ICEBERG.md,1500,62fd494f86f1ed7fa0802281ae322d016e79a90f7f18c2760dfb52d1e7661d6f
02_MASTER_EVIDENCE_BASE/01_KERNEL/UNPACKED/truth-engine-v2_2.10.6-R3P1_CANONICAL/clusters/INVERSION.md,1474,03889f6f2bff71de10995f558d309ce30086a43863782e1c8dfdc0d6810f1623
02_MASTER_EVIDENCE_BASE/01_KERNEL/UNPACKED/truth-engine-v2_2.10.6-R3P1_CANONICAL/clusters/MONEY.md,1582,0d3c1dfb7d0e102a4e80d3e399d47e4f78edf98d91467846625bd103f55ec013
02_MASTER_EVIDENCE_BASE/01_KERNEL/UNPACKED/truth-engine-v2_2.10.6-R3P1_CANONICAL/clusters/NETWORK.md,1503,65c595bfcf13d32c6d092c842ed07e94a0b050ce5762a234db7f8bf651161632
02_MASTER_EVIDENCE_BASE/01_KERNEL/UNPACKED/truth-engine-v2_2.10.6-R3P1_CANONICAL/clusters/OVERLOAD.md,1534,ba85ecbf6073f950d20858fbc99a6b234bc13f87fb6d8ca4f7067c0f035c77d7
02_MASTER_EVIDENCE_BASE/01_KERNEL/UNPACKED/truth-engine-v2_2.10.6-R3P1_CANONICAL/clusters/POWER.md,1500,a135aedde16635bc5243d497ed9312515dd5c55f66b36631c8e1577ab1a507ee
02_MASTER_EVIDENCE_BASE/01_KERNEL/UNPACKED/truth-engine-v2_2.10.6-R3P1_CANONICAL/clusters/RESISTANCE.md,1463,2de3b9f2ae175372205f4b9267fad30e993f78db225c5cb0411a9f962aec1efa
02_MASTER_EVIDENCE_BASE/01_KERNEL/UNPACKED/truth-engine-v2_2.10.6-R3P1_CANONICAL/clusters/SPECTACLE.md,1464,e72de7e54916bdc234b72415e43f2ea0891ec7e97b027e2a7a8539aa90753ebd
02_MASTER_EVIDENCE_BASE/01_KERNEL/UNPACKED/truth-engine-v2_2.10.6-R3P1_CANONICAL/clusters/TEMPORAL.md,1501,8afbd521a57bd79bc56bfc9f3256197ea11aa5d3c63f371bda0809436b1dc082
02_MASTER_EVIDENCE_BASE/01_KERNEL/UNPACKED/truth-engine-v2_2.10.6-R3P1_CANONICAL/clusters/WAR.md,1641,de5a38b51ced8778e121b7ea3b79da72f0cc939f4bd17ddacf0dd974d68b1145
02_MASTER_EVIDENCE_BASE/01_KERNEL/UNPACKED/truth-engine-v2_2.10.6-R3P1_CANONICAL/clusters/_INDEX.md,1186,d1007c8f3d778cc2e4334288c8378af728b05c713e5e21588b2c97cf0ea08ca6
02_MASTER_EVIDENCE_BASE/01_KERNEL/UNPACKED/truth-engine-v2_2.10.6-R3P1_CANONICAL/clusters/_TEMPLATE.md,945,5b989a544ef3029e554f7bb3572685979300faa3bce7689af2f9a3975b335f50
02_MASTER_EVIDENCE_BASE/01_KERNEL/UNPACKED/truth-engine-v2_2.10.6-R3P1_CANONICAL/definitions/PATTERNS.md,6400,d30e591fa4df876492cee0c73c1ce9cbb604f29e1d56bac7c7c5538459497696
02_MASTER_EVIDENCE_BASE/01_KERNEL/UNPACKED/truth-engine-v2_2.10.6-R3P1_CANONICAL/definitions/SYMBOLS.md,7458,fc02712ed0d550c8659f2c41493222ec2604bd84a78d18180149c4ca60a1b553
02_MASTER_EVIDENCE_BASE/01_KERNEL/UNPACKED/truth-engine-v2_2.10.6-R3P1_CANONICAL/definitions/THREATS.md,5534,51f860ebc743dc6a8a4ad958d9a1d4aa57d2dfc39bd7a894ba9bc9f7b5d73124
02_MASTER_EVIDENCE_BASE/01_KERNEL/UNPACKED/truth-engine-v2_2.10.6-R3P1_CANONICAL/forensic/GATES.md,12808,f97b090c26f79b93eeecb291e37f8887d935df5ffaa36d8d6da502fa75f6da6d
02_MASTER_EVIDENCE_BASE/01_KERNEL/UNPACKED/truth-engine-v2_2.10.6-R3P1_CANONICAL/forensic/REASONING.md,1874,cb6e83dc74b9a6a311fdd8b73d78e87146c7791ab92179ebf455c2f0f2c89bde
02_MASTER_EVIDENCE_BASE/01_KERNEL/UNPACKED/truth-engine-v2_2.10.6-R3P1_CANONICAL/forensic/REQUEST_LOG.md,5102,bae510e5fc18acd635a4c9b8cbef65d2015e14c0122fcc265728216fa94dbdd4
02_MASTER_EVIDENCE_BASE/01_KERNEL/UNPACKED/truth-engine-v2_2.10.6-R3P1_CANONICAL/output/TEMPLATE.md,5857,eb504ed558d7638b8f599fc6990c6d74783ca81ae1d8016a15d70b8273c31f05
02_MASTER_EVIDENCE_BASE/01_KERNEL/UNPACKED/truth-engine-v2_2.10.6-R3P1_CANONICAL/protocol/FACT_VERIFICATION.md,29011,93cb1354c1771e1cc7f9e28600c8053ffedd1c916cc83978b948724b5f5a0219
02_MASTER_EVIDENCE_BASE/01_KERNEL/UNPACKED/truth-engine-v2_2.10.6-R3P1_CANONICAL/protocol/INVESTIGATION.md,19705,2418fb593a78048830f2900e04828ce3d7e26aef996bcdddd2199f61a026c208
02_MASTER_EVIDENCE_BASE/01_KERNEL/UNPACKED/truth-engine-v2_2.10.6-R3P1_CANONICAL/protocol/PERSO_FRESQUE.md,2807,2fe3404f9758b46de27f1d6700c290a9080ee7c5b0410e9e81b27fbf9b6a5b9f
02_MASTER_EVIDENCE_BASE/01_KERNEL/UNPACKED/truth-engine-v2_2.10.6-R3P1_CANONICAL/protocol/UPDATE.md,3987,b36af2c16ec0eba93f66546b05f2f76c4440f3c6cedf74bd716d71c90015c936
02_MASTER_EVIDENCE_BASE/01_KERNEL/UNPACKED/truth-engine-v2_2.10.6-R3P1_CANONICAL/search/EPISTEMIC.md,6991,482558f2ea834418625647b92659ef1773ffc71bc09bdce2f5f3bab91791ae00
02_MASTER_EVIDENCE_BASE/01_KERNEL/UNPACKED/truth-engine-v2_2.10.6-R3P1_CANONICAL/search/OPTIMIZATION.md,2271,56417643b0f5b49e43d4d2b3e8777801bc78580cbe7abad236eb19d8e351e49c
02_MASTER_EVIDENCE_BASE/01_KERNEL/UNPACKED/truth-engine-v2_2.10.6-R3P1_CANONICAL/search/TEMPLATES.md,6097,be5a178bf2772fd9202c100b44e4d6657a64b5fa90e34ceed90682e16f328172
02_MASTER_EVIDENCE_BASE/01_KERNEL/UNPACKED/truth-engine-v2_2.10.6-R3P1_CANONICAL/tests/README.md,1242,434a0151079b7fe0375dbb2785c357b10fc53420c43f2dbb55f341a2eebe25bb
02_MASTER_EVIDENCE_BASE/01_KERNEL/UNPACKED/truth-engine-v2_2.10.6-R3P1_CANONICAL/tests/extractors/__init__.py,0,e3b0c44298fc1c149afbf4c8996fb92427ae41e4649b934ca495991b7852b855
02_MASTER_EVIDENCE_BASE/01_KERNEL/UNPACKED/truth-engine-v2_2.10.6-R3P1_CANONICAL/tests/extractors/test_gates.py,6585,039c70da1cdebe91c267c24ae00f101534ec54983a3cae2cf48be609e3ffdf8c
02_MASTER_EVIDENCE_BASE/01_KERNEL/UNPACKED/truth-engine-v2_2.10.6-R3P1_CANONICAL/tests/extractors/test_gates_hardening.py,9500,0c99c5eda1c2d197e833ebd0a4316479770115666c9d36a7390312863a5816fb
02_MASTER_EVIDENCE_BASE/01_KERNEL/UNPACKED/truth-engine-v2_2.10.6-R3P1_CANONICAL/tests/extractors/test_gates_json.py,7800,bc38252541d36ef0e260c689f3326e831965fe7dec9bd5184e331d9c273d6cc6
02_MASTER_EVIDENCE_BASE/01_KERNEL/UNPACKED/truth-engine-v2_2.10.6-R3P1_CANONICAL/tests/extractors/test_head_check_hardening.py,8758,9bd6832bcbb31711c4e0331b1db1fc91b27c7b26682a5ee0dab7d03050f0fbda
02_MASTER_EVIDENCE_BASE/01_KERNEL/UNPACKED/truth-engine-v2_2.10.6-R3P1_CANONICAL/tests/runtime/test_forensic_output_contract.py,2376,3f645e4d4a933a772f4e908a5e8423a3a9d273c151cebccf20134eee4eb93d8f
02_MASTER_EVIDENCE_BASE/01_KERNEL/UNPACKED/truth-engine-v2_2.10.6-R3P1_CANONICAL/tests/runtime/test_mnemo_unavailable_delivery.py,4607,7737d2f40dc84b1a397622306c3646a1094424b43521e41b45076dc2850935f9
02_MASTER_EVIDENCE_BASE/01_KERNEL/UNPACKED/truth-engine-v2_2.10.6-R3P1_CANONICAL/tests/test_verify_forensic_output.py,1892,cf374634dc2fc697406f9ff4f96018e8a708c29e98371b4092d50e6a733f510f
02_MASTER_EVIDENCE_BASE/01_KERNEL/UNPACKED/truth-engine-v2_2.10.6-R3P1_CANONICAL/tests/test_verify_gate.py,6095,6eaece9b9f3a5dc317f45d3da99bf462fe440f7c26def5f5a6ce5338e27c57ab
02_MASTER_EVIDENCE_BASE/01_KERNEL/UNPACKED/truth-engine-v2_2.10.6-R3P1_CANONICAL/tools/DSL.md,2868,17a31bf06dac4b59a6aa09a080554d83684f87a4df365f30681c3226161ecb9c
02_MASTER_EVIDENCE_BASE/01_KERNEL/UNPACKED/truth-engine-v2_2.10.6-R3P1_CANONICAL/tools/MACROS.md,3301,50cd3a4579fb2c82248a17129ebbde8e91f0dd6fbac10fbc34a344603f33ba7f
02_MASTER_EVIDENCE_BASE/01_KERNEL/UNPACKED/truth-engine-v2_2.10.6-R3P1_CANONICAL/tools/__init__.py,0,e3b0c44298fc1c149afbf4c8996fb92427ae41e4649b934ca495991b7852b855
02_MASTER_EVIDENCE_BASE/01_KERNEL/UNPACKED/truth-engine-v2_2.10.6-R3P1_CANONICAL/tools/engines/__init__.py,0,e3b0c44298fc1c149afbf4c8996fb92427ae41e4649b934ca495991b7852b855
02_MASTER_EVIDENCE_BASE/01_KERNEL/UNPACKED/truth-engine-v2_2.10.6-R3P1_CANONICAL/tools/engines/sublimator/__init__.py,0,e3b0c44298fc1c149afbf4c8996fb92427ae41e4649b934ca495991b7852b855
02_MASTER_EVIDENCE_BASE/01_KERNEL/UNPACKED/truth-engine-v2_2.10.6-R3P1_CANONICAL/tools/engines/sublimator/extractors/__init__.py,0,e3b0c44298fc1c149afbf4c8996fb92427ae41e4649b934ca495991b7852b855
02_MASTER_EVIDENCE_BASE/01_KERNEL/UNPACKED/truth-engine-v2_2.10.6-R3P1_CANONICAL/tools/engines/sublimator/extractors/gates.py,5469,a55c74b8e5aebc5a1073e737bf95bff21fc0531f3db58eb4636089e19ee84fa8
02_MASTER_EVIDENCE_BASE/01_KERNEL/UNPACKED/truth-engine-v2_2.10.6-R3P1_CANONICAL/tools/engines/sublimator/extractors/head_check.py,4892,57fc1b90093964d2689b83ba1fa393ad40f794d83a3ed06d322c7dd67dd8d38e
02_MASTER_EVIDENCE_BASE/01_KERNEL/UNPACKED/truth-engine-v2_2.10.6-R3P1_CANONICAL/tools/runtime/README.md,7620,965c81acb3d3209809e2a42b2d9ec42415b28c980b9ac9c2e963ae4ea8ac3f5a
02_MASTER_EVIDENCE_BASE/01_KERNEL/UNPACKED/truth-engine-v2_2.10.6-R3P1_CANONICAL/tools/runtime/run_state.py,107428,81effd7bfef4ddcdacba1f9a4139cd856fae0eb7853518846f2381a49869d77e
02_MASTER_EVIDENCE_BASE/01_KERNEL/UNPACKED/truth-engine-v2_2.10.6-R3P1_CANONICAL/tools/verify/verify.py,89673,2dd969529d7c15d5bb7c464a185c56c284575f65c76a71b2af2a495887e76018
02_MASTER_EVIDENCE_BASE/02_ORCHESTRATOR/BUNDLE_INVENTORY.csv,52408,3ab4221dd8239d1a96dbd727aba782dc16a5e62fd8be962c6e621210782e7d37
02_MASTER_EVIDENCE_BASE/02_ORCHESTRATOR/BUNDLE_METADATA.json,898,93c49177f92387171cd3afb4502f181f4d276bbb91a6edb68b115566327d1151
02_MASTER_EVIDENCE_BASE/02_ORCHESTRATOR/INVCHAIN_FINAL_2026-09-11/CONTROL_STATE.json,15957,a77372931678ab290f8d36eb4e33c6c39014c3bae34e4de3bd308b68e9a66f9a
02_MASTER_EVIDENCE_BASE/02_ORCHESTRATOR/INVCHAIN_FINAL_2026-09-11/CONTROL_STATE.pre_inv053_baseline_repair.json,16888,d38f6b5d076cbd3010e5d8bdca461e667c9a36a32132e52201b91724e564cf87
02_MASTER_EVIDENCE_BASE/02_ORCHESTRATOR/INVCHAIN_FINAL_2026-09-11/DASHBOARD.md,3336,334f90c4340d766918426e2628965bf3b7543296e9b4df830d7647edf1336964
02_MASTER_EVIDENCE_BASE/02_ORCHESTRATOR/INVCHAIN_FINAL_2026-09-11/DASHBOARD.pre_sync_INV051.md,3647,9811f50cc915329e4ea6cb5b3ab11c3a9e19b6be3554e13c854c2371ec488f1d
02_MASTER_EVIDENCE_BASE/02_ORCHESTRATOR/INVCHAIN_FINAL_2026-09-11/DEPENDENCY_REVIEW_2026-09-11_INV052_INV104_R1.md,2690,ee749098c23e95a06a8941474b5fd4468351f786cb598fe3fdc8d3a34aca6aa4
02_MASTER_EVIDENCE_BASE/02_ORCHESTRATOR/INVCHAIN_FINAL_2026-09-11/INV-015_NARRATIVE_SOURCE.md,6202,63176cf7da05e3b50a130cc09cf23d515d2fcf1dea9f31cef0f41519f987c204
02_MASTER_EVIDENCE_BASE/02_ORCHESTRATOR/INVCHAIN_FINAL_2026-09-11/INV-015_RUN_CARD.md,2273,5e79062ec2f66a35c57f64c0acb5a6e21a14a5c52764d328252fe3449ac40b0e
02_MASTER_EVIDENCE_BASE/02_ORCHESTRATOR/INVCHAIN_FINAL_2026-09-11/INV-015_RUN_HANDOFF.md,2953,db01166e3c5ecc274633c22d6e707ed17461d40aec2b03eaae3b0553f624cd31
02_MASTER_EVIDENCE_BASE/02_ORCHESTRATOR/INVCHAIN_FINAL_2026-09-11/INV-016_CENTRAL_DELTA.md,881,d5e295f7466618b9a55f4f49dfc4371806f84c05de5b4ec11e097cea02324904
02_MASTER_EVIDENCE_BASE/02_ORCHESTRATOR/INVCHAIN_FINAL_2026-09-11/INV-016_CERTIFICATION.json,589,daf62a9a319778c8a06a660c958eefba6e72bc6d6906af289b07a896e511ad01
02_MASTER_EVIDENCE_BASE/02_ORCHESTRATOR/INVCHAIN_FINAL_2026-09-11/INV-016_DELIVERY_GATE.json,588,12887143af8540d2ca10a113480061306fc8cf552dd49a515717bec8a321ca22
02_MASTER_EVIDENCE_BASE/02_ORCHESTRATOR/INVCHAIN_FINAL_2026-09-11/INV-016_FACTS_STAGE.json,20132,5b0e6f7868d3a9f208b4be94421896a80329b5fba49cf505465b7010b30278dc
02_MASTER_EVIDENCE_BASE/02_ORCHESTRATOR/INVCHAIN_FINAL_2026-09-11/INV-016_INVESTIGATION.md,44483,323d0a35b2479b8409c6dea1fcb5527bbf16584719264c178512e5a6ffe943e1
02_MASTER_EVIDENCE_BASE/02_ORCHESTRATOR/INVCHAIN_FINAL_2026-09-11/INV-016_MNEMO_SNAPSHOT.json,7421,956680c1ba8bbd559b298b47b2fc82f94ff856136944c3e926eb43d05af291c3
02_MASTER_EVIDENCE_BASE/02_ORCHESTRATOR/INVCHAIN_FINAL_2026-09-11/INV-016_NARRATIVE_SOURCE.md,5631,6dabeeeb2a1c9a456058797ef3b0830e40482658c968e5b5af1802c6defd759b
02_MASTER_EVIDENCE_BASE/02_ORCHESTRATOR/INVCHAIN_FINAL_2026-09-11/INV-016_PERSISTENCE_STAGE.json,2425,63f3c985d1a4644170dd591307e947ba89cf17d47f72029211cecf3ac5139e8b
02_MASTER_EVIDENCE_BASE/02_ORCHESTRATOR/INVCHAIN_FINAL_2026-09-11/INV-016_PRE_GATE.json,583,7d4cc59f468fb580f5d4f28f0ba942b79fd4086bc256cd4d5795853c734636f2
02_MASTER_EVIDENCE_BASE/02_ORCHESTRATOR/INVCHAIN_FINAL_2026-09-11/INV-016_RECLASS_PLAN.json,791,7d3d5173507151acc1324154540edbda9a57e9e15ef24bbca41af737cffa43b7
02_MASTER_EVIDENCE_BASE/02_ORCHESTRATOR/INVCHAIN_FINAL_2026-09-11/INV-016_REVIEWS.json,15,764319ca5bb9360ccff180d38441165ef9b673ffcd4a10e48e537879c7ec360d
02_MASTER_EVIDENCE_BASE/02_ORCHESTRATOR/INVCHAIN_FINAL_2026-09-11/INV-016_RUN_CARD.md,2307,99153e7421ef5b0db9cd8df2a790d7a49b454304bc1a07dc491b96a1a168fbde
02_MASTER_EVIDENCE_BASE/02_ORCHESTRATOR/INVCHAIN_FINAL_2026-09-11/INV-016_RUN_HANDOFF.md,3328,ba72ebf222c756a256a208234bed3d9e2b25e83771cce0257f547252fb60166b
02_MASTER_EVIDENCE_BASE/02_ORCHESTRATOR/INVCHAIN_FINAL_2026-09-11/INV-016_RUN_STATE.json,39675,8cde4137a64ab1969d2fa99a4abf7089bee95433cfad8c5a775ef5d168ef8608
02_MASTER_EVIDENCE_BASE/02_ORCHESTRATOR/INVCHAIN_FINAL_2026-09-11/INV-016_TAIL_STAGE.json,22597,4bd34859b1cbb9b21d79ee440726ad72413e331b91a38c7fd338c965c67bf7ac
02_MASTER_EVIDENCE_BASE/02_ORCHESTRATOR/INVCHAIN_FINAL_2026-09-11/INV-029_NARRATIVE_SOURCE.md,3385,36672a921e5bdb74b8de23c19f707c27dc43ae86fcef55e8d2a632a3aed0efe9
02_MASTER_EVIDENCE_BASE/02_ORCHESTRATOR/INVCHAIN_FINAL_2026-09-11/INV-029_RUN_CARD.md,2455,bb895ca7ed1503e067d8d03c404ed25bdc7b0e1a36188cf992bf27e639818609
02_MASTER_EVIDENCE_BASE/02_ORCHESTRATOR/INVCHAIN_FINAL_2026-09-11/INV-029_RUN_HANDOFF.md,2764,893fdc5fc47202de0c22b362eca6dc7586b52edf0262274c6dd93884693be6c0
02_MASTER_EVIDENCE_BASE/02_ORCHESTRATOR/INVCHAIN_FINAL_2026-09-11/INV-037_NARRATIVE_SOURCE.md,3171,4b6f31fde2968662240d4be48b225440f5e13e203059eb2ca860ec7988dc7ebf
02_MASTER_EVIDENCE_BASE/02_ORCHESTRATOR/INVCHAIN_FINAL_2026-09-11/INV-037_RUN_CARD.md,2141,3820dd102dcf3ef55158edb9c00f4ccdb10796cd002888c1070f5a16d6a107e6
02_MASTER_EVIDENCE_BASE/02_ORCHESTRATOR/INVCHAIN_FINAL_2026-09-11/INV-037_RUN_HANDOFF.md,3004,a48f909396f4272cea5c9743915743d4f8b9d7ab4086e1b0ce4377f4166c93a5
02_MASTER_EVIDENCE_BASE/02_ORCHESTRATOR/INVCHAIN_FINAL_2026-09-11/INV-038_RUN_HANDOFF.md,2013,2000ae3815a4d88953f1accdd7232ad89878c96f0f359e90a09c9b7d07c57ebb
02_MASTER_EVIDENCE_BASE/02_ORCHESTRATOR/INVCHAIN_FINAL_2026-09-11/INV-038_SYNTHESIS.md,4972,4f56b4c79a972bb0175ce81de8097661c3cc4a23d076179dc491fbb2d0e90a88
02_MASTER_EVIDENCE_BASE/02_ORCHESTRATOR/INVCHAIN_FINAL_2026-09-11/INV-038_SYNTHESIS_CARD.md,2398,8cd3982407d70da22be8e300031c78c4802c9177bd472c0cd307df7bcf9b21ab
02_MASTER_EVIDENCE_BASE/02_ORCHESTRATOR/INVCHAIN_FINAL_2026-09-11/INV-038_SYNTHESIS_CERTIFICATION.json,682,208a1e5edcefe6a801fddad74425954cb34f6ddba34276dc9eb93ecf09b6c66a
02_MASTER_EVIDENCE_BASE/02_ORCHESTRATOR/INVCHAIN_FINAL_2026-09-11/INV-039_RUN_HANDOFF.md,3796,f161f85f3b3e4ac598054a114b461a01b480ef2fb646c39112e3ff7df8733748
02_MASTER_EVIDENCE_BASE/02_ORCHESTRATOR/INVCHAIN_FINAL_2026-09-11/INV-040_RUN_HANDOFF.md,3259,686477cfa9048931b202a8c94aa26e9a1484d7eb3a8eb98d39034a92ae3c5526
02_MASTER_EVIDENCE_BASE/02_ORCHESTRATOR/INVCHAIN_FINAL_2026-09-11/INV-040_SYNTHESIS.md,11197,63608989b4fb5b34abb26c9cb1a7a0d840109c8e7158b20dcc30540f540d54f7
02_MASTER_EVIDENCE_BASE/02_ORCHESTRATOR/INVCHAIN_FINAL_2026-09-11/INV-040_SYNTHESIS_CARD.md,3399,75233ccdaa686d16a594170cad7dddcae0b87264e493366973b6d9be9b0c1521
02_MASTER_EVIDENCE_BASE/02_ORCHESTRATOR/INVCHAIN_FINAL_2026-09-11/INV-040_SYNTHESIS_CERTIFICATION.json,2010,b0ba709365dc9d0533883504e9d8b59fd5aff028c0f7a1c35c28144a1bb856be
02_MASTER_EVIDENCE_BASE/02_ORCHESTRATOR/INVCHAIN_FINAL_2026-09-11/INV-041_RUN_HANDOFF.md,3932,755ca22180fafb8699be5da76c9ebd24d62e5ed39d17312906942491763342f9
02_MASTER_EVIDENCE_BASE/02_ORCHESTRATOR/INVCHAIN_FINAL_2026-09-11/INV-042_RUN_HANDOFF.md,3320,ee30ab176cfb9f73b9f225cb9ff05d0d994d3913f667954800580c20ccb87925
02_MASTER_EVIDENCE_BASE/02_ORCHESTRATOR/INVCHAIN_FINAL_2026-09-11/INV-043_RUN_HANDOFF.md,4027,f9a2ef582d9a35ca8b7de6dfefeaf578dacac1544834a7a4cbb4ee2ba14f3ac9
02_MASTER_EVIDENCE_BASE/02_ORCHESTRATOR/INVCHAIN_FINAL_2026-09-11/INV-044_RUN_HANDOFF.md,1737,e85cbeebba1a91a9a084b1ed811144dee0e9db755c867b30fd0b5ae2ecf1fda1
02_MASTER_EVIDENCE_BASE/02_ORCHESTRATOR/INVCHAIN_FINAL_2026-09-11/INV-045_RUN_HANDOFF.md,2228,dceb321e6ed9d0f0e13be5d6cd7a12cfacbdda929b2ec10c0a83eaa70088cc01
02_MASTER_EVIDENCE_BASE/02_ORCHESTRATOR/INVCHAIN_FINAL_2026-09-11/INV-046_RUN_CARD.md,2614,56a69bfd633a69d76c8e66dbdfdddf69047ce274b44d9704b5500e6215a99cdc
02_MASTER_EVIDENCE_BASE/02_ORCHESTRATOR/INVCHAIN_FINAL_2026-09-11/INV-046_RUN_HANDOFF.md,2877,eb957002612d086217cba34030f91e3b867844744ad07a9811e06aabb9359b12
02_MASTER_EVIDENCE_BASE/02_ORCHESTRATOR/INVCHAIN_FINAL_2026-09-11/INV-047_RUN_HANDOFF.md,4724,117e7b67c5ad6c68fc006ca02c7991665b9b561bc5ede80f942ddb9cca492533
02_MASTER_EVIDENCE_BASE/02_ORCHESTRATOR/INVCHAIN_FINAL_2026-09-11/INV-048_RUN_HANDOFF.md,3435,02ae047dac6d31df1353295080acb7130200919098357b5af1fbca5af5c4a3a2
02_MASTER_EVIDENCE_BASE/02_ORCHESTRATOR/INVCHAIN_FINAL_2026-09-11/INV-049_RUN_HANDOFF.md,2398,53b700412f23822520263f58965856384a77fa82053df12fc2d5ea6671830bfa
02_MASTER_EVIDENCE_BASE/02_ORCHESTRATOR/INVCHAIN_FINAL_2026-09-11/INV-051_NARRATIVE_SOURCE.md,4666,f98c1ea8d4558105bcff7d46455b8ff106d88b6acf5c56fcdde2305132af5cf1
02_MASTER_EVIDENCE_BASE/02_ORCHESTRATOR/INVCHAIN_FINAL_2026-09-11/INV-051_RUN_CARD.md,2285,cbed4dc39f75324e1989f5ed697b58f28476161cc15b593ced5e7fda5f3b3c0f
02_MASTER_EVIDENCE_BASE/02_ORCHESTRATOR/INVCHAIN_FINAL_2026-09-11/INV-051_RUN_HANDOFF.md,3222,b11e8dee775ff460c6e4465c9afff31892c4d1b4f2ab34e3902944f6379a10e0
02_MASTER_EVIDENCE_BASE/02_ORCHESTRATOR/INVCHAIN_FINAL_2026-09-11/INV-052_RUN_HANDOFF.md,1787,396de9fd450e5420b55b11b646d7b0437eb77e4c9231f7d4b3f978cbe04fc24d
02_MASTER_EVIDENCE_BASE/02_ORCHESTRATOR/INVCHAIN_FINAL_2026-09-11/INV-052_SYNTHESIS.md,4988,bb1a88870a0b2cf0455f516dfc7d2126c063987cb120a7d655842cccb82d7c4d
02_MASTER_EVIDENCE_BASE/02_ORCHESTRATOR/INVCHAIN_FINAL_2026-09-11/INV-052_SYNTHESIS_CARD.md,2804,303603835b32f3b82e031faf752759e9f92bf9a802386574dc08892a89cfb695
02_MASTER_EVIDENCE_BASE/02_ORCHESTRATOR/INVCHAIN_FINAL_2026-09-11/INV-052_SYNTHESIS_CERTIFICATION.json,1206,d1db940874fb2e4cc3f3e7b201b5161e015f5f561f36922afbd9e9d16ab3836d
02_MASTER_EVIDENCE_BASE/02_ORCHESTRATOR/INVCHAIN_FINAL_2026-09-11/INV-053_APPLY.log,308,44dd527fb261a7ef88348312e6b14abe20cdfe19b0913eb123439f9971684b07
02_MASTER_EVIDENCE_BASE/02_ORCHESTRATOR/INVCHAIN_FINAL_2026-09-11/INV-053_CENTRAL_DELTA.md,756,368dba8741ad6a52db09ec019ef1a2e60681539f8203455ce3c1111bb077061b
02_MASTER_EVIDENCE_BASE/02_ORCHESTRATOR/INVCHAIN_FINAL_2026-09-11/INV-053_CERTIFICATION.json,587,27e9e07c3dd939a5e88f546cef94275ed61b70876d9188cae8ef001cf4e83098
02_MASTER_EVIDENCE_BASE/02_ORCHESTRATOR/INVCHAIN_FINAL_2026-09-11/INV-053_DELIVERY_GATE.json,586,f331a9de7131bfaccc5d436ebdc5a7af8edc638983fe98bcc0cb9dc7fec179de
02_MASTER_EVIDENCE_BASE/02_ORCHESTRATOR/INVCHAIN_FINAL_2026-09-11/INV-053_FACTS_STAGE.json,19288,6aaa5062f4a626493c4a43addd6d8c62e7eb91f98d07a6e823655ce9c8556143
02_MASTER_EVIDENCE_BASE/02_ORCHESTRATOR/INVCHAIN_FINAL_2026-09-11/INV-053_INVESTIGATION.md,42820,354d2135419166a77df2faae2981f0641bbb25342ee1aa4fb4ea371dd47301a2
02_MASTER_EVIDENCE_BASE/02_ORCHESTRATOR/INVCHAIN_FINAL_2026-09-11/INV-053_MNEMO_SNAPSHOT.json,7488,baaa79d4513f4db87ac7e0de60d46ad67c8663857994b85cb85f9fd45cedac06
02_MASTER_EVIDENCE_BASE/02_ORCHESTRATOR/INVCHAIN_FINAL_2026-09-11/INV-053_NARRATIVE_SOURCE.md,5861,6f8782178beb6b9c62f2bd48296334e0da2108c9b06c08d1decf1cd421f90a11
02_MASTER_EVIDENCE_BASE/02_ORCHESTRATOR/INVCHAIN_FINAL_2026-09-11/INV-053_PERSISTENCE_STAGE.json,2425,e501217da2fd93c1943fc7e47d1735dadd570dc2539ad29bb9455b0e2b8729ab
02_MASTER_EVIDENCE_BASE/02_ORCHESTRATOR/INVCHAIN_FINAL_2026-09-11/INV-053_PRE_GATE.json,581,691c391f763290b6daa9bded4aad5d2edc3bf3b142e024d5d9e31a75f017a597
02_MASTER_EVIDENCE_BASE/02_ORCHESTRATOR/INVCHAIN_FINAL_2026-09-11/INV-053_RECLASS_PLAN.json,1050,19f80c027a037e6c396aac1d030b1e237c138f1371832c9aba452f3f8ce5f3da
02_MASTER_EVIDENCE_BASE/02_ORCHESTRATOR/INVCHAIN_FINAL_2026-09-11/INV-053_RECLASS_PLAN_REPAIRED.json,776,601acefcbcc3af0825445f7067deacccf29a6c2275f36983cc153ee53fa6d792
02_MASTER_EVIDENCE_BASE/02_ORCHESTRATOR/INVCHAIN_FINAL_2026-09-11/INV-053_REVIEWS.json,15,764319ca5bb9360ccff180d38441165ef9b673ffcd4a10e48e537879c7ec360d
02_MASTER_EVIDENCE_BASE/02_ORCHESTRATOR/INVCHAIN_FINAL_2026-09-11/INV-053_RUN_CARD.md,2248,0570dcf1fd973566d9711d574e8829dc408aabbba0512a6d9b34c3d646e6a50b
02_MASTER_EVIDENCE_BASE/02_ORCHESTRATOR/INVCHAIN_FINAL_2026-09-11/INV-053_RUN_HANDOFF.md,2930,fb2e4daf5d4dc5aa473f5a661388d34c3783a82f3549b2327353d873c038f094
02_MASTER_EVIDENCE_BASE/02_ORCHESTRATOR/INVCHAIN_FINAL_2026-09-11/INV-053_RUN_STATE.json,38153,023152dd6aac6e8d4e2d6f555370f86ea139b0d725829377279797717e2b4b42
02_MASTER_EVIDENCE_BASE/02_ORCHESTRATOR/INVCHAIN_FINAL_2026-09-11/INV-053_TAIL_STAGE.json,21475,a65a0872dc00eef8fb5a2155b06e7ad27439539b8652e0943c13dc656f9bd95c
02_MASTER_EVIDENCE_BASE/02_ORCHESTRATOR/INVCHAIN_FINAL_2026-09-11/INV-054_RUN_HANDOFF.md,2661,64c37752d4c1dd713f6143766d652b8c6fe39981e603fcc2854d9cb71d574c1a
02_MASTER_EVIDENCE_BASE/02_ORCHESTRATOR/INVCHAIN_FINAL_2026-09-11/INV-057_RUN_HANDOFF.md,3576,ccf6fb7ae7f4d3ccd80bf3c17c22c24197d77ae991ac294a723289d9f0447136
02_MASTER_EVIDENCE_BASE/02_ORCHESTRATOR/INVCHAIN_FINAL_2026-09-11/INV-059_RUN_HANDOFF.md,1816,845d2d2e14d0113d4fea5dc6a9b3d7cf601684ba7e19e8e6ecf9d54f2a4058c7
02_MASTER_EVIDENCE_BASE/02_ORCHESTRATOR/INVCHAIN_FINAL_2026-09-11/INV-061_RUN_HANDOFF.md,3369,813cd846510520e203eb8d8d7b6c11bc3038b2387dfaea7d6490839926cf26c0
02_MASTER_EVIDENCE_BASE/02_ORCHESTRATOR/INVCHAIN_FINAL_2026-09-11/INV-062_RUN_HANDOFF.md,3773,ff8c52095e6353afcab4db2c226362d72014307be52f53f4ca833117de358560
02_MASTER_EVIDENCE_BASE/02_ORCHESTRATOR/INVCHAIN_FINAL_2026-09-11/INV-063_RUN_HANDOFF.md,3905,e4aa5123897bac2249ef2ff417b37f82f850e7eaf55078057532aa4989007335
02_MASTER_EVIDENCE_BASE/02_ORCHESTRATOR/INVCHAIN_FINAL_2026-09-11/INV-064_RUN_HANDOFF.md,3758,b640f9d3db3bbbffc11ce25c641337a78cb86eb2990b564f19db6086edccf5af
02_MASTER_EVIDENCE_BASE/02_ORCHESTRATOR/INVCHAIN_FINAL_2026-09-11/INV-065_RUN_HANDOFF.md,3647,77e5c74246009f39c29e69e5e8fa89af9190431a8674708d6bf2d46ae6e510eb
02_MASTER_EVIDENCE_BASE/02_ORCHESTRATOR/INVCHAIN_FINAL_2026-09-11/INV-066_RUN_HANDOFF.md,3829,cb886e3c3e41a2ab8cd0190f47a6f2fecbeb47ddd9240fce20540447bc142d8f
02_MASTER_EVIDENCE_BASE/02_ORCHESTRATOR/INVCHAIN_FINAL_2026-09-11/INV-067_RUN_HANDOFF.md,3421,491e2462883df117ac08e8d27eba9f6b9c5315d51f37cf60bc711630da7af532
02_MASTER_EVIDENCE_BASE/02_ORCHESTRATOR/INVCHAIN_FINAL_2026-09-11/INV-068_RUN_HANDOFF.md,1856,b821cead980f92bb7af97e684e5a334db42fec6b51c3e80fc7b86db7645396ac
02_MASTER_EVIDENCE_BASE/02_ORCHESTRATOR/INVCHAIN_FINAL_2026-09-11/INV-068_SYNTHESIS.md,5422,94f8cb692c0bcd707cdb7a1569dbbae1038bdc3b62636507b57b1894374255f2
02_MASTER_EVIDENCE_BASE/02_ORCHESTRATOR/INVCHAIN_FINAL_2026-09-11/INV-068_SYNTHESIS_CARD.md,3250,924c0d23f92a939631e0f13f414707a089439288f1446059f5158c07b34ff47a
02_MASTER_EVIDENCE_BASE/02_ORCHESTRATOR/INVCHAIN_FINAL_2026-09-11/INV-068_SYNTHESIS_CERTIFICATION.json,1676,fc863550da6143b24d426501727a60a021f43585783695e1fe3c6dc5d270c3a9
02_MASTER_EVIDENCE_BASE/02_ORCHESTRATOR/INVCHAIN_FINAL_2026-09-11/INV-075_NARRATIVE_SOURCE.md,6340,70378e7ee09078c4635484f4f64f2cf21cbe463fac3b60fa094c6b32b823d8d1
02_MASTER_EVIDENCE_BASE/02_ORCHESTRATOR/INVCHAIN_FINAL_2026-09-11/INV-075_RUN_CARD.md,2326,ca92ec0f59033b4dc9eb259869e3f90323085ea86656133e9d6fb9b139665087
02_MASTER_EVIDENCE_BASE/02_ORCHESTRATOR/INVCHAIN_FINAL_2026-09-11/INV-075_RUN_HANDOFF.md,3132,064fd35d2b7328ed7c8e590decfaf7b095d40487c6f64dbc29525cf6906d0db6
02_MASTER_EVIDENCE_BASE/02_ORCHESTRATOR/INVCHAIN_FINAL_2026-09-11/INV-082_RUN_HANDOFF.md,2523,7aed8e1661ed1ab92911f9efdbdb881c2925551d92f1e3282bd39cbd7fcf10ee
02_MASTER_EVIDENCE_BASE/02_ORCHESTRATOR/INVCHAIN_FINAL_2026-09-11/INV-085_RUN_HANDOFF.md,2420,907c1e8bee0a4a740bdea31ea0e0fc9ec135297ea1547dc812d52fc1aed49273
02_MASTER_EVIDENCE_BASE/02_ORCHESTRATOR/INVCHAIN_FINAL_2026-09-11/INV-088_RUN_HANDOFF.md,2243,f7454458d2c9bf3f26032fecec240cb499af0203dd1c73c67061175c2a51d344
02_MASTER_EVIDENCE_BASE/02_ORCHESTRATOR/INVCHAIN_FINAL_2026-09-11/INV-095_RUN_HANDOFF.md,2380,e89d6323600a46b539400540553c6177436ab90d6e9555064da27dd008c143ca
02_MASTER_EVIDENCE_BASE/02_ORCHESTRATOR/INVCHAIN_FINAL_2026-09-11/INV-102_RUN_HANDOFF.md,2001,877e97439c837fa5c1160d5437f9767050aa62d454fe599fd369dec554fc1bdd
02_MASTER_EVIDENCE_BASE/02_ORCHESTRATOR/INVCHAIN_FINAL_2026-09-11/INV-103_RUN_HANDOFF.md,3606,b5bfb845e9f5ee571f577313a973c6bf15556ef64ebe63b5829d20f3c45f873f
02_MASTER_EVIDENCE_BASE/02_ORCHESTRATOR/INVCHAIN_FINAL_2026-09-11/INV-104_RUN_HANDOFF.md,1827,a33cdb2bab469cf82ebd27eca02b985d14c3b52778b26447ad99f1d7ae710d8f
02_MASTER_EVIDENCE_BASE/02_ORCHESTRATOR/INVCHAIN_FINAL_2026-09-11/INV-104_SYNTHESIS.md,4433,2c52d84aa40b9a63c7a42e4a706d209eb222dccc208d16b1ebc24bae15e8d36f
02_MASTER_EVIDENCE_BASE/02_ORCHESTRATOR/INVCHAIN_FINAL_2026-09-11/INV-104_SYNTHESIS_CARD.md,3032,ec833d1da529ff38f3402a9b81854cb63bc3258842797068fe5a36226f003df6
02_MASTER_EVIDENCE_BASE/02_ORCHESTRATOR/INVCHAIN_FINAL_2026-09-11/INV-104_SYNTHESIS_CERTIFICATION.json,966,bf00d67521cf9b4f4c35848f7e64ebbed8ec4f9e18640aad7eabdc0f362ed357
02_MASTER_EVIDENCE_BASE/02_ORCHESTRATOR/INVCHAIN_FINAL_2026-09-11/INV-111_CENTRAL_DELTA.md,727,b172adbd70342a2f727fc2bc97fd737c929562fd68ba5503ac67f069b69b1b66
02_MASTER_EVIDENCE_BASE/02_ORCHESTRATOR/INVCHAIN_FINAL_2026-09-11/INV-111_NARRATIVE_SOURCE.md,5194,60d5e67df1d7ba02ab79b3c57f5da3dc89a802a7d7d75691061d0d5dc3ed7409
02_MASTER_EVIDENCE_BASE/02_ORCHESTRATOR/INVCHAIN_FINAL_2026-09-11/INV-111_RUN_CARD.md,2580,9a5f5b38462384e5eb9837f36b257166c2a2a013b2af10977cc5870000649d60
02_MASTER_EVIDENCE_BASE/02_ORCHESTRATOR/INVCHAIN_FINAL_2026-09-11/INV-111_RUN_HANDOFF.md,2859,6926d8a7bcb0b0bf7a9e9cb0e3d5fddc9398118c98b949d58cd7b9f47fff8f7a
02_MASTER_EVIDENCE_BASE/02_ORCHESTRATOR/INVCHAIN_FINAL_2026-09-11/INV-112_NARRATIVE_SOURCE.md,6156,3366ca6d64f20faf9c45a757f716aa9b205c9664a4c07d62c6eb020cf60ffb5b
02_MASTER_EVIDENCE_BASE/02_ORCHESTRATOR/INVCHAIN_FINAL_2026-09-11/INV-112_RUN_CARD.md,2551,3e95b685bfb872649d79d11cd692b71544d5a55be72bfab37e71ae04bbc16881
02_MASTER_EVIDENCE_BASE/02_ORCHESTRATOR/INVCHAIN_FINAL_2026-09-11/INV-112_RUN_HANDOFF.md,3030,3e8783729ce6d1e63330a509cdf26043a1efcfe5110e2628085218e6a1190e3e
02_MASTER_EVIDENCE_BASE/02_ORCHESTRATOR/INVCHAIN_FINAL_2026-09-11/INV-120_CENTRAL_DELTA.md,788,7623af84c925832422eb67b006f6330fc3a0e9c447ffa4dbbcb68d33d671eea8
02_MASTER_EVIDENCE_BASE/02_ORCHESTRATOR/INVCHAIN_FINAL_2026-09-11/INV-120_NARRATIVE_SOURCE.md,3644,aeb8243a0fdb8d850d98ebc8335bc66f75e0620bc3ce5db4893fdf39409342c4
02_MASTER_EVIDENCE_BASE/02_ORCHESTRATOR/INVCHAIN_FINAL_2026-09-11/INV-120_RUN_CARD.md,2607,de7edb674283f26c4a8010e0b44a482bb763f32de73275910fc028d810de6bb8
02_MASTER_EVIDENCE_BASE/02_ORCHESTRATOR/INVCHAIN_FINAL_2026-09-11/INV-120_RUN_HANDOFF.md,3335,cbf2277dd041b749c75d2f3d5425d561ef73f19db3ae1f31f08603abaa509b60
02_MASTER_EVIDENCE_BASE/02_ORCHESTRATOR/INVCHAIN_FINAL_2026-09-11/INV-121_CENTRAL_DELTA.md,761,7c64f22ae71f0862309259be3d9152f6079c6c05f1e984294df03ecd041cdc94
02_MASTER_EVIDENCE_BASE/02_ORCHESTRATOR/INVCHAIN_FINAL_2026-09-11/INV-121_NARRATIVE_SOURCE.md,3395,c98facd261058f56b8526c5257384f62dd18836dab2a486eda9e6f883bbb925b
02_MASTER_EVIDENCE_BASE/02_ORCHESTRATOR/INVCHAIN_FINAL_2026-09-11/INV-121_RUN_CARD.md,2547,9e67ff9dfc33e4e83b59c682b24d7608d184e3e72fe7127dbeee289401e27df3
02_MASTER_EVIDENCE_BASE/02_ORCHESTRATOR/INVCHAIN_FINAL_2026-09-11/INV-121_RUN_HANDOFF.md,3077,7637fed954f2368f4d929d866c4ab46741e5f79ab5c1b91f0c2019130f6781d4
02_MASTER_EVIDENCE_BASE/02_ORCHESTRATOR/INVCHAIN_FINAL_2026-09-11/INV-122_CENTRAL_DELTA.md,589,3855bf3f0de085e10ec0156acef680eb84a072901e3a70e7cece0c7bccca3ee3
02_MASTER_EVIDENCE_BASE/02_ORCHESTRATOR/INVCHAIN_FINAL_2026-09-11/INV-122_CERTIFICATION.json,597,e92461595224b0fb2ae92515f03084a9427a1a13ecd3e793c8e6052be40c7d0b
02_MASTER_EVIDENCE_BASE/02_ORCHESTRATOR/INVCHAIN_FINAL_2026-09-11/INV-122_NARRATIVE_SOURCE.md,4941,d59f2049c06ad14f49dd2228e18b50b79d47ecc72ae63e5a36015cb487d34fd9
02_MASTER_EVIDENCE_BASE/02_ORCHESTRATOR/INVCHAIN_FINAL_2026-09-11/INV-122_RUN_CARD.md,2678,7c7661e7458e6601630eaf08d9b0bd2e69275af4015615698916ceb592162917
02_MASTER_EVIDENCE_BASE/02_ORCHESTRATOR/INVCHAIN_FINAL_2026-09-11/INV-122_RUN_HANDOFF.md,3016,6a087d28dfa41f6466bca744740ccb43a336630e93fa132bf767f89fb7b21468
02_MASTER_EVIDENCE_BASE/02_ORCHESTRATOR/INVCHAIN_FINAL_2026-09-11/INV-129_RUN_HANDOFF.example.md,1828,6bfa2b21689ae3483b128bcc797f0e27c1bd4f9b4a8762c9b53cbdf906d57835
02_MASTER_EVIDENCE_BASE/02_ORCHESTRATOR/INVCHAIN_FINAL_2026-09-11/INV-129_RUN_HANDOFF.md,1828,6bfa2b21689ae3483b128bcc797f0e27c1bd4f9b4a8762c9b53cbdf906d57835
02_MASTER_EVIDENCE_BASE/02_ORCHESTRATOR/INVCHAIN_FINAL_2026-09-11/INV-130_RUN_HANDOFF.md,5034,3c8bff38c670b740e936bb8fe8813ca69160f2ce6c0f9330dc8245e838ec9b80
02_MASTER_EVIDENCE_BASE/02_ORCHESTRATOR/INVCHAIN_FINAL_2026-09-11/INV-131_RUN_HANDOFF.md,4924,cb41fa76b99a2e8a0b743c02a5600112b07079b3ea78bf151e34a6dad1aa0b62
02_MASTER_EVIDENCE_BASE/02_ORCHESTRATOR/INVCHAIN_FINAL_2026-09-11/INV-133_RUN_HANDOFF.md,2548,cae23632efed1c4fd32be2026b69767812a11c666d470676e06c385e993ecea5
02_MASTER_EVIDENCE_BASE/02_ORCHESTRATOR/INVCHAIN_FINAL_2026-09-11/INV-133_SYNTHESIS.md,13195,548453768fca7f36828d2415fb51cd13492e25906a715f8ade2b81f0a7545ed3
02_MASTER_EVIDENCE_BASE/02_ORCHESTRATOR/INVCHAIN_FINAL_2026-09-11/INV-133_SYNTHESIS_CARD.md,3440,26800175d79c5d67765a63b68037e6c29f2de046749374e133f829300a320e4f
02_MASTER_EVIDENCE_BASE/02_ORCHESTRATOR/INVCHAIN_FINAL_2026-09-11/INV-133_SYNTHESIS_CERTIFICATION.json,2716,81af4e35c530d4d78156345763823a9f5b222807ab96247cb62d4da4cd46b6f1
02_MASTER_EVIDENCE_BASE/02_ORCHESTRATOR/INVCHAIN_FINAL_2026-09-11/INV-144_RUN_HANDOFF.md,1606,6c1e8e83c1a8962ac7a54f7f9f7c45bf7ccf54adf146a7e418d338f10ec78c41
02_MASTER_EVIDENCE_BASE/02_ORCHESTRATOR/INVCHAIN_FINAL_2026-09-11/INV-144_SYNTHESIS.md,10094,61bae983b3aa9d09aded345166d9a1edced884fe4a2c379468c916f8af01c9f0
02_MASTER_EVIDENCE_BASE/02_ORCHESTRATOR/INVCHAIN_FINAL_2026-09-11/INV-146_RUN_HANDOFF.example.md,3425,fa9d75722e36f42fe74febe2f06f0f7144143a601fb45873115230f9ff6d4889
02_MASTER_EVIDENCE_BASE/02_ORCHESTRATOR/INVCHAIN_FINAL_2026-09-11/INV-146_RUN_HANDOFF.md,3425,fa9d75722e36f42fe74febe2f06f0f7144143a601fb45873115230f9ff6d4889
02_MASTER_EVIDENCE_BASE/02_ORCHESTRATOR/INVCHAIN_FINAL_2026-09-11/INV-147_CERTIFICATION.json,591,691bfa196db7189d13d4225471d03b41c764678f848e55e223d0c80ff042affe
02_MASTER_EVIDENCE_BASE/02_ORCHESTRATOR/INVCHAIN_FINAL_2026-09-11/INV-147_DELIVERY_GATE.json,590,153bcd27084eda824964d0d29ad739da9966c839043d86f0829aaca6fcdcc0d4
02_MASTER_EVIDENCE_BASE/02_ORCHESTRATOR/INVCHAIN_FINAL_2026-09-11/INV-147_PRE_GATE.json,585,7ab9c14e7ef21089f2808bc14cd0d1d6d41bff55e9edfd668f75713ddca6f709
02_MASTER_EVIDENCE_BASE/02_ORCHESTRATOR/INVCHAIN_FINAL_2026-09-11/INV-147_RUN_STATE.json,54075,6ecab0a8377a702d1fbebc6f811ead443b68637f43bd9885c858b910cab677e2
02_MASTER_EVIDENCE_BASE/02_ORCHESTRATOR/INVCHAIN_FINAL_2026-09-11/INVESTIGATION_ORCHESTRATOR.md,10160,2fe58f0ddfe8552576736520218a9fe7fd77cd39960a4172a3b74ba48366bb14
02_MASTER_EVIDENCE_BASE/02_ORCHESTRATOR/INVCHAIN_FINAL_2026-09-11/INVESTIGATION_REGISTRY.csv,192299,165a29d3748c625c263fb16c433fcf2cdd8202db5edcfc31f8de6cb92cf2fb89
02_MASTER_EVIDENCE_BASE/02_ORCHESTRATOR/INVCHAIN_FINAL_2026-09-11/INVESTIGATION_REGISTRY.pre_dependency_review_052_104.csv,192037,be54feaf34ee96206210aebd05c4587e7ecb0616289ebcf6d043e701b8a9b2ab
02_MASTER_EVIDENCE_BASE/02_ORCHESTRATOR/INVCHAIN_FINAL_2026-09-11/INVESTIGATION_REGISTRY.pre_inv015_launch.csv,192408,ae5417c04a99c9a03fcffbb48ce525c0317e06551d9f5fbe8492732970389bb2
02_MASTER_EVIDENCE_BASE/02_ORCHESTRATOR/INVCHAIN_FINAL_2026-09-11/INVESTIGATION_REGISTRY.pre_inv016_launch.csv,191652,037aa5ee141a1fec3a825aee86d544f1639977cd027c964ae4378d57783b415a
02_MASTER_EVIDENCE_BASE/02_ORCHESTRATOR/INVCHAIN_FINAL_2026-09-11/INVESTIGATION_REGISTRY.pre_inv038_select.csv,191969,8bcfea97750b2e37f650099094a825515c9b3f9fd33440740757ca1c51e6645e
02_MASTER_EVIDENCE_BASE/02_ORCHESTRATOR/INVCHAIN_FINAL_2026-09-11/INVESTIGATION_REGISTRY.pre_inv040_close.csv,191887,a8445e15abd58ae9438aff24497b394c37d5753edda753e571b35f1c48cf6244
02_MASTER_EVIDENCE_BASE/02_ORCHESTRATOR/INVCHAIN_FINAL_2026-09-11/INVESTIGATION_REGISTRY.pre_inv046_launch.csv,192782,299bd19afa3e336d4b955d60e1a5d5c599905d686d52b62dccd9013d4452fe9d
02_MASTER_EVIDENCE_BASE/02_ORCHESTRATOR/INVCHAIN_FINAL_2026-09-11/INVESTIGATION_REGISTRY.pre_inv051_launch.csv,192571,ef401b7ffb3d4a09ecaa1a15585ebe6ff7dc0d56f9eb51b6040d4dbba42b78d3
02_MASTER_EVIDENCE_BASE/02_ORCHESTRATOR/INVCHAIN_FINAL_2026-09-11/INVESTIGATION_REGISTRY.pre_inv053_launch.csv,191896,0ffe14cc8cbfe927ebfcbad4034c1681e1732e0a73aea81a3a021d6199813649
02_MASTER_EVIDENCE_BASE/02_ORCHESTRATOR/INVCHAIN_FINAL_2026-09-11/INVESTIGATION_REGISTRY.pre_inv075_launch.csv,192319,2b19059dc679ec3ecc53388a1f72b8ccd03b1f7874ddb63841fc8abe3488b34b
02_MASTER_EVIDENCE_BASE/02_ORCHESTRATOR/INVCHAIN_FINAL_2026-09-11/INVESTIGATION_REGISTRY.pre_inv111_launch.csv,191982,1786609cdc409b7c1f97513d4f66440c1aac720bed086613c15448ae9b0d23a2
02_MASTER_EVIDENCE_BASE/02_ORCHESTRATOR/INVCHAIN_FINAL_2026-09-11/INVESTIGATION_REGISTRY.pre_inv112_launch.csv,192494,fa8fcb77438b4d7f766bab1c5ab55b314400211854807d8948b2c074bbae7e7c
02_MASTER_EVIDENCE_BASE/02_ORCHESTRATOR/INVCHAIN_FINAL_2026-09-11/INVESTIGATION_REGISTRY.pre_inv120_launch.csv,192157,0bceb21f429043242b105cda8080845e345c749993f4b7289dca91b4cffdd4e2
02_MASTER_EVIDENCE_BASE/02_ORCHESTRATOR/INVCHAIN_FINAL_2026-09-11/INVESTIGATION_REGISTRY.pre_inv121_launch.csv,192084,31fbb09f8b73525d3b0ce45ec9af206ad8d0b7a8a45f70ec19858da21e11533e
02_MASTER_EVIDENCE_BASE/02_ORCHESTRATOR/INVCHAIN_FINAL_2026-09-11/INVESTIGATION_REGISTRY.pre_inv122_launch.csv,192235,f71b960cb7476c3dfca06a9df826de088938b1c7c4f356ef1b400ab37a3d1007
02_MASTER_EVIDENCE_BASE/02_ORCHESTRATOR/INVCHAIN_FINAL_2026-09-11/INVESTIGATION_REGISTRY.pre_inv133_close.csv,192202,d684e7cd86572c6785a052828729216a0a6d87928345ea5f294a2643acb7e33c
02_MASTER_EVIDENCE_BASE/02_ORCHESTRATOR/INVCHAIN_FINAL_2026-09-11/INVESTIGATION_REGISTRY.pre_sync_INV051.csv,192649,1a0df45e8af12986e5bb032dda9ec2bb3aa927589a11f2d6c5bca1a1d6597a87
02_MASTER_EVIDENCE_BASE/02_ORCHESTRATOR/INVCHAIN_FINAL_2026-09-11/METHOD_PACK.md,10418,845ce64c23f1ad4184dc1cb016b90bf694f56dc65df16d36d26085d07201439d
02_MASTER_EVIDENCE_BASE/02_ORCHESTRATOR/INVCHAIN_FINAL_2026-09-11/PROGRAM_COMPLETION_2026-09-11.md,3175,2a8bb3d37165c959f734a1ef9a0be4837ba1ad42c4642ddd5e04f51b46b76645
02_MASTER_EVIDENCE_BASE/02_ORCHESTRATOR/INVCHAIN_FINAL_2026-09-11/RECLASSIFICATION_2026-09-10_POST_INV046_CORE_MISSION_V2_DELTA_R1.md,1403,f10b40592929007300da6e8783cb6e52f758862bcfeee82f3e45d25fb0e0cecf
02_MASTER_EVIDENCE_BASE/02_ORCHESTRATOR/INVCHAIN_FINAL_2026-09-11/RECLASSIFICATION_2026-09-10_POST_INV131_CORE_MISSION_V2_DELTA_R1.md,2059,11743bb6b0d1069ab2a49ae901b97d7efa3e5d08fdcfd0222ef19a0dc85bf7f6
02_MASTER_EVIDENCE_BASE/02_ORCHESTRATOR/INVCHAIN_FINAL_2026-09-11/RECLASSIFICATION_2026-09-10_POST_INV131_CORE_MISSION_V2_FULLPOOL_R1.md,8651,bfecc214dd53024a5baa592f4d00cd30d0eab8d5af9ef06069331bb21ff7fd48
02_MASTER_EVIDENCE_BASE/02_ORCHESTRATOR/INVCHAIN_FINAL_2026-09-11/RECLASSIFICATION_2026-09-10_POST_INV132_CORE_MISSION_V2_DELTA_R1.md,2160,424245d8aaef6a9885af296dd79e4e5883ef86400ee586dd244d5301ddc9232b
02_MASTER_EVIDENCE_BASE/02_ORCHESTRATOR/INVCHAIN_FINAL_2026-09-11/RECLASSIFICATION_2026-09-10_POST_INV147_CORE_MISSION_V2_DELTA_R1.md,7465,bd1dbdea069f9779cc874c5223f2e0d366eaf7c0c40c1836b55ed56cd6840eff
02_MASTER_EVIDENCE_BASE/02_ORCHESTRATOR/INVCHAIN_FINAL_2026-09-11/RECLASSIFICATION_2026-09-11_POST_DEPENDENCY_REVIEW_SYNTHESIS_SELECTION_INV052_R1.md,740,4c02d280c25059d8f065d029ea026536c96946c8097c5f91cab5c5d687bba2e8
02_MASTER_EVIDENCE_BASE/02_ORCHESTRATOR/INVCHAIN_FINAL_2026-09-11/RECLASSIFICATION_2026-09-11_POST_INV015_CORE_MISSION_V2_DELTA_R1.md,1403,9e8217d25ed15d8f2cd64dc403757e786797ff895712f7499b5123cf69bd63f1
02_MASTER_EVIDENCE_BASE/02_ORCHESTRATOR/INVCHAIN_FINAL_2026-09-11/RECLASSIFICATION_2026-09-11_POST_INV016_PRIMARY_EXHAUSTED_SYNTHESIS_R1.md,1962,9405be572be109ffe6d85c683330f9cfd76117cc8a020b483b4acafa9d625b95
02_MASTER_EVIDENCE_BASE/02_ORCHESTRATOR/INVCHAIN_FINAL_2026-09-11/RECLASSIFICATION_2026-09-11_POST_INV029_CORE_MISSION_V2_DELTA_R1.md,1403,9fb0d94d0cad722b0f18d75a6b85d5cd06414e74a43944e9d112506553f1145f
02_MASTER_EVIDENCE_BASE/02_ORCHESTRATOR/INVCHAIN_FINAL_2026-09-11/RECLASSIFICATION_2026-09-11_POST_INV037_CORE_MISSION_V2_DELTA_R1.md,1403,1c9d48e4e35c64609c9fbebe47e99c92b528e35fe7c7747b24a6596a375359fb
02_MASTER_EVIDENCE_BASE/02_ORCHESTRATOR/INVCHAIN_FINAL_2026-09-11/RECLASSIFICATION_2026-09-11_POST_INV038_SYNTHESIS_SELECTION_R1.md,901,67a01751338866d96c8934e8c43ca6cc55a107792e5d608f931c784d55ceab6b
02_MASTER_EVIDENCE_BASE/02_ORCHESTRATOR/INVCHAIN_FINAL_2026-09-11/RECLASSIFICATION_2026-09-11_POST_INV040_SYNTHESIS_SELECTION_R1.md,0,e3b0c44298fc1c149afbf4c8996fb92427ae41e4649b934ca495991b7852b855
02_MASTER_EVIDENCE_BASE/02_ORCHESTRATOR/INVCHAIN_FINAL_2026-09-11/RECLASSIFICATION_2026-09-11_POST_INV051_CORE_MISSION_V2_DELTA_R1.md,1403,8eb70a0e77c5245f6282e5d3ec829b0ad52b388838bbd4d34f12a9f06dd0acbd
02_MASTER_EVIDENCE_BASE/02_ORCHESTRATOR/INVCHAIN_FINAL_2026-09-11/RECLASSIFICATION_2026-09-11_POST_INV052_SYNTHESIS_SELECTION_INV104_R1.md,759,f522830b8e49dabff1d656bf2b52e7fcdf6c50caef35297e5549e2958493fc77
02_MASTER_EVIDENCE_BASE/02_ORCHESTRATOR/INVCHAIN_FINAL_2026-09-11/RECLASSIFICATION_2026-09-11_POST_INV053_CORE_MISSION_V2_DELTA_R1.md,1398,b639c5dc444acd391923dd4a70324ec2be56eefff0d07d41a17da11f0ab817a5
02_MASTER_EVIDENCE_BASE/02_ORCHESTRATOR/INVCHAIN_FINAL_2026-09-11/RECLASSIFICATION_2026-09-11_POST_INV075_CORE_MISSION_V2_DELTA_R1.md,1403,140a19e5f0601f5d532a423fcbd78ad0b492082962c5c270180ddebc7f504eff
02_MASTER_EVIDENCE_BASE/02_ORCHESTRATOR/INVCHAIN_FINAL_2026-09-11/RECLASSIFICATION_2026-09-11_POST_INV111_CORE_MISSION_V2_DELTA_R1.md,1403,17e96965a0a8fa568daeec0dfb782cdfb5b64bc83ea56ca063541101deb0f861
02_MASTER_EVIDENCE_BASE/02_ORCHESTRATOR/INVCHAIN_FINAL_2026-09-11/RECLASSIFICATION_2026-09-11_POST_INV112_CORE_MISSION_V2_DELTA_R1.md,1403,5780465c39b79f300909431be889c792aecbce2feafcb886248b54eeb667109c
02_MASTER_EVIDENCE_BASE/02_ORCHESTRATOR/INVCHAIN_FINAL_2026-09-11/RECLASSIFICATION_2026-09-11_POST_INV120_CORE_MISSION_V2_DELTA_R1.md,1403,dfef42828af368bb611b638af4ae8b1e5bb144bba2ed768b735d91dd6018a5d1
02_MASTER_EVIDENCE_BASE/02_ORCHESTRATOR/INVCHAIN_FINAL_2026-09-11/RECLASSIFICATION_2026-09-11_POST_INV121_CORE_MISSION_V2_DELTA_R1.md,1403,755a55435238661c78bd48771667ad4a6cd2aaca59c9c4b73b98e2437a9f2706
02_MASTER_EVIDENCE_BASE/02_ORCHESTRATOR/INVCHAIN_FINAL_2026-09-11/RECLASSIFICATION_2026-09-11_POST_INV122_CORE_MISSION_V2_DELTA_R1.md,1403,d0ce5391e5dbc0532939ca390477d9a19e635f295a24ef150ba42d221d84dacb
02_MASTER_EVIDENCE_BASE/02_ORCHESTRATOR/INVCHAIN_FINAL_2026-09-11/RECLASSIFICATION_2026-09-11_PRE_INV053_RECOVERY_FULLPOOL_R1.md,3497,b399022546cda4132e7b4bc18f841c606ef033b4b2ef6f00fa179cb0fd164ccb
02_MASTER_EVIDENCE_BASE/02_ORCHESTRATOR/INVCHAIN_FINAL_2026-09-11/RECLASSIFICATION_2026-09-11_TERMINAL_SYNTHESIS_SELECTION_INV133_R1.md,785,19cebb2272dce1fc1e922f12ac74cfb4e6934eab3de487856e15e042daa9611c
02_MASTER_EVIDENCE_BASE/02_ORCHESTRATOR/INVCHAIN_FINAL_2026-09-11/TRACELOG.md,119842,3724b81be595fce24ecf555304c8d3fd87baf7a7185cba2dd710010006f782d9
02_MASTER_EVIDENCE_BASE/02_ORCHESTRATOR/INVCHAIN_FINAL_2026-09-11/TRACELOG.pre_sync_INV051.md,113002,59f301e622b02c5a311c65b3f61723724307a863a3234dcd48e03f504c51abbd
02_MASTER_EVIDENCE_BASE/02_ORCHESTRATOR/INVCHAIN_FINAL_2026-09-11/TRUTH_ENGINE_2.10.6_R3P1_CANONICAL(1).zip,218204,d113e3bd1848805bc3dbf1485eb1107a5767ebe74efd0cf27b601e01db278d30
02_MASTER_EVIDENCE_BASE/02_ORCHESTRATOR/INVCHAIN_FINAL_2026-09-11/_HISTORICAL_REFERENCES/ANALYTIC_POINT_2026-09-07.md,8513,7db61e2e27f9635e5a6a32fd1376fd12b059bb42d1b53e3bb485e292e4f4138b
02_MASTER_EVIDENCE_BASE/02_ORCHESTRATOR/INVCHAIN_FINAL_2026-09-11/_HISTORICAL_REFERENCES/CLOSED_INVESTIGATIONS_INDEX_2026-09-07.csv,7093,f50501e0ccc54774b57b36d60a07e6828efb14012ec2ca9029e74232fd4af933
02_MASTER_EVIDENCE_BASE/02_ORCHESTRATOR/INVCHAIN_FINAL_2026-09-11/_HISTORICAL_REFERENCES/CONTROL_PLANE_AUDIT_2026-09-07.md,3559,06fa1ef8a91cd5fdc72dc9bbb0acc8bfb7289b6ae1e5a648d509aca4010dc135
02_MASTER_EVIDENCE_BASE/02_ORCHESTRATOR/INVCHAIN_FINAL_2026-09-11/_HISTORICAL_REFERENCES/PROGRAM_SNAPSHOT_2026-09-07.json,3253,54071fdd16c244a40e1684c375da4a7975ea6eae1b415bdb66b77cf7790507fb
02_MASTER_EVIDENCE_BASE/02_ORCHESTRATOR/INVCHAIN_FINAL_2026-09-11/__pycache__/control.cpython-313.pyc,71357,6f49dd48773b7223fd23d6b4aefbd9009314cefba47254d0e660f6e9309bdc77
02_MASTER_EVIDENCE_BASE/02_ORCHESTRATOR/INVCHAIN_FINAL_2026-09-11/build_inv016.py,30103,85f198cb7b62efb6d0caabf64e019a2d4341aad59b0d0663a6d2a69df0b239bc
02_MASTER_EVIDENCE_BASE/02_ORCHESTRATOR/INVCHAIN_FINAL_2026-09-11/build_inv053_recovery.py,29275,223cfdfa75fffe46a83550536f73cd267cc43b72356122961cf8b467eccae046
02_MASTER_EVIDENCE_BASE/02_ORCHESTRATOR/INVCHAIN_FINAL_2026-09-11/control.py,47450,bbc09cd04812baedd3c542adf5378d38ae3401fe03c46126574e0d8e7cd48c2d
02_MASTER_EVIDENCE_BASE/02_ORCHESTRATOR/INVCHAIN_FINAL_2026-09-11/post_run.py,15281,2aa15c8450216976a7a3a1c6bde629eb2a027344b0003f71f937afbdbe9f9085
02_MASTER_EVIDENCE_BASE/02_ORCHESTRATOR/INVCHAIN_FINAL_2026-09-11/runtime_batch.py,14761,87bf08a5fabe5bfd68ddf4180585d8bddb4e6a608c16f629b614f0ebb1f5c0a6
02_MASTER_EVIDENCE_BASE/02_ORCHESTRATOR/INVCHAIN_FINAL_2026-09-11/te/truth-engine-v2_2.10.6-R3P1_CANONICAL/investigations/2026-09/2026-09-10_chat-control-eudi/2026-09-10_23-10_chat-control-eudi_CERTIFICATION.json,579,2e6147776acd2571311658a7e5edad45dab0597164435b3830ee86f03ce82eaa
02_MASTER_EVIDENCE_BASE/02_ORCHESTRATOR/INVCHAIN_FINAL_2026-09-11/te016/truth-engine-v2_2.10.6-R3P1_CANONICAL/.gitignore,79,55d40310f620ea2b99b41ac7834b74d0627d99d79c2de97b1c62e6ffcc468d1a
02_MASTER_EVIDENCE_BASE/02_ORCHESTRATOR/INVCHAIN_FINAL_2026-09-11/te016/truth-engine-v2_2.10.6-R3P1_CANONICAL/.pytest_cache/.gitignore,37,3ed731b65d06150c138e2dadb0be0697550888a6b47eb8c45ecc9adba8b8e9bd
02_MASTER_EVIDENCE_BASE/02_ORCHESTRATOR/INVCHAIN_FINAL_2026-09-11/te016/truth-engine-v2_2.10.6-R3P1_CANONICAL/.pytest_cache/CACHEDIR.TAG,191,37dc88ef9a0abeddbe81053a6dd8fdfb13afb613045ea1eb4a5c815a74a3bde4
02_MASTER_EVIDENCE_BASE/02_ORCHESTRATOR/INVCHAIN_FINAL_2026-09-11/te016/truth-engine-v2_2.10.6-R3P1_CANONICAL/.pytest_cache/README.md,302,73fd6fccdd802c419a6b2d983d6c3173b7da97558ac4b589edec2dfe443db9ad
02_MASTER_EVIDENCE_BASE/02_ORCHESTRATOR/INVCHAIN_FINAL_2026-09-11/te016/truth-engine-v2_2.10.6-R3P1_CANONICAL/.pytest_cache/v/cache/nodeids,11831,02de5ee357e5e8d217b93f71e059413bd41192c123633b28a300c3261582b49b
02_MASTER_EVIDENCE_BASE/02_ORCHESTRATOR/INVCHAIN_FINAL_2026-09-11/te016/truth-engine-v2_2.10.6-R3P1_CANONICAL/.verify/config.example.json,728,fc4ee1aa9b3b41ed831bd8622ffd6b78f0ffa742789d17c33396f48e8f456f4a
02_MASTER_EVIDENCE_BASE/02_ORCHESTRATOR/INVCHAIN_FINAL_2026-09-11/te016/truth-engine-v2_2.10.6-R3P1_CANONICAL/.verify/config.json,2407,aa038bb5e9a6aa06d7cd2b6e3afa0c2dadedb3e6c4a694d5ba097fa163de10f6
02_MASTER_EVIDENCE_BASE/02_ORCHESTRATOR/INVCHAIN_FINAL_2026-09-11/te016/truth-engine-v2_2.10.6-R3P1_CANONICAL/.verify/pending.json,483,cfe15b3b3340b23a228cf47a5539006981c82ee3ae3aad33bf7a9aa1790e48f7
02_MASTER_EVIDENCE_BASE/02_ORCHESTRATOR/INVCHAIN_FINAL_2026-09-11/te016/truth-engine-v2_2.10.6-R3P1_CANONICAL/.verify/result.json,588,12887143af8540d2ca10a113480061306fc8cf552dd49a515717bec8a321ca22
02_MASTER_EVIDENCE_BASE/02_ORCHESTRATOR/INVCHAIN_FINAL_2026-09-11/te016/truth-engine-v2_2.10.6-R3P1_CANONICAL/ARCHITECTURE.md,39996,4a0ec19e1b1f2fc0033d47041c90b697308864fc3e7b997408251602893a5ad0
02_MASTER_EVIDENCE_BASE/02_ORCHESTRATOR/INVCHAIN_FINAL_2026-09-11/te016/truth-engine-v2_2.10.6-R3P1_CANONICAL/KERNEL.md,69458,0d78b5d2db873d6bb9984867c3a4b1095b46400db2145487a763680b43e88974
02_MASTER_EVIDENCE_BASE/02_ORCHESTRATOR/INVCHAIN_FINAL_2026-09-11/te016/truth-engine-v2_2.10.6-R3P1_CANONICAL/PACKAGE_R2A2P1.md,802,912ba6863d5d7ecce179ba13cc3bd9d3a66ead1c685d5dc856a65edbb5d6ae2d
02_MASTER_EVIDENCE_BASE/02_ORCHESTRATOR/INVCHAIN_FINAL_2026-09-11/te016/truth-engine-v2_2.10.6-R3P1_CANONICAL/PACKAGE_R3P0.md,2728,68e21ba60958c31930f60475e11a745c674b89b1552c9d7e051d85be9ec398d4
02_MASTER_EVIDENCE_BASE/02_ORCHESTRATOR/INVCHAIN_FINAL_2026-09-11/te016/truth-engine-v2_2.10.6-R3P1_CANONICAL/PACKAGE_R3P1.md,1820,4c60e53ed742a2210de2b036571bcefd9a55e6bce0fb6bec86b3348982d93f77
02_MASTER_EVIDENCE_BASE/02_ORCHESTRATOR/INVCHAIN_FINAL_2026-09-11/te016/truth-engine-v2_2.10.6-R3P1_CANONICAL/PATCH_R2A2_MNEMO_DEGRADED.md,2101,b0fbf5370123f3832a42d7177a1e5c66b8b0b3aebaa94e8f633b01d6591b26c9
02_MASTER_EVIDENCE_BASE/02_ORCHESTRATOR/INVCHAIN_FINAL_2026-09-11/te016/truth-engine-v2_2.10.6-R3P1_CANONICAL/PATH_AUDIT.csv,5913,156aacdc65fa4f5fb3180e465ac548ce47241350e2db1fda19e96e1158205efc
02_MASTER_EVIDENCE_BASE/02_ORCHESTRATOR/INVCHAIN_FINAL_2026-09-11/te016/truth-engine-v2_2.10.6-R3P1_CANONICAL/PATH_AUDIT.md,728,00086cfab707ba07c052bdbdb13122f62417c24cccae3156e99c9be13ab983dc
02_MASTER_EVIDENCE_BASE/02_ORCHESTRATOR/INVCHAIN_FINAL_2026-09-11/te016/truth-engine-v2_2.10.6-R3P1_CANONICAL/clusters/BIO.md,1868,73cbb1d3998e52a1eedb79ab29a0825aac87981b26fb7f4632e7823dbaaaf951
02_MASTER_EVIDENCE_BASE/02_ORCHESTRATOR/INVCHAIN_FINAL_2026-09-11/te016/truth-engine-v2_2.10.6-R3P1_CANONICAL/clusters/CONFIRMATION.md,1606,5dea3f0d1d4994a1e45f5409beab451da6cbd69d9d53fee0ee65769e856251aa
02_MASTER_EVIDENCE_BASE/02_ORCHESTRATOR/INVCHAIN_FINAL_2026-09-11/te016/truth-engine-v2_2.10.6-R3P1_CANONICAL/clusters/FRAGMENTATION.md,1587,92128543a24b348bfe21a2c98f66ebbb446f67b3a7c6135ee37bf789bc3b62ae
02_MASTER_EVIDENCE_BASE/02_ORCHESTRATOR/INVCHAIN_FINAL_2026-09-11/te016/truth-engine-v2_2.10.6-R3P1_CANONICAL/clusters/FRAMING.md,1479,2171e88d7538d7a5b7c3be4ace16f2d8d58ce023ffb2da1f407329acb6a81740
02_MASTER_EVIDENCE_BASE/02_ORCHESTRATOR/INVCHAIN_FINAL_2026-09-11/te016/truth-engine-v2_2.10.6-R3P1_CANONICAL/clusters/GASLIGHTING.md,1446,92ca318eb8655a7a89c63e8605284885c9d15f318af8728af4022f6ecf0693d1
02_MASTER_EVIDENCE_BASE/02_ORCHESTRATOR/INVCHAIN_FINAL_2026-09-11/te016/truth-engine-v2_2.10.6-R3P1_CANONICAL/clusters/ICEBERG.md,1500,62fd494f86f1ed7fa0802281ae322d016e79a90f7f18c2760dfb52d1e7661d6f
02_MASTER_EVIDENCE_BASE/02_ORCHESTRATOR/INVCHAIN_FINAL_2026-09-11/te016/truth-engine-v2_2.10.6-R3P1_CANONICAL/clusters/INVERSION.md,1474,03889f6f2bff71de10995f558d309ce30086a43863782e1c8dfdc0d6810f1623
02_MASTER_EVIDENCE_BASE/02_ORCHESTRATOR/INVCHAIN_FINAL_2026-09-11/te016/truth-engine-v2_2.10.6-R3P1_CANONICAL/clusters/MONEY.md,1582,0d3c1dfb7d0e102a4e80d3e399d47e4f78edf98d91467846625bd103f55ec013
02_MASTER_EVIDENCE_BASE/02_ORCHESTRATOR/INVCHAIN_FINAL_2026-09-11/te016/truth-engine-v2_2.10.6-R3P1_CANONICAL/clusters/NETWORK.md,1503,65c595bfcf13d32c6d092c842ed07e94a0b050ce5762a234db7f8bf651161632
02_MASTER_EVIDENCE_BASE/02_ORCHESTRATOR/INVCHAIN_FINAL_2026-09-11/te016/truth-engine-v2_2.10.6-R3P1_CANONICAL/clusters/OVERLOAD.md,1534,ba85ecbf6073f950d20858fbc99a6b234bc13f87fb6d8ca4f7067c0f035c77d7
02_MASTER_EVIDENCE_BASE/02_ORCHESTRATOR/INVCHAIN_FINAL_2026-09-11/te016/truth-engine-v2_2.10.6-R3P1_CANONICAL/clusters/POWER.md,1500,a135aedde16635bc5243d497ed9312515dd5c55f66b36631c8e1577ab1a507ee
02_MASTER_EVIDENCE_BASE/02_ORCHESTRATOR/INVCHAIN_FINAL_2026-09-11/te016/truth-engine-v2_2.10.6-R3P1_CANONICAL/clusters/RESISTANCE.md,1463,2de3b9f2ae175372205f4b9267fad30e993f78db225c5cb0411a9f962aec1efa
02_MASTER_EVIDENCE_BASE/02_ORCHESTRATOR/INVCHAIN_FINAL_2026-09-11/te016/truth-engine-v2_2.10.6-R3P1_CANONICAL/clusters/SPECTACLE.md,1464,e72de7e54916bdc234b72415e43f2ea0891ec7e97b027e2a7a8539aa90753ebd
02_MASTER_EVIDENCE_BASE/02_ORCHESTRATOR/INVCHAIN_FINAL_2026-09-11/te016/truth-engine-v2_2.10.6-R3P1_CANONICAL/clusters/TEMPORAL.md,1501,8afbd521a57bd79bc56bfc9f3256197ea11aa5d3c63f371bda0809436b1dc082
02_MASTER_EVIDENCE_BASE/02_ORCHESTRATOR/INVCHAIN_FINAL_2026-09-11/te016/truth-engine-v2_2.10.6-R3P1_CANONICAL/clusters/WAR.md,1641,de5a38b51ced8778e121b7ea3b79da72f0cc939f4bd17ddacf0dd974d68b1145
02_MASTER_EVIDENCE_BASE/02_ORCHESTRATOR/INVCHAIN_FINAL_2026-09-11/te016/truth-engine-v2_2.10.6-R3P1_CANONICAL/clusters/_INDEX.md,1186,d1007c8f3d778cc2e4334288c8378af728b05c713e5e21588b2c97cf0ea08ca6
02_MASTER_EVIDENCE_BASE/02_ORCHESTRATOR/INVCHAIN_FINAL_2026-09-11/te016/truth-engine-v2_2.10.6-R3P1_CANONICAL/clusters/_TEMPLATE.md,945,5b989a544ef3029e554f7bb3572685979300faa3bce7689af2f9a3975b335f50
02_MASTER_EVIDENCE_BASE/02_ORCHESTRATOR/INVCHAIN_FINAL_2026-09-11/te016/truth-engine-v2_2.10.6-R3P1_CANONICAL/definitions/PATTERNS.md,6400,d30e591fa4df876492cee0c73c1ce9cbb604f29e1d56bac7c7c5538459497696
02_MASTER_EVIDENCE_BASE/02_ORCHESTRATOR/INVCHAIN_FINAL_2026-09-11/te016/truth-engine-v2_2.10.6-R3P1_CANONICAL/definitions/SYMBOLS.md,7458,fc02712ed0d550c8659f2c41493222ec2604bd84a78d18180149c4ca60a1b553
02_MASTER_EVIDENCE_BASE/02_ORCHESTRATOR/INVCHAIN_FINAL_2026-09-11/te016/truth-engine-v2_2.10.6-R3P1_CANONICAL/definitions/THREATS.md,5534,51f860ebc743dc6a8a4ad958d9a1d4aa57d2dfc39bd7a894ba9bc9f7b5d73124
02_MASTER_EVIDENCE_BASE/02_ORCHESTRATOR/INVCHAIN_FINAL_2026-09-11/te016/truth-engine-v2_2.10.6-R3P1_CANONICAL/forensic/GATES.md,12808,f97b090c26f79b93eeecb291e37f8887d935df5ffaa36d8d6da502fa75f6da6d
02_MASTER_EVIDENCE_BASE/02_ORCHESTRATOR/INVCHAIN_FINAL_2026-09-11/te016/truth-engine-v2_2.10.6-R3P1_CANONICAL/forensic/REASONING.md,1874,cb6e83dc74b9a6a311fdd8b73d78e87146c7791ab92179ebf455c2f0f2c89bde
02_MASTER_EVIDENCE_BASE/02_ORCHESTRATOR/INVCHAIN_FINAL_2026-09-11/te016/truth-engine-v2_2.10.6-R3P1_CANONICAL/forensic/REQUEST_LOG.md,5102,bae510e5fc18acd635a4c9b8cbef65d2015e14c0122fcc265728216fa94dbdd4
02_MASTER_EVIDENCE_BASE/02_ORCHESTRATOR/INVCHAIN_FINAL_2026-09-11/te016/truth-engine-v2_2.10.6-R3P1_CANONICAL/investigations/2026-09/2026-09-11_arab-spring-mechanisms/2026-09-11_10-42_arab-spring-mechanisms_CERTIFICATION.json,589,daf62a9a319778c8a06a660c958eefba6e72bc6d6906af289b07a896e511ad01
02_MASTER_EVIDENCE_BASE/02_ORCHESTRATOR/INVCHAIN_FINAL_2026-09-11/te016/truth-engine-v2_2.10.6-R3P1_CANONICAL/investigations/2026-09/2026-09-11_arab-spring-mechanisms/2026-09-11_10-42_arab-spring-mechanisms_INPUT.md,2307,99153e7421ef5b0db9cd8df2a790d7a49b454304bc1a07dc491b96a1a168fbde
02_MASTER_EVIDENCE_BASE/02_ORCHESTRATOR/INVCHAIN_FINAL_2026-09-11/te016/truth-engine-v2_2.10.6-R3P1_CANONICAL/investigations/2026-09/2026-09-11_arab-spring-mechanisms/2026-09-11_10-42_arab-spring-mechanisms_INVESTIGATION.md,44483,323d0a35b2479b8409c6dea1fcb5527bbf16584719264c178512e5a6ffe943e1
02_MASTER_EVIDENCE_BASE/02_ORCHESTRATOR/INVCHAIN_FINAL_2026-09-11/te016/truth-engine-v2_2.10.6-R3P1_CANONICAL/investigations/2026-09/2026-09-11_arab-spring-mechanisms/2026-09-11_10-42_arab-spring-mechanisms_MNEMO_SNAPSHOT.json,7421,956680c1ba8bbd559b298b47b2fc82f94ff856136944c3e926eb43d05af291c3
02_MASTER_EVIDENCE_BASE/02_ORCHESTRATOR/INVCHAIN_FINAL_2026-09-11/te016/truth-engine-v2_2.10.6-R3P1_CANONICAL/investigations/2026-09/2026-09-11_arab-spring-mechanisms/2026-09-11_10-42_arab-spring-mechanisms_NARRATIVE.tmp.md,5631,6dabeeeb2a1c9a456058797ef3b0830e40482658c968e5b5af1802c6defd759b
02_MASTER_EVIDENCE_BASE/02_ORCHESTRATOR/INVCHAIN_FINAL_2026-09-11/te016/truth-engine-v2_2.10.6-R3P1_CANONICAL/investigations/2026-09/2026-09-11_arab-spring-mechanisms/2026-09-11_10-42_arab-spring-mechanisms_RUN_STATE.json,39675,8cde4137a64ab1969d2fa99a4abf7089bee95433cfad8c5a775ef5d168ef8608
02_MASTER_EVIDENCE_BASE/02_ORCHESTRATOR/INVCHAIN_FINAL_2026-09-11/te016/truth-engine-v2_2.10.6-R3P1_CANONICAL/output/TEMPLATE.md,5857,eb504ed558d7638b8f599fc6990c6d74783ca81ae1d8016a15d70b8273c31f05
02_MASTER_EVIDENCE_BASE/02_ORCHESTRATOR/INVCHAIN_FINAL_2026-09-11/te016/truth-engine-v2_2.10.6-R3P1_CANONICAL/protocol/FACT_VERIFICATION.md,29011,93cb1354c1771e1cc7f9e28600c8053ffedd1c916cc83978b948724b5f5a0219
02_MASTER_EVIDENCE_BASE/02_ORCHESTRATOR/INVCHAIN_FINAL_2026-09-11/te016/truth-engine-v2_2.10.6-R3P1_CANONICAL/protocol/INVESTIGATION.md,19705,2418fb593a78048830f2900e04828ce3d7e26aef996bcdddd2199f61a026c208
02_MASTER_EVIDENCE_BASE/02_ORCHESTRATOR/INVCHAIN_FINAL_2026-09-11/te016/truth-engine-v2_2.10.6-R3P1_CANONICAL/protocol/PERSO_FRESQUE.md,2807,2fe3404f9758b46de27f1d6700c290a9080ee7c5b0410e9e81b27fbf9b6a5b9f
02_MASTER_EVIDENCE_BASE/02_ORCHESTRATOR/INVCHAIN_FINAL_2026-09-11/te016/truth-engine-v2_2.10.6-R3P1_CANONICAL/protocol/UPDATE.md,3987,b36af2c16ec0eba93f66546b05f2f76c4440f3c6cedf74bd716d71c90015c936
02_MASTER_EVIDENCE_BASE/02_ORCHESTRATOR/INVCHAIN_FINAL_2026-09-11/te016/truth-engine-v2_2.10.6-R3P1_CANONICAL/search/EPISTEMIC.md,6991,482558f2ea834418625647b92659ef1773ffc71bc09bdce2f5f3bab91791ae00
02_MASTER_EVIDENCE_BASE/02_ORCHESTRATOR/INVCHAIN_FINAL_2026-09-11/te016/truth-engine-v2_2.10.6-R3P1_CANONICAL/search/OPTIMIZATION.md,2271,56417643b0f5b49e43d4d2b3e8777801bc78580cbe7abad236eb19d8e351e49c
02_MASTER_EVIDENCE_BASE/02_ORCHESTRATOR/INVCHAIN_FINAL_2026-09-11/te016/truth-engine-v2_2.10.6-R3P1_CANONICAL/search/TEMPLATES.md,6097,be5a178bf2772fd9202c100b44e4d6657a64b5fa90e34ceed90682e16f328172
02_MASTER_EVIDENCE_BASE/02_ORCHESTRATOR/INVCHAIN_FINAL_2026-09-11/te016/truth-engine-v2_2.10.6-R3P1_CANONICAL/tests/README.md,1242,434a0151079b7fe0375dbb2785c357b10fc53420c43f2dbb55f341a2eebe25bb
02_MASTER_EVIDENCE_BASE/02_ORCHESTRATOR/INVCHAIN_FINAL_2026-09-11/te016/truth-engine-v2_2.10.6-R3P1_CANONICAL/tests/__pycache__/test_verify_forensic_output.cpython-313-pytest-9.0.2.pyc,7507,74342ccf40619ea42b67e4aa607fbd76110bffab3eeac37902b52eaaba97e689
02_MASTER_EVIDENCE_BASE/02_ORCHESTRATOR/INVCHAIN_FINAL_2026-09-11/te016/truth-engine-v2_2.10.6-R3P1_CANONICAL/tests/__pycache__/test_verify_gate.cpython-313-pytest-9.0.2.pyc,26757,2eb59131574604dda44c88cc7d831dd955318141b5b2ff4d175f195f613f6829
02_MASTER_EVIDENCE_BASE/02_ORCHESTRATOR/INVCHAIN_FINAL_2026-09-11/te016/truth-engine-v2_2.10.6-R3P1_CANONICAL/tests/extractors/__init__.py,0,e3b0c44298fc1c149afbf4c8996fb92427ae41e4649b934ca495991b7852b855
02_MASTER_EVIDENCE_BASE/02_ORCHESTRATOR/INVCHAIN_FINAL_2026-09-11/te016/truth-engine-v2_2.10.6-R3P1_CANONICAL/tests/extractors/__pycache__/__init__.cpython-313.pyc,188,16803aa48ab2b85062acccccff75fbdf7792ab2919cd41e5e1a83c345a3210c2
02_MASTER_EVIDENCE_BASE/02_ORCHESTRATOR/INVCHAIN_FINAL_2026-09-11/te016/truth-engine-v2_2.10.6-R3P1_CANONICAL/tests/extractors/__pycache__/test_gates.cpython-313-pytest-9.0.2.pyc,21353,1e02240f8507fb3f8381189556fa1417675204c74bc13b45e6309cec67776641
02_MASTER_EVIDENCE_BASE/02_ORCHESTRATOR/INVCHAIN_FINAL_2026-09-11/te016/truth-engine-v2_2.10.6-R3P1_CANONICAL/tests/extractors/__pycache__/test_gates_hardening.cpython-313-pytest-9.0.2.pyc,30742,133c1d231d2f8600eca5592766bd7f57bdeb5bb95bb6c884dbca96825e8cd78e
02_MASTER_EVIDENCE_BASE/02_ORCHESTRATOR/INVCHAIN_FINAL_2026-09-11/te016/truth-engine-v2_2.10.6-R3P1_CANONICAL/tests/extractors/__pycache__/test_gates_json.cpython-313-pytest-9.0.2.pyc,23788,9171c387c2a1c2f4b0854998492083292cccb873f2533f62a2565eedf473f871
02_MASTER_EVIDENCE_BASE/02_ORCHESTRATOR/INVCHAIN_FINAL_2026-09-11/te016/truth-engine-v2_2.10.6-R3P1_CANONICAL/tests/extractors/__pycache__/test_head_check_hardening.cpython-313-pytest-9.0.2.pyc,28638,a374768393234fa84d9c47471f1c1627d2ef69adb76776967132b7e4adfd9373
02_MASTER_EVIDENCE_BASE/02_ORCHESTRATOR/INVCHAIN_FINAL_2026-09-11/te016/truth-engine-v2_2.10.6-R3P1_CANONICAL/tests/extractors/test_gates.py,6585,039c70da1cdebe91c267c24ae00f101534ec54983a3cae2cf48be609e3ffdf8c
02_MASTER_EVIDENCE_BASE/02_ORCHESTRATOR/INVCHAIN_FINAL_2026-09-11/te016/truth-engine-v2_2.10.6-R3P1_CANONICAL/tests/extractors/test_gates_hardening.py,9500,0c99c5eda1c2d197e833ebd0a4316479770115666c9d36a7390312863a5816fb
02_MASTER_EVIDENCE_BASE/02_ORCHESTRATOR/INVCHAIN_FINAL_2026-09-11/te016/truth-engine-v2_2.10.6-R3P1_CANONICAL/tests/extractors/test_gates_json.py,7800,bc38252541d36ef0e260c689f3326e831965fe7dec9bd5184e331d9c273d6cc6
02_MASTER_EVIDENCE_BASE/02_ORCHESTRATOR/INVCHAIN_FINAL_2026-09-11/te016/truth-engine-v2_2.10.6-R3P1_CANONICAL/tests/extractors/test_head_check_hardening.py,8758,9bd6832bcbb31711c4e0331b1db1fc91b27c7b26682a5ee0dab7d03050f0fbda
02_MASTER_EVIDENCE_BASE/02_ORCHESTRATOR/INVCHAIN_FINAL_2026-09-11/te016/truth-engine-v2_2.10.6-R3P1_CANONICAL/tests/runtime/__pycache__/test_forensic_output_contract.cpython-313-pytest-9.0.2.pyc,12842,5fa17d15e435ba29a7754169f493829dbb4bec7553129705066825b77f19f123
02_MASTER_EVIDENCE_BASE/02_ORCHESTRATOR/INVCHAIN_FINAL_2026-09-11/te016/truth-engine-v2_2.10.6-R3P1_CANONICAL/tests/runtime/__pycache__/test_mnemo_unavailable_delivery.cpython-313-pytest-9.0.2.pyc,15706,35f8c5c794757b62a3ebbf013145b5c72139bdfb1f3ff60c93890d97b51ed6f8
02_MASTER_EVIDENCE_BASE/02_ORCHESTRATOR/INVCHAIN_FINAL_2026-09-11/te016/truth-engine-v2_2.10.6-R3P1_CANONICAL/tests/runtime/test_forensic_output_contract.py,2376,3f645e4d4a933a772f4e908a5e8423a3a9d273c151cebccf20134eee4eb93d8f
02_MASTER_EVIDENCE_BASE/02_ORCHESTRATOR/INVCHAIN_FINAL_2026-09-11/te016/truth-engine-v2_2.10.6-R3P1_CANONICAL/tests/runtime/test_mnemo_unavailable_delivery.py,4607,7737d2f40dc84b1a397622306c3646a1094424b43521e41b45076dc2850935f9
02_MASTER_EVIDENCE_BASE/02_ORCHESTRATOR/INVCHAIN_FINAL_2026-09-11/te016/truth-engine-v2_2.10.6-R3P1_CANONICAL/tests/test_verify_forensic_output.py,1892,cf374634dc2fc697406f9ff4f96018e8a708c29e98371b4092d50e6a733f510f
02_MASTER_EVIDENCE_BASE/02_ORCHESTRATOR/INVCHAIN_FINAL_2026-09-11/te016/truth-engine-v2_2.10.6-R3P1_CANONICAL/tests/test_verify_gate.py,6095,6eaece9b9f3a5dc317f45d3da99bf462fe440f7c26def5f5a6ce5338e27c57ab
02_MASTER_EVIDENCE_BASE/02_ORCHESTRATOR/INVCHAIN_FINAL_2026-09-11/te016/truth-engine-v2_2.10.6-R3P1_CANONICAL/tools/DSL.md,2868,17a31bf06dac4b59a6aa09a080554d83684f87a4df365f30681c3226161ecb9c
02_MASTER_EVIDENCE_BASE/02_ORCHESTRATOR/INVCHAIN_FINAL_2026-09-11/te016/truth-engine-v2_2.10.6-R3P1_CANONICAL/tools/MACROS.md,3301,50cd3a4579fb2c82248a17129ebbde8e91f0dd6fbac10fbc34a344603f33ba7f
02_MASTER_EVIDENCE_BASE/02_ORCHESTRATOR/INVCHAIN_FINAL_2026-09-11/te016/truth-engine-v2_2.10.6-R3P1_CANONICAL/tools/__init__.py,0,e3b0c44298fc1c149afbf4c8996fb92427ae41e4649b934ca495991b7852b855
02_MASTER_EVIDENCE_BASE/02_ORCHESTRATOR/INVCHAIN_FINAL_2026-09-11/te016/truth-engine-v2_2.10.6-R3P1_CANONICAL/tools/__pycache__/__init__.cpython-313.pyc,177,982f269c3f91c0fbfe78f1c3fc8a15b93a659ee4c0bd7b8f50324a537833f4f6
02_MASTER_EVIDENCE_BASE/02_ORCHESTRATOR/INVCHAIN_FINAL_2026-09-11/te016/truth-engine-v2_2.10.6-R3P1_CANONICAL/tools/engines/__init__.py,0,e3b0c44298fc1c149afbf4c8996fb92427ae41e4649b934ca495991b7852b855
02_MASTER_EVIDENCE_BASE/02_ORCHESTRATOR/INVCHAIN_FINAL_2026-09-11/te016/truth-engine-v2_2.10.6-R3P1_CANONICAL/tools/engines/__pycache__/__init__.cpython-313.pyc,185,a8e21ae11bd35b98456868d10b42b3a51bb8a38f9e99e1647e4ea4baaadf44fd
02_MASTER_EVIDENCE_BASE/02_ORCHESTRATOR/INVCHAIN_FINAL_2026-09-11/te016/truth-engine-v2_2.10.6-R3P1_CANONICAL/tools/engines/sublimator/__init__.py,0,e3b0c44298fc1c149afbf4c8996fb92427ae41e4649b934ca495991b7852b855
02_MASTER_EVIDENCE_BASE/02_ORCHESTRATOR/INVCHAIN_FINAL_2026-09-11/te016/truth-engine-v2_2.10.6-R3P1_CANONICAL/tools/engines/sublimator/__pycache__/__init__.cpython-313.pyc,196,dc01813edc278a776e4545eedf42caf977a1b1900014f9d990960ac7da7cfe5d
02_MASTER_EVIDENCE_BASE/02_ORCHESTRATOR/INVCHAIN_FINAL_2026-09-11/te016/truth-engine-v2_2.10.6-R3P1_CANONICAL/tools/engines/sublimator/extractors/__init__.py,0,e3b0c44298fc1c149afbf4c8996fb92427ae41e4649b934ca495991b7852b855
02_MASTER_EVIDENCE_BASE/02_ORCHESTRATOR/INVCHAIN_FINAL_2026-09-11/te016/truth-engine-v2_2.10.6-R3P1_CANONICAL/tools/engines/sublimator/extractors/__pycache__/__init__.cpython-313.pyc,207,f12e983259a8e775f1ba337df90226ecd14625c8a122bab94f3d8947e865b9b5
02_MASTER_EVIDENCE_BASE/02_ORCHESTRATOR/INVCHAIN_FINAL_2026-09-11/te016/truth-engine-v2_2.10.6-R3P1_CANONICAL/tools/engines/sublimator/extractors/__pycache__/gates.cpython-313.pyc,6944,60c8392827ef27a7befdd7c34831c399e8af9119e6282b2cb8ca5bf9e9f1993d
02_MASTER_EVIDENCE_BASE/02_ORCHESTRATOR/INVCHAIN_FINAL_2026-09-11/te016/truth-engine-v2_2.10.6-R3P1_CANONICAL/tools/engines/sublimator/extractors/__pycache__/head_check.cpython-313.pyc,6582,81ffaf860d9c13a9c1b1591e9d5c8fe665d9257b55d1abe3736a26485481c8c0
02_MASTER_EVIDENCE_BASE/02_ORCHESTRATOR/INVCHAIN_FINAL_2026-09-11/te016/truth-engine-v2_2.10.6-R3P1_CANONICAL/tools/engines/sublimator/extractors/gates.py,5469,a55c74b8e5aebc5a1073e737bf95bff21fc0531f3db58eb4636089e19ee84fa8
02_MASTER_EVIDENCE_BASE/02_ORCHESTRATOR/INVCHAIN_FINAL_2026-09-11/te016/truth-engine-v2_2.10.6-R3P1_CANONICAL/tools/engines/sublimator/extractors/head_check.py,4892,57fc1b90093964d2689b83ba1fa393ad40f794d83a3ed06d322c7dd67dd8d38e
02_MASTER_EVIDENCE_BASE/02_ORCHESTRATOR/INVCHAIN_FINAL_2026-09-11/te016/truth-engine-v2_2.10.6-R3P1_CANONICAL/tools/runtime/README.md,7620,965c81acb3d3209809e2a42b2d9ec42415b28c980b9ac9c2e963ae4ea8ac3f5a
02_MASTER_EVIDENCE_BASE/02_ORCHESTRATOR/INVCHAIN_FINAL_2026-09-11/te016/truth-engine-v2_2.10.6-R3P1_CANONICAL/tools/runtime/__pycache__/run_state.cpython-313.pyc,187450,395f797a14c8401230cf9a4cea9f1bf67986336c2cbb33d485a2cf11593e2f18
02_MASTER_EVIDENCE_BASE/02_ORCHESTRATOR/INVCHAIN_FINAL_2026-09-11/te016/truth-engine-v2_2.10.6-R3P1_CANONICAL/tools/runtime/run_state.py,107428,81effd7bfef4ddcdacba1f9a4139cd856fae0eb7853518846f2381a49869d77e
02_MASTER_EVIDENCE_BASE/02_ORCHESTRATOR/INVCHAIN_FINAL_2026-09-11/te016/truth-engine-v2_2.10.6-R3P1_CANONICAL/tools/verify/__pycache__/verify.cpython-313.pyc,130955,41e2fe7d45e2388c0091c2a96814f13f533b8fff47f10df02c90de646df90e1b
02_MASTER_EVIDENCE_BASE/02_ORCHESTRATOR/INVCHAIN_FINAL_2026-09-11/te016/truth-engine-v2_2.10.6-R3P1_CANONICAL/tools/verify/verify.py,89673,2dd969529d7c15d5bb7c464a185c56c284575f65c76a71b2af2a495887e76018
02_MASTER_EVIDENCE_BASE/02_ORCHESTRATOR/INVCHAIN_FINAL_2026-09-11/te053/truth-engine-v2_2.10.6-R3P1_CANONICAL/.gitignore,79,55d40310f620ea2b99b41ac7834b74d0627d99d79c2de97b1c62e6ffcc468d1a
02_MASTER_EVIDENCE_BASE/02_ORCHESTRATOR/INVCHAIN_FINAL_2026-09-11/te053/truth-engine-v2_2.10.6-R3P1_CANONICAL/.pytest_cache/.gitignore,37,3ed731b65d06150c138e2dadb0be0697550888a6b47eb8c45ecc9adba8b8e9bd
02_MASTER_EVIDENCE_BASE/02_ORCHESTRATOR/INVCHAIN_FINAL_2026-09-11/te053/truth-engine-v2_2.10.6-R3P1_CANONICAL/.pytest_cache/CACHEDIR.TAG,191,37dc88ef9a0abeddbe81053a6dd8fdfb13afb613045ea1eb4a5c815a74a3bde4
02_MASTER_EVIDENCE_BASE/02_ORCHESTRATOR/INVCHAIN_FINAL_2026-09-11/te053/truth-engine-v2_2.10.6-R3P1_CANONICAL/.pytest_cache/README.md,302,73fd6fccdd802c419a6b2d983d6c3173b7da97558ac4b589edec2dfe443db9ad
02_MASTER_EVIDENCE_BASE/02_ORCHESTRATOR/INVCHAIN_FINAL_2026-09-11/te053/truth-engine-v2_2.10.6-R3P1_CANONICAL/.pytest_cache/v/cache/nodeids,11831,02de5ee357e5e8d217b93f71e059413bd41192c123633b28a300c3261582b49b
02_MASTER_EVIDENCE_BASE/02_ORCHESTRATOR/INVCHAIN_FINAL_2026-09-11/te053/truth-engine-v2_2.10.6-R3P1_CANONICAL/.verify/config.example.json,728,fc4ee1aa9b3b41ed831bd8622ffd6b78f0ffa742789d17c33396f48e8f456f4a
02_MASTER_EVIDENCE_BASE/02_ORCHESTRATOR/INVCHAIN_FINAL_2026-09-11/te053/truth-engine-v2_2.10.6-R3P1_CANONICAL/.verify/config.json,2407,aa038bb5e9a6aa06d7cd2b6e3afa0c2dadedb3e6c4a694d5ba097fa163de10f6
02_MASTER_EVIDENCE_BASE/02_ORCHESTRATOR/INVCHAIN_FINAL_2026-09-11/te053/truth-engine-v2_2.10.6-R3P1_CANONICAL/.verify/pending.json,481,aaa75bb2e371652ab29f9c32d54685a227ac939c5a6f9405e8f3a17ef1272eee
02_MASTER_EVIDENCE_BASE/02_ORCHESTRATOR/INVCHAIN_FINAL_2026-09-11/te053/truth-engine-v2_2.10.6-R3P1_CANONICAL/.verify/result.json,586,f331a9de7131bfaccc5d436ebdc5a7af8edc638983fe98bcc0cb9dc7fec179de
02_MASTER_EVIDENCE_BASE/02_ORCHESTRATOR/INVCHAIN_FINAL_2026-09-11/te053/truth-engine-v2_2.10.6-R3P1_CANONICAL/ARCHITECTURE.md,39996,4a0ec19e1b1f2fc0033d47041c90b697308864fc3e7b997408251602893a5ad0
02_MASTER_EVIDENCE_BASE/02_ORCHESTRATOR/INVCHAIN_FINAL_2026-09-11/te053/truth-engine-v2_2.10.6-R3P1_CANONICAL/KERNEL.md,69458,0d78b5d2db873d6bb9984867c3a4b1095b46400db2145487a763680b43e88974
02_MASTER_EVIDENCE_BASE/02_ORCHESTRATOR/INVCHAIN_FINAL_2026-09-11/te053/truth-engine-v2_2.10.6-R3P1_CANONICAL/PACKAGE_R2A2P1.md,802,912ba6863d5d7ecce179ba13cc3bd9d3a66ead1c685d5dc856a65edbb5d6ae2d
02_MASTER_EVIDENCE_BASE/02_ORCHESTRATOR/INVCHAIN_FINAL_2026-09-11/te053/truth-engine-v2_2.10.6-R3P1_CANONICAL/PACKAGE_R3P0.md,2728,68e21ba60958c31930f60475e11a745c674b89b1552c9d7e051d85be9ec398d4
02_MASTER_EVIDENCE_BASE/02_ORCHESTRATOR/INVCHAIN_FINAL_2026-09-11/te053/truth-engine-v2_2.10.6-R3P1_CANONICAL/PACKAGE_R3P1.md,1820,4c60e53ed742a2210de2b036571bcefd9a55e6bce0fb6bec86b3348982d93f77
02_MASTER_EVIDENCE_BASE/02_ORCHESTRATOR/INVCHAIN_FINAL_2026-09-11/te053/truth-engine-v2_2.10.6-R3P1_CANONICAL/PATCH_R2A2_MNEMO_DEGRADED.md,2101,b0fbf5370123f3832a42d7177a1e5c66b8b0b3aebaa94e8f633b01d6591b26c9
02_MASTER_EVIDENCE_BASE/02_ORCHESTRATOR/INVCHAIN_FINAL_2026-09-11/te053/truth-engine-v2_2.10.6-R3P1_CANONICAL/PATH_AUDIT.csv,5913,156aacdc65fa4f5fb3180e465ac548ce47241350e2db1fda19e96e1158205efc
02_MASTER_EVIDENCE_BASE/02_ORCHESTRATOR/INVCHAIN_FINAL_2026-09-11/te053/truth-engine-v2_2.10.6-R3P1_CANONICAL/PATH_AUDIT.md,728,00086cfab707ba07c052bdbdb13122f62417c24cccae3156e99c9be13ab983dc
02_MASTER_EVIDENCE_BASE/02_ORCHESTRATOR/INVCHAIN_FINAL_2026-09-11/te053/truth-engine-v2_2.10.6-R3P1_CANONICAL/clusters/BIO.md,1868,73cbb1d3998e52a1eedb79ab29a0825aac87981b26fb7f4632e7823dbaaaf951
02_MASTER_EVIDENCE_BASE/02_ORCHESTRATOR/INVCHAIN_FINAL_2026-09-11/te053/truth-engine-v2_2.10.6-R3P1_CANONICAL/clusters/CONFIRMATION.md,1606,5dea3f0d1d4994a1e45f5409beab451da6cbd69d9d53fee0ee65769e856251aa
02_MASTER_EVIDENCE_BASE/02_ORCHESTRATOR/INVCHAIN_FINAL_2026-09-11/te053/truth-engine-v2_2.10.6-R3P1_CANONICAL/clusters/FRAGMENTATION.md,1587,92128543a24b348bfe21a2c98f66ebbb446f67b3a7c6135ee37bf789bc3b62ae
02_MASTER_EVIDENCE_BASE/02_ORCHESTRATOR/INVCHAIN_FINAL_2026-09-11/te053/truth-engine-v2_2.10.6-R3P1_CANONICAL/clusters/FRAMING.md,1479,2171e88d7538d7a5b7c3be4ace16f2d8d58ce023ffb2da1f407329acb6a81740
02_MASTER_EVIDENCE_BASE/02_ORCHESTRATOR/INVCHAIN_FINAL_2026-09-11/te053/truth-engine-v2_2.10.6-R3P1_CANONICAL/clusters/GASLIGHTING.md,1446,92ca318eb8655a7a89c63e8605284885c9d15f318af8728af4022f6ecf0693d1
02_MASTER_EVIDENCE_BASE/02_ORCHESTRATOR/INVCHAIN_FINAL_2026-09-11/te053/truth-engine-v2_2.10.6-R3P1_CANONICAL/clusters/ICEBERG.md,1500,62fd494f86f1ed7fa0802281ae322d016e79a90f7f18c2760dfb52d1e7661d6f
02_MASTER_EVIDENCE_BASE/02_ORCHESTRATOR/INVCHAIN_FINAL_2026-09-11/te053/truth-engine-v2_2.10.6-R3P1_CANONICAL/clusters/INVERSION.md,1474,03889f6f2bff71de10995f558d309ce30086a43863782e1c8dfdc0d6810f1623
02_MASTER_EVIDENCE_BASE/02_ORCHESTRATOR/INVCHAIN_FINAL_2026-09-11/te053/truth-engine-v2_2.10.6-R3P1_CANONICAL/clusters/MONEY.md,1582,0d3c1dfb7d0e102a4e80d3e399d47e4f78edf98d91467846625bd103f55ec013
02_MASTER_EVIDENCE_BASE/02_ORCHESTRATOR/INVCHAIN_FINAL_2026-09-11/te053/truth-engine-v2_2.10.6-R3P1_CANONICAL/clusters/NETWORK.md,1503,65c595bfcf13d32c6d092c842ed07e94a0b050ce5762a234db7f8bf651161632
02_MASTER_EVIDENCE_BASE/02_ORCHESTRATOR/INVCHAIN_FINAL_2026-09-11/te053/truth-engine-v2_2.10.6-R3P1_CANONICAL/clusters/OVERLOAD.md,1534,ba85ecbf6073f950d20858fbc99a6b234bc13f87fb6d8ca4f7067c0f035c77d7
02_MASTER_EVIDENCE_BASE/02_ORCHESTRATOR/INVCHAIN_FINAL_2026-09-11/te053/truth-engine-v2_2.10.6-R3P1_CANONICAL/clusters/POWER.md,1500,a135aedde16635bc5243d497ed9312515dd5c55f66b36631c8e1577ab1a507ee
02_MASTER_EVIDENCE_BASE/02_ORCHESTRATOR/INVCHAIN_FINAL_2026-09-11/te053/truth-engine-v2_2.10.6-R3P1_CANONICAL/clusters/RESISTANCE.md,1463,2de3b9f2ae175372205f4b9267fad30e993f78db225c5cb0411a9f962aec1efa
02_MASTER_EVIDENCE_BASE/02_ORCHESTRATOR/INVCHAIN_FINAL_2026-09-11/te053/truth-engine-v2_2.10.6-R3P1_CANONICAL/clusters/SPECTACLE.md,1464,e72de7e54916bdc234b72415e43f2ea0891ec7e97b027e2a7a8539aa90753ebd
02_MASTER_EVIDENCE_BASE/02_ORCHESTRATOR/INVCHAIN_FINAL_2026-09-11/te053/truth-engine-v2_2.10.6-R3P1_CANONICAL/clusters/TEMPORAL.md,1501,8afbd521a57bd79bc56bfc9f3256197ea11aa5d3c63f371bda0809436b1dc082
02_MASTER_EVIDENCE_BASE/02_ORCHESTRATOR/INVCHAIN_FINAL_2026-09-11/te053/truth-engine-v2_2.10.6-R3P1_CANONICAL/clusters/WAR.md,1641,de5a38b51ced8778e121b7ea3b79da72f0cc939f4bd17ddacf0dd974d68b1145
02_MASTER_EVIDENCE_BASE/02_ORCHESTRATOR/INVCHAIN_FINAL_2026-09-11/te053/truth-engine-v2_2.10.6-R3P1_CANONICAL/clusters/_INDEX.md,1186,d1007c8f3d778cc2e4334288c8378af728b05c713e5e21588b2c97cf0ea08ca6
02_MASTER_EVIDENCE_BASE/02_ORCHESTRATOR/INVCHAIN_FINAL_2026-09-11/te053/truth-engine-v2_2.10.6-R3P1_CANONICAL/clusters/_TEMPLATE.md,945,5b989a544ef3029e554f7bb3572685979300faa3bce7689af2f9a3975b335f50
02_MASTER_EVIDENCE_BASE/02_ORCHESTRATOR/INVCHAIN_FINAL_2026-09-11/te053/truth-engine-v2_2.10.6-R3P1_CANONICAL/definitions/PATTERNS.md,6400,d30e591fa4df876492cee0c73c1ce9cbb604f29e1d56bac7c7c5538459497696
02_MASTER_EVIDENCE_BASE/02_ORCHESTRATOR/INVCHAIN_FINAL_2026-09-11/te053/truth-engine-v2_2.10.6-R3P1_CANONICAL/definitions/SYMBOLS.md,7458,fc02712ed0d550c8659f2c41493222ec2604bd84a78d18180149c4ca60a1b553
02_MASTER_EVIDENCE_BASE/02_ORCHESTRATOR/INVCHAIN_FINAL_2026-09-11/te053/truth-engine-v2_2.10.6-R3P1_CANONICAL/definitions/THREATS.md,5534,51f860ebc743dc6a8a4ad958d9a1d4aa57d2dfc39bd7a894ba9bc9f7b5d73124
02_MASTER_EVIDENCE_BASE/02_ORCHESTRATOR/INVCHAIN_FINAL_2026-09-11/te053/truth-engine-v2_2.10.6-R3P1_CANONICAL/forensic/GATES.md,12808,f97b090c26f79b93eeecb291e37f8887d935df5ffaa36d8d6da502fa75f6da6d
02_MASTER_EVIDENCE_BASE/02_ORCHESTRATOR/INVCHAIN_FINAL_2026-09-11/te053/truth-engine-v2_2.10.6-R3P1_CANONICAL/forensic/REASONING.md,1874,cb6e83dc74b9a6a311fdd8b73d78e87146c7791ab92179ebf455c2f0f2c89bde
02_MASTER_EVIDENCE_BASE/02_ORCHESTRATOR/INVCHAIN_FINAL_2026-09-11/te053/truth-engine-v2_2.10.6-R3P1_CANONICAL/forensic/REQUEST_LOG.md,5102,bae510e5fc18acd635a4c9b8cbef65d2015e14c0122fcc265728216fa94dbdd4
02_MASTER_EVIDENCE_BASE/02_ORCHESTRATOR/INVCHAIN_FINAL_2026-09-11/te053/truth-engine-v2_2.10.6-R3P1_CANONICAL/investigations/2026-09/2026-09-11_migration-ngo-funding/2026-09-11_10-27_migration-ngo-funding_CERTIFICATION.json,587,27e9e07c3dd939a5e88f546cef94275ed61b70876d9188cae8ef001cf4e83098
02_MASTER_EVIDENCE_BASE/02_ORCHESTRATOR/INVCHAIN_FINAL_2026-09-11/te053/truth-engine-v2_2.10.6-R3P1_CANONICAL/investigations/2026-09/2026-09-11_migration-ngo-funding/2026-09-11_10-27_migration-ngo-funding_INPUT.md,2248,0570dcf1fd973566d9711d574e8829dc408aabbba0512a6d9b34c3d646e6a50b
02_MASTER_EVIDENCE_BASE/02_ORCHESTRATOR/INVCHAIN_FINAL_2026-09-11/te053/truth-engine-v2_2.10.6-R3P1_CANONICAL/investigations/2026-09/2026-09-11_migration-ngo-funding/2026-09-11_10-27_migration-ngo-funding_INVESTIGATION.md,42820,354d2135419166a77df2faae2981f0641bbb25342ee1aa4fb4ea371dd47301a2
02_MASTER_EVIDENCE_BASE/02_ORCHESTRATOR/INVCHAIN_FINAL_2026-09-11/te053/truth-engine-v2_2.10.6-R3P1_CANONICAL/investigations/2026-09/2026-09-11_migration-ngo-funding/2026-09-11_10-27_migration-ngo-funding_MNEMO_SNAPSHOT.json,7488,baaa79d4513f4db87ac7e0de60d46ad67c8663857994b85cb85f9fd45cedac06
02_MASTER_EVIDENCE_BASE/02_ORCHESTRATOR/INVCHAIN_FINAL_2026-09-11/te053/truth-engine-v2_2.10.6-R3P1_CANONICAL/investigations/2026-09/2026-09-11_migration-ngo-funding/2026-09-11_10-27_migration-ngo-funding_NARRATIVE.tmp.md,5861,6f8782178beb6b9c62f2bd48296334e0da2108c9b06c08d1decf1cd421f90a11
02_MASTER_EVIDENCE_BASE/02_ORCHESTRATOR/INVCHAIN_FINAL_2026-09-11/te053/truth-engine-v2_2.10.6-R3P1_CANONICAL/investigations/2026-09/2026-09-11_migration-ngo-funding/2026-09-11_10-27_migration-ngo-funding_RUN_STATE.json,38153,023152dd6aac6e8d4e2d6f555370f86ea139b0d725829377279797717e2b4b42
02_MASTER_EVIDENCE_BASE/02_ORCHESTRATOR/INVCHAIN_FINAL_2026-09-11/te053/truth-engine-v2_2.10.6-R3P1_CANONICAL/investigations/2026-09/2026-09-11_migration-ngo-funding/_replay_backups/20260911T083158.819809Z/2026-09-11_10-27_migration-ngo-funding_INPUT.md,2248,0570dcf1fd973566d9711d574e8829dc408aabbba0512a6d9b34c3d646e6a50b
02_MASTER_EVIDENCE_BASE/02_ORCHESTRATOR/INVCHAIN_FINAL_2026-09-11/te053/truth-engine-v2_2.10.6-R3P1_CANONICAL/investigations/2026-09/2026-09-11_migration-ngo-funding/_replay_backups/20260911T083158.819809Z/2026-09-11_10-27_migration-ngo-funding_RUN_STATE.json,3929,01de65212754ade559b0fdcb46e9cdfd73db8cadbd152041693cb9da1ff56870
02_MASTER_EVIDENCE_BASE/02_ORCHESTRATOR/INVCHAIN_FINAL_2026-09-11/te053/truth-engine-v2_2.10.6-R3P1_CANONICAL/output/TEMPLATE.md,5857,eb504ed558d7638b8f599fc6990c6d74783ca81ae1d8016a15d70b8273c31f05
02_MASTER_EVIDENCE_BASE/02_ORCHESTRATOR/INVCHAIN_FINAL_2026-09-11/te053/truth-engine-v2_2.10.6-R3P1_CANONICAL/protocol/FACT_VERIFICATION.md,29011,93cb1354c1771e1cc7f9e28600c8053ffedd1c916cc83978b948724b5f5a0219
02_MASTER_EVIDENCE_BASE/02_ORCHESTRATOR/INVCHAIN_FINAL_2026-09-11/te053/truth-engine-v2_2.10.6-R3P1_CANONICAL/protocol/INVESTIGATION.md,19705,2418fb593a78048830f2900e04828ce3d7e26aef996bcdddd2199f61a026c208
02_MASTER_EVIDENCE_BASE/02_ORCHESTRATOR/INVCHAIN_FINAL_2026-09-11/te053/truth-engine-v2_2.10.6-R3P1_CANONICAL/protocol/PERSO_FRESQUE.md,2807,2fe3404f9758b46de27f1d6700c290a9080ee7c5b0410e9e81b27fbf9b6a5b9f
02_MASTER_EVIDENCE_BASE/02_ORCHESTRATOR/INVCHAIN_FINAL_2026-09-11/te053/truth-engine-v2_2.10.6-R3P1_CANONICAL/protocol/UPDATE.md,3987,b36af2c16ec0eba93f66546b05f2f76c4440f3c6cedf74bd716d71c90015c936
02_MASTER_EVIDENCE_BASE/02_ORCHESTRATOR/INVCHAIN_FINAL_2026-09-11/te053/truth-engine-v2_2.10.6-R3P1_CANONICAL/search/EPISTEMIC.md,6991,482558f2ea834418625647b92659ef1773ffc71bc09bdce2f5f3bab91791ae00
02_MASTER_EVIDENCE_BASE/02_ORCHESTRATOR/INVCHAIN_FINAL_2026-09-11/te053/truth-engine-v2_2.10.6-R3P1_CANONICAL/search/OPTIMIZATION.md,2271,56417643b0f5b49e43d4d2b3e8777801bc78580cbe7abad236eb19d8e351e49c
02_MASTER_EVIDENCE_BASE/02_ORCHESTRATOR/INVCHAIN_FINAL_2026-09-11/te053/truth-engine-v2_2.10.6-R3P1_CANONICAL/search/TEMPLATES.md,6097,be5a178bf2772fd9202c100b44e4d6657a64b5fa90e34ceed90682e16f328172
02_MASTER_EVIDENCE_BASE/02_ORCHESTRATOR/INVCHAIN_FINAL_2026-09-11/te053/truth-engine-v2_2.10.6-R3P1_CANONICAL/tests/README.md,1242,434a0151079b7fe0375dbb2785c357b10fc53420c43f2dbb55f341a2eebe25bb
02_MASTER_EVIDENCE_BASE/02_ORCHESTRATOR/INVCHAIN_FINAL_2026-09-11/te053/truth-engine-v2_2.10.6-R3P1_CANONICAL/tests/__pycache__/test_verify_forensic_output.cpython-313-pytest-9.0.2.pyc,7507,315fd16c4484e9a7d4d335a7920737aa8082dd4c4dac685a7fd48e212362f814
02_MASTER_EVIDENCE_BASE/02_ORCHESTRATOR/INVCHAIN_FINAL_2026-09-11/te053/truth-engine-v2_2.10.6-R3P1_CANONICAL/tests/__pycache__/test_verify_gate.cpython-313-pytest-9.0.2.pyc,26757,075c223ec794f20679068e77bd599ea0691549bdac85106a7fe71b93e6be4d6f
02_MASTER_EVIDENCE_BASE/02_ORCHESTRATOR/INVCHAIN_FINAL_2026-09-11/te053/truth-engine-v2_2.10.6-R3P1_CANONICAL/tests/extractors/__init__.py,0,e3b0c44298fc1c149afbf4c8996fb92427ae41e4649b934ca495991b7852b855
02_MASTER_EVIDENCE_BASE/02_ORCHESTRATOR/INVCHAIN_FINAL_2026-09-11/te053/truth-engine-v2_2.10.6-R3P1_CANONICAL/tests/extractors/__pycache__/__init__.cpython-313.pyc,188,f143e7a00818c851b37692c90d904ae664bed6d88b6ffd4156aad93f0600486c
02_MASTER_EVIDENCE_BASE/02_ORCHESTRATOR/INVCHAIN_FINAL_2026-09-11/te053/truth-engine-v2_2.10.6-R3P1_CANONICAL/tests/extractors/__pycache__/test_gates.cpython-313-pytest-9.0.2.pyc,21353,1ecddcbd1c599bf7ca7cac5d75f9b25a57737d94981ecb64cdf9ab94a8c2cad9
02_MASTER_EVIDENCE_BASE/02_ORCHESTRATOR/INVCHAIN_FINAL_2026-09-11/te053/truth-engine-v2_2.10.6-R3P1_CANONICAL/tests/extractors/__pycache__/test_gates_hardening.cpython-313-pytest-9.0.2.pyc,30742,c420e8283b29153dcb6ee1cc2798a5d493e6165acd2c20e9ba6ba470c48ac37a
02_MASTER_EVIDENCE_BASE/02_ORCHESTRATOR/INVCHAIN_FINAL_2026-09-11/te053/truth-engine-v2_2.10.6-R3P1_CANONICAL/tests/extractors/__pycache__/test_gates_json.cpython-313-pytest-9.0.2.pyc,23788,36d218a488a0d8cf3a1547370bdf0208c25131bd8a0585cf9e78ea38569d2b28
02_MASTER_EVIDENCE_BASE/02_ORCHESTRATOR/INVCHAIN_FINAL_2026-09-11/te053/truth-engine-v2_2.10.6-R3P1_CANONICAL/tests/extractors/__pycache__/test_head_check_hardening.cpython-313-pytest-9.0.2.pyc,28638,31b90cf65d0d28271d1b620aff108c083d0885cbbcfa59c00c707f985dac5615
02_MASTER_EVIDENCE_BASE/02_ORCHESTRATOR/INVCHAIN_FINAL_2026-09-11/te053/truth-engine-v2_2.10.6-R3P1_CANONICAL/tests/extractors/test_gates.py,6585,039c70da1cdebe91c267c24ae00f101534ec54983a3cae2cf48be609e3ffdf8c
02_MASTER_EVIDENCE_BASE/02_ORCHESTRATOR/INVCHAIN_FINAL_2026-09-11/te053/truth-engine-v2_2.10.6-R3P1_CANONICAL/tests/extractors/test_gates_hardening.py,9500,0c99c5eda1c2d197e833ebd0a4316479770115666c9d36a7390312863a5816fb
02_MASTER_EVIDENCE_BASE/02_ORCHESTRATOR/INVCHAIN_FINAL_2026-09-11/te053/truth-engine-v2_2.10.6-R3P1_CANONICAL/tests/extractors/test_gates_json.py,7800,bc38252541d36ef0e260c689f3326e831965fe7dec9bd5184e331d9c273d6cc6
02_MASTER_EVIDENCE_BASE/02_ORCHESTRATOR/INVCHAIN_FINAL_2026-09-11/te053/truth-engine-v2_2.10.6-R3P1_CANONICAL/tests/extractors/test_head_check_hardening.py,8758,9bd6832bcbb31711c4e0331b1db1fc91b27c7b26682a5ee0dab7d03050f0fbda
02_MASTER_EVIDENCE_BASE/02_ORCHESTRATOR/INVCHAIN_FINAL_2026-09-11/te053/truth-engine-v2_2.10.6-R3P1_CANONICAL/tests/runtime/__pycache__/test_forensic_output_contract.cpython-313-pytest-9.0.2.pyc,12842,ccd285058370c5db9d1e04327f1601a247af0356c8e6c031ec3eea14e29e1509
02_MASTER_EVIDENCE_BASE/02_ORCHESTRATOR/INVCHAIN_FINAL_2026-09-11/te053/truth-engine-v2_2.10.6-R3P1_CANONICAL/tests/runtime/__pycache__/test_mnemo_unavailable_delivery.cpython-313-pytest-9.0.2.pyc,15706,3c15426988f89d70c291ae2768c60b18a1b75887fa67a74a1d0e165a12ea1df2
02_MASTER_EVIDENCE_BASE/02_ORCHESTRATOR/INVCHAIN_FINAL_2026-09-11/te053/truth-engine-v2_2.10.6-R3P1_CANONICAL/tests/runtime/test_forensic_output_contract.py,2376,3f645e4d4a933a772f4e908a5e8423a3a9d273c151cebccf20134eee4eb93d8f
02_MASTER_EVIDENCE_BASE/02_ORCHESTRATOR/INVCHAIN_FINAL_2026-09-11/te053/truth-engine-v2_2.10.6-R3P1_CANONICAL/tests/runtime/test_mnemo_unavailable_delivery.py,4607,7737d2f40dc84b1a397622306c3646a1094424b43521e41b45076dc2850935f9
02_MASTER_EVIDENCE_BASE/02_ORCHESTRATOR/INVCHAIN_FINAL_2026-09-11/te053/truth-engine-v2_2.10.6-R3P1_CANONICAL/tests/test_verify_forensic_output.py,1892,cf374634dc2fc697406f9ff4f96018e8a708c29e98371b4092d50e6a733f510f
02_MASTER_EVIDENCE_BASE/02_ORCHESTRATOR/INVCHAIN_FINAL_2026-09-11/te053/truth-engine-v2_2.10.6-R3P1_CANONICAL/tests/test_verify_gate.py,6095,6eaece9b9f3a5dc317f45d3da99bf462fe440f7c26def5f5a6ce5338e27c57ab
02_MASTER_EVIDENCE_BASE/02_ORCHESTRATOR/INVCHAIN_FINAL_2026-09-11/te053/truth-engine-v2_2.10.6-R3P1_CANONICAL/tools/DSL.md,2868,17a31bf06dac4b59a6aa09a080554d83684f87a4df365f30681c3226161ecb9c
02_MASTER_EVIDENCE_BASE/02_ORCHESTRATOR/INVCHAIN_FINAL_2026-09-11/te053/truth-engine-v2_2.10.6-R3P1_CANONICAL/tools/MACROS.md,3301,50cd3a4579fb2c82248a17129ebbde8e91f0dd6fbac10fbc34a344603f33ba7f
02_MASTER_EVIDENCE_BASE/02_ORCHESTRATOR/INVCHAIN_FINAL_2026-09-11/te053/truth-engine-v2_2.10.6-R3P1_CANONICAL/tools/__init__.py,0,e3b0c44298fc1c149afbf4c8996fb92427ae41e4649b934ca495991b7852b855
02_MASTER_EVIDENCE_BASE/02_ORCHESTRATOR/INVCHAIN_FINAL_2026-09-11/te053/truth-engine-v2_2.10.6-R3P1_CANONICAL/tools/__pycache__/__init__.cpython-313.pyc,177,26423934b5cf114d689d3c459c5fb16c814fd6bc0de05d715fddb13bcecb78ed
02_MASTER_EVIDENCE_BASE/02_ORCHESTRATOR/INVCHAIN_FINAL_2026-09-11/te053/truth-engine-v2_2.10.6-R3P1_CANONICAL/tools/engines/__init__.py,0,e3b0c44298fc1c149afbf4c8996fb92427ae41e4649b934ca495991b7852b855
02_MASTER_EVIDENCE_BASE/02_ORCHESTRATOR/INVCHAIN_FINAL_2026-09-11/te053/truth-engine-v2_2.10.6-R3P1_CANONICAL/tools/engines/__pycache__/__init__.cpython-313.pyc,185,3f7440e4b6bcd55076ec88870a0af91c0d01596288f5532e33c92e1e5bc2ce7f
02_MASTER_EVIDENCE_BASE/02_ORCHESTRATOR/INVCHAIN_FINAL_2026-09-11/te053/truth-engine-v2_2.10.6-R3P1_CANONICAL/tools/engines/sublimator/__init__.py,0,e3b0c44298fc1c149afbf4c8996fb92427ae41e4649b934ca495991b7852b855
02_MASTER_EVIDENCE_BASE/02_ORCHESTRATOR/INVCHAIN_FINAL_2026-09-11/te053/truth-engine-v2_2.10.6-R3P1_CANONICAL/tools/engines/sublimator/__pycache__/__init__.cpython-313.pyc,196,78ab4f649694cd04c6fdd018ef85d22d1ed4ae5f0618c13933ea639139444d0a
02_MASTER_EVIDENCE_BASE/02_ORCHESTRATOR/INVCHAIN_FINAL_2026-09-11/te053/truth-engine-v2_2.10.6-R3P1_CANONICAL/tools/engines/sublimator/extractors/__init__.py,0,e3b0c44298fc1c149afbf4c8996fb92427ae41e4649b934ca495991b7852b855
02_MASTER_EVIDENCE_BASE/02_ORCHESTRATOR/INVCHAIN_FINAL_2026-09-11/te053/truth-engine-v2_2.10.6-R3P1_CANONICAL/tools/engines/sublimator/extractors/__pycache__/__init__.cpython-313.pyc,207,c6d0aec41eb94e19d9ad4a7f5a5e27a81028339a830e076be9f0ff5815918a83
02_MASTER_EVIDENCE_BASE/02_ORCHESTRATOR/INVCHAIN_FINAL_2026-09-11/te053/truth-engine-v2_2.10.6-R3P1_CANONICAL/tools/engines/sublimator/extractors/__pycache__/gates.cpython-313.pyc,6944,359c4d200e9d5cf8f07dd45677fa0afff40b7d489b43f5ee7d247a1c15563284
02_MASTER_EVIDENCE_BASE/02_ORCHESTRATOR/INVCHAIN_FINAL_2026-09-11/te053/truth-engine-v2_2.10.6-R3P1_CANONICAL/tools/engines/sublimator/extractors/__pycache__/head_check.cpython-313.pyc,6582,d000bbe522d5cf97a518cad675bf0ef664545298948118c16070bc53b52cb5ca
02_MASTER_EVIDENCE_BASE/02_ORCHESTRATOR/INVCHAIN_FINAL_2026-09-11/te053/truth-engine-v2_2.10.6-R3P1_CANONICAL/tools/engines/sublimator/extractors/gates.py,5469,a55c74b8e5aebc5a1073e737bf95bff21fc0531f3db58eb4636089e19ee84fa8
02_MASTER_EVIDENCE_BASE/02_ORCHESTRATOR/INVCHAIN_FINAL_2026-09-11/te053/truth-engine-v2_2.10.6-R3P1_CANONICAL/tools/engines/sublimator/extractors/head_check.py,4892,57fc1b90093964d2689b83ba1fa393ad40f794d83a3ed06d322c7dd67dd8d38e
02_MASTER_EVIDENCE_BASE/02_ORCHESTRATOR/INVCHAIN_FINAL_2026-09-11/te053/truth-engine-v2_2.10.6-R3P1_CANONICAL/tools/runtime/README.md,7620,965c81acb3d3209809e2a42b2d9ec42415b28c980b9ac9c2e963ae4ea8ac3f5a
02_MASTER_EVIDENCE_BASE/02_ORCHESTRATOR/INVCHAIN_FINAL_2026-09-11/te053/truth-engine-v2_2.10.6-R3P1_CANONICAL/tools/runtime/__pycache__/run_state.cpython-313.pyc,187450,00d93e7834a970ff170481ebfd9de78d912e4a2c23392a6839fe3689e2a1354b
02_MASTER_EVIDENCE_BASE/02_ORCHESTRATOR/INVCHAIN_FINAL_2026-09-11/te053/truth-engine-v2_2.10.6-R3P1_CANONICAL/tools/runtime/run_state.py,107428,81effd7bfef4ddcdacba1f9a4139cd856fae0eb7853518846f2381a49869d77e
02_MASTER_EVIDENCE_BASE/02_ORCHESTRATOR/INVCHAIN_FINAL_2026-09-11/te053/truth-engine-v2_2.10.6-R3P1_CANONICAL/tools/verify/__pycache__/verify.cpython-313.pyc,130955,7e899d387a2a406a58c83160f90eb7d7f5ed2923409c22dfa9a0a9f35607be1f
02_MASTER_EVIDENCE_BASE/02_ORCHESTRATOR/INVCHAIN_FINAL_2026-09-11/te053/truth-engine-v2_2.10.6-R3P1_CANONICAL/tools/verify/verify.py,89673,2dd969529d7c15d5bb7c464a185c56c284575f65c76a71b2af2a495887e76018
02_MASTER_EVIDENCE_BASE/02_ORCHESTRATOR/README_BUNDLE.md,1696,7aa70af2ec9683b2c49e20e106c223a2a460c801e97106de507457ac2b1490c0
02_MASTER_EVIDENCE_BASE/02_ORCHESTRATOR/RECOVERED_HISTORY/ANALYTIC_POINT_2026-09-07.md,8513,7db61e2e27f9635e5a6a32fd1376fd12b059bb42d1b53e3bb485e292e4f4138b
02_MASTER_EVIDENCE_BASE/02_ORCHESTRATOR/RECOVERED_HISTORY/CONTROL_PLANE_AUDIT_2026-09-07.md,3559,06fa1ef8a91cd5fdc72dc9bbb0acc8bfb7289b6ae1e5a648d509aca4010dc135
02_MASTER_EVIDENCE_BASE/02_ORCHESTRATOR/RECOVERED_HISTORY/INVESTIGATION_PORTFOLIO_PLAN_2026-09-10.md,6495,f5441933ce5b6891cb4ce29b7735ce716f900b0b7c340e6647216073c19a21b3
02_MASTER_EVIDENCE_BASE/02_ORCHESTRATOR/RECOVERED_HISTORY/PROGRAM_SNAPSHOT_2026-09-07.json,3253,54071fdd16c244a40e1684c375da4a7975ea6eae1b415bdb66b77cf7790507fb
02_MASTER_EVIDENCE_BASE/02_ORCHESTRATOR/RECOVERED_HISTORY/REFOCUS_AUDIT_2026-09-08.md,3962,6f9e43af355325a3b9fcbfcb494fe365e858d3736fa05e08991164c887178bfc
02_MASTER_EVIDENCE_BASE/02_ORCHESTRATOR/SHA256SUMS.txt,50482,accef9c7b22373b1699fa2b065a2fee335332fdbe12d4b32d56fa8526cddf8d1
02_MASTER_EVIDENCE_BASE/03_INVESTIGATIONS/01_RAW_ARCHIVES/DEMOCRACY_INFLUENCE_ALL_INVESTIGATIONS_2026-09-07.zip,10255849,b2fec50e9cdd5e18806a96cdc7682b3fa23a917af6abe939ecafa1d0a590779f
02_MASTER_EVIDENCE_BASE/03_INVESTIGATIONS/01_RAW_ARCHIVES/DEMOCRACY_INFLUENCE_COMPLETE_BUNDLE_2026-09-11.zip,2584121,876d7527bbca64bd2ae68171bb94c683ce5b62fbebb65adbd1c80aa52ef35d94
02_MASTER_EVIDENCE_BASE/03_INVESTIGATIONS/01_RAW_ARCHIVES/DEMOCRACY_INFLUENCE_INVESTIGATIONS_READING_2026-09-08.zip,897239,53c3342661c2919797dac8068e171ec19c075aa210a67be0b32c37b4f492babe
02_MASTER_EVIDENCE_BASE/03_INVESTIGATIONS/01_RAW_ARCHIVES/FORENSIC_CORPUS_REBUILT_2026-09-11.zip,528011,a04facadb519f169b413566665bb43ff3a1c3f4c31f1494e4f0afd3bb0174980
02_MASTER_EVIDENCE_BASE/03_INVESTIGATIONS/01_RAW_ARCHIVES/INV-012_FORENSIC_BUNDLE.zip,48548,1b24c3bbe19b70344bafcb65da84409fb3903ef3650207cabf5c38f4488dce5f
02_MASTER_EVIDENCE_BASE/03_INVESTIGATIONS/01_RAW_ARCHIVES/INV-029_R3P1_CANONICAL_6_FILES.zip,28718,9d8c75ef93dc3a0cd423be2710b226117179c4ec1df9df8ce611f364c9759c83
02_MASTER_EVIDENCE_BASE/03_INVESTIGATIONS/01_RAW_ARCHIVES/INV-045_BUNDLE.zip,45009,3d6bc733c261bcfb7eb6e927013344d660a15ec885e06c97d70d1602b9ed6e7a
02_MASTER_EVIDENCE_BASE/03_INVESTIGATIONS/01_RAW_ARCHIVES/INV-056_R3P1_CANONICAL_6_FILES.zip,52109,288a8a0db3565bd0921078c1c6f3bf1ca9d1eb1a64ce89d539e03691eed34dd1
02_MASTER_EVIDENCE_BASE/03_INVESTIGATIONS/01_RAW_ARCHIVES/INV-078_R3P1_CANONICAL_6_FILES.zip,43896,97beba28fe0decebb8cd47f8f4c77a8ee82247dcfcb031ab589cd5555bdffb11
02_MASTER_EVIDENCE_BASE/03_INVESTIGATIONS/01_RAW_ARCHIVES/INV-079_BUNDLE.zip,51104,d8adeb3c76671580aef64ddd32920d12fa26298ae59aee333f64d6353bd756b1
02_MASTER_EVIDENCE_BASE/03_INVESTIGATIONS/01_RAW_ARCHIVES/INV-080_BUNDLE.zip,44271,6124754add3d064b7eb4a4f1fb13dca7c98078d8114ce0bce710a833d76f5dd4
02_MASTER_EVIDENCE_BASE/03_INVESTIGATIONS/01_RAW_ARCHIVES/INV-082_SYNTHESIS_BUNDLE.zip,11967,31003b88a43a9486ab4fcf7cec8d21e9a2224fa73e07327f76c1784d6e9abdf8
02_MASTER_EVIDENCE_BASE/03_INVESTIGATIONS/01_RAW_ARCHIVES/INV-085_R3P1_CANONICAL_6_FILES.zip,39955,80d084e0eb1bbe11a7614ac8c3f4f4836ce6eae09e0b3ee2dc2411ec2c8cd0df
02_MASTER_EVIDENCE_BASE/03_INVESTIGATIONS/01_RAW_ARCHIVES/INV-090_R3P1_CANONICAL_6_FILES.zip,48699,076bec2df0e7fc56742b2f7824a536b0019f4a414cf8da1e8b900f6d5cc99630
02_MASTER_EVIDENCE_BASE/03_INVESTIGATIONS/01_RAW_ARCHIVES/INV-094_BUNDLE.zip,88517,e1bea36c025b19203baa030486b22427b0483b0128dac75947d5adf6829dc6f7
02_MASTER_EVIDENCE_BASE/03_INVESTIGATIONS/01_RAW_ARCHIVES/INV-096_R3P1_CANONICAL_6_FILES.zip,42810,925076bf31247e47c50f28ceec0b4465749bd554527cfbf84c79ccdd298acbf8
02_MASTER_EVIDENCE_BASE/03_INVESTIGATIONS/01_RAW_ARCHIVES/INV-098_R3P1_CANONICAL_6_FILES.zip,48709,21ef785c8b9097cd69c8a653ea79e9de3e13db5cbe05b7fd388b92ac3a80323c
02_MASTER_EVIDENCE_BASE/03_INVESTIGATIONS/01_RAW_ARCHIVES/INV-098_R3P1_RECOVERED_CANONICAL_6_FILES.zip,48417,7449a70df75417b6ce5d16ec01a10c6cf23c5da2fbda90962b2174d1d17e81e2
02_MASTER_EVIDENCE_BASE/03_INVESTIGATIONS/01_RAW_ARCHIVES/INV-099_R3P1_CANONICAL_6_FILES.zip,47270,54622aa1c222e12335a24ec63fac90cf5cbd0107ad99727c2894f02092e78436
02_MASTER_EVIDENCE_BASE/03_INVESTIGATIONS/01_RAW_ARCHIVES/INV-124_BUNDLE.zip,47234,9b806b72da254ab97480a41ee5fda663993d11b7c1b8da9312a7951e3f8b49a1
02_MASTER_EVIDENCE_BASE/03_INVESTIGATIONS/01_RAW_ARCHIVES/INV-129_BUNDLE.zip,16201,a82198a77be8ed220abb70ffaa360b6ac7f0643670576f779c310762ca9fc4ad
02_MASTER_EVIDENCE_BASE/03_INVESTIGATIONS/01_RAW_ARCHIVES/INV-143_R3P1_CANONICAL_6_FILES.zip,46753,958da9ae80540502b3d11620d7f59c5c8d9002d35fd839e2766958ff4c32382b
02_MASTER_EVIDENCE_BASE/03_INVESTIGATIONS/02_EXPANDED_ARCHIVES/DEMOCRACY_INFLUENCE_ALL_INVESTIGATIONS_2026-09-07/DEMOCRACY_INFLUENCE_ALL_INVESTIGATIONS_2026-09-07/00_CONTROL_PLANE/CONTROL_PLANE_AUDIT_2026-09-06.md,5372,24f059afe25f95f07c6fe6365b0031d1eac0eb89aa57c3f6026d4f1e5986158a
02_MASTER_EVIDENCE_BASE/03_INVESTIGATIONS/02_EXPANDED_ARCHIVES/DEMOCRACY_INFLUENCE_ALL_INVESTIGATIONS_2026-09-07/DEMOCRACY_INFLUENCE_ALL_INVESTIGATIONS_2026-09-07/00_CONTROL_PLANE/CORE_INGERENCE_ROUTING_2026-09-06.md,2991,66224d6613fc5f856ff8864f6b810da19972f829aa2d9738bfbb2470fd5d7b9c
02_MASTER_EVIDENCE_BASE/03_INVESTIGATIONS/02_EXPANDED_ARCHIVES/DEMOCRACY_INFLUENCE_ALL_INVESTIGATIONS_2026-09-07/DEMOCRACY_INFLUENCE_ALL_INVESTIGATIONS_2026-09-07/00_CONTROL_PLANE/DASHBOARD.md,1182,64db5de31a11cf88c2a8befcfbb3202a99adc630baa4c9e2cfee31f276875358
02_MASTER_EVIDENCE_BASE/03_INVESTIGATIONS/02_EXPANDED_ARCHIVES/DEMOCRACY_INFLUENCE_ALL_INVESTIGATIONS_2026-09-07/DEMOCRACY_INFLUENCE_ALL_INVESTIGATIONS_2026-09-07/00_CONTROL_PLANE/INGERENCE_GAP_AUDIT_2026-09-06.md,5843,03adb3e900583a89d4e4c6442194fa9609fda222940ad10aa46972e38d24f6e9
02_MASTER_EVIDENCE_BASE/03_INVESTIGATIONS/02_EXPANDED_ARCHIVES/DEMOCRACY_INFLUENCE_ALL_INVESTIGATIONS_2026-09-07/DEMOCRACY_INFLUENCE_ALL_INVESTIGATIONS_2026-09-07/00_CONTROL_PLANE/INVESTIGATION_REGISTRY.csv,103189,c98100a2c1383379d5a03774d39668b5b4b90676ae3c512e5bdcf5048eacaeef
02_MASTER_EVIDENCE_BASE/03_INVESTIGATIONS/02_EXPANDED_ARCHIVES/DEMOCRACY_INFLUENCE_ALL_INVESTIGATIONS_2026-09-07/DEMOCRACY_INFLUENCE_ALL_INVESTIGATIONS_2026-09-07/00_CONTROL_PLANE/METHOD_PACK.md,6468,2b82f9e415b739e16252f845910c7d4b91600446e2e1d5010d3c4e14fa06635c
02_MASTER_EVIDENCE_BASE/03_INVESTIGATIONS/02_EXPANDED_ARCHIVES/DEMOCRACY_INFLUENCE_ALL_INVESTIGATIONS_2026-09-07/DEMOCRACY_INFLUENCE_ALL_INVESTIGATIONS_2026-09-07/00_CONTROL_PLANE/README.md,3089,303108f388b9b0db72af43c9db00f3fcff003c4d4357a43bed169eda176c1e74
02_MASTER_EVIDENCE_BASE/03_INVESTIGATIONS/02_EXPANDED_ARCHIVES/DEMOCRACY_INFLUENCE_ALL_INVESTIGATIONS_2026-09-07/DEMOCRACY_INFLUENCE_ALL_INVESTIGATIONS_2026-09-07/00_CONTROL_PLANE/TRACELOG.md,28689,65aa78eb106cbea538931f69a304f6f65467785e4b3856d972bb5d31caee68fe
02_MASTER_EVIDENCE_BASE/03_INVESTIGATIONS/02_EXPANDED_ARCHIVES/DEMOCRACY_INFLUENCE_ALL_INVESTIGATIONS_2026-09-07/DEMOCRACY_INFLUENCE_ALL_INVESTIGATIONS_2026-09-07/00_CONTROL_PLANE/control.py,10882,ff96320182feb99174c197a794e34153e319ce0e5ceed59d1fff585ed4e66ad4
02_MASTER_EVIDENCE_BASE/03_INVESTIGATIONS/02_EXPANDED_ARCHIVES/DEMOCRACY_INFLUENCE_ALL_INVESTIGATIONS_2026-09-07/DEMOCRACY_INFLUENCE_ALL_INVESTIGATIONS_2026-09-07/01_RUNTIME_AND_CORPUS/INVESTIGATION_CONTROL_v0.7_METHOD_PACK.zip,1833111,7e2dcdadfef8129b86d6c98522ebb8c7f5793ee971b0ee29ce2b8306de3314fe
02_MASTER_EVIDENCE_BASE/03_INVESTIGATIONS/02_EXPANDED_ARCHIVES/DEMOCRACY_INFLUENCE_ALL_INVESTIGATIONS_2026-09-07/DEMOCRACY_INFLUENCE_ALL_INVESTIGATIONS_2026-09-07/01_RUNTIME_AND_CORPUS/SUBSTACK_BASELINE_2026-08-26_v0.4.zip,1682652,6774944e80f3c150e6d3506c4356e5ecb51243eb0ce8d4b99b207c3b69752052
02_MASTER_EVIDENCE_BASE/03_INVESTIGATIONS/02_EXPANDED_ARCHIVES/DEMOCRACY_INFLUENCE_ALL_INVESTIGATIONS_2026-09-07/DEMOCRACY_INFLUENCE_ALL_INVESTIGATIONS_2026-09-07/01_RUNTIME_AND_CORPUS/TRUTH_ENGINE_2.10.6_R3P1_CANONICAL.zip,218204,d113e3bd1848805bc3dbf1485eb1107a5767ebe74efd0cf27b601e01db278d30
02_MASTER_EVIDENCE_BASE/03_INVESTIGATIONS/02_EXPANDED_ARCHIVES/DEMOCRACY_INFLUENCE_ALL_INVESTIGATIONS_2026-09-07/DEMOCRACY_INFLUENCE_ALL_INVESTIGATIONS_2026-09-07/02_INVESTIGATIONS/INV-010/INV-010_INVESTIGATION_AVAILABLE_R2.md,83084,5455cd0616e4b35c5464b954c21105efad435516ad9454b0cb0468157ee2250b
02_MASTER_EVIDENCE_BASE/03_INVESTIGATIONS/02_EXPANDED_ARCHIVES/DEMOCRACY_INFLUENCE_ALL_INVESTIGATIONS_2026-09-07/DEMOCRACY_INFLUENCE_ALL_INVESTIGATIONS_2026-09-07/02_INVESTIGATIONS/INV-010/INV-010_PILOT_REVIEW.md,5033,d0fc11c8019e37219cac649157b658345fb0fbe46e15539c61cb530e249933c7
02_MASTER_EVIDENCE_BASE/03_INVESTIGATIONS/02_EXPANDED_ARCHIVES/DEMOCRACY_INFLUENCE_ALL_INVESTIGATIONS_2026-09-07/DEMOCRACY_INFLUENCE_ALL_INVESTIGATIONS_2026-09-07/02_INVESTIGATIONS/INV-010/INV-010_R4_CERTIFICATION.json,633,c314e427c3c8d8a44bf4d7ff8222c96db244d14449fdb107832a7760cd0cf111
02_MASTER_EVIDENCE_BASE/03_INVESTIGATIONS/02_EXPANDED_ARCHIVES/DEMOCRACY_INFLUENCE_ALL_INVESTIGATIONS_2026-09-07/DEMOCRACY_INFLUENCE_ALL_INVESTIGATIONS_2026-09-07/02_INVESTIGATIONS/INV-010/INV-010_RENARD.md,10805,d37779d5de34c9f1cda22355e6df5cc976d38e29532c93d0217749162b751f7f
02_MASTER_EVIDENCE_BASE/03_INVESTIGATIONS/02_EXPANDED_ARCHIVES/DEMOCRACY_INFLUENCE_ALL_INVESTIGATIONS_2026-09-07/DEMOCRACY_INFLUENCE_ALL_INVESTIGATIONS_2026-09-07/02_INVESTIGATIONS/INV-010/INV-010_RUN_HANDOFF.md,2842,98ab3ccd5806547ffa3e0783c9486047d6fa02de01123162c3bb573da49c7bef
02_MASTER_EVIDENCE_BASE/03_INVESTIGATIONS/02_EXPANDED_ARCHIVES/DEMOCRACY_INFLUENCE_ALL_INVESTIGATIONS_2026-09-07/DEMOCRACY_INFLUENCE_ALL_INVESTIGATIONS_2026-09-07/02_INVESTIGATIONS/INV-019/INV-019_INVESTIGATION.md,42635,bf255493afd50152c0123d42c8521c0e85febe44f89deeb8a6450543184072b6
02_MASTER_EVIDENCE_BASE/03_INVESTIGATIONS/02_EXPANDED_ARCHIVES/DEMOCRACY_INFLUENCE_ALL_INVESTIGATIONS_2026-09-07/DEMOCRACY_INFLUENCE_ALL_INVESTIGATIONS_2026-09-07/02_INVESTIGATIONS/INV-019/INV-019_PILOT_REVIEW.md,3030,6d0607ea4d071fc8f48e0e6db9a87182a8c715547b07547c3bc2109f370d7c48
02_MASTER_EVIDENCE_BASE/03_INVESTIGATIONS/02_EXPANDED_ARCHIVES/DEMOCRACY_INFLUENCE_ALL_INVESTIGATIONS_2026-09-07/DEMOCRACY_INFLUENCE_ALL_INVESTIGATIONS_2026-09-07/02_INVESTIGATIONS/INV-019/INV-019_RUN_HANDOFF.md,2438,c72fff3b19b5ab1b2bd36b064544c1a3635f42e3d30b99c8c225e616f1d76c9b
02_MASTER_EVIDENCE_BASE/03_INVESTIGATIONS/02_EXPANDED_ARCHIVES/DEMOCRACY_INFLUENCE_ALL_INVESTIGATIONS_2026-09-07/DEMOCRACY_INFLUENCE_ALL_INVESTIGATIONS_2026-09-07/02_INVESTIGATIONS/INV-022/INV-022_RUN_HANDOFF.md,5292,23728306a8c672f7ed4b31f7e8c668676a16dcb6a295716df25697855d03ebe0
02_MASTER_EVIDENCE_BASE/03_INVESTIGATIONS/02_EXPANDED_ARCHIVES/DEMOCRACY_INFLUENCE_ALL_INVESTIGATIONS_2026-09-07/DEMOCRACY_INFLUENCE_ALL_INVESTIGATIONS_2026-09-07/02_INVESTIGATIONS/INV-022/RAW_BUNDLE/INV-022_R3_FULL_FORENSIC_BUNDLE/CANONICAL_RUN/2026-09-06_10-57_russie-operations-influence-france_CERTIFICATION.json,647,1849eb3855b4b4ee51ce00d865617942beb0cd8088154f7bf95d177589668df9
02_MASTER_EVIDENCE_BASE/03_INVESTIGATIONS/02_EXPANDED_ARCHIVES/DEMOCRACY_INFLUENCE_ALL_INVESTIGATIONS_2026-09-07/DEMOCRACY_INFLUENCE_ALL_INVESTIGATIONS_2026-09-07/02_INVESTIGATIONS/INV-022/RAW_BUNDLE/INV-022_R3_FULL_FORENSIC_BUNDLE/CANONICAL_RUN/2026-09-06_10-57_russie-operations-influence-france_INPUT.txt,1383,b4582f7330c39e3a47f6aa7512bfb623ddea7e7e3dd046421e246631a29e05f4
02_MASTER_EVIDENCE_BASE/03_INVESTIGATIONS/02_EXPANDED_ARCHIVES/DEMOCRACY_INFLUENCE_ALL_INVESTIGATIONS_2026-09-07/DEMOCRACY_INFLUENCE_ALL_INVESTIGATIONS_2026-09-07/02_INVESTIGATIONS/INV-022/RAW_BUNDLE/INV-022_R3_FULL_FORENSIC_BUNDLE/CANONICAL_RUN/2026-09-06_10-57_russie-operations-influence-france_INVESTIGATION.md,100983,a5d3c37a2dec09a07a0d2ec2ab00be4fd794b814729a1c749032cdab07ff806e
02_MASTER_EVIDENCE_BASE/03_INVESTIGATIONS/02_EXPANDED_ARCHIVES/DEMOCRACY_INFLUENCE_ALL_INVESTIGATIONS_2026-09-07/DEMOCRACY_INFLUENCE_ALL_INVESTIGATIONS_2026-09-07/02_INVESTIGATIONS/INV-022/RAW_BUNDLE/INV-022_R3_FULL_FORENSIC_BUNDLE/CANONICAL_RUN/2026-09-06_10-57_russie-operations-influence-france_MNEMO_SNAPSHOT.json,15494,ccadef83af9d6f2dba278bf6f302984705f9a9f3eb9c1855e7299a8f7de8223e
02_MASTER_EVIDENCE_BASE/03_INVESTIGATIONS/02_EXPANDED_ARCHIVES/DEMOCRACY_INFLUENCE_ALL_INVESTIGATIONS_2026-09-07/DEMOCRACY_INFLUENCE_ALL_INVESTIGATIONS_2026-09-07/02_INVESTIGATIONS/INV-022/RAW_BUNDLE/INV-022_R3_FULL_FORENSIC_BUNDLE/CANONICAL_RUN/2026-09-06_10-57_russie-operations-influence-france_NARRATIVE.tmp.md,5913,79295880570f35fce78ab687b34d0604c56cb8ace01d17cd9a8fcc666cf52766
02_MASTER_EVIDENCE_BASE/03_INVESTIGATIONS/02_EXPANDED_ARCHIVES/DEMOCRACY_INFLUENCE_ALL_INVESTIGATIONS_2026-09-07/DEMOCRACY_INFLUENCE_ALL_INVESTIGATIONS_2026-09-07/02_INVESTIGATIONS/INV-022/RAW_BUNDLE/INV-022_R3_FULL_FORENSIC_BUNDLE/CANONICAL_RUN/2026-09-06_10-57_russie-operations-influence-france_RUN_STATE.json,95524,b639fb372d9599c675dbb4e2821fa3c6e66573be303f66297935db385e17662e
02_MASTER_EVIDENCE_BASE/03_INVESTIGATIONS/02_EXPANDED_ARCHIVES/DEMOCRACY_INFLUENCE_ALL_INVESTIGATIONS_2026-09-07/DEMOCRACY_INFLUENCE_ALL_INVESTIGATIONS_2026-09-07/02_INVESTIGATIONS/INV-022/RAW_BUNDLE/INV-022_R3_FULL_FORENSIC_BUNDLE/E2E/INV-022_R3_E2E_TEST_REPORT.md,5006,74a7359e0fb339d1c6fbf3e08f111b7b75d0e81090832a40cf4bea60448c3aa4
02_MASTER_EVIDENCE_BASE/03_INVESTIGATIONS/02_EXPANDED_ARCHIVES/DEMOCRACY_INFLUENCE_ALL_INVESTIGATIONS_2026-09-07/DEMOCRACY_INFLUENCE_ALL_INVESTIGATIONS_2026-09-07/02_INVESTIGATIONS/INV-022/RAW_BUNDLE/INV-022_R3_FULL_FORENSIC_BUNDLE/ENGINE_CONTRACT_SNAPSHOT/KERNEL.md,69458,0d78b5d2db873d6bb9984867c3a4b1095b46400db2145487a763680b43e88974
02_MASTER_EVIDENCE_BASE/03_INVESTIGATIONS/02_EXPANDED_ARCHIVES/DEMOCRACY_INFLUENCE_ALL_INVESTIGATIONS_2026-09-07/DEMOCRACY_INFLUENCE_ALL_INVESTIGATIONS_2026-09-07/02_INVESTIGATIONS/INV-022/RAW_BUNDLE/INV-022_R3_FULL_FORENSIC_BUNDLE/ENGINE_CONTRACT_SNAPSHOT/forensic/GATES.md,12808,f97b090c26f79b93eeecb291e37f8887d935df5ffaa36d8d6da502fa75f6da6d
02_MASTER_EVIDENCE_BASE/03_INVESTIGATIONS/02_EXPANDED_ARCHIVES/DEMOCRACY_INFLUENCE_ALL_INVESTIGATIONS_2026-09-07/DEMOCRACY_INFLUENCE_ALL_INVESTIGATIONS_2026-09-07/02_INVESTIGATIONS/INV-022/RAW_BUNDLE/INV-022_R3_FULL_FORENSIC_BUNDLE/ENGINE_CONTRACT_SNAPSHOT/output/TEMPLATE.md,5857,eb504ed558d7638b8f599fc6990c6d74783ca81ae1d8016a15d70b8273c31f05
02_MASTER_EVIDENCE_BASE/03_INVESTIGATIONS/02_EXPANDED_ARCHIVES/DEMOCRACY_INFLUENCE_ALL_INVESTIGATIONS_2026-09-07/DEMOCRACY_INFLUENCE_ALL_INVESTIGATIONS_2026-09-07/02_INVESTIGATIONS/INV-022/RAW_BUNDLE/INV-022_R3_FULL_FORENSIC_BUNDLE/ENGINE_CONTRACT_SNAPSHOT/protocol/INVESTIGATION.md,19705,2418fb593a78048830f2900e04828ce3d7e26aef996bcdddd2199f61a026c208
02_MASTER_EVIDENCE_BASE/03_INVESTIGATIONS/02_EXPANDED_ARCHIVES/DEMOCRACY_INFLUENCE_ALL_INVESTIGATIONS_2026-09-07/DEMOCRACY_INFLUENCE_ALL_INVESTIGATIONS_2026-09-07/02_INVESTIGATIONS/INV-022/RAW_BUNDLE/INV-022_R3_FULL_FORENSIC_BUNDLE/ENGINE_CONTRACT_SNAPSHOT/search/EPISTEMIC.md,6991,482558f2ea834418625647b92659ef1773ffc71bc09bdce2f5f3bab91791ae00
02_MASTER_EVIDENCE_BASE/03_INVESTIGATIONS/02_EXPANDED_ARCHIVES/DEMOCRACY_INFLUENCE_ALL_INVESTIGATIONS_2026-09-07/DEMOCRACY_INFLUENCE_ALL_INVESTIGATIONS_2026-09-07/02_INVESTIGATIONS/INV-022/RAW_BUNDLE/INV-022_R3_FULL_FORENSIC_BUNDLE/ENGINE_CONTRACT_SNAPSHOT/tools/runtime/run_state.py,107428,81effd7bfef4ddcdacba1f9a4139cd856fae0eb7853518846f2381a49869d77e
02_MASTER_EVIDENCE_BASE/03_INVESTIGATIONS/02_EXPANDED_ARCHIVES/DEMOCRACY_INFLUENCE_ALL_INVESTIGATIONS_2026-09-07/DEMOCRACY_INFLUENCE_ALL_INVESTIGATIONS_2026-09-07/02_INVESTIGATIONS/INV-022/RAW_BUNDLE/INV-022_R3_FULL_FORENSIC_BUNDLE/ENGINE_CONTRACT_SNAPSHOT/tools/verify/verify.py,88244,19cf032f21945d6bd2c8e3889086293b640fee98b1e97e855baf5ec39f18fa59
02_MASTER_EVIDENCE_BASE/03_INVESTIGATIONS/02_EXPANDED_ARCHIVES/DEMOCRACY_INFLUENCE_ALL_INVESTIGATIONS_2026-09-07/DEMOCRACY_INFLUENCE_ALL_INVESTIGATIONS_2026-09-07/02_INVESTIGATIONS/INV-022/RAW_BUNDLE/INV-022_R3_FULL_FORENSIC_BUNDLE/README_BUNDLE.md,1762,8a08fd480f4d245eaa5c7d10044e863ea492de6cc2c43a2547f443b31ca231a1
02_MASTER_EVIDENCE_BASE/03_INVESTIGATIONS/02_EXPANDED_ARCHIVES/DEMOCRACY_INFLUENCE_ALL_INVESTIGATIONS_2026-09-07/DEMOCRACY_INFLUENCE_ALL_INVESTIGATIONS_2026-09-07/02_INVESTIGATIONS/INV-022/RAW_BUNDLE/INV-022_R3_FULL_FORENSIC_BUNDLE/SHA256SUMS.txt,2659,02faf8eb8d88078c54b0253a2b2053cd813056a24d08ef83af8a55ad409925bf
02_MASTER_EVIDENCE_BASE/03_INVESTIGATIONS/02_EXPANDED_ARCHIVES/DEMOCRACY_INFLUENCE_ALL_INVESTIGATIONS_2026-09-07/DEMOCRACY_INFLUENCE_ALL_INVESTIGATIONS_2026-09-07/02_INVESTIGATIONS/INV-022/RAW_BUNDLE/INV-022_R3_FULL_FORENSIC_BUNDLE/VERIFICATION/.verify_pending_delivery.json,541,4ebe303c11d45e4930e4874f0c06129e13428a4fa57cc9a70354bc0c7d33043b
02_MASTER_EVIDENCE_BASE/03_INVESTIGATIONS/02_EXPANDED_ARCHIVES/DEMOCRACY_INFLUENCE_ALL_INVESTIGATIONS_2026-09-07/DEMOCRACY_INFLUENCE_ALL_INVESTIGATIONS_2026-09-07/02_INVESTIGATIONS/INV-022/RAW_BUNDLE/INV-022_R3_FULL_FORENSIC_BUNDLE/VERIFICATION/.verify_result_delivery.json,646,d1bfee1e92f8b89f576e736594dd207621ae9e2a890252593dd246dab4ff67e8
02_MASTER_EVIDENCE_BASE/03_INVESTIGATIONS/02_EXPANDED_ARCHIVES/DEMOCRACY_INFLUENCE_ALL_INVESTIGATIONS_2026-09-07/DEMOCRACY_INFLUENCE_ALL_INVESTIGATIONS_2026-09-07/02_INVESTIGATIONS/INV-022/RAW_BUNDLE/INV-022_R3_FULL_FORENSIC_BUNDLE/VERIFICATION/INV-022_VERIFY_DELIVERY_RESULT.json,646,d1bfee1e92f8b89f576e736594dd207621ae9e2a890252593dd246dab4ff67e8
02_MASTER_EVIDENCE_BASE/03_INVESTIGATIONS/02_EXPANDED_ARCHIVES/DEMOCRACY_INFLUENCE_ALL_INVESTIGATIONS_2026-09-07/DEMOCRACY_INFLUENCE_ALL_INVESTIGATIONS_2026-09-07/02_INVESTIGATIONS/INV-022/RAW_BUNDLE/INV-022_R3_FULL_FORENSIC_BUNDLE/WORKING_TRACE/INV022_TECHNICAL_BODY_CANDIDATE.md,5913,79295880570f35fce78ab687b34d0604c56cb8ace01d17cd9a8fcc666cf52766
02_MASTER_EVIDENCE_BASE/03_INVESTIGATIONS/02_EXPANDED_ARCHIVES/DEMOCRACY_INFLUENCE_ALL_INVESTIGATIONS_2026-09-07/DEMOCRACY_INFLUENCE_ALL_INVESTIGATIONS_2026-09-07/02_INVESTIGATIONS/INV-022/RAW_BUNDLE/INV-022_R3_FULL_FORENSIC_BUNDLE/WORKING_TRACE/continue_r3_phase12_13.py,9451,f23099fb7e4ba727475a31180470619bb7303f1cf2c865f16f00ba5c8f914540
02_MASTER_EVIDENCE_BASE/03_INVESTIGATIONS/02_EXPANDED_ARCHIVES/DEMOCRACY_INFLUENCE_ALL_INVESTIGATIONS_2026-09-07/DEMOCRACY_INFLUENCE_ALL_INVESTIGATIONS_2026-09-07/02_INVESTIGATIONS/INV-022/RAW_BUNDLE/INV-022_R3_FULL_FORENSIC_BUNDLE/WORKING_TRACE/continue_r3_phase16_17.py,18357,f74760f3f3f9554b404aa7f11fe325bec89c23c35a65a17a5a19e0e352f929bc
02_MASTER_EVIDENCE_BASE/03_INVESTIGATIONS/02_EXPANDED_ARCHIVES/DEMOCRACY_INFLUENCE_ALL_INVESTIGATIONS_2026-09-07/DEMOCRACY_INFLUENCE_ALL_INVESTIGATIONS_2026-09-07/02_INVESTIGATIONS/INV-022/RAW_BUNDLE/INV-022_R3_FULL_FORENSIC_BUNDLE/WORKING_TRACE/persistence_payload.py,805,f259fbe18264fcf8fd528feee4d79f336e57af5b583e0fc6dbee4dbef68f8425
02_MASTER_EVIDENCE_BASE/03_INVESTIGATIONS/02_EXPANDED_ARCHIVES/DEMOCRACY_INFLUENCE_ALL_INVESTIGATIONS_2026-09-07/DEMOCRACY_INFLUENCE_ALL_INVESTIGATIONS_2026-09-07/02_INVESTIGATIONS/INV-023/INV-023_RUN_HANDOFF.md,5660,defda8829828ff9b8bd85fd99887da2f75b5d01c79cbb90f2dedb7d55ec810b1
02_MASTER_EVIDENCE_BASE/03_INVESTIGATIONS/02_EXPANDED_ARCHIVES/DEMOCRACY_INFLUENCE_ALL_INVESTIGATIONS_2026-09-07/DEMOCRACY_INFLUENCE_ALL_INVESTIGATIONS_2026-09-07/02_INVESTIGATIONS/INV-023/RAW_BUNDLE/2026-09-06_12-58_russie-financement-partis-europe_CERTIFICATION.json,609,0c9610b02a2b37b0fba565084f4da89e09d62ae49173a4c2a92f98d419f2c25a
02_MASTER_EVIDENCE_BASE/03_INVESTIGATIONS/02_EXPANDED_ARCHIVES/DEMOCRACY_INFLUENCE_ALL_INVESTIGATIONS_2026-09-07/DEMOCRACY_INFLUENCE_ALL_INVESTIGATIONS_2026-09-07/02_INVESTIGATIONS/INV-023/RAW_BUNDLE/2026-09-06_12-58_russie-financement-partis-europe_INPUT.txt,881,7a5e16f441442076c1b9d3a2d002c9089e784dea7c71969158a5353d195d829b
02_MASTER_EVIDENCE_BASE/03_INVESTIGATIONS/02_EXPANDED_ARCHIVES/DEMOCRACY_INFLUENCE_ALL_INVESTIGATIONS_2026-09-07/DEMOCRACY_INFLUENCE_ALL_INVESTIGATIONS_2026-09-07/02_INVESTIGATIONS/INV-023/RAW_BUNDLE/2026-09-06_12-58_russie-financement-partis-europe_INVESTIGATION.md,93653,d0d9a8e5fb4c1fcc6dcdb3002b2cba5854b7704d4075a5e3d148df670909863c
02_MASTER_EVIDENCE_BASE/03_INVESTIGATIONS/02_EXPANDED_ARCHIVES/DEMOCRACY_INFLUENCE_ALL_INVESTIGATIONS_2026-09-07/DEMOCRACY_INFLUENCE_ALL_INVESTIGATIONS_2026-09-07/02_INVESTIGATIONS/INV-023/RAW_BUNDLE/2026-09-06_12-58_russie-financement-partis-europe_MNEMO_SNAPSHOT.json,11877,4f2aaa0176df698d1240f3b25e36e301c6307d30246ed0efaeabd1c84cb8af69
02_MASTER_EVIDENCE_BASE/03_INVESTIGATIONS/02_EXPANDED_ARCHIVES/DEMOCRACY_INFLUENCE_ALL_INVESTIGATIONS_2026-09-07/DEMOCRACY_INFLUENCE_ALL_INVESTIGATIONS_2026-09-07/02_INVESTIGATIONS/INV-023/RAW_BUNDLE/2026-09-06_12-58_russie-financement-partis-europe_NARRATIVE.tmp.md,6744,2d50f55437910fe87a57d54d6b3d27e389b47486e83406ed0ec22837e489a41d
02_MASTER_EVIDENCE_BASE/03_INVESTIGATIONS/02_EXPANDED_ARCHIVES/DEMOCRACY_INFLUENCE_ALL_INVESTIGATIONS_2026-09-07/DEMOCRACY_INFLUENCE_ALL_INVESTIGATIONS_2026-09-07/02_INVESTIGATIONS/INV-023/RAW_BUNDLE/2026-09-06_12-58_russie-financement-partis-europe_RUN_STATE.json,83087,8f530c4e5074a73da50feb0b26b98d97567f42baa814df69939a18d47c6302e7
02_MASTER_EVIDENCE_BASE/03_INVESTIGATIONS/02_EXPANDED_ARCHIVES/DEMOCRACY_INFLUENCE_ALL_INVESTIGATIONS_2026-09-07/DEMOCRACY_INFLUENCE_ALL_INVESTIGATIONS_2026-09-07/02_INVESTIGATIONS/INV-026/RAW_BUNDLE/inv026-final/DASHBOARD.md,1182,3bbd303639d2fa6212289f3316d2917ad41eb035b4286baa40ed0f1da6c34f6b
02_MASTER_EVIDENCE_BASE/03_INVESTIGATIONS/02_EXPANDED_ARCHIVES/DEMOCRACY_INFLUENCE_ALL_INVESTIGATIONS_2026-09-07/DEMOCRACY_INFLUENCE_ALL_INVESTIGATIONS_2026-09-07/02_INVESTIGATIONS/INV-026/RAW_BUNDLE/inv026-final/INV-026_CERTIFICATION.json,620,8bc8557b845204626f39333fce71cf6d69f3092964334bc9bb1e79b893c18067
02_MASTER_EVIDENCE_BASE/03_INVESTIGATIONS/02_EXPANDED_ARCHIVES/DEMOCRACY_INFLUENCE_ALL_INVESTIGATIONS_2026-09-07/DEMOCRACY_INFLUENCE_ALL_INVESTIGATIONS_2026-09-07/02_INVESTIGATIONS/INV-026/RAW_BUNDLE/inv026-final/INV-026_INPUT.md,2463,616c1f7007d3d70a64d5a5bbb4153762763d085537605d5e99cef5439dced970
02_MASTER_EVIDENCE_BASE/03_INVESTIGATIONS/02_EXPANDED_ARCHIVES/DEMOCRACY_INFLUENCE_ALL_INVESTIGATIONS_2026-09-07/DEMOCRACY_INFLUENCE_ALL_INVESTIGATIONS_2026-09-07/02_INVESTIGATIONS/INV-026/RAW_BUNDLE/inv026-final/INV-026_INVESTIGATION.md,77039,86f7d0d457469edf3edb9dffa2e5f55f253cfebefdb0037652cc4ebf5a2d963a
02_MASTER_EVIDENCE_BASE/03_INVESTIGATIONS/02_EXPANDED_ARCHIVES/DEMOCRACY_INFLUENCE_ALL_INVESTIGATIONS_2026-09-07/DEMOCRACY_INFLUENCE_ALL_INVESTIGATIONS_2026-09-07/02_INVESTIGATIONS/INV-026/RAW_BUNDLE/inv026-final/INV-026_MNEMO_SNAPSHOT.json,16548,9e5ab5e08fe16307937bb9c393e2871bfc1edeb266ffc420c6c226c07cc98366
02_MASTER_EVIDENCE_BASE/03_INVESTIGATIONS/02_EXPANDED_ARCHIVES/DEMOCRACY_INFLUENCE_ALL_INVESTIGATIONS_2026-09-07/DEMOCRACY_INFLUENCE_ALL_INVESTIGATIONS_2026-09-07/02_INVESTIGATIONS/INV-026/RAW_BUNDLE/inv026-final/INV-026_NARRATIVE.tmp.md,11472,0ad693f01236e6f14dbb7959c4763b3e639a6200750102e5e04d8be40fef8159
02_MASTER_EVIDENCE_BASE/03_INVESTIGATIONS/02_EXPANDED_ARCHIVES/DEMOCRACY_INFLUENCE_ALL_INVESTIGATIONS_2026-09-07/DEMOCRACY_INFLUENCE_ALL_INVESTIGATIONS_2026-09-07/02_INVESTIGATIONS/INV-026/RAW_BUNDLE/inv026-final/INV-026_POST_RUN_REVIEW.md,2415,fab7d4996050a5eeaadddb20e3ea362bac90226b6205b6e59deb02ade4951fa0
02_MASTER_EVIDENCE_BASE/03_INVESTIGATIONS/02_EXPANDED_ARCHIVES/DEMOCRACY_INFLUENCE_ALL_INVESTIGATIONS_2026-09-07/DEMOCRACY_INFLUENCE_ALL_INVESTIGATIONS_2026-09-07/02_INVESTIGATIONS/INV-026/RAW_BUNDLE/inv026-final/INV-026_RUN_CARD.md,2463,616c1f7007d3d70a64d5a5bbb4153762763d085537605d5e99cef5439dced970
02_MASTER_EVIDENCE_BASE/03_INVESTIGATIONS/02_EXPANDED_ARCHIVES/DEMOCRACY_INFLUENCE_ALL_INVESTIGATIONS_2026-09-07/DEMOCRACY_INFLUENCE_ALL_INVESTIGATIONS_2026-09-07/02_INVESTIGATIONS/INV-026/RAW_BUNDLE/inv026-final/INV-026_RUN_HANDOFF.md,3144,bf70cae7b998ae0aa16949f1f12cb8258d4d4de9527316832b9cb398531ae4cb
02_MASTER_EVIDENCE_BASE/03_INVESTIGATIONS/02_EXPANDED_ARCHIVES/DEMOCRACY_INFLUENCE_ALL_INVESTIGATIONS_2026-09-07/DEMOCRACY_INFLUENCE_ALL_INVESTIGATIONS_2026-09-07/02_INVESTIGATIONS/INV-026/RAW_BUNDLE/inv026-final/INV-026_RUN_STATE.json,66417,b88924457119b727d79f3188e78db0c62636ec515e79b538c5d442207fbdf438
02_MASTER_EVIDENCE_BASE/03_INVESTIGATIONS/02_EXPANDED_ARCHIVES/DEMOCRACY_INFLUENCE_ALL_INVESTIGATIONS_2026-09-07/DEMOCRACY_INFLUENCE_ALL_INVESTIGATIONS_2026-09-07/02_INVESTIGATIONS/INV-026/RAW_BUNDLE/inv026-final/INV-026_SHA256.txt,809,b1c4675eade937d9dcebfd37bf02fd02f3efa424143f41555aa6b0952305b076
02_MASTER_EVIDENCE_BASE/03_INVESTIGATIONS/02_EXPANDED_ARCHIVES/DEMOCRACY_INFLUENCE_ALL_INVESTIGATIONS_2026-09-07/DEMOCRACY_INFLUENCE_ALL_INVESTIGATIONS_2026-09-07/02_INVESTIGATIONS/INV-026/RAW_BUNDLE/inv026-final/INVESTIGATION_REGISTRY.csv,97582,4e7a2a6f377a9f141f75c2a7a560f67d213925d590dbe18e79bc4db47dcd7ff0
02_MASTER_EVIDENCE_BASE/03_INVESTIGATIONS/02_EXPANDED_ARCHIVES/DEMOCRACY_INFLUENCE_ALL_INVESTIGATIONS_2026-09-07/DEMOCRACY_INFLUENCE_ALL_INVESTIGATIONS_2026-09-07/02_INVESTIGATIONS/INV-026/RAW_BUNDLE/inv026-final/TRACELOG.md,18560,b198c415887e7b65365dfba165c26fb2bf20a8ac17976851921ed5e1d55a1009
02_MASTER_EVIDENCE_BASE/03_INVESTIGATIONS/02_EXPANDED_ARCHIVES/DEMOCRACY_INFLUENCE_ALL_INVESTIGATIONS_2026-09-07/DEMOCRACY_INFLUENCE_ALL_INVESTIGATIONS_2026-09-07/02_INVESTIGATIONS/INV-033/RAW_BUNDLE/DASHBOARD.md,1182,64db5de31a11cf88c2a8befcfbb3202a99adc630baa4c9e2cfee31f276875358
02_MASTER_EVIDENCE_BASE/03_INVESTIGATIONS/02_EXPANDED_ARCHIVES/DEMOCRACY_INFLUENCE_ALL_INVESTIGATIONS_2026-09-07/DEMOCRACY_INFLUENCE_ALL_INVESTIGATIONS_2026-09-07/02_INVESTIGATIONS/INV-033/RAW_BUNDLE/DELIVERY_VERIFY.txt,593,190eafb6b0ff665a21a7ad486eeffb0e21e4971664f4180b8e83bd3b9a7dbd40
02_MASTER_EVIDENCE_BASE/03_INVESTIGATIONS/02_EXPANDED_ARCHIVES/DEMOCRACY_INFLUENCE_ALL_INVESTIGATIONS_2026-09-07/DEMOCRACY_INFLUENCE_ALL_INVESTIGATIONS_2026-09-07/02_INVESTIGATIONS/INV-033/RAW_BUNDLE/DELIVERY_VERIFY_RESULT.json,592,a7718fb0c9d19ca5c5049a07251b3406023f8c215e7376e58c6cb1d11994e258
02_MASTER_EVIDENCE_BASE/03_INVESTIGATIONS/02_EXPANDED_ARCHIVES/DEMOCRACY_INFLUENCE_ALL_INVESTIGATIONS_2026-09-07/DEMOCRACY_INFLUENCE_ALL_INVESTIGATIONS_2026-09-07/02_INVESTIGATIONS/INV-033/RAW_BUNDLE/DEPENDENCY_GATE_INV-146_2026-09-07_0752.md,1203,24ad44dd0550af2a15758d931cf0dcca6cb28d4098f79d941f8a7b63bc3abca4
02_MASTER_EVIDENCE_BASE/03_INVESTIGATIONS/02_EXPANDED_ARCHIVES/DEMOCRACY_INFLUENCE_ALL_INVESTIGATIONS_2026-09-07/DEMOCRACY_INFLUENCE_ALL_INVESTIGATIONS_2026-09-07/02_INVESTIGATIONS/INV-033/RAW_BUNDLE/INV-033_CERTIFICATION.json,593,190eafb6b0ff665a21a7ad486eeffb0e21e4971664f4180b8e83bd3b9a7dbd40
02_MASTER_EVIDENCE_BASE/03_INVESTIGATIONS/02_EXPANDED_ARCHIVES/DEMOCRACY_INFLUENCE_ALL_INVESTIGATIONS_2026-09-07/DEMOCRACY_INFLUENCE_ALL_INVESTIGATIONS_2026-09-07/02_INVESTIGATIONS/INV-033/RAW_BUNDLE/INV-033_INPUT.md,2315,c01967887a2e9736751781f80a0b40ca7f612669e5453fb0f68c4277d7a9171b
02_MASTER_EVIDENCE_BASE/03_INVESTIGATIONS/02_EXPANDED_ARCHIVES/DEMOCRACY_INFLUENCE_ALL_INVESTIGATIONS_2026-09-07/DEMOCRACY_INFLUENCE_ALL_INVESTIGATIONS_2026-09-07/02_INVESTIGATIONS/INV-033/RAW_BUNDLE/INV-033_INVESTIGATION.md,69673,6882743d76521abaf201035c2d0148116b76c0f3f28fc5bfb95595ea42e67a8e
02_MASTER_EVIDENCE_BASE/03_INVESTIGATIONS/02_EXPANDED_ARCHIVES/DEMOCRACY_INFLUENCE_ALL_INVESTIGATIONS_2026-09-07/DEMOCRACY_INFLUENCE_ALL_INVESTIGATIONS_2026-09-07/02_INVESTIGATIONS/INV-033/RAW_BUNDLE/INV-033_MNEMO_SNAPSHOT.json,13556,868ffbbc3dd8742b3c88e8d8324334816b8f4fb9690e929b5863813b3503e99c
02_MASTER_EVIDENCE_BASE/03_INVESTIGATIONS/02_EXPANDED_ARCHIVES/DEMOCRACY_INFLUENCE_ALL_INVESTIGATIONS_2026-09-07/DEMOCRACY_INFLUENCE_ALL_INVESTIGATIONS_2026-09-07/02_INVESTIGATIONS/INV-033/RAW_BUNDLE/INV-033_NARRATIVE.tmp.md,10986,b2dd7dc9c5412f3b1dfb2c1477aa8d5133706a2d9c8686b9e6bd2667324bed0c
02_MASTER_EVIDENCE_BASE/03_INVESTIGATIONS/02_EXPANDED_ARCHIVES/DEMOCRACY_INFLUENCE_ALL_INVESTIGATIONS_2026-09-07/DEMOCRACY_INFLUENCE_ALL_INVESTIGATIONS_2026-09-07/02_INVESTIGATIONS/INV-033/RAW_BUNDLE/INV-033_POST_RUN_REVIEW.md,2220,fa7fe93df82ac2afa4ebc1c2fd4dfcb432bf790d9d2d3db2092bea65863edd70
02_MASTER_EVIDENCE_BASE/03_INVESTIGATIONS/02_EXPANDED_ARCHIVES/DEMOCRACY_INFLUENCE_ALL_INVESTIGATIONS_2026-09-07/DEMOCRACY_INFLUENCE_ALL_INVESTIGATIONS_2026-09-07/02_INVESTIGATIONS/INV-033/RAW_BUNDLE/INV-033_RUN_CARD.md,2315,c01967887a2e9736751781f80a0b40ca7f612669e5453fb0f68c4277d7a9171b
02_MASTER_EVIDENCE_BASE/03_INVESTIGATIONS/02_EXPANDED_ARCHIVES/DEMOCRACY_INFLUENCE_ALL_INVESTIGATIONS_2026-09-07/DEMOCRACY_INFLUENCE_ALL_INVESTIGATIONS_2026-09-07/02_INVESTIGATIONS/INV-033/RAW_BUNDLE/INV-033_RUN_HANDOFF.md,2430,a33fa3cb614d41e2c2ac4319f2081bfaa210f7f556997cc853ac81a5b5549ebb
02_MASTER_EVIDENCE_BASE/03_INVESTIGATIONS/02_EXPANDED_ARCHIVES/DEMOCRACY_INFLUENCE_ALL_INVESTIGATIONS_2026-09-07/DEMOCRACY_INFLUENCE_ALL_INVESTIGATIONS_2026-09-07/02_INVESTIGATIONS/INV-033/RAW_BUNDLE/INV-033_RUN_STATE.json,59192,ede322327835e5c8e4d19fbd11885bf9007623c93dafad18a8eadf7430537adc
02_MASTER_EVIDENCE_BASE/03_INVESTIGATIONS/02_EXPANDED_ARCHIVES/DEMOCRACY_INFLUENCE_ALL_INVESTIGATIONS_2026-09-07/DEMOCRACY_INFLUENCE_ALL_INVESTIGATIONS_2026-09-07/02_INVESTIGATIONS/INV-033/RAW_BUNDLE/INV-033_SHA256.txt,809,e1e0ca4c08d99fda664d5237bdfb1997cd373fa7ea3fb18e6298066dbc46ca34
02_MASTER_EVIDENCE_BASE/03_INVESTIGATIONS/02_EXPANDED_ARCHIVES/DEMOCRACY_INFLUENCE_ALL_INVESTIGATIONS_2026-09-07/DEMOCRACY_INFLUENCE_ALL_INVESTIGATIONS_2026-09-07/02_INVESTIGATIONS/INV-033/RAW_BUNDLE/INVESTIGATION_REGISTRY.csv,98510,2448631cfc5573761370ff23a35ab22b3293b063b1a9fcf8898abc480bead111
02_MASTER_EVIDENCE_BASE/03_INVESTIGATIONS/02_EXPANDED_ARCHIVES/DEMOCRACY_INFLUENCE_ALL_INVESTIGATIONS_2026-09-07/DEMOCRACY_INFLUENCE_ALL_INVESTIGATIONS_2026-09-07/02_INVESTIGATIONS/INV-033/RAW_BUNDLE/PRE_VERIFY.txt,588,5ebfb6d7c685f6d22380fbdfe6e2346344500edc7554dd8445c5688fd5e93300
02_MASTER_EVIDENCE_BASE/03_INVESTIGATIONS/02_EXPANDED_ARCHIVES/DEMOCRACY_INFLUENCE_ALL_INVESTIGATIONS_2026-09-07/DEMOCRACY_INFLUENCE_ALL_INVESTIGATIONS_2026-09-07/02_INVESTIGATIONS/INV-033/RAW_BUNDLE/TRACELOG.md,20060,19fbb1806aa38bbee1ad12857a36d1d28ce16791f9897a01877d23f4b70d8c7b
02_MASTER_EVIDENCE_BASE/03_INVESTIGATIONS/02_EXPANDED_ARCHIVES/DEMOCRACY_INFLUENCE_ALL_INVESTIGATIONS_2026-09-07/DEMOCRACY_INFLUENCE_ALL_INVESTIGATIONS_2026-09-07/02_INVESTIGATIONS/INV-039/RAW_BUNDLE/INV-039/2026-09-06_16-39_pouvoir-institutions-ue_CERTIFICATION.json,591,ce17430d3a8f9839315969456a9ffb66f07199141c604bfbd9a6478c4cedb3f5
02_MASTER_EVIDENCE_BASE/03_INVESTIGATIONS/02_EXPANDED_ARCHIVES/DEMOCRACY_INFLUENCE_ALL_INVESTIGATIONS_2026-09-07/DEMOCRACY_INFLUENCE_ALL_INVESTIGATIONS_2026-09-07/02_INVESTIGATIONS/INV-039/RAW_BUNDLE/INV-039/2026-09-06_16-39_pouvoir-institutions-ue_INPUT.md,2331,587a77b12e931cd4310d83d06110705744826db2186d4c8b1da0f16fa25510a6
02_MASTER_EVIDENCE_BASE/03_INVESTIGATIONS/02_EXPANDED_ARCHIVES/DEMOCRACY_INFLUENCE_ALL_INVESTIGATIONS_2026-09-07/DEMOCRACY_INFLUENCE_ALL_INVESTIGATIONS_2026-09-07/02_INVESTIGATIONS/INV-039/RAW_BUNDLE/INV-039/2026-09-06_16-39_pouvoir-institutions-ue_INVESTIGATION.md,65855,ca5113fdeba13fe444538d3d76cc80227d811a50356a002398312d16e1838e8c
02_MASTER_EVIDENCE_BASE/03_INVESTIGATIONS/02_EXPANDED_ARCHIVES/DEMOCRACY_INFLUENCE_ALL_INVESTIGATIONS_2026-09-07/DEMOCRACY_INFLUENCE_ALL_INVESTIGATIONS_2026-09-07/02_INVESTIGATIONS/INV-039/RAW_BUNDLE/INV-039/2026-09-06_16-39_pouvoir-institutions-ue_MNEMO_SNAPSHOT.json,10063,c8b917d1739d77c63de717e9642971674a106596660a60853fceb5090f1dd28b
02_MASTER_EVIDENCE_BASE/03_INVESTIGATIONS/02_EXPANDED_ARCHIVES/DEMOCRACY_INFLUENCE_ALL_INVESTIGATIONS_2026-09-07/DEMOCRACY_INFLUENCE_ALL_INVESTIGATIONS_2026-09-07/02_INVESTIGATIONS/INV-039/RAW_BUNDLE/INV-039/2026-09-06_16-39_pouvoir-institutions-ue_NARRATIVE.tmp.md,13712,1293e484228b4d0c990543480750e0e2231e52e76d2b169fd74ff7254c361cb1
02_MASTER_EVIDENCE_BASE/03_INVESTIGATIONS/02_EXPANDED_ARCHIVES/DEMOCRACY_INFLUENCE_ALL_INVESTIGATIONS_2026-09-07/DEMOCRACY_INFLUENCE_ALL_INVESTIGATIONS_2026-09-07/02_INVESTIGATIONS/INV-039/RAW_BUNDLE/INV-039/2026-09-06_16-39_pouvoir-institutions-ue_RUN_STATE.json,52925,f8ad9e0c60236005c9df4cd011004150c40ad01a1332233a7c826ab2291fae45
02_MASTER_EVIDENCE_BASE/03_INVESTIGATIONS/02_EXPANDED_ARCHIVES/DEMOCRACY_INFLUENCE_ALL_INVESTIGATIONS_2026-09-07/DEMOCRACY_INFLUENCE_ALL_INVESTIGATIONS_2026-09-07/02_INVESTIGATIONS/INV-039/RAW_BUNDLE/INV-039/INV-039_POST_RUN_REVIEW.md,2596,af3a9bcc5dcf952c49f698c25d73317886a1930e731544915f341031f8d3225f
02_MASTER_EVIDENCE_BASE/03_INVESTIGATIONS/02_EXPANDED_ARCHIVES/DEMOCRACY_INFLUENCE_ALL_INVESTIGATIONS_2026-09-07/DEMOCRACY_INFLUENCE_ALL_INVESTIGATIONS_2026-09-07/02_INVESTIGATIONS/INV-039/RAW_BUNDLE/INV-039/INV-039_RUN_CARD.md,2331,587a77b12e931cd4310d83d06110705744826db2186d4c8b1da0f16fa25510a6
02_MASTER_EVIDENCE_BASE/03_INVESTIGATIONS/02_EXPANDED_ARCHIVES/DEMOCRACY_INFLUENCE_ALL_INVESTIGATIONS_2026-09-07/DEMOCRACY_INFLUENCE_ALL_INVESTIGATIONS_2026-09-07/02_INVESTIGATIONS/INV-039/RAW_BUNDLE/INV-039/INV-039_RUN_HANDOFF.md,3796,f161f85f3b3e4ac598054a114b461a01b480ef2fb646c39112e3ff7df8733748
02_MASTER_EVIDENCE_BASE/03_INVESTIGATIONS/02_EXPANDED_ARCHIVES/DEMOCRACY_INFLUENCE_ALL_INVESTIGATIONS_2026-09-07/DEMOCRACY_INFLUENCE_ALL_INVESTIGATIONS_2026-09-07/02_INVESTIGATIONS/INV-044/RAW_BUNDLE/INV-044_CERTIFICATION.json,591,07c3a634469b838828334965b5eaaed67aade0c3f7364f6a6b12258810b4bf1b
02_MASTER_EVIDENCE_BASE/03_INVESTIGATIONS/02_EXPANDED_ARCHIVES/DEMOCRACY_INFLUENCE_ALL_INVESTIGATIONS_2026-09-07/DEMOCRACY_INFLUENCE_ALL_INVESTIGATIONS_2026-09-07/02_INVESTIGATIONS/INV-044/RAW_BUNDLE/INV-044_DELIVERY_GATE.json,591,07c3a634469b838828334965b5eaaed67aade0c3f7364f6a6b12258810b4bf1b
02_MASTER_EVIDENCE_BASE/03_INVESTIGATIONS/02_EXPANDED_ARCHIVES/DEMOCRACY_INFLUENCE_ALL_INVESTIGATIONS_2026-09-07/DEMOCRACY_INFLUENCE_ALL_INVESTIGATIONS_2026-09-07/02_INVESTIGATIONS/INV-044/RAW_BUNDLE/INV-044_INPUT.txt,2482,e93f3c9bdbfcf70fc104c67a3688dc676401806accac9b4ed44a1a2b09760a33
02_MASTER_EVIDENCE_BASE/03_INVESTIGATIONS/02_EXPANDED_ARCHIVES/DEMOCRACY_INFLUENCE_ALL_INVESTIGATIONS_2026-09-07/DEMOCRACY_INFLUENCE_ALL_INVESTIGATIONS_2026-09-07/02_INVESTIGATIONS/INV-044/RAW_BUNDLE/INV-044_INVESTIGATION.md,80391,5b8a802a0d20c786ff174fa2906daf769884837c8ba88a6e0b64bb3275fc34af
02_MASTER_EVIDENCE_BASE/03_INVESTIGATIONS/02_EXPANDED_ARCHIVES/DEMOCRACY_INFLUENCE_ALL_INVESTIGATIONS_2026-09-07/DEMOCRACY_INFLUENCE_ALL_INVESTIGATIONS_2026-09-07/02_INVESTIGATIONS/INV-044/RAW_BUNDLE/INV-044_MNEMO_SNAPSHOT.json,14879,353fdeef4d33a325aa4b27fab05f504f5f6004a09889f9406c141c1c6e0360f2
02_MASTER_EVIDENCE_BASE/03_INVESTIGATIONS/02_EXPANDED_ARCHIVES/DEMOCRACY_INFLUENCE_ALL_INVESTIGATIONS_2026-09-07/DEMOCRACY_INFLUENCE_ALL_INVESTIGATIONS_2026-09-07/02_INVESTIGATIONS/INV-044/RAW_BUNDLE/INV-044_NARRATIVE.tmp.md,18555,7a408911092b00479bc4a9ab5ddf8dfd913b45df4867b8e2cafe6378e5aae57a
02_MASTER_EVIDENCE_BASE/03_INVESTIGATIONS/02_EXPANDED_ARCHIVES/DEMOCRACY_INFLUENCE_ALL_INVESTIGATIONS_2026-09-07/DEMOCRACY_INFLUENCE_ALL_INVESTIGATIONS_2026-09-07/02_INVESTIGATIONS/INV-044/RAW_BUNDLE/INV-044_POST_RUN_REVIEW.md,2819,d96500b470abb66659a864112fff49b91117e3f285c79856548a566fe0ac5437
02_MASTER_EVIDENCE_BASE/03_INVESTIGATIONS/02_EXPANDED_ARCHIVES/DEMOCRACY_INFLUENCE_ALL_INVESTIGATIONS_2026-09-07/DEMOCRACY_INFLUENCE_ALL_INVESTIGATIONS_2026-09-07/02_INVESTIGATIONS/INV-044/RAW_BUNDLE/INV-044_PRE_GATE.json,586,a85bc29c6b2197ca61a339d079a7e91064b298dcfab2c7d7f6a921e425648e8e
02_MASTER_EVIDENCE_BASE/03_INVESTIGATIONS/02_EXPANDED_ARCHIVES/DEMOCRACY_INFLUENCE_ALL_INVESTIGATIONS_2026-09-07/DEMOCRACY_INFLUENCE_ALL_INVESTIGATIONS_2026-09-07/02_INVESTIGATIONS/INV-044/RAW_BUNDLE/INV-044_RUN_CARD.md,2482,e93f3c9bdbfcf70fc104c67a3688dc676401806accac9b4ed44a1a2b09760a33
02_MASTER_EVIDENCE_BASE/03_INVESTIGATIONS/02_EXPANDED_ARCHIVES/DEMOCRACY_INFLUENCE_ALL_INVESTIGATIONS_2026-09-07/DEMOCRACY_INFLUENCE_ALL_INVESTIGATIONS_2026-09-07/02_INVESTIGATIONS/INV-044/RAW_BUNDLE/INV-044_RUN_HANDOFF.md,2010,e3c7258c52842e0cd0a4b425c1ea35ecd0ea452653b75c341ba205aacf4d761f
02_MASTER_EVIDENCE_BASE/03_INVESTIGATIONS/02_EXPANDED_ARCHIVES/DEMOCRACY_INFLUENCE_ALL_INVESTIGATIONS_2026-09-07/DEMOCRACY_INFLUENCE_ALL_INVESTIGATIONS_2026-09-07/02_INVESTIGATIONS/INV-044/RAW_BUNDLE/INV-044_RUN_STATE.json,62480,3ba2778c9a505eaa032930652c2ea22e38112348ba78bab6f9b301bbc7fcd5d4
02_MASTER_EVIDENCE_BASE/03_INVESTIGATIONS/02_EXPANDED_ARCHIVES/DEMOCRACY_INFLUENCE_ALL_INVESTIGATIONS_2026-09-07/DEMOCRACY_INFLUENCE_ALL_INVESTIGATIONS_2026-09-07/02_INVESTIGATIONS/INV-044/RAW_BUNDLE/INV-044_SHA256.txt,905,002ac8c26cfe9a181e388d64f4dabc4e19cbfd12fc801626ccbcf635735d06ae
02_MASTER_EVIDENCE_BASE/03_INVESTIGATIONS/02_EXPANDED_ARCHIVES/DEMOCRACY_INFLUENCE_ALL_INVESTIGATIONS_2026-09-07/DEMOCRACY_INFLUENCE_ALL_INVESTIGATIONS_2026-09-07/02_INVESTIGATIONS/INV-049/INV-049_CERTIFICATION.json,647,8f549bc737a32acf68e6adce0084ed4efa679cd108283a99d70d0f4271abbad8
02_MASTER_EVIDENCE_BASE/03_INVESTIGATIONS/02_EXPANDED_ARCHIVES/DEMOCRACY_INFLUENCE_ALL_INVESTIGATIONS_2026-09-07/DEMOCRACY_INFLUENCE_ALL_INVESTIGATIONS_2026-09-07/02_INVESTIGATIONS/INV-049/INV-049_INVESTIGATION.md,47271,f731e05757a6b8bcd0fcee1919677256790000e69f9243bb294704f4ca9d14d4
02_MASTER_EVIDENCE_BASE/03_INVESTIGATIONS/02_EXPANDED_ARCHIVES/DEMOCRACY_INFLUENCE_ALL_INVESTIGATIONS_2026-09-07/DEMOCRACY_INFLUENCE_ALL_INVESTIGATIONS_2026-09-07/02_INVESTIGATIONS/INV-049/INV-049_PILOT_REVIEW.md,2653,0aa8ddd4ada3851b66e336585e630ff4e40b795917bc909f7093e4275277fc9c
02_MASTER_EVIDENCE_BASE/03_INVESTIGATIONS/02_EXPANDED_ARCHIVES/DEMOCRACY_INFLUENCE_ALL_INVESTIGATIONS_2026-09-07/DEMOCRACY_INFLUENCE_ALL_INVESTIGATIONS_2026-09-07/02_INVESTIGATIONS/INV-049/INV-049_RENARD.md,7511,11e5413284bd3523fe78b1458eb16fe59c0980591ef66e0519f5911483ea08a6
02_MASTER_EVIDENCE_BASE/03_INVESTIGATIONS/02_EXPANDED_ARCHIVES/DEMOCRACY_INFLUENCE_ALL_INVESTIGATIONS_2026-09-07/DEMOCRACY_INFLUENCE_ALL_INVESTIGATIONS_2026-09-07/02_INVESTIGATIONS/INV-049/INV-049_RUN_HANDOFF.md,2398,53b700412f23822520263f58965856384a77fa82053df12fc2d5ea6671830bfa
02_MASTER_EVIDENCE_BASE/03_INVESTIGATIONS/02_EXPANDED_ARCHIVES/DEMOCRACY_INFLUENCE_ALL_INVESTIGATIONS_2026-09-07/DEMOCRACY_INFLUENCE_ALL_INVESTIGATIONS_2026-09-07/02_INVESTIGATIONS/INV-054/RAW_BUNDLE/INV-054_CERTIFICATION.json,593,858640adaca67e824e696957d53766e461a2c4d58c54f206aaa5b20565f15029
02_MASTER_EVIDENCE_BASE/03_INVESTIGATIONS/02_EXPANDED_ARCHIVES/DEMOCRACY_INFLUENCE_ALL_INVESTIGATIONS_2026-09-07/DEMOCRACY_INFLUENCE_ALL_INVESTIGATIONS_2026-09-07/02_INVESTIGATIONS/INV-054/RAW_BUNDLE/INV-054_DELIVERY_GATE.log,593,858640adaca67e824e696957d53766e461a2c4d58c54f206aaa5b20565f15029
02_MASTER_EVIDENCE_BASE/03_INVESTIGATIONS/02_EXPANDED_ARCHIVES/DEMOCRACY_INFLUENCE_ALL_INVESTIGATIONS_2026-09-07/DEMOCRACY_INFLUENCE_ALL_INVESTIGATIONS_2026-09-07/02_INVESTIGATIONS/INV-054/RAW_BUNDLE/INV-054_INPUT.txt,2528,2a84951fb76acfe49c5a8202261a275b1927f327aece61a05a97a13c2dd66ec7
02_MASTER_EVIDENCE_BASE/03_INVESTIGATIONS/02_EXPANDED_ARCHIVES/DEMOCRACY_INFLUENCE_ALL_INVESTIGATIONS_2026-09-07/DEMOCRACY_INFLUENCE_ALL_INVESTIGATIONS_2026-09-07/02_INVESTIGATIONS/INV-054/RAW_BUNDLE/INV-054_INVESTIGATION.md,68354,9b02a7b42d2289c9ea2e2b0d47481f091a4bccc35118d0448f9620ab8b409c03
02_MASTER_EVIDENCE_BASE/03_INVESTIGATIONS/02_EXPANDED_ARCHIVES/DEMOCRACY_INFLUENCE_ALL_INVESTIGATIONS_2026-09-07/DEMOCRACY_INFLUENCE_ALL_INVESTIGATIONS_2026-09-07/02_INVESTIGATIONS/INV-054/RAW_BUNDLE/INV-054_MNEMO_SNAPSHOT.json,12919,f49fdbb27d474e08b5fb37b8eb38e9785bd6061b2c3c24c375b1c27b8057dec8
02_MASTER_EVIDENCE_BASE/03_INVESTIGATIONS/02_EXPANDED_ARCHIVES/DEMOCRACY_INFLUENCE_ALL_INVESTIGATIONS_2026-09-07/DEMOCRACY_INFLUENCE_ALL_INVESTIGATIONS_2026-09-07/02_INVESTIGATIONS/INV-054/RAW_BUNDLE/INV-054_NARRATIVE.tmp.md,11360,b59909d11998c9b458cdba76d3a59607c358bb0dea4084be032e38a39012ff3b
02_MASTER_EVIDENCE_BASE/03_INVESTIGATIONS/02_EXPANDED_ARCHIVES/DEMOCRACY_INFLUENCE_ALL_INVESTIGATIONS_2026-09-07/DEMOCRACY_INFLUENCE_ALL_INVESTIGATIONS_2026-09-07/02_INVESTIGATIONS/INV-054/RAW_BUNDLE/INV-054_POST_RUN_REVIEW.md,2324,77cb1075b7250f7196f87997c67bfe496468d1e0b488c9a3961f8af96b6e32e9
02_MASTER_EVIDENCE_BASE/03_INVESTIGATIONS/02_EXPANDED_ARCHIVES/DEMOCRACY_INFLUENCE_ALL_INVESTIGATIONS_2026-09-07/DEMOCRACY_INFLUENCE_ALL_INVESTIGATIONS_2026-09-07/02_INVESTIGATIONS/INV-054/RAW_BUNDLE/INV-054_PRE_GATE.log,588,eba55c8484a985b121ada134b418db0cc915f9a7f7ecc5a7c90a02a4ce1eb5d7
02_MASTER_EVIDENCE_BASE/03_INVESTIGATIONS/02_EXPANDED_ARCHIVES/DEMOCRACY_INFLUENCE_ALL_INVESTIGATIONS_2026-09-07/DEMOCRACY_INFLUENCE_ALL_INVESTIGATIONS_2026-09-07/02_INVESTIGATIONS/INV-054/RAW_BUNDLE/INV-054_RUN_CARD.md,2528,2a84951fb76acfe49c5a8202261a275b1927f327aece61a05a97a13c2dd66ec7
02_MASTER_EVIDENCE_BASE/03_INVESTIGATIONS/02_EXPANDED_ARCHIVES/DEMOCRACY_INFLUENCE_ALL_INVESTIGATIONS_2026-09-07/DEMOCRACY_INFLUENCE_ALL_INVESTIGATIONS_2026-09-07/02_INVESTIGATIONS/INV-054/RAW_BUNDLE/INV-054_RUN_HANDOFF.md,2661,64c37752d4c1dd713f6143766d652b8c6fe39981e603fcc2854d9cb71d574c1a
02_MASTER_EVIDENCE_BASE/03_INVESTIGATIONS/02_EXPANDED_ARCHIVES/DEMOCRACY_INFLUENCE_ALL_INVESTIGATIONS_2026-09-07/DEMOCRACY_INFLUENCE_ALL_INVESTIGATIONS_2026-09-07/02_INVESTIGATIONS/INV-054/RAW_BUNDLE/INV-054_RUN_STATE.json,57714,6d95ed621bc4e8fb48e80a7957e621957ed181ec0eab796963ecd16112efd7e5
02_MASTER_EVIDENCE_BASE/03_INVESTIGATIONS/02_EXPANDED_ARCHIVES/DEMOCRACY_INFLUENCE_ALL_INVESTIGATIONS_2026-09-07/DEMOCRACY_INFLUENCE_ALL_INVESTIGATIONS_2026-09-07/02_INVESTIGATIONS/INV-054/RAW_BUNDLE/INV-054_SHA256.txt,989,bafcc8fa5b9fd5b0d7e3e8638d3971a05a61be4cdbbfcf43bf7dad8e19b1cb7a
02_MASTER_EVIDENCE_BASE/03_INVESTIGATIONS/02_EXPANDED_ARCHIVES/DEMOCRACY_INFLUENCE_ALL_INVESTIGATIONS_2026-09-07/DEMOCRACY_INFLUENCE_ALL_INVESTIGATIONS_2026-09-07/02_INVESTIGATIONS/INV-071/INV-071_CERTIFICATION.json,625,fbe1ad101bb2dd2b1b0b5776a2809d62946267501a0f7efd4bedc66b7a4265bb
02_MASTER_EVIDENCE_BASE/03_INVESTIGATIONS/02_EXPANDED_ARCHIVES/DEMOCRACY_INFLUENCE_ALL_INVESTIGATIONS_2026-09-07/DEMOCRACY_INFLUENCE_ALL_INVESTIGATIONS_2026-09-07/02_INVESTIGATIONS/INV-071/INV-071_INVESTIGATION.md,50434,cc0063eb57f6b95f1589cb9d50f81a603bec0415b5069109c4855bdb76f5e810
02_MASTER_EVIDENCE_BASE/03_INVESTIGATIONS/02_EXPANDED_ARCHIVES/DEMOCRACY_INFLUENCE_ALL_INVESTIGATIONS_2026-09-07/DEMOCRACY_INFLUENCE_ALL_INVESTIGATIONS_2026-09-07/02_INVESTIGATIONS/INV-071/INV-071_PILOT_REVIEW.md,3352,5f5118e52d72133c7015432fe2d306068103c5884d9ec6d7ec7b5617eda3a50a
02_MASTER_EVIDENCE_BASE/03_INVESTIGATIONS/02_EXPANDED_ARCHIVES/DEMOCRACY_INFLUENCE_ALL_INVESTIGATIONS_2026-09-07/DEMOCRACY_INFLUENCE_ALL_INVESTIGATIONS_2026-09-07/02_INVESTIGATIONS/INV-071/INV-071_RUN_HANDOFF.md,3228,40a5c487ae9f5367cd68895cc24b8d18fd90bf66e4f4d960e9164c2585309879
02_MASTER_EVIDENCE_BASE/03_INVESTIGATIONS/02_EXPANDED_ARCHIVES/DEMOCRACY_INFLUENCE_ALL_INVESTIGATIONS_2026-09-07/DEMOCRACY_INFLUENCE_ALL_INVESTIGATIONS_2026-09-07/02_INVESTIGATIONS/INV-081/RAW_BUNDLE/INV-081/control/INV-081_POST_RUN_REVIEW.md,3324,1adc6243d2ab1c07a7e3f6456d36dd4a27409b57171b3255744eeb38729dec5f
02_MASTER_EVIDENCE_BASE/03_INVESTIGATIONS/02_EXPANDED_ARCHIVES/DEMOCRACY_INFLUENCE_ALL_INVESTIGATIONS_2026-09-07/DEMOCRACY_INFLUENCE_ALL_INVESTIGATIONS_2026-09-07/02_INVESTIGATIONS/INV-081/RAW_BUNDLE/INV-081/control/INV-081_RUN_CARD.md,2521,aaf5026a47bda414d9f93edb98215c361a5c329671c7c543a26227f317ab7dbe
02_MASTER_EVIDENCE_BASE/03_INVESTIGATIONS/02_EXPANDED_ARCHIVES/DEMOCRACY_INFLUENCE_ALL_INVESTIGATIONS_2026-09-07/DEMOCRACY_INFLUENCE_ALL_INVESTIGATIONS_2026-09-07/02_INVESTIGATIONS/INV-081/RAW_BUNDLE/INV-081/control/INV-081_RUN_HANDOFF.md,3953,7ac635ec0f5e0726c2cd08bbf7c8d26dcc93daf688c6214ce4080a38bdb11a5f
02_MASTER_EVIDENCE_BASE/03_INVESTIGATIONS/02_EXPANDED_ARCHIVES/DEMOCRACY_INFLUENCE_ALL_INVESTIGATIONS_2026-09-07/DEMOCRACY_INFLUENCE_ALL_INVESTIGATIONS_2026-09-07/02_INVESTIGATIONS/INV-081/RAW_BUNDLE/INV-081/truth-engine/2026-09-06_15-55_propriete-medias-francais_CERTIFICATION.json,595,3b65bae77bd054903eb8a99028c49ba156c424dd3b12d799088c50ef2ff5621f
02_MASTER_EVIDENCE_BASE/03_INVESTIGATIONS/02_EXPANDED_ARCHIVES/DEMOCRACY_INFLUENCE_ALL_INVESTIGATIONS_2026-09-07/DEMOCRACY_INFLUENCE_ALL_INVESTIGATIONS_2026-09-07/02_INVESTIGATIONS/INV-081/RAW_BUNDLE/INV-081/truth-engine/2026-09-06_15-55_propriete-medias-francais_INPUT.md,2521,aaf5026a47bda414d9f93edb98215c361a5c329671c7c543a26227f317ab7dbe
02_MASTER_EVIDENCE_BASE/03_INVESTIGATIONS/02_EXPANDED_ARCHIVES/DEMOCRACY_INFLUENCE_ALL_INVESTIGATIONS_2026-09-07/DEMOCRACY_INFLUENCE_ALL_INVESTIGATIONS_2026-09-07/02_INVESTIGATIONS/INV-081/RAW_BUNDLE/INV-081/truth-engine/2026-09-06_15-55_propriete-medias-francais_INVESTIGATION.md,55747,0fc4ee6583cdc16a5f02801795f0248c30baa437239d48871390f527f478238c
02_MASTER_EVIDENCE_BASE/03_INVESTIGATIONS/02_EXPANDED_ARCHIVES/DEMOCRACY_INFLUENCE_ALL_INVESTIGATIONS_2026-09-07/DEMOCRACY_INFLUENCE_ALL_INVESTIGATIONS_2026-09-07/02_INVESTIGATIONS/INV-081/RAW_BUNDLE/INV-081/truth-engine/2026-09-06_15-55_propriete-medias-francais_MNEMO_SNAPSHOT.json,9231,3ebbf70afaf4cca3fc05e181d920d6247514681a486d3231b3870b8a2809b07a
02_MASTER_EVIDENCE_BASE/03_INVESTIGATIONS/02_EXPANDED_ARCHIVES/DEMOCRACY_INFLUENCE_ALL_INVESTIGATIONS_2026-09-07/DEMOCRACY_INFLUENCE_ALL_INVESTIGATIONS_2026-09-07/02_INVESTIGATIONS/INV-081/RAW_BUNDLE/INV-081/truth-engine/2026-09-06_15-55_propriete-medias-francais_NARRATIVE.tmp.md,5265,4a4de2d18f04b2856161a7ce36d9f375da9a63ec81c3b23f9db57453eb8cb2aa
02_MASTER_EVIDENCE_BASE/03_INVESTIGATIONS/02_EXPANDED_ARCHIVES/DEMOCRACY_INFLUENCE_ALL_INVESTIGATIONS_2026-09-07/DEMOCRACY_INFLUENCE_ALL_INVESTIGATIONS_2026-09-07/02_INVESTIGATIONS/INV-081/RAW_BUNDLE/INV-081/truth-engine/2026-09-06_15-55_propriete-medias-francais_RUN_STATE.json,51511,138563ff7c58a71171d84ae00d3c30b604d3b07fae9491dd3f2593194ce72116
02_MASTER_EVIDENCE_BASE/03_INVESTIGATIONS/02_EXPANDED_ARCHIVES/DEMOCRACY_INFLUENCE_ALL_INVESTIGATIONS_2026-09-07/DEMOCRACY_INFLUENCE_ALL_INVESTIGATIONS_2026-09-07/02_INVESTIGATIONS/INV-093/RAW_BUNDLE/INV-093_CERTIFICATION.json,595,6eec8b50603aa6412e3061ca093d6a5802c89d4354caa9f175b7eb7b6ea410bc
02_MASTER_EVIDENCE_BASE/03_INVESTIGATIONS/02_EXPANDED_ARCHIVES/DEMOCRACY_INFLUENCE_ALL_INVESTIGATIONS_2026-09-07/DEMOCRACY_INFLUENCE_ALL_INVESTIGATIONS_2026-09-07/02_INVESTIGATIONS/INV-093/RAW_BUNDLE/INV-093_DELIVERY_GATE.log,595,6eec8b50603aa6412e3061ca093d6a5802c89d4354caa9f175b7eb7b6ea410bc
02_MASTER_EVIDENCE_BASE/03_INVESTIGATIONS/02_EXPANDED_ARCHIVES/DEMOCRACY_INFLUENCE_ALL_INVESTIGATIONS_2026-09-07/DEMOCRACY_INFLUENCE_ALL_INVESTIGATIONS_2026-09-07/02_INVESTIGATIONS/INV-093/RAW_BUNDLE/INV-093_INPUT.txt,2547,1024cec0816e579bf11b7c97fb511042c3dff509de0a1118bfb765938a48563e
02_MASTER_EVIDENCE_BASE/03_INVESTIGATIONS/02_EXPANDED_ARCHIVES/DEMOCRACY_INFLUENCE_ALL_INVESTIGATIONS_2026-09-07/DEMOCRACY_INFLUENCE_ALL_INVESTIGATIONS_2026-09-07/02_INVESTIGATIONS/INV-093/RAW_BUNDLE/INV-093_INVESTIGATION.md,73465,550bb01304486c054564e48da1a4482ac937e1e00f2865a2acec21a5f167d393
02_MASTER_EVIDENCE_BASE/03_INVESTIGATIONS/02_EXPANDED_ARCHIVES/DEMOCRACY_INFLUENCE_ALL_INVESTIGATIONS_2026-09-07/DEMOCRACY_INFLUENCE_ALL_INVESTIGATIONS_2026-09-07/02_INVESTIGATIONS/INV-093/RAW_BUNDLE/INV-093_MNEMO_SNAPSHOT.json,14807,28c3d83676e4525d372d967b1da87adf23e70b416d5c0c89541cb3242e93bbad
02_MASTER_EVIDENCE_BASE/03_INVESTIGATIONS/02_EXPANDED_ARCHIVES/DEMOCRACY_INFLUENCE_ALL_INVESTIGATIONS_2026-09-07/DEMOCRACY_INFLUENCE_ALL_INVESTIGATIONS_2026-09-07/02_INVESTIGATIONS/INV-093/RAW_BUNDLE/INV-093_NARRATIVE.tmp.md,12575,5f1ffe830d7cec97e1f7c0bcf8ed98210bbae07925a49781184a9aed4a3f0272
02_MASTER_EVIDENCE_BASE/03_INVESTIGATIONS/02_EXPANDED_ARCHIVES/DEMOCRACY_INFLUENCE_ALL_INVESTIGATIONS_2026-09-07/DEMOCRACY_INFLUENCE_ALL_INVESTIGATIONS_2026-09-07/02_INVESTIGATIONS/INV-093/RAW_BUNDLE/INV-093_POST_RUN_REVIEW.md,2620,876a0994c8a2c74847f6f977f44d8ac933f7319f099a45f2bd1a63291d4f62fe
02_MASTER_EVIDENCE_BASE/03_INVESTIGATIONS/02_EXPANDED_ARCHIVES/DEMOCRACY_INFLUENCE_ALL_INVESTIGATIONS_2026-09-07/DEMOCRACY_INFLUENCE_ALL_INVESTIGATIONS_2026-09-07/02_INVESTIGATIONS/INV-093/RAW_BUNDLE/INV-093_PRE_GATE.log,590,b233dacaaf8e5fa54b1dc3b519b7cd525652115f8137c4748d4db6d22db2d3b6
02_MASTER_EVIDENCE_BASE/03_INVESTIGATIONS/02_EXPANDED_ARCHIVES/DEMOCRACY_INFLUENCE_ALL_INVESTIGATIONS_2026-09-07/DEMOCRACY_INFLUENCE_ALL_INVESTIGATIONS_2026-09-07/02_INVESTIGATIONS/INV-093/RAW_BUNDLE/INV-093_RUN_CARD.md,2547,1024cec0816e579bf11b7c97fb511042c3dff509de0a1118bfb765938a48563e
02_MASTER_EVIDENCE_BASE/03_INVESTIGATIONS/02_EXPANDED_ARCHIVES/DEMOCRACY_INFLUENCE_ALL_INVESTIGATIONS_2026-09-07/DEMOCRACY_INFLUENCE_ALL_INVESTIGATIONS_2026-09-07/02_INVESTIGATIONS/INV-093/RAW_BUNDLE/INV-093_RUN_HANDOFF.md,2602,0b0feab1eab4df6e1799ac2bb16b7ad0d89bbfd9130fa886690c1e4c19c1b3d5
02_MASTER_EVIDENCE_BASE/03_INVESTIGATIONS/02_EXPANDED_ARCHIVES/DEMOCRACY_INFLUENCE_ALL_INVESTIGATIONS_2026-09-07/DEMOCRACY_INFLUENCE_ALL_INVESTIGATIONS_2026-09-07/02_INVESTIGATIONS/INV-093/RAW_BUNDLE/INV-093_RUN_STATE.json,61622,7f507d93ddeddbcf0c7825f19dd1b7b089126219906894efa2533cd635c13fb8
02_MASTER_EVIDENCE_BASE/03_INVESTIGATIONS/02_EXPANDED_ARCHIVES/DEMOCRACY_INFLUENCE_ALL_INVESTIGATIONS_2026-09-07/DEMOCRACY_INFLUENCE_ALL_INVESTIGATIONS_2026-09-07/02_INVESTIGATIONS/INV-093/RAW_BUNDLE/INV-093_SHA256.txt,1239,10703300fc1aac0fa5597dd74df99fa43f9b2e601e8aeb07acc4173265d7dd94
02_MASTER_EVIDENCE_BASE/03_INVESTIGATIONS/02_EXPANDED_ARCHIVES/DEMOCRACY_INFLUENCE_ALL_INVESTIGATIONS_2026-09-07/DEMOCRACY_INFLUENCE_ALL_INVESTIGATIONS_2026-09-07/02_INVESTIGATIONS/INV-100/RAW_BUNDLE/INV-100_CERTIFICATION.json,601,cc5306de0e1ecfcf76b061cf7efeb91914f2741cbd58c9ce51f80a84122bd966
02_MASTER_EVIDENCE_BASE/03_INVESTIGATIONS/02_EXPANDED_ARCHIVES/DEMOCRACY_INFLUENCE_ALL_INVESTIGATIONS_2026-09-07/DEMOCRACY_INFLUENCE_ALL_INVESTIGATIONS_2026-09-07/02_INVESTIGATIONS/INV-100/RAW_BUNDLE/INV-100_DELIVERY_GATE.json,600,f5536c5ca3824bba14a328f5a836f7015eb2350e98afbac9f2e1ed9bab279240
02_MASTER_EVIDENCE_BASE/03_INVESTIGATIONS/02_EXPANDED_ARCHIVES/DEMOCRACY_INFLUENCE_ALL_INVESTIGATIONS_2026-09-07/DEMOCRACY_INFLUENCE_ALL_INVESTIGATIONS_2026-09-07/02_INVESTIGATIONS/INV-100/RAW_BUNDLE/INV-100_INPUT.txt,2239,b2cb293b8a8f4df17a11640248479e706c08517230c798b1222522fb2c3f4c4e
02_MASTER_EVIDENCE_BASE/03_INVESTIGATIONS/02_EXPANDED_ARCHIVES/DEMOCRACY_INFLUENCE_ALL_INVESTIGATIONS_2026-09-07/DEMOCRACY_INFLUENCE_ALL_INVESTIGATIONS_2026-09-07/02_INVESTIGATIONS/INV-100/RAW_BUNDLE/INV-100_INVESTIGATION.md,72296,12a9cb06c54fbab16dba416a39b4c1e1355d76c67a492da577bdffb117e0d39e
02_MASTER_EVIDENCE_BASE/03_INVESTIGATIONS/02_EXPANDED_ARCHIVES/DEMOCRACY_INFLUENCE_ALL_INVESTIGATIONS_2026-09-07/DEMOCRACY_INFLUENCE_ALL_INVESTIGATIONS_2026-09-07/02_INVESTIGATIONS/INV-100/RAW_BUNDLE/INV-100_MNEMO_SNAPSHOT.json,14379,05efc4c9cbb536da523e1da936d7ab1d36e31fe2b2750f9331628f1bd45db436
02_MASTER_EVIDENCE_BASE/03_INVESTIGATIONS/02_EXPANDED_ARCHIVES/DEMOCRACY_INFLUENCE_ALL_INVESTIGATIONS_2026-09-07/DEMOCRACY_INFLUENCE_ALL_INVESTIGATIONS_2026-09-07/02_INVESTIGATIONS/INV-100/RAW_BUNDLE/INV-100_NARRATIVE.tmp.md,12293,d5141bb4c515fcc9edd9fc6216858f29a433a050f30b14d33684231fe08bd526
02_MASTER_EVIDENCE_BASE/03_INVESTIGATIONS/02_EXPANDED_ARCHIVES/DEMOCRACY_INFLUENCE_ALL_INVESTIGATIONS_2026-09-07/DEMOCRACY_INFLUENCE_ALL_INVESTIGATIONS_2026-09-07/02_INVESTIGATIONS/INV-100/RAW_BUNDLE/INV-100_POST_RUN_REVIEW.md,3265,a50e6f5a148acdeae5c2c5a0e04eed9ccd63acee48467ec5836721803f06debf
02_MASTER_EVIDENCE_BASE/03_INVESTIGATIONS/02_EXPANDED_ARCHIVES/DEMOCRACY_INFLUENCE_ALL_INVESTIGATIONS_2026-09-07/DEMOCRACY_INFLUENCE_ALL_INVESTIGATIONS_2026-09-07/02_INVESTIGATIONS/INV-100/RAW_BUNDLE/INV-100_PRE_GATE.json,596,4597b27cbc85db4734b856a46119824c9ccd3a017448b9907339262ad54fb4f3
02_MASTER_EVIDENCE_BASE/03_INVESTIGATIONS/02_EXPANDED_ARCHIVES/DEMOCRACY_INFLUENCE_ALL_INVESTIGATIONS_2026-09-07/DEMOCRACY_INFLUENCE_ALL_INVESTIGATIONS_2026-09-07/02_INVESTIGATIONS/INV-100/RAW_BUNDLE/INV-100_RUN_CARD.md,2239,b2cb293b8a8f4df17a11640248479e706c08517230c798b1222522fb2c3f4c4e
02_MASTER_EVIDENCE_BASE/03_INVESTIGATIONS/02_EXPANDED_ARCHIVES/DEMOCRACY_INFLUENCE_ALL_INVESTIGATIONS_2026-09-07/DEMOCRACY_INFLUENCE_ALL_INVESTIGATIONS_2026-09-07/02_INVESTIGATIONS/INV-100/RAW_BUNDLE/INV-100_RUN_HANDOFF.md,1524,aa8fb0bf28eb888c88e5c913703a9e5d008ab7dc73bd3e052e193dc98bd385e6
02_MASTER_EVIDENCE_BASE/03_INVESTIGATIONS/02_EXPANDED_ARCHIVES/DEMOCRACY_INFLUENCE_ALL_INVESTIGATIONS_2026-09-07/DEMOCRACY_INFLUENCE_ALL_INVESTIGATIONS_2026-09-07/02_INVESTIGATIONS/INV-100/RAW_BUNDLE/INV-100_RUN_STATE.json,60037,e7f622a0ecac98a16e3ce093bb8af8c72111f6027f45bc2138953f8de10cc95f
02_MASTER_EVIDENCE_BASE/03_INVESTIGATIONS/02_EXPANDED_ARCHIVES/DEMOCRACY_INFLUENCE_ALL_INVESTIGATIONS_2026-09-07/DEMOCRACY_INFLUENCE_ALL_INVESTIGATIONS_2026-09-07/02_INVESTIGATIONS/INV-100/RAW_BUNDLE/INV-100_SHA256.txt,991,009d4a9c050ea0495718a50f79cd7aa3b369a495449ddd63a930432adcd98378
02_MASTER_EVIDENCE_BASE/03_INVESTIGATIONS/02_EXPANDED_ARCHIVES/DEMOCRACY_INFLUENCE_ALL_INVESTIGATIONS_2026-09-07/DEMOCRACY_INFLUENCE_ALL_INVESTIGATIONS_2026-09-07/02_INVESTIGATIONS/INV-103/RAW_BUNDLE/INV-103/INV-103_PILOT_REVIEW.md,3099,afd4da3581a385f789774bc774282b3f99b88aa24380de82365d184fdfd5b514
02_MASTER_EVIDENCE_BASE/03_INVESTIGATIONS/02_EXPANDED_ARCHIVES/DEMOCRACY_INFLUENCE_ALL_INVESTIGATIONS_2026-09-07/DEMOCRACY_INFLUENCE_ALL_INVESTIGATIONS_2026-09-07/02_INVESTIGATIONS/INV-103/RAW_BUNDLE/INV-103/INV-103_RUN_HANDOFF.md,3606,b5bfb845e9f5ee571f577313a973c6bf15556ef64ebe63b5829d20f3c45f873f
02_MASTER_EVIDENCE_BASE/03_INVESTIGATIONS/02_EXPANDED_ARCHIVES/DEMOCRACY_INFLUENCE_ALL_INVESTIGATIONS_2026-09-07/DEMOCRACY_INFLUENCE_ALL_INVESTIGATIONS_2026-09-07/02_INVESTIGATIONS/INV-103/RAW_BUNDLE/INV-103/_CERTIFICATION.json,615,6939bbaa93d43bcec5559dcd7a73618d463b198f883126763c635de2338b20fc
02_MASTER_EVIDENCE_BASE/03_INVESTIGATIONS/02_EXPANDED_ARCHIVES/DEMOCRACY_INFLUENCE_ALL_INVESTIGATIONS_2026-09-07/DEMOCRACY_INFLUENCE_ALL_INVESTIGATIONS_2026-09-07/02_INVESTIGATIONS/INV-103/RAW_BUNDLE/INV-103/_INPUT.md,2169,9b5bee0c0312885ec7574edc58274ef80c4362376620424e90aedd3045d6a7c7
02_MASTER_EVIDENCE_BASE/03_INVESTIGATIONS/02_EXPANDED_ARCHIVES/DEMOCRACY_INFLUENCE_ALL_INVESTIGATIONS_2026-09-07/DEMOCRACY_INFLUENCE_ALL_INVESTIGATIONS_2026-09-07/02_INVESTIGATIONS/INV-103/RAW_BUNDLE/INV-103/_INVESTIGATION.md,46590,41d0b8d330aae2da557e97437cfc8fd4ba844005c606556571cfae853508a2da
02_MASTER_EVIDENCE_BASE/03_INVESTIGATIONS/02_EXPANDED_ARCHIVES/DEMOCRACY_INFLUENCE_ALL_INVESTIGATIONS_2026-09-07/DEMOCRACY_INFLUENCE_ALL_INVESTIGATIONS_2026-09-07/02_INVESTIGATIONS/INV-103/RAW_BUNDLE/INV-103/_MNEMO_SNAPSHOT.json,9734,34c65386beb45b5d886eb83e12d85515137e30494586d5dde1e382d069530a82
02_MASTER_EVIDENCE_BASE/03_INVESTIGATIONS/02_EXPANDED_ARCHIVES/DEMOCRACY_INFLUENCE_ALL_INVESTIGATIONS_2026-09-07/DEMOCRACY_INFLUENCE_ALL_INVESTIGATIONS_2026-09-07/02_INVESTIGATIONS/INV-103/RAW_BUNDLE/INV-103/_NARRATIVE.tmp.md,3180,f015b8b0505577bda825843d67728421b89dedadd8a4399e8ad1dcbcd728a488
02_MASTER_EVIDENCE_BASE/03_INVESTIGATIONS/02_EXPANDED_ARCHIVES/DEMOCRACY_INFLUENCE_ALL_INVESTIGATIONS_2026-09-07/DEMOCRACY_INFLUENCE_ALL_INVESTIGATIONS_2026-09-07/02_INVESTIGATIONS/INV-103/RAW_BUNDLE/INV-103/_RUN_STATE.json,43417,1d18fae4df92884883a198ff51cf1b9681f29cab00dd3116bd669ff0d12fede0
02_MASTER_EVIDENCE_BASE/03_INVESTIGATIONS/02_EXPANDED_ARCHIVES/DEMOCRACY_INFLUENCE_ALL_INVESTIGATIONS_2026-09-07/DEMOCRACY_INFLUENCE_ALL_INVESTIGATIONS_2026-09-07/02_INVESTIGATIONS/INV-128/RAW_BUNDLE/INV-128/INV-128_CERTIFICATION.json,581,53aa3196657f4d06c2299265fa76cddf1befc4e6c4761f1b1a057a63956c1829
02_MASTER_EVIDENCE_BASE/03_INVESTIGATIONS/02_EXPANDED_ARCHIVES/DEMOCRACY_INFLUENCE_ALL_INVESTIGATIONS_2026-09-07/DEMOCRACY_INFLUENCE_ALL_INVESTIGATIONS_2026-09-07/02_INVESTIGATIONS/INV-128/RAW_BUNDLE/INV-128/INV-128_INPUT.txt,2434,0d7909dfd828e3c222322bdf7365c5cb511a5b8c5537b28e2b04fd4c501a8f0e
02_MASTER_EVIDENCE_BASE/03_INVESTIGATIONS/02_EXPANDED_ARCHIVES/DEMOCRACY_INFLUENCE_ALL_INVESTIGATIONS_2026-09-07/DEMOCRACY_INFLUENCE_ALL_INVESTIGATIONS_2026-09-07/02_INVESTIGATIONS/INV-128/RAW_BUNDLE/INV-128/INV-128_INVESTIGATION.md,69898,f75c96e5b32e77d14e87ad78af1711c01c46023a2bfc62366f1f327cd6244053
02_MASTER_EVIDENCE_BASE/03_INVESTIGATIONS/02_EXPANDED_ARCHIVES/DEMOCRACY_INFLUENCE_ALL_INVESTIGATIONS_2026-09-07/DEMOCRACY_INFLUENCE_ALL_INVESTIGATIONS_2026-09-07/02_INVESTIGATIONS/INV-128/RAW_BUNDLE/INV-128/INV-128_MNEMO_SNAPSHOT.json,12111,6f9a74f7c985d39210eee1f0b9d7cda32ac240fd754d86ade315bb5a4c2032ac
02_MASTER_EVIDENCE_BASE/03_INVESTIGATIONS/02_EXPANDED_ARCHIVES/DEMOCRACY_INFLUENCE_ALL_INVESTIGATIONS_2026-09-07/DEMOCRACY_INFLUENCE_ALL_INVESTIGATIONS_2026-09-07/02_INVESTIGATIONS/INV-128/RAW_BUNDLE/INV-128/INV-128_NARRATIVE.tmp.md,14564,a6d6391201a8cefe965694a01344726109f26dea46873a6295885be188427d8b
02_MASTER_EVIDENCE_BASE/03_INVESTIGATIONS/02_EXPANDED_ARCHIVES/DEMOCRACY_INFLUENCE_ALL_INVESTIGATIONS_2026-09-07/DEMOCRACY_INFLUENCE_ALL_INVESTIGATIONS_2026-09-07/02_INVESTIGATIONS/INV-128/RAW_BUNDLE/INV-128/INV-128_POST_RUN_REVIEW.md,2881,f1d27435d96ed212b4d50e22102b1beb7b0c4f9426c5f46c5ad4a7351f688920
02_MASTER_EVIDENCE_BASE/03_INVESTIGATIONS/02_EXPANDED_ARCHIVES/DEMOCRACY_INFLUENCE_ALL_INVESTIGATIONS_2026-09-07/DEMOCRACY_INFLUENCE_ALL_INVESTIGATIONS_2026-09-07/02_INVESTIGATIONS/INV-128/RAW_BUNDLE/INV-128/INV-128_RUN_CARD.md,2434,0d7909dfd828e3c222322bdf7365c5cb511a5b8c5537b28e2b04fd4c501a8f0e
02_MASTER_EVIDENCE_BASE/03_INVESTIGATIONS/02_EXPANDED_ARCHIVES/DEMOCRACY_INFLUENCE_ALL_INVESTIGATIONS_2026-09-07/DEMOCRACY_INFLUENCE_ALL_INVESTIGATIONS_2026-09-07/02_INVESTIGATIONS/INV-128/RAW_BUNDLE/INV-128/INV-128_RUN_HANDOFF.md,4354,e6ebbe716642c098fccd8d02f7ebd4bb6677f8647b7022e530d0c83fbdfc977d
02_MASTER_EVIDENCE_BASE/03_INVESTIGATIONS/02_EXPANDED_ARCHIVES/DEMOCRACY_INFLUENCE_ALL_INVESTIGATIONS_2026-09-07/DEMOCRACY_INFLUENCE_ALL_INVESTIGATIONS_2026-09-07/02_INVESTIGATIONS/INV-128/RAW_BUNDLE/INV-128/INV-128_RUN_STATE.json,55816,5def101485cc650532a329dac98e6d87647aaaab96a9208d67c9b75337a37df4
02_MASTER_EVIDENCE_BASE/03_INVESTIGATIONS/02_EXPANDED_ARCHIVES/DEMOCRACY_INFLUENCE_ALL_INVESTIGATIONS_2026-09-07/DEMOCRACY_INFLUENCE_ALL_INVESTIGATIONS_2026-09-07/02_INVESTIGATIONS/INV-134/RAW_BUNDLE/INV-134/control/INV-134_POST_RUN_REVIEW.md,3615,bc893547b9cd5e3953859605b8c79b96a8fad8ce633122fe358ca3cf4b92fd6e
02_MASTER_EVIDENCE_BASE/03_INVESTIGATIONS/02_EXPANDED_ARCHIVES/DEMOCRACY_INFLUENCE_ALL_INVESTIGATIONS_2026-09-07/DEMOCRACY_INFLUENCE_ALL_INVESTIGATIONS_2026-09-07/02_INVESTIGATIONS/INV-134/RAW_BUNDLE/INV-134/control/INV-134_RUN_CARD.md,2160,785a52114285ad80ccf9bb44f8d39eea80e993e4a13bdd89b9669f85c42e0507
02_MASTER_EVIDENCE_BASE/03_INVESTIGATIONS/02_EXPANDED_ARCHIVES/DEMOCRACY_INFLUENCE_ALL_INVESTIGATIONS_2026-09-07/DEMOCRACY_INFLUENCE_ALL_INVESTIGATIONS_2026-09-07/02_INVESTIGATIONS/INV-134/RAW_BUNDLE/INV-134/control/INV-134_RUN_HANDOFF.md,4677,86ecbc873978c6a375d21dd9f145f299f2ba3edd8460615d040034b459e7cd6a
02_MASTER_EVIDENCE_BASE/03_INVESTIGATIONS/02_EXPANDED_ARCHIVES/DEMOCRACY_INFLUENCE_ALL_INVESTIGATIONS_2026-09-07/DEMOCRACY_INFLUENCE_ALL_INVESTIGATIONS_2026-09-07/02_INVESTIGATIONS/INV-134/RAW_BUNDLE/INV-134/control/INV-134_SHA256.txt,692,9a058418ef7f5eb78149485273f41b971e047f0c485152fe09511fea91361c96
02_MASTER_EVIDENCE_BASE/03_INVESTIGATIONS/02_EXPANDED_ARCHIVES/DEMOCRACY_INFLUENCE_ALL_INVESTIGATIONS_2026-09-07/DEMOCRACY_INFLUENCE_ALL_INVESTIGATIONS_2026-09-07/02_INVESTIGATIONS/INV-134/RAW_BUNDLE/INV-134/truth-engine/2026-09-06_18-05_attribution-ingerence_CERTIFICATION.json,587,d0604957a408ea1f6dec5b7a28895e6962fd4cc94078158bde385760a11ddfe2
02_MASTER_EVIDENCE_BASE/03_INVESTIGATIONS/02_EXPANDED_ARCHIVES/DEMOCRACY_INFLUENCE_ALL_INVESTIGATIONS_2026-09-07/DEMOCRACY_INFLUENCE_ALL_INVESTIGATIONS_2026-09-07/02_INVESTIGATIONS/INV-134/RAW_BUNDLE/INV-134/truth-engine/2026-09-06_18-05_attribution-ingerence_INPUT.txt,2160,785a52114285ad80ccf9bb44f8d39eea80e993e4a13bdd89b9669f85c42e0507
02_MASTER_EVIDENCE_BASE/03_INVESTIGATIONS/02_EXPANDED_ARCHIVES/DEMOCRACY_INFLUENCE_ALL_INVESTIGATIONS_2026-09-07/DEMOCRACY_INFLUENCE_ALL_INVESTIGATIONS_2026-09-07/02_INVESTIGATIONS/INV-134/RAW_BUNDLE/INV-134/truth-engine/2026-09-06_18-05_attribution-ingerence_INVESTIGATION.md,76324,1af305d79fa8357672d05408c56994be5c20d640beee77929a4eed876eced56a
02_MASTER_EVIDENCE_BASE/03_INVESTIGATIONS/02_EXPANDED_ARCHIVES/DEMOCRACY_INFLUENCE_ALL_INVESTIGATIONS_2026-09-07/DEMOCRACY_INFLUENCE_ALL_INVESTIGATIONS_2026-09-07/02_INVESTIGATIONS/INV-134/RAW_BUNDLE/INV-134/truth-engine/2026-09-06_18-05_attribution-ingerence_MNEMO_SNAPSHOT.json,13658,7baf5211ab0dce1d9fd8880289d9b281bd93e985b591c236f67d84ca02cb0522
02_MASTER_EVIDENCE_BASE/03_INVESTIGATIONS/02_EXPANDED_ARCHIVES/DEMOCRACY_INFLUENCE_ALL_INVESTIGATIONS_2026-09-07/DEMOCRACY_INFLUENCE_ALL_INVESTIGATIONS_2026-09-07/02_INVESTIGATIONS/INV-134/RAW_BUNDLE/INV-134/truth-engine/2026-09-06_18-05_attribution-ingerence_NARRATIVE.tmp.md,16492,45e7ee6b35902d0a9c877b0f5f48349464b2b7eae24565f1b66a8fd282286f06
02_MASTER_EVIDENCE_BASE/03_INVESTIGATIONS/02_EXPANDED_ARCHIVES/DEMOCRACY_INFLUENCE_ALL_INVESTIGATIONS_2026-09-07/DEMOCRACY_INFLUENCE_ALL_INVESTIGATIONS_2026-09-07/02_INVESTIGATIONS/INV-134/RAW_BUNDLE/INV-134/truth-engine/2026-09-06_18-05_attribution-ingerence_RUN_STATE.json,58628,d02ae6caec9ac1ae4ad552f72bc8b1bdda05cd1bad80983c0e79265cd4dd31c4
02_MASTER_EVIDENCE_BASE/03_INVESTIGATIONS/02_EXPANDED_ARCHIVES/DEMOCRACY_INFLUENCE_ALL_INVESTIGATIONS_2026-09-07/DEMOCRACY_INFLUENCE_ALL_INVESTIGATIONS_2026-09-07/02_INVESTIGATIONS/INV-135/RAW_BUNDLE/INV-135/DASHBOARD.md,1182,df38dd982493d465ba94dac2de40d133b48e84d1b91b8fa75b09118a50322624
02_MASTER_EVIDENCE_BASE/03_INVESTIGATIONS/02_EXPANDED_ARCHIVES/DEMOCRACY_INFLUENCE_ALL_INVESTIGATIONS_2026-09-07/DEMOCRACY_INFLUENCE_ALL_INVESTIGATIONS_2026-09-07/02_INVESTIGATIONS/INV-135/RAW_BUNDLE/INV-135/INV-135_CERTIFICATION.json,571,e5adb53fbae32d5a635a4de237895429fc3422ca1eea116d8d28f84e3000531b
02_MASTER_EVIDENCE_BASE/03_INVESTIGATIONS/02_EXPANDED_ARCHIVES/DEMOCRACY_INFLUENCE_ALL_INVESTIGATIONS_2026-09-07/DEMOCRACY_INFLUENCE_ALL_INVESTIGATIONS_2026-09-07/02_INVESTIGATIONS/INV-135/RAW_BUNDLE/INV-135/INV-135_INPUT.txt,1822,ba4fd06707cd8aefba0339919bee3e97d81e6109f5370385a293c817b2b75c7b
02_MASTER_EVIDENCE_BASE/03_INVESTIGATIONS/02_EXPANDED_ARCHIVES/DEMOCRACY_INFLUENCE_ALL_INVESTIGATIONS_2026-09-07/DEMOCRACY_INFLUENCE_ALL_INVESTIGATIONS_2026-09-07/02_INVESTIGATIONS/INV-135/RAW_BUNDLE/INV-135/INV-135_INVESTIGATION.md,80221,353a82a97819f95366c9ab146b64c2ed72865fd4df2fec2cfd168bad6c555c72
02_MASTER_EVIDENCE_BASE/03_INVESTIGATIONS/02_EXPANDED_ARCHIVES/DEMOCRACY_INFLUENCE_ALL_INVESTIGATIONS_2026-09-07/DEMOCRACY_INFLUENCE_ALL_INVESTIGATIONS_2026-09-07/02_INVESTIGATIONS/INV-135/RAW_BUNDLE/INV-135/INV-135_MNEMO_SNAPSHOT.json,13954,40609a97752c9c0f3615876b029e9289cea11e1a0c7e8cb8d4db2e271e100651
02_MASTER_EVIDENCE_BASE/03_INVESTIGATIONS/02_EXPANDED_ARCHIVES/DEMOCRACY_INFLUENCE_ALL_INVESTIGATIONS_2026-09-07/DEMOCRACY_INFLUENCE_ALL_INVESTIGATIONS_2026-09-07/02_INVESTIGATIONS/INV-135/RAW_BUNDLE/INV-135/INV-135_NARRATIVE.tmp.md,17711,714c6133423fa2cd9874acbbac42385638520e6e461e0fd016b75c4676855124
02_MASTER_EVIDENCE_BASE/03_INVESTIGATIONS/02_EXPANDED_ARCHIVES/DEMOCRACY_INFLUENCE_ALL_INVESTIGATIONS_2026-09-07/DEMOCRACY_INFLUENCE_ALL_INVESTIGATIONS_2026-09-07/02_INVESTIGATIONS/INV-135/RAW_BUNDLE/INV-135/INV-135_POST_RUN_REVIEW.md,3295,f7a513568c02242ef179f3ddbf0aa15c71b6c9f923fd2c3a311c5bcd7f7e7731
02_MASTER_EVIDENCE_BASE/03_INVESTIGATIONS/02_EXPANDED_ARCHIVES/DEMOCRACY_INFLUENCE_ALL_INVESTIGATIONS_2026-09-07/DEMOCRACY_INFLUENCE_ALL_INVESTIGATIONS_2026-09-07/02_INVESTIGATIONS/INV-135/RAW_BUNDLE/INV-135/INV-135_RUN_CARD.md,1822,ba4fd06707cd8aefba0339919bee3e97d81e6109f5370385a293c817b2b75c7b
02_MASTER_EVIDENCE_BASE/03_INVESTIGATIONS/02_EXPANDED_ARCHIVES/DEMOCRACY_INFLUENCE_ALL_INVESTIGATIONS_2026-09-07/DEMOCRACY_INFLUENCE_ALL_INVESTIGATIONS_2026-09-07/02_INVESTIGATIONS/INV-135/RAW_BUNDLE/INV-135/INV-135_RUN_HANDOFF.md,4587,656b7327adaeb9c776c276883292f54f4ff53d4d41607c14bd4a76532ca03187
02_MASTER_EVIDENCE_BASE/03_INVESTIGATIONS/02_EXPANDED_ARCHIVES/DEMOCRACY_INFLUENCE_ALL_INVESTIGATIONS_2026-09-07/DEMOCRACY_INFLUENCE_ALL_INVESTIGATIONS_2026-09-07/02_INVESTIGATIONS/INV-135/RAW_BUNDLE/INV-135/INV-135_RUN_STATE.json,60302,5c7992ce7053679df40f5425b30c681982c9bee03b105312bcb6422a31a62ac3
02_MASTER_EVIDENCE_BASE/03_INVESTIGATIONS/02_EXPANDED_ARCHIVES/DEMOCRACY_INFLUENCE_ALL_INVESTIGATIONS_2026-09-07/DEMOCRACY_INFLUENCE_ALL_INVESTIGATIONS_2026-09-07/02_INVESTIGATIONS/INV-135/RAW_BUNDLE/INV-135/INV-135_SHA256.txt,810,6af2d0166dc187631d8910f78a5818f55c94b2d0e1cf96297e5d762b70f9cc6e
02_MASTER_EVIDENCE_BASE/03_INVESTIGATIONS/02_EXPANDED_ARCHIVES/DEMOCRACY_INFLUENCE_ALL_INVESTIGATIONS_2026-09-07/DEMOCRACY_INFLUENCE_ALL_INVESTIGATIONS_2026-09-07/02_INVESTIGATIONS/INV-135/RAW_BUNDLE/INV-135/INVESTIGATION_REGISTRY.csv,88408,3a9612a7e9d9fc5c06290eaf3e13e5a89d72a6518380803fdb39bdfcfab38f2f
02_MASTER_EVIDENCE_BASE/03_INVESTIGATIONS/02_EXPANDED_ARCHIVES/DEMOCRACY_INFLUENCE_ALL_INVESTIGATIONS_2026-09-07/DEMOCRACY_INFLUENCE_ALL_INVESTIGATIONS_2026-09-07/02_INVESTIGATIONS/INV-135/RAW_BUNDLE/INV-135/TRACELOG.md,7818,9ab8c5e4b4e9483564e7709f174fa7e051ef76131dce0de465b3bc3c0a074e15
02_MASTER_EVIDENCE_BASE/03_INVESTIGATIONS/02_EXPANDED_ARCHIVES/DEMOCRACY_INFLUENCE_ALL_INVESTIGATIONS_2026-09-07/DEMOCRACY_INFLUENCE_ALL_INVESTIGATIONS_2026-09-07/02_INVESTIGATIONS/INV-136/RAW_BUNDLE/INV-136/INV-136_POST_RUN_REVIEW.md,3932,77ec6b79d0a69bdc8ec9d9530a439e470bbd77ed41a8d13fc82bf04b9d4e84de
02_MASTER_EVIDENCE_BASE/03_INVESTIGATIONS/02_EXPANDED_ARCHIVES/DEMOCRACY_INFLUENCE_ALL_INVESTIGATIONS_2026-09-07/DEMOCRACY_INFLUENCE_ALL_INVESTIGATIONS_2026-09-07/02_INVESTIGATIONS/INV-136/RAW_BUNDLE/INV-136/INV-136_RUN_CARD.md,1986,d7ed08f318f9baee19453e309e66a0efe40d87a57e1f83ec244870527b313a74
02_MASTER_EVIDENCE_BASE/03_INVESTIGATIONS/02_EXPANDED_ARCHIVES/DEMOCRACY_INFLUENCE_ALL_INVESTIGATIONS_2026-09-07/DEMOCRACY_INFLUENCE_ALL_INVESTIGATIONS_2026-09-07/02_INVESTIGATIONS/INV-136/RAW_BUNDLE/INV-136/INV-136_RUN_HANDOFF.md,4311,89ec70a74acccd17ec08856f6d2368b124cc34ee354f6f8b0fd78acd86175f9b
02_MASTER_EVIDENCE_BASE/03_INVESTIGATIONS/02_EXPANDED_ARCHIVES/DEMOCRACY_INFLUENCE_ALL_INVESTIGATIONS_2026-09-07/DEMOCRACY_INFLUENCE_ALL_INVESTIGATIONS_2026-09-07/02_INVESTIGATIONS/INV-136/RAW_BUNDLE/INV-136/INV-136_SHA256.txt,724,1bbc91a07a064947075e6f1e44a05aacf3c82f977df45d1c1e6e6952bebab25f
02_MASTER_EVIDENCE_BASE/03_INVESTIGATIONS/02_EXPANDED_ARCHIVES/DEMOCRACY_INFLUENCE_ALL_INVESTIGATIONS_2026-09-07/DEMOCRACY_INFLUENCE_ALL_INVESTIGATIONS_2026-09-07/02_INVESTIGATIONS/INV-136/RAW_BUNDLE/INV-136/_CERTIFICATION.json,591,1930d6ceaf4380384fd30e5e2119fa3d7d9ec13c779cd12e6674571bf69d4da8
02_MASTER_EVIDENCE_BASE/03_INVESTIGATIONS/02_EXPANDED_ARCHIVES/DEMOCRACY_INFLUENCE_ALL_INVESTIGATIONS_2026-09-07/DEMOCRACY_INFLUENCE_ALL_INVESTIGATIONS_2026-09-07/02_INVESTIGATIONS/INV-136/RAW_BUNDLE/INV-136/_INPUT.txt,1986,d7ed08f318f9baee19453e309e66a0efe40d87a57e1f83ec244870527b313a74
02_MASTER_EVIDENCE_BASE/03_INVESTIGATIONS/02_EXPANDED_ARCHIVES/DEMOCRACY_INFLUENCE_ALL_INVESTIGATIONS_2026-09-07/DEMOCRACY_INFLUENCE_ALL_INVESTIGATIONS_2026-09-07/02_INVESTIGATIONS/INV-136/RAW_BUNDLE/INV-136/_INVESTIGATION.md,71010,64e654d0ae7a34168c47b47234757787ff91295c1655b37c526478857f3cc899
02_MASTER_EVIDENCE_BASE/03_INVESTIGATIONS/02_EXPANDED_ARCHIVES/DEMOCRACY_INFLUENCE_ALL_INVESTIGATIONS_2026-09-07/DEMOCRACY_INFLUENCE_ALL_INVESTIGATIONS_2026-09-07/02_INVESTIGATIONS/INV-136/RAW_BUNDLE/INV-136/_MNEMO_SNAPSHOT.json,12624,004d81e270ec41b0bb49150a3c87135725f707ecbd1debc99593b82a38bf340e
02_MASTER_EVIDENCE_BASE/03_INVESTIGATIONS/02_EXPANDED_ARCHIVES/DEMOCRACY_INFLUENCE_ALL_INVESTIGATIONS_2026-09-07/DEMOCRACY_INFLUENCE_ALL_INVESTIGATIONS_2026-09-07/02_INVESTIGATIONS/INV-136/RAW_BUNDLE/INV-136/_NARRATIVE.tmp.md,7177,bf26bba3156f93ca28e6bdf4802b007f26b4dcb1b68301d004225bef97e2f1ff
02_MASTER_EVIDENCE_BASE/03_INVESTIGATIONS/02_EXPANDED_ARCHIVES/DEMOCRACY_INFLUENCE_ALL_INVESTIGATIONS_2026-09-07/DEMOCRACY_INFLUENCE_ALL_INVESTIGATIONS_2026-09-07/02_INVESTIGATIONS/INV-136/RAW_BUNDLE/INV-136/_RUN_STATE.json,62601,bc4cb81cb0f6f91d62dcf9acaf96b5f7392ef6661b6c9fb5c0e72af181908aba
02_MASTER_EVIDENCE_BASE/03_INVESTIGATIONS/02_EXPANDED_ARCHIVES/DEMOCRACY_INFLUENCE_ALL_INVESTIGATIONS_2026-09-07/DEMOCRACY_INFLUENCE_ALL_INVESTIGATIONS_2026-09-07/02_INVESTIGATIONS/INV-137/RAW_BUNDLE/INV-137/control/DASHBOARD.md,1182,df38dd982493d465ba94dac2de40d133b48e84d1b91b8fa75b09118a50322624
02_MASTER_EVIDENCE_BASE/03_INVESTIGATIONS/02_EXPANDED_ARCHIVES/DEMOCRACY_INFLUENCE_ALL_INVESTIGATIONS_2026-09-07/DEMOCRACY_INFLUENCE_ALL_INVESTIGATIONS_2026-09-07/02_INVESTIGATIONS/INV-137/RAW_BUNDLE/INV-137/control/INV-137_POST_RUN_REVIEW.md,3353,49a2303be32c068d326ad63b90844146cd38a5577c267f77814e3945e41b95bd
02_MASTER_EVIDENCE_BASE/03_INVESTIGATIONS/02_EXPANDED_ARCHIVES/DEMOCRACY_INFLUENCE_ALL_INVESTIGATIONS_2026-09-07/DEMOCRACY_INFLUENCE_ALL_INVESTIGATIONS_2026-09-07/02_INVESTIGATIONS/INV-137/RAW_BUNDLE/INV-137/control/INV-137_RUN_CARD.md,1901,f16c6d16732be42fc4b1c6ed007be384d283dc13f58161a4f966140218c43218
02_MASTER_EVIDENCE_BASE/03_INVESTIGATIONS/02_EXPANDED_ARCHIVES/DEMOCRACY_INFLUENCE_ALL_INVESTIGATIONS_2026-09-07/DEMOCRACY_INFLUENCE_ALL_INVESTIGATIONS_2026-09-07/02_INVESTIGATIONS/INV-137/RAW_BUNDLE/INV-137/control/INV-137_RUN_HANDOFF.md,4644,ffe90b6162ddec2d94bd84cf90fadaa18829b18ff6ce03c6f32970ea9092a85f
02_MASTER_EVIDENCE_BASE/03_INVESTIGATIONS/02_EXPANDED_ARCHIVES/DEMOCRACY_INFLUENCE_ALL_INVESTIGATIONS_2026-09-07/DEMOCRACY_INFLUENCE_ALL_INVESTIGATIONS_2026-09-07/02_INVESTIGATIONS/INV-137/RAW_BUNDLE/INV-137/control/INV-137_SHA256.txt,809,99e1aa3d78a36726da49ae3e64419eda31c69a880ead0812579d5607ed1b5dfd
02_MASTER_EVIDENCE_BASE/03_INVESTIGATIONS/02_EXPANDED_ARCHIVES/DEMOCRACY_INFLUENCE_ALL_INVESTIGATIONS_2026-09-07/DEMOCRACY_INFLUENCE_ALL_INVESTIGATIONS_2026-09-07/02_INVESTIGATIONS/INV-137/RAW_BUNDLE/INV-137/control/INVESTIGATION_REGISTRY.csv,88550,516b4e2983457004c3a7314bd15cb43cfbf9978cf50b7767f16fc9d6dfcc32de
02_MASTER_EVIDENCE_BASE/03_INVESTIGATIONS/02_EXPANDED_ARCHIVES/DEMOCRACY_INFLUENCE_ALL_INVESTIGATIONS_2026-09-07/DEMOCRACY_INFLUENCE_ALL_INVESTIGATIONS_2026-09-07/02_INVESTIGATIONS/INV-137/RAW_BUNDLE/INV-137/control/METHOD_PACK.md,6468,2b82f9e415b739e16252f845910c7d4b91600446e2e1d5010d3c4e14fa06635c
02_MASTER_EVIDENCE_BASE/03_INVESTIGATIONS/02_EXPANDED_ARCHIVES/DEMOCRACY_INFLUENCE_ALL_INVESTIGATIONS_2026-09-07/DEMOCRACY_INFLUENCE_ALL_INVESTIGATIONS_2026-09-07/02_INVESTIGATIONS/INV-137/RAW_BUNDLE/INV-137/control/TRACELOG.md,9898,76f87b23b8727449a7538348f30001839b16a7dd1b84ded4b8a5a22bb79b40cc
02_MASTER_EVIDENCE_BASE/03_INVESTIGATIONS/02_EXPANDED_ARCHIVES/DEMOCRACY_INFLUENCE_ALL_INVESTIGATIONS_2026-09-07/DEMOCRACY_INFLUENCE_ALL_INVESTIGATIONS_2026-09-07/02_INVESTIGATIONS/INV-137/RAW_BUNDLE/INV-137/truth-engine/2026-09-06_20-25_renseignement-executif-medias_CERTIFICATION.json,603,b94dd4354291538dc54d0c37a306b9d29d1657cc5503748bb0c79b8e40dde256
02_MASTER_EVIDENCE_BASE/03_INVESTIGATIONS/02_EXPANDED_ARCHIVES/DEMOCRACY_INFLUENCE_ALL_INVESTIGATIONS_2026-09-07/DEMOCRACY_INFLUENCE_ALL_INVESTIGATIONS_2026-09-07/02_INVESTIGATIONS/INV-137/RAW_BUNDLE/INV-137/truth-engine/2026-09-06_20-25_renseignement-executif-medias_INPUT.md,1901,f16c6d16732be42fc4b1c6ed007be384d283dc13f58161a4f966140218c43218
02_MASTER_EVIDENCE_BASE/03_INVESTIGATIONS/02_EXPANDED_ARCHIVES/DEMOCRACY_INFLUENCE_ALL_INVESTIGATIONS_2026-09-07/DEMOCRACY_INFLUENCE_ALL_INVESTIGATIONS_2026-09-07/02_INVESTIGATIONS/INV-137/RAW_BUNDLE/INV-137/truth-engine/2026-09-06_20-25_renseignement-executif-medias_INVESTIGATION.md,71291,8dc049a5ba14faa972fd2db9f3aca2d8eeedf2954fc085900b51a4a5db92ee04
02_MASTER_EVIDENCE_BASE/03_INVESTIGATIONS/02_EXPANDED_ARCHIVES/DEMOCRACY_INFLUENCE_ALL_INVESTIGATIONS_2026-09-07/DEMOCRACY_INFLUENCE_ALL_INVESTIGATIONS_2026-09-07/02_INVESTIGATIONS/INV-137/RAW_BUNDLE/INV-137/truth-engine/2026-09-06_20-25_renseignement-executif-medias_MNEMO_SNAPSHOT.json,13155,4f4b0ff325821e1e36e4dc3606c8d88527dccb152777a0f3fc446f3ad091816c
02_MASTER_EVIDENCE_BASE/03_INVESTIGATIONS/02_EXPANDED_ARCHIVES/DEMOCRACY_INFLUENCE_ALL_INVESTIGATIONS_2026-09-07/DEMOCRACY_INFLUENCE_ALL_INVESTIGATIONS_2026-09-07/02_INVESTIGATIONS/INV-137/RAW_BUNDLE/INV-137/truth-engine/2026-09-06_20-25_renseignement-executif-medias_NARRATIVE.tmp.md,8497,f43d9582377230e9d09a0f33b5d3dec6379fccd21e9d12bae54f2c73f737183d
02_MASTER_EVIDENCE_BASE/03_INVESTIGATIONS/02_EXPANDED_ARCHIVES/DEMOCRACY_INFLUENCE_ALL_INVESTIGATIONS_2026-09-07/DEMOCRACY_INFLUENCE_ALL_INVESTIGATIONS_2026-09-07/02_INVESTIGATIONS/INV-137/RAW_BUNDLE/INV-137/truth-engine/2026-09-06_20-25_renseignement-executif-medias_RUN_STATE.json,61886,57518a4fbfef88be2e13945c70af57100614e2a7045391896706568af076287a
02_MASTER_EVIDENCE_BASE/03_INVESTIGATIONS/02_EXPANDED_ARCHIVES/DEMOCRACY_INFLUENCE_ALL_INVESTIGATIONS_2026-09-07/DEMOCRACY_INFLUENCE_ALL_INVESTIGATIONS_2026-09-07/02_INVESTIGATIONS/INV-138/CANONICAL_ASSEMBLED/INV-138_CERTIFICATION.json,642,408f61f103cf319efda30439626f86a038a3b54608496a522b46607a97ee53cc
02_MASTER_EVIDENCE_BASE/03_INVESTIGATIONS/02_EXPANDED_ARCHIVES/DEMOCRACY_INFLUENCE_ALL_INVESTIGATIONS_2026-09-07/DEMOCRACY_INFLUENCE_ALL_INVESTIGATIONS_2026-09-07/02_INVESTIGATIONS/INV-138/CANONICAL_ASSEMBLED/INV-138_INPUT.md,2065,12d28e0dcfe9e054848adcedd88cb5073bc28a38297b68e9616dc5c30dc0dc0b
02_MASTER_EVIDENCE_BASE/03_INVESTIGATIONS/02_EXPANDED_ARCHIVES/DEMOCRACY_INFLUENCE_ALL_INVESTIGATIONS_2026-09-07/DEMOCRACY_INFLUENCE_ALL_INVESTIGATIONS_2026-09-07/02_INVESTIGATIONS/INV-138/CANONICAL_ASSEMBLED/INV-138_INVESTIGATION.md,108033,54cc64ec22dff754b445b41bb921b9dd7b90c1397c4938a891f79675e050d823
02_MASTER_EVIDENCE_BASE/03_INVESTIGATIONS/02_EXPANDED_ARCHIVES/DEMOCRACY_INFLUENCE_ALL_INVESTIGATIONS_2026-09-07/DEMOCRACY_INFLUENCE_ALL_INVESTIGATIONS_2026-09-07/02_INVESTIGATIONS/INV-138/CANONICAL_ASSEMBLED/INV-138_MNEMO_SNAPSHOT.json,16966,6f92ae672014397387c9c89f68cc838224f61e455c59e6130127a0f2400d934b
02_MASTER_EVIDENCE_BASE/03_INVESTIGATIONS/02_EXPANDED_ARCHIVES/DEMOCRACY_INFLUENCE_ALL_INVESTIGATIONS_2026-09-07/DEMOCRACY_INFLUENCE_ALL_INVESTIGATIONS_2026-09-07/02_INVESTIGATIONS/INV-138/CANONICAL_ASSEMBLED/INV-138_NARRATIVE.tmp.md,19151,bbd21ab2ed3ab616e43c6677d2320de2e3f5223c6090ff333da783f1ac6e4352
02_MASTER_EVIDENCE_BASE/03_INVESTIGATIONS/02_EXPANDED_ARCHIVES/DEMOCRACY_INFLUENCE_ALL_INVESTIGATIONS_2026-09-07/DEMOCRACY_INFLUENCE_ALL_INVESTIGATIONS_2026-09-07/02_INVESTIGATIONS/INV-138/CANONICAL_ASSEMBLED/INV-138_POST_RUN_REVIEW.md,3366,4e5549ce441526a55a66d3edd5e9fffd5cb5f3a967014c16d05f82f86414f85b
02_MASTER_EVIDENCE_BASE/03_INVESTIGATIONS/02_EXPANDED_ARCHIVES/DEMOCRACY_INFLUENCE_ALL_INVESTIGATIONS_2026-09-07/DEMOCRACY_INFLUENCE_ALL_INVESTIGATIONS_2026-09-07/02_INVESTIGATIONS/INV-138/CANONICAL_ASSEMBLED/INV-138_RUN_CARD.md,2065,12d28e0dcfe9e054848adcedd88cb5073bc28a38297b68e9616dc5c30dc0dc0b
02_MASTER_EVIDENCE_BASE/03_INVESTIGATIONS/02_EXPANDED_ARCHIVES/DEMOCRACY_INFLUENCE_ALL_INVESTIGATIONS_2026-09-07/DEMOCRACY_INFLUENCE_ALL_INVESTIGATIONS_2026-09-07/02_INVESTIGATIONS/INV-138/CANONICAL_ASSEMBLED/INV-138_RUN_HANDOFF.md,3725,33cf00cd572c2109187d853d87848aa22c0d81371fdbfcc089e3a085d8551845
02_MASTER_EVIDENCE_BASE/03_INVESTIGATIONS/02_EXPANDED_ARCHIVES/DEMOCRACY_INFLUENCE_ALL_INVESTIGATIONS_2026-09-07/DEMOCRACY_INFLUENCE_ALL_INVESTIGATIONS_2026-09-07/02_INVESTIGATIONS/INV-138/CANONICAL_ASSEMBLED/INV-138_RUN_STATE.json,85547,fdf03f019a5e7498da9e59bfb8ab3c9eab6fe88b383563a61f6636dcb1f6b413
02_MASTER_EVIDENCE_BASE/03_INVESTIGATIONS/02_EXPANDED_ARCHIVES/DEMOCRACY_INFLUENCE_ALL_INVESTIGATIONS_2026-09-07/DEMOCRACY_INFLUENCE_ALL_INVESTIGATIONS_2026-09-07/02_INVESTIGATIONS/INV-138/CANONICAL_ASSEMBLED/INV-138_SHA256.txt,1005,0d21ad6105e1dfba61a7e990dcbcc568a317e7fb01f45c8e679ae765a76fdd97
02_MASTER_EVIDENCE_BASE/03_INVESTIGATIONS/02_EXPANDED_ARCHIVES/DEMOCRACY_INFLUENCE_ALL_INVESTIGATIONS_2026-09-07/DEMOCRACY_INFLUENCE_ALL_INVESTIGATIONS_2026-09-07/02_INVESTIGATIONS/INV-139/RECOVERY_ONLY/INV-139_RECOVERY_HANDOFF.md,3940,4f1519ff60088529dcb42bed830fc5df8c8aa2218063e3dcb73f8e0d11a8405a
02_MASTER_EVIDENCE_BASE/03_INVESTIGATIONS/02_EXPANDED_ARCHIVES/DEMOCRACY_INFLUENCE_ALL_INVESTIGATIONS_2026-09-07/DEMOCRACY_INFLUENCE_ALL_INVESTIGATIONS_2026-09-07/02_INVESTIGATIONS/INV-140/RECOVERY_ONLY/INV-140_RECOVERY_HANDOFF.md,3023,aec894571a3eee531ea92bd386da1ecb664e9a7bd27c82ee2a73b330f26cb083
02_MASTER_EVIDENCE_BASE/03_INVESTIGATIONS/02_EXPANDED_ARCHIVES/DEMOCRACY_INFLUENCE_ALL_INVESTIGATIONS_2026-09-07/DEMOCRACY_INFLUENCE_ALL_INVESTIGATIONS_2026-09-07/02_INVESTIGATIONS/INV-145/RAW_BUNDLE/INV-145_CERTIFICATION.json,626,1f8c86a3884f57bebe813807eeaecce4f87871660064d781babf77c8bbf220e4
02_MASTER_EVIDENCE_BASE/03_INVESTIGATIONS/02_EXPANDED_ARCHIVES/DEMOCRACY_INFLUENCE_ALL_INVESTIGATIONS_2026-09-07/DEMOCRACY_INFLUENCE_ALL_INVESTIGATIONS_2026-09-07/02_INVESTIGATIONS/INV-145/RAW_BUNDLE/INV-145_INPUT.md,2017,71922fc117f2e36bfe0ae71bc90f74050b5d1c011abef1eca1def5dae945f591
02_MASTER_EVIDENCE_BASE/03_INVESTIGATIONS/02_EXPANDED_ARCHIVES/DEMOCRACY_INFLUENCE_ALL_INVESTIGATIONS_2026-09-07/DEMOCRACY_INFLUENCE_ALL_INVESTIGATIONS_2026-09-07/02_INVESTIGATIONS/INV-145/RAW_BUNDLE/INV-145_INVESTIGATION.md,62513,2bc95a3d85ae5b0d7abda185b350067600ca3bd8e544d10a942f157940ac0c5a
02_MASTER_EVIDENCE_BASE/03_INVESTIGATIONS/02_EXPANDED_ARCHIVES/DEMOCRACY_INFLUENCE_ALL_INVESTIGATIONS_2026-09-07/DEMOCRACY_INFLUENCE_ALL_INVESTIGATIONS_2026-09-07/02_INVESTIGATIONS/INV-145/RAW_BUNDLE/INV-145_MNEMO_SNAPSHOT.json,11405,447d8e54218025c4366dd26732b367124025d1332ec977e064ce0281f9b3c631
02_MASTER_EVIDENCE_BASE/03_INVESTIGATIONS/02_EXPANDED_ARCHIVES/DEMOCRACY_INFLUENCE_ALL_INVESTIGATIONS_2026-09-07/DEMOCRACY_INFLUENCE_ALL_INVESTIGATIONS_2026-09-07/02_INVESTIGATIONS/INV-145/RAW_BUNDLE/INV-145_NARRATIVE.tmp.md,8222,9d35e65297f885ae9c5b11ca293652b0cd90aa92d8f10ecfcd0cdf9d93be82e4
02_MASTER_EVIDENCE_BASE/03_INVESTIGATIONS/02_EXPANDED_ARCHIVES/DEMOCRACY_INFLUENCE_ALL_INVESTIGATIONS_2026-09-07/DEMOCRACY_INFLUENCE_ALL_INVESTIGATIONS_2026-09-07/02_INVESTIGATIONS/INV-145/RAW_BUNDLE/INV-145_POST_RUN_REVIEW.md,2884,4a65d3d8ee5da97fb1556cc39a82ff3cd66521b80c95a5b0f29f30d0ffe4461f
02_MASTER_EVIDENCE_BASE/03_INVESTIGATIONS/02_EXPANDED_ARCHIVES/DEMOCRACY_INFLUENCE_ALL_INVESTIGATIONS_2026-09-07/DEMOCRACY_INFLUENCE_ALL_INVESTIGATIONS_2026-09-07/02_INVESTIGATIONS/INV-145/RAW_BUNDLE/INV-145_RUN_CARD.md,2017,71922fc117f2e36bfe0ae71bc90f74050b5d1c011abef1eca1def5dae945f591
02_MASTER_EVIDENCE_BASE/03_INVESTIGATIONS/02_EXPANDED_ARCHIVES/DEMOCRACY_INFLUENCE_ALL_INVESTIGATIONS_2026-09-07/DEMOCRACY_INFLUENCE_ALL_INVESTIGATIONS_2026-09-07/02_INVESTIGATIONS/INV-145/RAW_BUNDLE/INV-145_RUN_HANDOFF.md,2885,e1987224267601dc9d8ea84bbf33137cd9d2df7b0b348484cb26e7be6a085aee
02_MASTER_EVIDENCE_BASE/03_INVESTIGATIONS/02_EXPANDED_ARCHIVES/DEMOCRACY_INFLUENCE_ALL_INVESTIGATIONS_2026-09-07/DEMOCRACY_INFLUENCE_ALL_INVESTIGATIONS_2026-09-07/02_INVESTIGATIONS/INV-145/RAW_BUNDLE/INV-145_RUN_STATE.json,53774,9707155b75bafda6d2173e04ab5362af9f2352b0202bf2f921713713a7e999f2
02_MASTER_EVIDENCE_BASE/03_INVESTIGATIONS/02_EXPANDED_ARCHIVES/DEMOCRACY_INFLUENCE_ALL_INVESTIGATIONS_2026-09-07/DEMOCRACY_INFLUENCE_ALL_INVESTIGATIONS_2026-09-07/02_INVESTIGATIONS/INV-145/RAW_BUNDLE/INV-145_SHA256.txt,809,c92a3720d47da2b7c2c2d20df814dfc6460fbf87fa746c316cb48965c23d469c
02_MASTER_EVIDENCE_BASE/03_INVESTIGATIONS/02_EXPANDED_ARCHIVES/DEMOCRACY_INFLUENCE_ALL_INVESTIGATIONS_2026-09-07/DEMOCRACY_INFLUENCE_ALL_INVESTIGATIONS_2026-09-07/02_INVESTIGATIONS/INV-146/RAW_BUNDLE/INV-146/INV-139_RECOVERY_HANDOFF.md,3940,4f1519ff60088529dcb42bed830fc5df8c8aa2218063e3dcb73f8e0d11a8405a
02_MASTER_EVIDENCE_BASE/03_INVESTIGATIONS/02_EXPANDED_ARCHIVES/DEMOCRACY_INFLUENCE_ALL_INVESTIGATIONS_2026-09-07/DEMOCRACY_INFLUENCE_ALL_INVESTIGATIONS_2026-09-07/02_INVESTIGATIONS/INV-146/RAW_BUNDLE/INV-146/INV-140_RECOVERY_HANDOFF.md,3023,aec894571a3eee531ea92bd386da1ecb664e9a7bd27c82ee2a73b330f26cb083
02_MASTER_EVIDENCE_BASE/03_INVESTIGATIONS/02_EXPANDED_ARCHIVES/DEMOCRACY_INFLUENCE_ALL_INVESTIGATIONS_2026-09-07/DEMOCRACY_INFLUENCE_ALL_INVESTIGATIONS_2026-09-07/02_INVESTIGATIONS/INV-146/RAW_BUNDLE/INV-146/INV-146_CERTIFICATION.json,1114,6726d48d2ccae389894d357b9b89abbe1b511f6d8d821d0e934b2615c68503d8
02_MASTER_EVIDENCE_BASE/03_INVESTIGATIONS/02_EXPANDED_ARCHIVES/DEMOCRACY_INFLUENCE_ALL_INVESTIGATIONS_2026-09-07/DEMOCRACY_INFLUENCE_ALL_INVESTIGATIONS_2026-09-07/02_INVESTIGATIONS/INV-146/RAW_BUNDLE/INV-146/INV-146_POST_RUN_REVIEW.md,4020,b0f59fa38682fa1d09eb13c7e5ed2fe0bf8a4c727a54ccd68778ad6bc90376a9
02_MASTER_EVIDENCE_BASE/03_INVESTIGATIONS/02_EXPANDED_ARCHIVES/DEMOCRACY_INFLUENCE_ALL_INVESTIGATIONS_2026-09-07/DEMOCRACY_INFLUENCE_ALL_INVESTIGATIONS_2026-09-07/02_INVESTIGATIONS/INV-146/RAW_BUNDLE/INV-146/INV-146_RUN_HANDOFF.md,3425,fa9d75722e36f42fe74febe2f06f0f7144143a601fb45873115230f9ff6d4889
02_MASTER_EVIDENCE_BASE/03_INVESTIGATIONS/02_EXPANDED_ARCHIVES/DEMOCRACY_INFLUENCE_ALL_INVESTIGATIONS_2026-09-07/DEMOCRACY_INFLUENCE_ALL_INVESTIGATIONS_2026-09-07/02_INVESTIGATIONS/INV-146/RAW_BUNDLE/INV-146/INV-146_SHA256.txt,740,7f9cec09d26530ff5ac0e4d3ab9bf92953dff50f2e348ac6c0c356f269281fbc
02_MASTER_EVIDENCE_BASE/03_INVESTIGATIONS/02_EXPANDED_ARCHIVES/DEMOCRACY_INFLUENCE_ALL_INVESTIGATIONS_2026-09-07/DEMOCRACY_INFLUENCE_ALL_INVESTIGATIONS_2026-09-07/02_INVESTIGATIONS/INV-146/RAW_BUNDLE/INV-146/INV-146_SYNTHESIS.md,19289,9cf2a68c467cdc3a850e4494bda6b32044ee4f003d4623f4b161a62624bd3f8b
02_MASTER_EVIDENCE_BASE/03_INVESTIGATIONS/02_EXPANDED_ARCHIVES/DEMOCRACY_INFLUENCE_ALL_INVESTIGATIONS_2026-09-07/DEMOCRACY_INFLUENCE_ALL_INVESTIGATIONS_2026-09-07/02_INVESTIGATIONS/INV-146/RAW_BUNDLE/INV-146/INV-146_SYNTHESIS_CARD.md,3091,6f45981cbb617c7f923f31fe99271df6c048ef9276582f96e2413f1fcb2cd667
02_MASTER_EVIDENCE_BASE/03_INVESTIGATIONS/02_EXPANDED_ARCHIVES/DEMOCRACY_INFLUENCE_ALL_INVESTIGATIONS_2026-09-07/DEMOCRACY_INFLUENCE_ALL_INVESTIGATIONS_2026-09-07/02_INVESTIGATIONS/INV-146/RAW_BUNDLE/INV-146/INV-146_SYNTHESIS_INPUT_GATE.md,3184,7c561d2499508e92cc3202049deb6c17309b1ad7de21c6b088a516ca54712d76
02_MASTER_EVIDENCE_BASE/03_INVESTIGATIONS/02_EXPANDED_ARCHIVES/DEMOCRACY_INFLUENCE_ALL_INVESTIGATIONS_2026-09-07/DEMOCRACY_INFLUENCE_ALL_INVESTIGATIONS_2026-09-07/03_STRUCTURAL_METHOD/BACKLOG_STRUCTURE_AUDIT.md,6890,18bb70ac4f6e8cf60153161a55cc8680a64c4ebc64cccf2e3aa8d7a9043e93d8
02_MASTER_EVIDENCE_BASE/03_INVESTIGATIONS/02_EXPANDED_ARCHIVES/DEMOCRACY_INFLUENCE_ALL_INVESTIGATIONS_2026-09-07/DEMOCRACY_INFLUENCE_ALL_INVESTIGATIONS_2026-09-07/03_STRUCTURAL_METHOD/EXECUTION_PLAN.md,889,15f6bb6d3ea57cab8b408c3227215ee541983ef81deff54b500e8cb162f50ae8
02_MASTER_EVIDENCE_BASE/03_INVESTIGATIONS/02_EXPANDED_ARCHIVES/DEMOCRACY_INFLUENCE_ALL_INVESTIGATIONS_2026-09-07/DEMOCRACY_INFLUENCE_ALL_INVESTIGATIONS_2026-09-07/03_STRUCTURAL_METHOD/INV-001/INV-001-R1_REPLAY.md,2900,c3b02fe75ee3ccd0804ac9ab420489b1b7af7710b7aa9920aa00a4f626ed1105
02_MASTER_EVIDENCE_BASE/03_INVESTIGATIONS/02_EXPANDED_ARCHIVES/DEMOCRACY_INFLUENCE_ALL_INVESTIGATIONS_2026-09-07/DEMOCRACY_INFLUENCE_ALL_INVESTIGATIONS_2026-09-07/03_STRUCTURAL_METHOD/INV-001/INV-001_CORPUS_INTEGRITY_AUDIT.md,9175,21704b2e6957dd9550327c63b779f57137bd809ebd7ae28c87b1dc33b0854c78
02_MASTER_EVIDENCE_BASE/03_INVESTIGATIONS/02_EXPANDED_ARCHIVES/DEMOCRACY_INFLUENCE_ALL_INVESTIGATIONS_2026-09-07/DEMOCRACY_INFLUENCE_ALL_INVESTIGATIONS_2026-09-07/03_STRUCTURAL_METHOD/INV-001/INV-001_CORPUS_MANIFEST.csv,24644,961d9574b220485375431fd0f4763d8c938903a1da50095a80e10aa7948bc5be
02_MASTER_EVIDENCE_BASE/03_INVESTIGATIONS/02_EXPANDED_ARCHIVES/DEMOCRACY_INFLUENCE_ALL_INVESTIGATIONS_2026-09-07/DEMOCRACY_INFLUENCE_ALL_INVESTIGATIONS_2026-09-07/03_STRUCTURAL_METHOD/INV-002/INV-002_CORPUS_MAP.csv,112551,16381ccc4a133aaf83e86fc357284444b83cc2ee3663c6ecbfae8aa0d76dc46a
02_MASTER_EVIDENCE_BASE/03_INVESTIGATIONS/02_EXPANDED_ARCHIVES/DEMOCRACY_INFLUENCE_ALL_INVESTIGATIONS_2026-09-07/DEMOCRACY_INFLUENCE_ALL_INVESTIGATIONS_2026-09-07/03_STRUCTURAL_METHOD/INV-002/INV-002_COVERAGE_CHANGES.csv,10877,6a28f9e134d0395884b06562070668a375e228a9d76623a7dc6db608b2199ef8
02_MASTER_EVIDENCE_BASE/03_INVESTIGATIONS/02_EXPANDED_ARCHIVES/DEMOCRACY_INFLUENCE_ALL_INVESTIGATIONS_2026-09-07/DEMOCRACY_INFLUENCE_ALL_INVESTIGATIONS_2026-09-07/03_STRUCTURAL_METHOD/INV-002/INV-002_INVESTIGATION_COVERAGE.csv,51231,517d66685cde2d9398af522e7ad344ae494ad0036a346dfa7b66c80e49dbfe3c
02_MASTER_EVIDENCE_BASE/03_INVESTIGATIONS/02_EXPANDED_ARCHIVES/DEMOCRACY_INFLUENCE_ALL_INVESTIGATIONS_2026-09-07/DEMOCRACY_INFLUENCE_ALL_INVESTIGATIONS_2026-09-07/03_STRUCTURAL_METHOD/INV-002/INV-002_REPORT.md,12301,f4de1fac8ea62469b00987cc8461e2bc702b98b66a501f0fb6c930f7dcd5503b
02_MASTER_EVIDENCE_BASE/03_INVESTIGATIONS/02_EXPANDED_ARCHIVES/DEMOCRACY_INFLUENCE_ALL_INVESTIGATIONS_2026-09-07/DEMOCRACY_INFLUENCE_ALL_INVESTIGATIONS_2026-09-07/03_STRUCTURAL_METHOD/INV-002/INV-002_STATS.json,588,c50fc6c700650e7c719d8b33be0b880e8cd3d19d8cb50983972577814e50d9df
02_MASTER_EVIDENCE_BASE/03_INVESTIGATIONS/02_EXPANDED_ARCHIVES/DEMOCRACY_INFLUENCE_ALL_INVESTIGATIONS_2026-09-07/DEMOCRACY_INFLUENCE_ALL_INVESTIGATIONS_2026-09-07/03_STRUCTURAL_METHOD/INV-002/INV-002_THEME_MATRIX.csv,4133,f6eb6032873806e0180772cfe90fc44b649408b4b646077f835a4b0b02084a68
02_MASTER_EVIDENCE_BASE/03_INVESTIGATIONS/02_EXPANDED_ARCHIVES/DEMOCRACY_INFLUENCE_ALL_INVESTIGATIONS_2026-09-07/DEMOCRACY_INFLUENCE_ALL_INVESTIGATIONS_2026-09-07/03_STRUCTURAL_METHOD/INV-003/METHOD_PACK.md,6468,2b82f9e415b739e16252f845910c7d4b91600446e2e1d5010d3c4e14fa06635c
02_MASTER_EVIDENCE_BASE/03_INVESTIGATIONS/02_EXPANDED_ARCHIVES/DEMOCRACY_INFLUENCE_ALL_INVESTIGATIONS_2026-09-07/DEMOCRACY_INFLUENCE_ALL_INVESTIGATIONS_2026-09-07/03_STRUCTURAL_METHOD/INV-003/README.md,662,0eb67b279a3f471def9dbb86a164167027843bf3997a3e066b06ce9e304a42b6
02_MASTER_EVIDENCE_BASE/03_INVESTIGATIONS/02_EXPANDED_ARCHIVES/DEMOCRACY_INFLUENCE_ALL_INVESTIGATIONS_2026-09-07/DEMOCRACY_INFLUENCE_ALL_INVESTIGATIONS_2026-09-07/03_STRUCTURAL_METHOD/INV-004/METHOD_PACK.md,6468,2b82f9e415b739e16252f845910c7d4b91600446e2e1d5010d3c4e14fa06635c
02_MASTER_EVIDENCE_BASE/03_INVESTIGATIONS/02_EXPANDED_ARCHIVES/DEMOCRACY_INFLUENCE_ALL_INVESTIGATIONS_2026-09-07/DEMOCRACY_INFLUENCE_ALL_INVESTIGATIONS_2026-09-07/03_STRUCTURAL_METHOD/INV-004/README.md,648,4bebe14644ce9a35f90d4e187a6d3aa94e4b0368cf6f4a5171aa4c0cf2ab2b9e
02_MASTER_EVIDENCE_BASE/03_INVESTIGATIONS/02_EXPANDED_ARCHIVES/DEMOCRACY_INFLUENCE_ALL_INVESTIGATIONS_2026-09-07/DEMOCRACY_INFLUENCE_ALL_INVESTIGATIONS_2026-09-07/03_STRUCTURAL_METHOD/INV-005/METHOD_PACK.md,6468,2b82f9e415b739e16252f845910c7d4b91600446e2e1d5010d3c4e14fa06635c
02_MASTER_EVIDENCE_BASE/03_INVESTIGATIONS/02_EXPANDED_ARCHIVES/DEMOCRACY_INFLUENCE_ALL_INVESTIGATIONS_2026-09-07/DEMOCRACY_INFLUENCE_ALL_INVESTIGATIONS_2026-09-07/03_STRUCTURAL_METHOD/INV-005/README.md,640,eb19a241b7207076aa122b3387f5c8731d72f3373c0dfe1dc694da167c1ad137
02_MASTER_EVIDENCE_BASE/03_INVESTIGATIONS/02_EXPANDED_ARCHIVES/DEMOCRACY_INFLUENCE_ALL_INVESTIGATIONS_2026-09-07/DEMOCRACY_INFLUENCE_ALL_INVESTIGATIONS_2026-09-07/03_STRUCTURAL_METHOD/INV-006/METHOD_PACK.md,6468,2b82f9e415b739e16252f845910c7d4b91600446e2e1d5010d3c4e14fa06635c
02_MASTER_EVIDENCE_BASE/03_INVESTIGATIONS/02_EXPANDED_ARCHIVES/DEMOCRACY_INFLUENCE_ALL_INVESTIGATIONS_2026-09-07/DEMOCRACY_INFLUENCE_ALL_INVESTIGATIONS_2026-09-07/03_STRUCTURAL_METHOD/INV-006/README.md,607,ca22195d73f565782d8271423b8c0d85e290ff539bcbee8665bef7642b7a50e0
02_MASTER_EVIDENCE_BASE/03_INVESTIGATIONS/02_EXPANDED_ARCHIVES/DEMOCRACY_INFLUENCE_ALL_INVESTIGATIONS_2026-09-07/DEMOCRACY_INFLUENCE_ALL_INVESTIGATIONS_2026-09-07/03_STRUCTURAL_METHOD/INV-007/METHOD_PACK.md,6468,2b82f9e415b739e16252f845910c7d4b91600446e2e1d5010d3c4e14fa06635c
02_MASTER_EVIDENCE_BASE/03_INVESTIGATIONS/02_EXPANDED_ARCHIVES/DEMOCRACY_INFLUENCE_ALL_INVESTIGATIONS_2026-09-07/DEMOCRACY_INFLUENCE_ALL_INVESTIGATIONS_2026-09-07/03_STRUCTURAL_METHOD/INV-007/README.md,639,86cde76b26fb995daeedd1a9fbf57709648d56873bdff8199be368ae8c991da1
02_MASTER_EVIDENCE_BASE/03_INVESTIGATIONS/02_EXPANDED_ARCHIVES/DEMOCRACY_INFLUENCE_ALL_INVESTIGATIONS_2026-09-07/DEMOCRACY_INFLUENCE_ALL_INVESTIGATIONS_2026-09-07/03_STRUCTURAL_METHOD/INV-008/METHOD_PACK.md,6468,2b82f9e415b739e16252f845910c7d4b91600446e2e1d5010d3c4e14fa06635c
02_MASTER_EVIDENCE_BASE/03_INVESTIGATIONS/02_EXPANDED_ARCHIVES/DEMOCRACY_INFLUENCE_ALL_INVESTIGATIONS_2026-09-07/DEMOCRACY_INFLUENCE_ALL_INVESTIGATIONS_2026-09-07/03_STRUCTURAL_METHOD/INV-008/README.md,636,f667ca01c6a9d54b7f4f7b417287c414d50de4bb67245501dd2b77f1e76a93fc
02_MASTER_EVIDENCE_BASE/03_INVESTIGATIONS/02_EXPANDED_ARCHIVES/DEMOCRACY_INFLUENCE_ALL_INVESTIGATIONS_2026-09-07/DEMOCRACY_INFLUENCE_ALL_INVESTIGATIONS_2026-09-07/03_STRUCTURAL_METHOD/METHOD_PACK/METHOD_PACK.md,14663,171ddecd4c628fc88f4ebdbb44fc74514a0f8648f0009dab8a3f8804ba4da40d
02_MASTER_EVIDENCE_BASE/03_INVESTIGATIONS/02_EXPANDED_ARCHIVES/DEMOCRACY_INFLUENCE_ALL_INVESTIGATIONS_2026-09-07/DEMOCRACY_INFLUENCE_ALL_INVESTIGATIONS_2026-09-07/03_STRUCTURAL_METHOD/METHOD_PACK/METHOD_PACK_AUDIT.md,1509,2622293bdad878abe294e86db40e5a395ae0b91ce3d9c58da7d69bc6a88c02d2
02_MASTER_EVIDENCE_BASE/03_INVESTIGATIONS/02_EXPANDED_ARCHIVES/DEMOCRACY_INFLUENCE_ALL_INVESTIGATIONS_2026-09-07/DEMOCRACY_INFLUENCE_ALL_INVESTIGATIONS_2026-09-07/03_STRUCTURAL_METHOD/METHOD_PACK/PILOT_GATE.md,1786,b6dd96966469534583046bb5c13a6b8fa1307bbd524c0c1f1efa36166e96406b
02_MASTER_EVIDENCE_BASE/03_INVESTIGATIONS/02_EXPANDED_ARCHIVES/DEMOCRACY_INFLUENCE_ALL_INVESTIGATIONS_2026-09-07/DEMOCRACY_INFLUENCE_ALL_INVESTIGATIONS_2026-09-07/03_STRUCTURAL_METHOD/METHOD_PACK/README.md,1176,8b17c84aa5d01baaabc7da67bbcb511eda08a441f7a999d9892e4c34372d6664
02_MASTER_EVIDENCE_BASE/03_INVESTIGATIONS/02_EXPANDED_ARCHIVES/DEMOCRACY_INFLUENCE_ALL_INVESTIGATIONS_2026-09-07/DEMOCRACY_INFLUENCE_ALL_INVESTIGATIONS_2026-09-07/03_STRUCTURAL_METHOD/METHOD_PACK/RENARD_CORE_V3_USER.md,8596,ba643c1f61126060c15433372eab0f12c8e2945dd25afd5c64b358b42b620ffc
02_MASTER_EVIDENCE_BASE/03_INVESTIGATIONS/02_EXPANDED_ARCHIVES/DEMOCRACY_INFLUENCE_ALL_INVESTIGATIONS_2026-09-07/DEMOCRACY_INFLUENCE_ALL_INVESTIGATIONS_2026-09-07/03_STRUCTURAL_METHOD/METHOD_PACK/RENARD_PROJECT_OVERLAY.md,2632,92bd45f2bad417fb964a3d4df05d20829a35717d3e2a7b6cccdb8dbf0b8b1588
02_MASTER_EVIDENCE_BASE/03_INVESTIGATIONS/02_EXPANDED_ARCHIVES/DEMOCRACY_INFLUENCE_ALL_INVESTIGATIONS_2026-09-07/DEMOCRACY_INFLUENCE_ALL_INVESTIGATIONS_2026-09-07/03_STRUCTURAL_METHOD/METHOD_PACK/RUN_CARD_TEMPLATE.md,1305,5dc149116b9d39187f12fbd49c918ebac214193a9b4bc7d17f3b9c1895b2288b
02_MASTER_EVIDENCE_BASE/03_INVESTIGATIONS/02_EXPANDED_ARCHIVES/DEMOCRACY_INFLUENCE_ALL_INVESTIGATIONS_2026-09-07/DEMOCRACY_INFLUENCE_ALL_INVESTIGATIONS_2026-09-07/03_STRUCTURAL_METHOD/METHOD_PACK/RUN_HANDOFF_TEMPLATE.md,1459,f6093e819bd3b6a86678757ce77bd75a97913b0bae9b387603c5c27f60592360
02_MASTER_EVIDENCE_BASE/03_INVESTIGATIONS/02_EXPANDED_ARCHIVES/DEMOCRACY_INFLUENCE_ALL_INVESTIGATIONS_2026-09-07/DEMOCRACY_INFLUENCE_ALL_INVESTIGATIONS_2026-09-07/03_STRUCTURAL_METHOD/METHOD_PACK/samples/INV-010_RUN_CARD.md,1440,9ecf226e422c4ea15371142cecfa6af2ab54dad338126da4a9fe6dbad56ccf56
02_MASTER_EVIDENCE_BASE/03_INVESTIGATIONS/02_EXPANDED_ARCHIVES/DEMOCRACY_INFLUENCE_ALL_INVESTIGATIONS_2026-09-07/DEMOCRACY_INFLUENCE_ALL_INVESTIGATIONS_2026-09-07/03_STRUCTURAL_METHOD/METHOD_PACK/tools/build_run_card.py,1266,286ee002b561640fb43eb03c1efc543f4a19d56299699da2ce4580a7236cd5c2
02_MASTER_EVIDENCE_BASE/03_INVESTIGATIONS/02_EXPANDED_ARCHIVES/DEMOCRACY_INFLUENCE_ALL_INVESTIGATIONS_2026-09-07/DEMOCRACY_INFLUENCE_ALL_INVESTIGATIONS_2026-09-07/04_ROUTING_HISTORY/RECLASSIFICATION_2026-09-07_0829.md,3759,0f0d1af23ad20c58b7ea33de73f2584df664f09db5f5b3743bdecd3fd097a0fd
02_MASTER_EVIDENCE_BASE/03_INVESTIGATIONS/02_EXPANDED_ARCHIVES/DEMOCRACY_INFLUENCE_ALL_INVESTIGATIONS_2026-09-07/DEMOCRACY_INFLUENCE_ALL_INVESTIGATIONS_2026-09-07/04_ROUTING_HISTORY/RECLASSIFICATION_2026-09-07_1133.md,3628,f098c181226a79eaadd1fb4a061b798805355a7ee2bbbe97670fbb51fae12c65
02_MASTER_EVIDENCE_BASE/03_INVESTIGATIONS/02_EXPANDED_ARCHIVES/DEMOCRACY_INFLUENCE_ALL_INVESTIGATIONS_2026-09-07/DEMOCRACY_INFLUENCE_ALL_INVESTIGATIONS_2026-09-07/04_ROUTING_HISTORY/RECLASSIFICATION_2026-09-07_1220.md,2789,7feb3956c8267455d1e26e41dbba40aee819e32e739f8a9d9abd8eca8696c920
02_MASTER_EVIDENCE_BASE/03_INVESTIGATIONS/02_EXPANDED_ARCHIVES/DEMOCRACY_INFLUENCE_ALL_INVESTIGATIONS_2026-09-07/DEMOCRACY_INFLUENCE_ALL_INVESTIGATIONS_2026-09-07/04_ROUTING_HISTORY/RECLASSIFICATION_2026-09-07_1523.md,2959,35e809a41ef6da7b27919ef6bf5fa683cc4c940d4bcb93b4851462b465e5c282
02_MASTER_EVIDENCE_BASE/03_INVESTIGATIONS/02_EXPANDED_ARCHIVES/DEMOCRACY_INFLUENCE_ALL_INVESTIGATIONS_2026-09-07/DEMOCRACY_INFLUENCE_ALL_INVESTIGATIONS_2026-09-07/99_SOURCE_BUNDLES/DEMOCRACY_INFLUENCE_INVESTIGATIONS_BUNDLE_001.zip,97818,23ba62413e5638b447d3972f3841da744a1cfdd0a620b13dc41ece1e284a0886
02_MASTER_EVIDENCE_BASE/03_INVESTIGATIONS/02_EXPANDED_ARCHIVES/DEMOCRACY_INFLUENCE_ALL_INVESTIGATIONS_2026-09-07/DEMOCRACY_INFLUENCE_ALL_INVESTIGATIONS_2026-09-07/99_SOURCE_BUNDLES/INV-022_R3_CANONICAL_6_FILES.zip,60806,ffebc4c4a78188350954badc7f7b6cf9c7f6f201547e57f7ea6abe385db04d18
02_MASTER_EVIDENCE_BASE/03_INVESTIGATIONS/02_EXPANDED_ARCHIVES/DEMOCRACY_INFLUENCE_ALL_INVESTIGATIONS_2026-09-07/DEMOCRACY_INFLUENCE_ALL_INVESTIGATIONS_2026-09-07/99_SOURCE_BUNDLES/INV-022_R3_FULL_FORENSIC_BUNDLE.zip,185449,9691ee258d0c600bb551a22e9fb2a3248d70ede39225685454230769d8339d0b
02_MASTER_EVIDENCE_BASE/03_INVESTIGATIONS/02_EXPANDED_ARCHIVES/DEMOCRACY_INFLUENCE_ALL_INVESTIGATIONS_2026-09-07/DEMOCRACY_INFLUENCE_ALL_INVESTIGATIONS_2026-09-07/99_SOURCE_BUNDLES/INV-023_R3P1_CANONICAL_6_FILES.zip,54351,e14719a1aca3a28340e4d60de8efd18fa0ed8bf50338c6ae15afab6ddd708af3
02_MASTER_EVIDENCE_BASE/03_INVESTIGATIONS/02_EXPANDED_ARCHIVES/DEMOCRACY_INFLUENCE_ALL_INVESTIGATIONS_2026-09-07/DEMOCRACY_INFLUENCE_ALL_INVESTIGATIONS_2026-09-07/99_SOURCE_BUNDLES/INV-026_BUNDLE.zip,80189,6b9754adf908de7d1ed665b4b08ea12e21ebf14c145fe48b435b9b91d1c58e49
02_MASTER_EVIDENCE_BASE/03_INVESTIGATIONS/02_EXPANDED_ARCHIVES/DEMOCRACY_INFLUENCE_ALL_INVESTIGATIONS_2026-09-07/DEMOCRACY_INFLUENCE_ALL_INVESTIGATIONS_2026-09-07/99_SOURCE_BUNDLES/INV-033_BUNDLE.zip,80700,61702c978ba1ce56775ceffef27d34b5389cef8f4a4227b5b15136cdbcc975a2
02_MASTER_EVIDENCE_BASE/03_INVESTIGATIONS/02_EXPANDED_ARCHIVES/DEMOCRACY_INFLUENCE_ALL_INVESTIGATIONS_2026-09-07/DEMOCRACY_INFLUENCE_ALL_INVESTIGATIONS_2026-09-07/99_SOURCE_BUNDLES/INV-039_BUNDLE.zip,47707,0416527edb70302209022874ecdbee709027cd46d5fa4bee5c6f4a0ee8b6701b
02_MASTER_EVIDENCE_BASE/03_INVESTIGATIONS/02_EXPANDED_ARCHIVES/DEMOCRACY_INFLUENCE_ALL_INVESTIGATIONS_2026-09-07/DEMOCRACY_INFLUENCE_ALL_INVESTIGATIONS_2026-09-07/99_SOURCE_BUNDLES/INV-044_BUNDLE.zip,57941,64203edff4f1e273f7d37c9bc09b62281a61e03348800df3e76e29a0390b2e30
02_MASTER_EVIDENCE_BASE/03_INVESTIGATIONS/02_EXPANDED_ARCHIVES/DEMOCRACY_INFLUENCE_ALL_INVESTIGATIONS_2026-09-07/DEMOCRACY_INFLUENCE_ALL_INVESTIGATIONS_2026-09-07/99_SOURCE_BUNDLES/INV-054_BUNDLE.zip,48908,81997b4f28a74392a642b25697e4e59c5b7b51a71ac8a297dc8d47634df759de
02_MASTER_EVIDENCE_BASE/03_INVESTIGATIONS/02_EXPANDED_ARCHIVES/DEMOCRACY_INFLUENCE_ALL_INVESTIGATIONS_2026-09-07/DEMOCRACY_INFLUENCE_ALL_INVESTIGATIONS_2026-09-07/99_SOURCE_BUNDLES/INV-081_BUNDLE.zip,43276,628e49e92fc4f93dc38ddce8e673c89010178a1222fe852fcf81993b3a8412d4
02_MASTER_EVIDENCE_BASE/03_INVESTIGATIONS/02_EXPANDED_ARCHIVES/DEMOCRACY_INFLUENCE_ALL_INVESTIGATIONS_2026-09-07/DEMOCRACY_INFLUENCE_ALL_INVESTIGATIONS_2026-09-07/99_SOURCE_BUNDLES/INV-093_BUNDLE.zip,53421,56e97e4402978eecb20588b50fd0f6bbc082ea47c60afd3816a16ade6b22ab60
02_MASTER_EVIDENCE_BASE/03_INVESTIGATIONS/02_EXPANDED_ARCHIVES/DEMOCRACY_INFLUENCE_ALL_INVESTIGATIONS_2026-09-07/DEMOCRACY_INFLUENCE_ALL_INVESTIGATIONS_2026-09-07/99_SOURCE_BUNDLES/INV-100_BUNDLE.zip,54287,d1a834751f5fd6c776c7b1a6709688ce1d33a787bdc595a4081c38df6572a961
02_MASTER_EVIDENCE_BASE/03_INVESTIGATIONS/02_EXPANDED_ARCHIVES/DEMOCRACY_INFLUENCE_ALL_INVESTIGATIONS_2026-09-07/DEMOCRACY_INFLUENCE_ALL_INVESTIGATIONS_2026-09-07/99_SOURCE_BUNDLES/INV-103_BUNDLE.zip,34449,26e4deaf660968b3f9d5f4e2373cfe75582d51c39b4517e8c4f3bac9dc8fcd47
02_MASTER_EVIDENCE_BASE/03_INVESTIGATIONS/02_EXPANDED_ARCHIVES/DEMOCRACY_INFLUENCE_ALL_INVESTIGATIONS_2026-09-07/DEMOCRACY_INFLUENCE_ALL_INVESTIGATIONS_2026-09-07/99_SOURCE_BUNDLES/INV-128_BUNDLE.zip,52649,44c3ef6027e2d334668aa8c4b467e6f93fddf1ac2826b30532271045288219bd
02_MASTER_EVIDENCE_BASE/03_INVESTIGATIONS/02_EXPANDED_ARCHIVES/DEMOCRACY_INFLUENCE_ALL_INVESTIGATIONS_2026-09-07/DEMOCRACY_INFLUENCE_ALL_INVESTIGATIONS_2026-09-07/99_SOURCE_BUNDLES/INV-134_BUNDLE.zip,55889,28676a4de3a86ce82051297a7eec0abbae6028ed78ae451043029d13c6378063
02_MASTER_EVIDENCE_BASE/03_INVESTIGATIONS/02_EXPANDED_ARCHIVES/DEMOCRACY_INFLUENCE_ALL_INVESTIGATIONS_2026-09-07/DEMOCRACY_INFLUENCE_ALL_INVESTIGATIONS_2026-09-07/99_SOURCE_BUNDLES/INV-135_BUNDLE.zip,81340,8d240c8be3ec417f26067dea33c791f44840ba8ac4993f60e2eaefb7e07cd895
02_MASTER_EVIDENCE_BASE/03_INVESTIGATIONS/02_EXPANDED_ARCHIVES/DEMOCRACY_INFLUENCE_ALL_INVESTIGATIONS_2026-09-07/DEMOCRACY_INFLUENCE_ALL_INVESTIGATIONS_2026-09-07/99_SOURCE_BUNDLES/INV-136_BUNDLE.zip,47558,5d7ad479b3dedaedf83604b511c97b310d4103638ed572556cfb5d22bbd55fc7
02_MASTER_EVIDENCE_BASE/03_INVESTIGATIONS/02_EXPANDED_ARCHIVES/DEMOCRACY_INFLUENCE_ALL_INVESTIGATIONS_2026-09-07/DEMOCRACY_INFLUENCE_ALL_INVESTIGATIONS_2026-09-07/99_SOURCE_BUNDLES/INV-137_BUNDLE.zip,77854,ef854839209b3997b5cd7ee9fdad7025af49a222047349aae23ba8457a2cd7b8
02_MASTER_EVIDENCE_BASE/03_INVESTIGATIONS/02_EXPANDED_ARCHIVES/DEMOCRACY_INFLUENCE_ALL_INVESTIGATIONS_2026-09-07/DEMOCRACY_INFLUENCE_ALL_INVESTIGATIONS_2026-09-07/99_SOURCE_BUNDLES/INV-138_CANONICAL_ASSEMBLED.zip,71974,1522639192c9113ec0b7dd0bdc8230d7e739415d2212dae188499da33cf399c5
02_MASTER_EVIDENCE_BASE/03_INVESTIGATIONS/02_EXPANDED_ARCHIVES/DEMOCRACY_INFLUENCE_ALL_INVESTIGATIONS_2026-09-07/DEMOCRACY_INFLUENCE_ALL_INVESTIGATIONS_2026-09-07/99_SOURCE_BUNDLES/INV-139_RECOVERY_HANDOFF.md,3940,4f1519ff60088529dcb42bed830fc5df8c8aa2218063e3dcb73f8e0d11a8405a
02_MASTER_EVIDENCE_BASE/03_INVESTIGATIONS/02_EXPANDED_ARCHIVES/DEMOCRACY_INFLUENCE_ALL_INVESTIGATIONS_2026-09-07/DEMOCRACY_INFLUENCE_ALL_INVESTIGATIONS_2026-09-07/99_SOURCE_BUNDLES/INV-140_RECOVERY_HANDOFF.md,3023,aec894571a3eee531ea92bd386da1ecb664e9a7bd27c82ee2a73b330f26cb083
02_MASTER_EVIDENCE_BASE/03_INVESTIGATIONS/02_EXPANDED_ARCHIVES/DEMOCRACY_INFLUENCE_ALL_INVESTIGATIONS_2026-09-07/DEMOCRACY_INFLUENCE_ALL_INVESTIGATIONS_2026-09-07/99_SOURCE_BUNDLES/INV-145_BUNDLE.zip,45912,fc9a2513f91347e1ef2fc7e4975edca3aa77e469005c00e5435b9af6c3ca815a
02_MASTER_EVIDENCE_BASE/03_INVESTIGATIONS/02_EXPANDED_ARCHIVES/DEMOCRACY_INFLUENCE_ALL_INVESTIGATIONS_2026-09-07/DEMOCRACY_INFLUENCE_ALL_INVESTIGATIONS_2026-09-07/99_SOURCE_BUNDLES/INV-146_BUNDLE.zip,20438,7ebd342ea57c31af3aba1fde7db9c63db89e7f25b0d96d726e8e0dce9164f6b5
02_MASTER_EVIDENCE_BASE/03_INVESTIGATIONS/02_EXPANDED_ARCHIVES/DEMOCRACY_INFLUENCE_ALL_INVESTIGATIONS_2026-09-07/DEMOCRACY_INFLUENCE_ALL_INVESTIGATIONS_2026-09-07/99_SOURCE_BUNDLES/INVESTIGATION_CONTROL_v0.7_METHOD_PACK.zip,1833111,7e2dcdadfef8129b86d6c98522ebb8c7f5793ee971b0ee29ce2b8306de3314fe
02_MASTER_EVIDENCE_BASE/03_INVESTIGATIONS/02_EXPANDED_ARCHIVES/DEMOCRACY_INFLUENCE_ALL_INVESTIGATIONS_2026-09-07/DEMOCRACY_INFLUENCE_ALL_INVESTIGATIONS_2026-09-07/99_SOURCE_BUNDLES/SUBSTACK_BASELINE_2026-08-26_v0.4.zip,1682652,6774944e80f3c150e6d3506c4356e5ecb51243eb0ce8d4b99b207c3b69752052
02_MASTER_EVIDENCE_BASE/03_INVESTIGATIONS/02_EXPANDED_ARCHIVES/DEMOCRACY_INFLUENCE_ALL_INVESTIGATIONS_2026-09-07/DEMOCRACY_INFLUENCE_ALL_INVESTIGATIONS_2026-09-07/99_SOURCE_BUNDLES/TRUTH_ENGINE_2.10.6_R3P1_CANONICAL.zip,218204,d113e3bd1848805bc3dbf1485eb1107a5767ebe74efd0cf27b601e01db278d30
02_MASTER_EVIDENCE_BASE/03_INVESTIGATIONS/02_EXPANDED_ARCHIVES/DEMOCRACY_INFLUENCE_ALL_INVESTIGATIONS_2026-09-07/DEMOCRACY_INFLUENCE_ALL_INVESTIGATIONS_2026-09-07/ANALYTIC_POINT_2026-09-07.md,8513,7db61e2e27f9635e5a6a32fd1376fd12b059bb42d1b53e3bb485e292e4f4138b
02_MASTER_EVIDENCE_BASE/03_INVESTIGATIONS/02_EXPANDED_ARCHIVES/DEMOCRACY_INFLUENCE_ALL_INVESTIGATIONS_2026-09-07/DEMOCRACY_INFLUENCE_ALL_INVESTIGATIONS_2026-09-07/CLOSED_INVESTIGATIONS_INDEX.csv,7093,f50501e0ccc54774b57b36d60a07e6828efb14012ec2ca9029e74232fd4af933
02_MASTER_EVIDENCE_BASE/03_INVESTIGATIONS/02_EXPANDED_ARCHIVES/DEMOCRACY_INFLUENCE_ALL_INVESTIGATIONS_2026-09-07/DEMOCRACY_INFLUENCE_ALL_INVESTIGATIONS_2026-09-07/COMPLETENESS_REPORT.md,297,66b8757d53fc89067028d8cf9250fa70484cd7be22e446fb2cb8df90a654f153
02_MASTER_EVIDENCE_BASE/03_INVESTIGATIONS/02_EXPANDED_ARCHIVES/DEMOCRACY_INFLUENCE_ALL_INVESTIGATIONS_2026-09-07/DEMOCRACY_INFLUENCE_ALL_INVESTIGATIONS_2026-09-07/OMITTED_DUPLICATES.md,546,bb5b6cff364bb973d5829619389c03162421621013b2095bfe65cbe2f16a4960
02_MASTER_EVIDENCE_BASE/03_INVESTIGATIONS/02_EXPANDED_ARCHIVES/DEMOCRACY_INFLUENCE_ALL_INVESTIGATIONS_2026-09-07/DEMOCRACY_INFLUENCE_ALL_INVESTIGATIONS_2026-09-07/README.md,2477,8b05fbc2695fdecc7ca597a6215edda2490d7fca135249a39c712c39694bd583
02_MASTER_EVIDENCE_BASE/03_INVESTIGATIONS/02_EXPANDED_ARCHIVES/DEMOCRACY_INFLUENCE_ALL_INVESTIGATIONS_2026-09-07/DEMOCRACY_INFLUENCE_ALL_INVESTIGATIONS_2026-09-07/SOURCE_BUNDLE_INDEX.csv,2570,374ad77d069780fb79e0f238dd4a153164a3b934b15434fa3703c21e0d63a8f1
02_MASTER_EVIDENCE_BASE/03_INVESTIGATIONS/02_EXPANDED_ARCHIVES/DEMOCRACY_INFLUENCE_ALL_INVESTIGATIONS_2026-09-07/DEMOCRACY_INFLUENCE_ALL_INVESTIGATIONS_2026-09-07/STATUS_SNAPSHOT_ALL_146.csv,103189,c98100a2c1383379d5a03774d39668b5b4b90676ae3c512e5bdcf5048eacaeef
02_MASTER_EVIDENCE_BASE/03_INVESTIGATIONS/02_EXPANDED_ARCHIVES/DEMOCRACY_INFLUENCE_ALL_INVESTIGATIONS_2026-09-07/__NESTED_EXPANDED__/DEMOCRACY_INFLUENCE_ALL_INVESTIGATIONS_2026-09-07__01_RUNTIME_AND_CORPUS__INVESTIGATION_CONTROL_v0.7_METHOD_PACK/INVESTIGATION_CONTROL_v0.7_METHOD_PACK/BACKLOG_STRUCTURE_AUDIT.md,6890,18bb70ac4f6e8cf60153161a55cc8680a64c4ebc64cccf2e3aa8d7a9043e93d8
02_MASTER_EVIDENCE_BASE/03_INVESTIGATIONS/02_EXPANDED_ARCHIVES/DEMOCRACY_INFLUENCE_ALL_INVESTIGATIONS_2026-09-07/__NESTED_EXPANDED__/DEMOCRACY_INFLUENCE_ALL_INVESTIGATIONS_2026-09-07__01_RUNTIME_AND_CORPUS__INVESTIGATION_CONTROL_v0.7_METHOD_PACK/INVESTIGATION_CONTROL_v0.7_METHOD_PACK/BASELINE/SUBSTACK_2026-08-26/EXCLUSIONS.csv,1828,808937c073e28e51ed375e63d35c44f889c4442fc3b5b66a02f46dd11f95bcaf
02_MASTER_EVIDENCE_BASE/03_INVESTIGATIONS/02_EXPANDED_ARCHIVES/DEMOCRACY_INFLUENCE_ALL_INVESTIGATIONS_2026-09-07/__NESTED_EXPANDED__/DEMOCRACY_INFLUENCE_ALL_INVESTIGATIONS_2026-09-07__01_RUNTIME_AND_CORPUS__INVESTIGATION_CONTROL_v0.7_METHOD_PACK/INVESTIGATION_CONTROL_v0.7_METHOD_PACK/BASELINE/SUBSTACK_2026-08-26/INV-001-R1_REPLAY.md,3228,203397d17377b724cda89dd9a0c117c32b2bb14195e710656a06e63e9a3079fe
02_MASTER_EVIDENCE_BASE/03_INVESTIGATIONS/02_EXPANDED_ARCHIVES/DEMOCRACY_INFLUENCE_ALL_INVESTIGATIONS_2026-09-07/__NESTED_EXPANDED__/DEMOCRACY_INFLUENCE_ALL_INVESTIGATIONS_2026-09-07__01_RUNTIME_AND_CORPUS__INVESTIGATION_CONTROL_v0.7_METHOD_PACK/INVESTIGATION_CONTROL_v0.7_METHOD_PACK/BASELINE/SUBSTACK_2026-08-26/README.md,1768,78cd99eab06f8da5b9c9cf5e9b0646205cb6fb3a0be88191740514ed48a72861
02_MASTER_EVIDENCE_BASE/03_INVESTIGATIONS/02_EXPANDED_ARCHIVES/DEMOCRACY_INFLUENCE_ALL_INVESTIGATIONS_2026-09-07/__NESTED_EXPANDED__/DEMOCRACY_INFLUENCE_ALL_INVESTIGATIONS_2026-09-07__01_RUNTIME_AND_CORPUS__INVESTIGATION_CONTROL_v0.7_METHOD_PACK/INVESTIGATION_CONTROL_v0.7_METHOD_PACK/BASELINE/SUBSTACK_2026-08-26/excluded/html/181863121.truth-engine-lia-qui-revolutionne.html,18110,d44b4adf7179ba858f17f1e070bd911ceb8336554ca10b31708dd3bac52f1574
02_MASTER_EVIDENCE_BASE/03_INVESTIGATIONS/02_EXPANDED_ARCHIVES/DEMOCRACY_INFLUENCE_ALL_INVESTIGATIONS_2026-09-07/__NESTED_EXPANDED__/DEMOCRACY_INFLUENCE_ALL_INVESTIGATIONS_2026-09-07__01_RUNTIME_AND_CORPUS__INVESTIGATION_CONTROL_v0.7_METHOD_PACK/INVESTIGATION_CONTROL_v0.7_METHOD_PACK/BASELINE/SUBSTACK_2026-08-26/excluded/html/191030786.linflation-normative-francaise.html,29133,82e1000f620bb9adf281ce373045c3bac681e72c4ded44abf4e3544f1c5f15c6
02_MASTER_EVIDENCE_BASE/03_INVESTIGATIONS/02_EXPANDED_ARCHIVES/DEMOCRACY_INFLUENCE_ALL_INVESTIGATIONS_2026-09-07/__NESTED_EXPANDED__/DEMOCRACY_INFLUENCE_ALL_INVESTIGATIONS_2026-09-07__01_RUNTIME_AND_CORPUS__INVESTIGATION_CONTROL_v0.7_METHOD_PACK/INVESTIGATION_CONTROL_v0.7_METHOD_PACK/BASELINE/SUBSTACK_2026-08-26/excluded/html/194518266.3b3.html,41614,5f50ed807a3c9507ed124011d7b4eeef555004e0bcd66b3d6219819e51e6e706
02_MASTER_EVIDENCE_BASE/03_INVESTIGATIONS/02_EXPANDED_ARCHIVES/DEMOCRACY_INFLUENCE_ALL_INVESTIGATIONS_2026-09-07/__NESTED_EXPANDED__/DEMOCRACY_INFLUENCE_ALL_INVESTIGATIONS_2026-09-07__01_RUNTIME_AND_CORPUS__INVESTIGATION_CONTROL_v0.7_METHOD_PACK/INVESTIGATION_CONTROL_v0.7_METHOD_PACK/BASELINE/SUBSTACK_2026-08-26/index.md,165172,7dfc51083f744821c20919816a06ba7cfde7271aa3501a94167635e1b0cfe739
02_MASTER_EVIDENCE_BASE/03_INVESTIGATIONS/02_EXPANDED_ARCHIVES/DEMOCRACY_INFLUENCE_ALL_INVESTIGATIONS_2026-09-07/__NESTED_EXPANDED__/DEMOCRACY_INFLUENCE_ALL_INVESTIGATIONS_2026-09-07__01_RUNTIME_AND_CORPUS__INVESTIGATION_CONTROL_v0.7_METHOD_PACK/INVESTIGATION_CONTROL_v0.7_METHOD_PACK/BASELINE/SUBSTACK_2026-08-26/posts/180021752.bardella-et-lagriculture-le-grand-757.html,4785,e6d6d1cbf414662ea652619cb196b2aed958a3b4f61f69b4746a1ddbaf6cfa04
02_MASTER_EVIDENCE_BASE/03_INVESTIGATIONS/02_EXPANDED_ARCHIVES/DEMOCRACY_INFLUENCE_ALL_INVESTIGATIONS_2026-09-07/__NESTED_EXPANDED__/DEMOCRACY_INFLUENCE_ALL_INVESTIGATIONS_2026-09-07__01_RUNTIME_AND_CORPUS__INVESTIGATION_CONTROL_v0.7_METHOD_PACK/INVESTIGATION_CONTROL_v0.7_METHOD_PACK/BASELINE/SUBSTACK_2026-08-26/posts/180043331.le-double-discours-du-rn-sur-lagriculture.html,5688,750c43d5bf73b0fb49cbdb511472e164a808fbbfe8e5504472d796751bd5cca1
02_MASTER_EVIDENCE_BASE/03_INVESTIGATIONS/02_EXPANDED_ARCHIVES/DEMOCRACY_INFLUENCE_ALL_INVESTIGATIONS_2026-09-07/__NESTED_EXPANDED__/DEMOCRACY_INFLUENCE_ALL_INVESTIGATIONS_2026-09-07__01_RUNTIME_AND_CORPUS__INVESTIGATION_CONTROL_v0.7_METHOD_PACK/INVESTIGATION_CONTROL_v0.7_METHOD_PACK/BASELINE/SUBSTACK_2026-08-26/posts/180052771.qui-est-vraiment-louis-duclos.html,3807,9c490faa691aa55acf8edee4cd72ded8ad86a9cd5c283dbaeaaff6ff618b7634
02_MASTER_EVIDENCE_BASE/03_INVESTIGATIONS/02_EXPANDED_ARCHIVES/DEMOCRACY_INFLUENCE_ALL_INVESTIGATIONS_2026-09-07/__NESTED_EXPANDED__/DEMOCRACY_INFLUENCE_ALL_INVESTIGATIONS_2026-09-07__01_RUNTIME_AND_CORPUS__INVESTIGATION_CONTROL_v0.7_METHOD_PACK/INVESTIGATION_CONTROL_v0.7_METHOD_PACK/BASELINE/SUBSTACK_2026-08-26/posts/180054346.kallas-et-les-19-pays-ce-que-les.html,5088,ef8fa26faa9ab091a64049bbd6a5a5665be25ca7279d4d1ccbb3f00b1089a2e5
02_MASTER_EVIDENCE_BASE/03_INVESTIGATIONS/02_EXPANDED_ARCHIVES/DEMOCRACY_INFLUENCE_ALL_INVESTIGATIONS_2026-09-07/__NESTED_EXPANDED__/DEMOCRACY_INFLUENCE_ALL_INVESTIGATIONS_2026-09-07__01_RUNTIME_AND_CORPUS__INVESTIGATION_CONTROL_v0.7_METHOD_PACK/INVESTIGATION_CONTROL_v0.7_METHOD_PACK/BASELINE/SUBSTACK_2026-08-26/posts/180056619.emprunt-force-des-riches-le-spectacle.html,4945,0c7c9acdfc7aae81947ddfb60677da314153b93eda7b86b8efd5dd458eb6a137
02_MASTER_EVIDENCE_BASE/03_INVESTIGATIONS/02_EXPANDED_ARCHIVES/DEMOCRACY_INFLUENCE_ALL_INVESTIGATIONS_2026-09-07/__NESTED_EXPANDED__/DEMOCRACY_INFLUENCE_ALL_INVESTIGATIONS_2026-09-07__01_RUNTIME_AND_CORPUS__INVESTIGATION_CONTROL_v0.7_METHOD_PACK/INVESTIGATION_CONTROL_v0.7_METHOD_PACK/BASELINE/SUBSTACK_2026-08-26/posts/180061326.qui-a-vraiment-la-tete-dans-le-sable.html,4095,c55767be32e2c40823ab4c463c8b80901df838e3bbf080ab290aade854b17e46
02_MASTER_EVIDENCE_BASE/03_INVESTIGATIONS/02_EXPANDED_ARCHIVES/DEMOCRACY_INFLUENCE_ALL_INVESTIGATIONS_2026-09-07/__NESTED_EXPANDED__/DEMOCRACY_INFLUENCE_ALL_INVESTIGATIONS_2026-09-07__01_RUNTIME_AND_CORPUS__INVESTIGATION_CONTROL_v0.7_METHOD_PACK/INVESTIGATION_CONTROL_v0.7_METHOD_PACK/BASELINE/SUBSTACK_2026-08-26/posts/180081515.ukraine-ce-que-hayer-trump-et-zelenskyy.html,7306,bd05ba547bd80c742d579c97e791f1cbd2a7b28cb41054772bf2cc5f083f966b
02_MASTER_EVIDENCE_BASE/03_INVESTIGATIONS/02_EXPANDED_ARCHIVES/DEMOCRACY_INFLUENCE_ALL_INVESTIGATIONS_2026-09-07/__NESTED_EXPANDED__/DEMOCRACY_INFLUENCE_ALL_INVESTIGATIONS_2026-09-07__01_RUNTIME_AND_CORPUS__INVESTIGATION_CONTROL_v0.7_METHOD_PACK/INVESTIGATION_CONTROL_v0.7_METHOD_PACK/BASELINE/SUBSTACK_2026-08-26/posts/180084168.energies-renouvelables-le-double.html,6906,36502e4c9bbe9a290c8fecc776b4fc7a655ea11a5663f1bbeee34180dfd14aaa
02_MASTER_EVIDENCE_BASE/03_INVESTIGATIONS/02_EXPANDED_ARCHIVES/DEMOCRACY_INFLUENCE_ALL_INVESTIGATIONS_2026-09-07/__NESTED_EXPANDED__/DEMOCRACY_INFLUENCE_ALL_INVESTIGATIONS_2026-09-07__01_RUNTIME_AND_CORPUS__INVESTIGATION_CONTROL_v0.7_METHOD_PACK/INVESTIGATION_CONTROL_v0.7_METHOD_PACK/BASELINE/SUBSTACK_2026-08-26/posts/180086502.leffondrement-educatif-francais-50-fea.html,8490,04e31fe0ab7f30dddc90995c42547f77aa8ef0ffe00051e96c5f3788351fef99
02_MASTER_EVIDENCE_BASE/03_INVESTIGATIONS/02_EXPANDED_ARCHIVES/DEMOCRACY_INFLUENCE_ALL_INVESTIGATIONS_2026-09-07/__NESTED_EXPANDED__/DEMOCRACY_INFLUENCE_ALL_INVESTIGATIONS_2026-09-07__01_RUNTIME_AND_CORPUS__INVESTIGATION_CONTROL_v0.7_METHOD_PACK/INVESTIGATION_CONTROL_v0.7_METHOD_PACK/BASELINE/SUBSTACK_2026-08-26/posts/180109075.liceberg-du-syndicalisme-agricole.html,18341,f2b15cdaf0d0c3f3a469811736d83d54ba8e32e11e95abf0a9f75dcddebacbfa
02_MASTER_EVIDENCE_BASE/03_INVESTIGATIONS/02_EXPANDED_ARCHIVES/DEMOCRACY_INFLUENCE_ALL_INVESTIGATIONS_2026-09-07/__NESTED_EXPANDED__/DEMOCRACY_INFLUENCE_ALL_INVESTIGATIONS_2026-09-07__01_RUNTIME_AND_CORPUS__INVESTIGATION_CONTROL_v0.7_METHOD_PACK/INVESTIGATION_CONTROL_v0.7_METHOD_PACK/BASELINE/SUBSTACK_2026-08-26/posts/180120693.macron-et-la-paix-en-ukraine-ce-que.html,10577,ba4946dd89448dc9cbfec0937f65590b4976ddbd870e3aea3893c49c40fcd8b8
02_MASTER_EVIDENCE_BASE/03_INVESTIGATIONS/02_EXPANDED_ARCHIVES/DEMOCRACY_INFLUENCE_ALL_INVESTIGATIONS_2026-09-07/__NESTED_EXPANDED__/DEMOCRACY_INFLUENCE_ALL_INVESTIGATIONS_2026-09-07__01_RUNTIME_AND_CORPUS__INVESTIGATION_CONTROL_v0.7_METHOD_PACK/INVESTIGATION_CONTROL_v0.7_METHOD_PACK/BASELINE/SUBSTACK_2026-08-26/posts/180128122.leurope-construit-elle-un-credit.html,13209,bb876757858abc38095876de664cd40e5eb3a1b6778fbf9ce973a0bb6c5370b2
02_MASTER_EVIDENCE_BASE/03_INVESTIGATIONS/02_EXPANDED_ARCHIVES/DEMOCRACY_INFLUENCE_ALL_INVESTIGATIONS_2026-09-07/__NESTED_EXPANDED__/DEMOCRACY_INFLUENCE_ALL_INVESTIGATIONS_2026-09-07__01_RUNTIME_AND_CORPUS__INVESTIGATION_CONTROL_v0.7_METHOD_PACK/INVESTIGATION_CONTROL_v0.7_METHOD_PACK/BASELINE/SUBSTACK_2026-08-26/posts/180129975.leurope-construit-elle-un-credit-40d.html,23404,c97eed11d98e17960a02acf112428569852b4729f0da4b991c22dafd4d42fe09
02_MASTER_EVIDENCE_BASE/03_INVESTIGATIONS/02_EXPANDED_ARCHIVES/DEMOCRACY_INFLUENCE_ALL_INVESTIGATIONS_2026-09-07/__NESTED_EXPANDED__/DEMOCRACY_INFLUENCE_ALL_INVESTIGATIONS_2026-09-07__01_RUNTIME_AND_CORPUS__INVESTIGATION_CONTROL_v0.7_METHOD_PACK/INVESTIGATION_CONTROL_v0.7_METHOD_PACK/BASELINE/SUBSTACK_2026-08-26/posts/180158712.nationalisation-darcelormittal-ce.html,12117,516223ea9612de0865064db71b6e4864b263c139ba7f2113e4b527c7162560ad
02_MASTER_EVIDENCE_BASE/03_INVESTIGATIONS/02_EXPANDED_ARCHIVES/DEMOCRACY_INFLUENCE_ALL_INVESTIGATIONS_2026-09-07/__NESTED_EXPANDED__/DEMOCRACY_INFLUENCE_ALL_INVESTIGATIONS_2026-09-07__01_RUNTIME_AND_CORPUS__INVESTIGATION_CONTROL_v0.7_METHOD_PACK/INVESTIGATION_CONTROL_v0.7_METHOD_PACK/BASELINE/SUBSTACK_2026-08-26/posts/180162835.service-militaire-volontaire-ce-que.html,8594,f75f064541318472c736b50eba3a60ce143f33d59d1c97f80a9f84cac46ad056
02_MASTER_EVIDENCE_BASE/03_INVESTIGATIONS/02_EXPANDED_ARCHIVES/DEMOCRACY_INFLUENCE_ALL_INVESTIGATIONS_2026-09-07/__NESTED_EXPANDED__/DEMOCRACY_INFLUENCE_ALL_INVESTIGATIONS_2026-09-07__01_RUNTIME_AND_CORPUS__INVESTIGATION_CONTROL_v0.7_METHOD_PACK/INVESTIGATION_CONTROL_v0.7_METHOD_PACK/BASELINE/SUBSTACK_2026-08-26/posts/180194877.407-mensonges-lautopsie-dun-systeme.html,23177,9c9c30aa01d459b6d49e9c251d2170b0d9575a557791168440d839ddae3efa04
02_MASTER_EVIDENCE_BASE/03_INVESTIGATIONS/02_EXPANDED_ARCHIVES/DEMOCRACY_INFLUENCE_ALL_INVESTIGATIONS_2026-09-07/__NESTED_EXPANDED__/DEMOCRACY_INFLUENCE_ALL_INVESTIGATIONS_2026-09-07__01_RUNTIME_AND_CORPUS__INVESTIGATION_CONTROL_v0.7_METHOD_PACK/INVESTIGATION_CONTROL_v0.7_METHOD_PACK/BASELINE/SUBSTACK_2026-08-26/posts/180223640.larmee-potemkine-quand-le-spectre.html,10964,26da351cecbd04b7997de0d28b4136279a3c757ee61fb3d42f9839f0231e0063
02_MASTER_EVIDENCE_BASE/03_INVESTIGATIONS/02_EXPANDED_ARCHIVES/DEMOCRACY_INFLUENCE_ALL_INVESTIGATIONS_2026-09-07/__NESTED_EXPANDED__/DEMOCRACY_INFLUENCE_ALL_INVESTIGATIONS_2026-09-07__01_RUNTIME_AND_CORPUS__INVESTIGATION_CONTROL_v0.7_METHOD_PACK/INVESTIGATION_CONTROL_v0.7_METHOD_PACK/BASELINE/SUBSTACK_2026-08-26/posts/180261963.democratie-rare-en-temps-de-guerre-82a.html,15247,654f74880f106133900378f8edc7ddb21f74b636c2422c53bfe0f90885ab560b
02_MASTER_EVIDENCE_BASE/03_INVESTIGATIONS/02_EXPANDED_ARCHIVES/DEMOCRACY_INFLUENCE_ALL_INVESTIGATIONS_2026-09-07/__NESTED_EXPANDED__/DEMOCRACY_INFLUENCE_ALL_INVESTIGATIONS_2026-09-07__01_RUNTIME_AND_CORPUS__INVESTIGATION_CONTROL_v0.7_METHOD_PACK/INVESTIGATION_CONTROL_v0.7_METHOD_PACK/BASELINE/SUBSTACK_2026-08-26/posts/180267309.corruption-en-ukraine-garraud-a-t.html,15048,04bad8d977321993020efdb51ee67c2af6709d295bd7ca45812d8059a9c26973
02_MASTER_EVIDENCE_BASE/03_INVESTIGATIONS/02_EXPANDED_ARCHIVES/DEMOCRACY_INFLUENCE_ALL_INVESTIGATIONS_2026-09-07/__NESTED_EXPANDED__/DEMOCRACY_INFLUENCE_ALL_INVESTIGATIONS_2026-09-07__01_RUNTIME_AND_CORPUS__INVESTIGATION_CONTROL_v0.7_METHOD_PACK/INVESTIGATION_CONTROL_v0.7_METHOD_PACK/BASELINE/SUBSTACK_2026-08-26/posts/180300683.essence-la-double-manipulation-que.html,11977,3a89426dc50cd604a78c6a8cabfca964fff01aab8c049fa126353214d4dd69a7
02_MASTER_EVIDENCE_BASE/03_INVESTIGATIONS/02_EXPANDED_ARCHIVES/DEMOCRACY_INFLUENCE_ALL_INVESTIGATIONS_2026-09-07/__NESTED_EXPANDED__/DEMOCRACY_INFLUENCE_ALL_INVESTIGATIONS_2026-09-07__01_RUNTIME_AND_CORPUS__INVESTIGATION_CONTROL_v0.7_METHOD_PACK/INVESTIGATION_CONTROL_v0.7_METHOD_PACK/BASELINE/SUBSTACK_2026-08-26/posts/180309272.ladieu-aux-partis-du-diagnostic-de.html,27752,0ff92edd80cb725b3e7616f91a739598dd22e8d7ebd6f54c78ba33b07a2d4805
02_MASTER_EVIDENCE_BASE/03_INVESTIGATIONS/02_EXPANDED_ARCHIVES/DEMOCRACY_INFLUENCE_ALL_INVESTIGATIONS_2026-09-07/__NESTED_EXPANDED__/DEMOCRACY_INFLUENCE_ALL_INVESTIGATIONS_2026-09-07__01_RUNTIME_AND_CORPUS__INVESTIGATION_CONTROL_v0.7_METHOD_PACK/INVESTIGATION_CONTROL_v0.7_METHOD_PACK/BASELINE/SUBSTACK_2026-08-26/posts/180377342.bandera-vs-petain-ce-que-les-faits.html,26427,83eeeffb067f8cfdef1abc00ade34a316f9caffb4d407b4202942b78993a2f7c
02_MASTER_EVIDENCE_BASE/03_INVESTIGATIONS/02_EXPANDED_ARCHIVES/DEMOCRACY_INFLUENCE_ALL_INVESTIGATIONS_2026-09-07/__NESTED_EXPANDED__/DEMOCRACY_INFLUENCE_ALL_INVESTIGATIONS_2026-09-07__01_RUNTIME_AND_CORPUS__INVESTIGATION_CONTROL_v0.7_METHOD_PACK/INVESTIGATION_CONTROL_v0.7_METHOD_PACK/BASELINE/SUBSTACK_2026-08-26/posts/180396722.alla-poedie-cafards-censure-et-opacite.html,40802,10cc15298b9d9850329737ae66bdb6a44e63e5d31073020cc97dbcde8fddb2b5
02_MASTER_EVIDENCE_BASE/03_INVESTIGATIONS/02_EXPANDED_ARCHIVES/DEMOCRACY_INFLUENCE_ALL_INVESTIGATIONS_2026-09-07/__NESTED_EXPANDED__/DEMOCRACY_INFLUENCE_ALL_INVESTIGATIONS_2026-09-07__01_RUNTIME_AND_CORPUS__INVESTIGATION_CONTROL_v0.7_METHOD_PACK/INVESTIGATION_CONTROL_v0.7_METHOD_PACK/BASELINE/SUBSTACK_2026-08-26/posts/180481861.quand-lelysee-attaque-un-journaliste.html,41910,a8d9d01c5712e109529a623ce160f9c70c674135a5533f99bb85a275252bc3ab
02_MASTER_EVIDENCE_BASE/03_INVESTIGATIONS/02_EXPANDED_ARCHIVES/DEMOCRACY_INFLUENCE_ALL_INVESTIGATIONS_2026-09-07/__NESTED_EXPANDED__/DEMOCRACY_INFLUENCE_ALL_INVESTIGATIONS_2026-09-07__01_RUNTIME_AND_CORPUS__INVESTIGATION_CONTROL_v0.7_METHOD_PACK/INVESTIGATION_CONTROL_v0.7_METHOD_PACK/BASELINE/SUBSTACK_2026-08-26/posts/180580808.pravda-quand-lelysee-ironise-sur.html,58870,3393c049a47115f7af8ccf8965f9e14fd52bcd97457b4c2ce7f81d3c5d14892b
02_MASTER_EVIDENCE_BASE/03_INVESTIGATIONS/02_EXPANDED_ARCHIVES/DEMOCRACY_INFLUENCE_ALL_INVESTIGATIONS_2026-09-07/__NESTED_EXPANDED__/DEMOCRACY_INFLUENCE_ALL_INVESTIGATIONS_2026-09-07__01_RUNTIME_AND_CORPUS__INVESTIGATION_CONTROL_v0.7_METHOD_PACK/INVESTIGATION_CONTROL_v0.7_METHOD_PACK/BASELINE/SUBSTACK_2026-08-26/posts/180734703.abattage-massif-en-savoie-la-france.html,17750,ff42f43389b99ed3454d58f6b23a8d574f2e99033d3d63a82fca39debc1bd584
02_MASTER_EVIDENCE_BASE/03_INVESTIGATIONS/02_EXPANDED_ARCHIVES/DEMOCRACY_INFLUENCE_ALL_INVESTIGATIONS_2026-09-07/__NESTED_EXPANDED__/DEMOCRACY_INFLUENCE_ALL_INVESTIGATIONS_2026-09-07__01_RUNTIME_AND_CORPUS__INVESTIGATION_CONTROL_v0.7_METHOD_PACK/INVESTIGATION_CONTROL_v0.7_METHOD_PACK/BASELINE/SUBSTACK_2026-08-26/posts/180851146.france-2025-larchitecture-de-lenfer.html,26712,e7bf35abbed098480748a020c2262b4f88a667345b69698979fefe8df365ec53
02_MASTER_EVIDENCE_BASE/03_INVESTIGATIONS/02_EXPANDED_ARCHIVES/DEMOCRACY_INFLUENCE_ALL_INVESTIGATIONS_2026-09-07/__NESTED_EXPANDED__/DEMOCRACY_INFLUENCE_ALL_INVESTIGATIONS_2026-09-07__01_RUNTIME_AND_CORPUS__INVESTIGATION_CONTROL_v0.7_METHOD_PACK/INVESTIGATION_CONTROL_v0.7_METHOD_PACK/BASELINE/SUBSTACK_2026-08-26/posts/180872735.comment-musk-et-trump-vont-briser.html,10258,cc302baa513e9882535a3ce36240d2c6b1645dd8bb6cc479d98774d3bc079ce5
02_MASTER_EVIDENCE_BASE/03_INVESTIGATIONS/02_EXPANDED_ARCHIVES/DEMOCRACY_INFLUENCE_ALL_INVESTIGATIONS_2026-09-07/__NESTED_EXPANDED__/DEMOCRACY_INFLUENCE_ALL_INVESTIGATIONS_2026-09-07__01_RUNTIME_AND_CORPUS__INVESTIGATION_CONTROL_v0.7_METHOD_PACK/INVESTIGATION_CONTROL_v0.7_METHOD_PACK/BASELINE/SUBSTACK_2026-08-26/posts/181348704.la-grande-arnaque-agricole-comment.html,56793,efa73b54af8cbcef80a978c33d09b00b14a04867a93420edb15a3cc065232b40
02_MASTER_EVIDENCE_BASE/03_INVESTIGATIONS/02_EXPANDED_ARCHIVES/DEMOCRACY_INFLUENCE_ALL_INVESTIGATIONS_2026-09-07/__NESTED_EXPANDED__/DEMOCRACY_INFLUENCE_ALL_INVESTIGATIONS_2026-09-07__01_RUNTIME_AND_CORPUS__INVESTIGATION_CONTROL_v0.7_METHOD_PACK/INVESTIGATION_CONTROL_v0.7_METHOD_PACK/BASELINE/SUBSTACK_2026-08-26/posts/181428779.ce-que-letat-vous-cache-sur-la-dnc.html,41536,97d0eef0e4d1b37e5a58ec5c12e546eaf669f1b520b94d2616a0d77dcad4e9c9
02_MASTER_EVIDENCE_BASE/03_INVESTIGATIONS/02_EXPANDED_ARCHIVES/DEMOCRACY_INFLUENCE_ALL_INVESTIGATIONS_2026-09-07/__NESTED_EXPANDED__/DEMOCRACY_INFLUENCE_ALL_INVESTIGATIONS_2026-09-07__01_RUNTIME_AND_CORPUS__INVESTIGATION_CONTROL_v0.7_METHOD_PACK/INVESTIGATION_CONTROL_v0.7_METHOD_PACK/BASELINE/SUBSTACK_2026-08-26/posts/181572197.lindustrie-de-linfluence-enquete.html,29709,6d15aa4ffa9674011f7f425d9180cf3971dd499c990c2c676540baf02396b652
02_MASTER_EVIDENCE_BASE/03_INVESTIGATIONS/02_EXPANDED_ARCHIVES/DEMOCRACY_INFLUENCE_ALL_INVESTIGATIONS_2026-09-07/__NESTED_EXPANDED__/DEMOCRACY_INFLUENCE_ALL_INVESTIGATIONS_2026-09-07__01_RUNTIME_AND_CORPUS__INVESTIGATION_CONTROL_v0.7_METHOD_PACK/INVESTIGATION_CONTROL_v0.7_METHOD_PACK/BASELINE/SUBSTACK_2026-08-26/posts/181766389.les-telegraphistes-de-la-terreur.html,21404,33b1605314fa32608d88a4328d0c3d44e3d6c184994995553b5e8df3799cd316
02_MASTER_EVIDENCE_BASE/03_INVESTIGATIONS/02_EXPANDED_ARCHIVES/DEMOCRACY_INFLUENCE_ALL_INVESTIGATIONS_2026-09-07/__NESTED_EXPANDED__/DEMOCRACY_INFLUENCE_ALL_INVESTIGATIONS_2026-09-07__01_RUNTIME_AND_CORPUS__INVESTIGATION_CONTROL_v0.7_METHOD_PACK/INVESTIGATION_CONTROL_v0.7_METHOD_PACK/BASELINE/SUBSTACK_2026-08-26/posts/182308074.france-2025-lanatomie-dune-feodalite.html,35495,3ed9e8969650fd4562aedf3db2f8b802ad9e0096aec437897ad3c28d002423ac
02_MASTER_EVIDENCE_BASE/03_INVESTIGATIONS/02_EXPANDED_ARCHIVES/DEMOCRACY_INFLUENCE_ALL_INVESTIGATIONS_2026-09-07/__NESTED_EXPANDED__/DEMOCRACY_INFLUENCE_ALL_INVESTIGATIONS_2026-09-07__01_RUNTIME_AND_CORPUS__INVESTIGATION_CONTROL_v0.7_METHOD_PACK/INVESTIGATION_CONTROL_v0.7_METHOD_PACK/BASELINE/SUBSTACK_2026-08-26/posts/182455797.larchitecture-de-labattoir-le-crime.html,13822,d4faa318e15552de6f3cb5363d74644230ccf1bdb2a4c29aa5ea053c230ddf9e
02_MASTER_EVIDENCE_BASE/03_INVESTIGATIONS/02_EXPANDED_ARCHIVES/DEMOCRACY_INFLUENCE_ALL_INVESTIGATIONS_2026-09-07/__NESTED_EXPANDED__/DEMOCRACY_INFLUENCE_ALL_INVESTIGATIONS_2026-09-07__01_RUNTIME_AND_CORPUS__INVESTIGATION_CONTROL_v0.7_METHOD_PACK/INVESTIGATION_CONTROL_v0.7_METHOD_PACK/BASELINE/SUBSTACK_2026-08-26/posts/182502562.la-justice-spectrale-lere-du-bannissement.html,14203,bcd507ae3051d9df8eb09e385ebff11008695b492c607bcfdf3461d244a06418
02_MASTER_EVIDENCE_BASE/03_INVESTIGATIONS/02_EXPANDED_ARCHIVES/DEMOCRACY_INFLUENCE_ALL_INVESTIGATIONS_2026-09-07/__NESTED_EXPANDED__/DEMOCRACY_INFLUENCE_ALL_INVESTIGATIONS_2026-09-07__01_RUNTIME_AND_CORPUS__INVESTIGATION_CONTROL_v0.7_METHOD_PACK/INVESTIGATION_CONTROL_v0.7_METHOD_PACK/BASELINE/SUBSTACK_2026-08-26/posts/182890010.le-schisme-larme-sur-la-tempe-et.html,18841,bde38ddf1b874c325e1af3f88843a48910049fc12bfdb2967a5b9fd528c4b9d3
02_MASTER_EVIDENCE_BASE/03_INVESTIGATIONS/02_EXPANDED_ARCHIVES/DEMOCRACY_INFLUENCE_ALL_INVESTIGATIONS_2026-09-07/__NESTED_EXPANDED__/DEMOCRACY_INFLUENCE_ALL_INVESTIGATIONS_2026-09-07__01_RUNTIME_AND_CORPUS__INVESTIGATION_CONTROL_v0.7_METHOD_PACK/INVESTIGATION_CONTROL_v0.7_METHOD_PACK/BASELINE/SUBSTACK_2026-08-26/posts/183098263.lempire-des-peches-psychopathologie.html,21872,b7037ac826231fdc88b94ab1dbe77a9a28e22029e77a4bbba383117338e4ea2d
02_MASTER_EVIDENCE_BASE/03_INVESTIGATIONS/02_EXPANDED_ARCHIVES/DEMOCRACY_INFLUENCE_ALL_INVESTIGATIONS_2026-09-07/__NESTED_EXPANDED__/DEMOCRACY_INFLUENCE_ALL_INVESTIGATIONS_2026-09-07__01_RUNTIME_AND_CORPUS__INVESTIGATION_CONTROL_v0.7_METHOD_PACK/INVESTIGATION_CONTROL_v0.7_METHOD_PACK/BASELINE/SUBSTACK_2026-08-26/posts/183123537.lempire-du-mensonge-rapport-dautopsie.html,146082,d392143a48a92f6ccdc3f1176f3931f57f9153999ffa35066ca8666fd0c39af4
02_MASTER_EVIDENCE_BASE/03_INVESTIGATIONS/02_EXPANDED_ARCHIVES/DEMOCRACY_INFLUENCE_ALL_INVESTIGATIONS_2026-09-07/__NESTED_EXPANDED__/DEMOCRACY_INFLUENCE_ALL_INVESTIGATIONS_2026-09-07__01_RUNTIME_AND_CORPUS__INVESTIGATION_CONTROL_v0.7_METHOD_PACK/INVESTIGATION_CONTROL_v0.7_METHOD_PACK/BASELINE/SUBSTACK_2026-08-26/posts/183323402.lasphyxie-du-golem-traite-de-la-resistance.html,16646,5d6eb07bbb6faf7ee8067a995cce4e9b1724469f3f85a6a7665ab8b1fd9795cc
02_MASTER_EVIDENCE_BASE/03_INVESTIGATIONS/02_EXPANDED_ARCHIVES/DEMOCRACY_INFLUENCE_ALL_INVESTIGATIONS_2026-09-07/__NESTED_EXPANDED__/DEMOCRACY_INFLUENCE_ALL_INVESTIGATIONS_2026-09-07__01_RUNTIME_AND_CORPUS__INVESTIGATION_CONTROL_v0.7_METHOD_PACK/INVESTIGATION_CONTROL_v0.7_METHOD_PACK/BASELINE/SUBSTACK_2026-08-26/posts/183424330.lagonie-du-souverain-la-singularite.html,18449,6369c8dbf2226678a26c0b72143b35e5e64d2c7533aad534cf78ea312894c8df
02_MASTER_EVIDENCE_BASE/03_INVESTIGATIONS/02_EXPANDED_ARCHIVES/DEMOCRACY_INFLUENCE_ALL_INVESTIGATIONS_2026-09-07/__NESTED_EXPANDED__/DEMOCRACY_INFLUENCE_ALL_INVESTIGATIONS_2026-09-07__01_RUNTIME_AND_CORPUS__INVESTIGATION_CONTROL_v0.7_METHOD_PACK/INVESTIGATION_CONTROL_v0.7_METHOD_PACK/BASELINE/SUBSTACK_2026-08-26/posts/184196064.letat-mafia-autopsie-dune-liquidation.html,15638,8c60f615f7714807af7d40fb0671c423f41f2c51409316356060cb6c7984dd25
02_MASTER_EVIDENCE_BASE/03_INVESTIGATIONS/02_EXPANDED_ARCHIVES/DEMOCRACY_INFLUENCE_ALL_INVESTIGATIONS_2026-09-07/__NESTED_EXPANDED__/DEMOCRACY_INFLUENCE_ALL_INVESTIGATIONS_2026-09-07__01_RUNTIME_AND_CORPUS__INVESTIGATION_CONTROL_v0.7_METHOD_PACK/INVESTIGATION_CONTROL_v0.7_METHOD_PACK/BASELINE/SUBSTACK_2026-08-26/posts/184748463.la-derniere-recolte-autopsie-dune.html,19639,af0e21cac3a539f0d05e66da2b4674f9055b978a6a2dba3b48abc7a1d2654c9e
02_MASTER_EVIDENCE_BASE/03_INVESTIGATIONS/02_EXPANDED_ARCHIVES/DEMOCRACY_INFLUENCE_ALL_INVESTIGATIONS_2026-09-07/__NESTED_EXPANDED__/DEMOCRACY_INFLUENCE_ALL_INVESTIGATIONS_2026-09-07__01_RUNTIME_AND_CORPUS__INVESTIGATION_CONTROL_v0.7_METHOD_PACK/INVESTIGATION_CONTROL_v0.7_METHOD_PACK/BASELINE/SUBSTACK_2026-08-26/posts/185160908.annie-genevard-plus-de-cas-de-dnc.html,13127,d0473873f8e736a865b46f82eb74be0de2ffc64f0d5e39969c1d07d6ffc83eaf
02_MASTER_EVIDENCE_BASE/03_INVESTIGATIONS/02_EXPANDED_ARCHIVES/DEMOCRACY_INFLUENCE_ALL_INVESTIGATIONS_2026-09-07/__NESTED_EXPANDED__/DEMOCRACY_INFLUENCE_ALL_INVESTIGATIONS_2026-09-07__01_RUNTIME_AND_CORPUS__INVESTIGATION_CONTROL_v0.7_METHOD_PACK/INVESTIGATION_CONTROL_v0.7_METHOD_PACK/BASELINE/SUBSTACK_2026-08-26/posts/185731731.lagriculture-au-scanner-autopsie.html,122319,c270913042811119ae0e0b24879ae66448da9eabff3e101fceb785e3184f2653
02_MASTER_EVIDENCE_BASE/03_INVESTIGATIONS/02_EXPANDED_ARCHIVES/DEMOCRACY_INFLUENCE_ALL_INVESTIGATIONS_2026-09-07/__NESTED_EXPANDED__/DEMOCRACY_INFLUENCE_ALL_INVESTIGATIONS_2026-09-07__01_RUNTIME_AND_CORPUS__INVESTIGATION_CONTROL_v0.7_METHOD_PACK/INVESTIGATION_CONTROL_v0.7_METHOD_PACK/BASELINE/SUBSTACK_2026-08-26/posts/185893876.budget-2026-larchitecture-du-mensonge.html,40753,94a97800c73f82f179408d6b92fc5e764b65d8168c7d96ef24fff60c868eb8dc
02_MASTER_EVIDENCE_BASE/03_INVESTIGATIONS/02_EXPANDED_ARCHIVES/DEMOCRACY_INFLUENCE_ALL_INVESTIGATIONS_2026-09-07/__NESTED_EXPANDED__/DEMOCRACY_INFLUENCE_ALL_INVESTIGATIONS_2026-09-07__01_RUNTIME_AND_CORPUS__INVESTIGATION_CONTROL_v0.7_METHOD_PACK/INVESTIGATION_CONTROL_v0.7_METHOD_PACK/BASELINE/SUBSTACK_2026-08-26/posts/186057704.letat-qui-veut-tout-controler-mais.html,14128,3456a3ce22737b25ddedf55b0f79c73dbfb2320397d07943e9abb8a91f53fca0
02_MASTER_EVIDENCE_BASE/03_INVESTIGATIONS/02_EXPANDED_ARCHIVES/DEMOCRACY_INFLUENCE_ALL_INVESTIGATIONS_2026-09-07/__NESTED_EXPANDED__/DEMOCRACY_INFLUENCE_ALL_INVESTIGATIONS_2026-09-07__01_RUNTIME_AND_CORPUS__INVESTIGATION_CONTROL_v0.7_METHOD_PACK/INVESTIGATION_CONTROL_v0.7_METHOD_PACK/BASELINE/SUBSTACK_2026-08-26/posts/186127641.limpasse-persique-pourquoi-loccident.html,13446,1043ff31c45b72f3c3977f64a0dcba3a5f2fb7dc644e43e85d334512b38ada83
02_MASTER_EVIDENCE_BASE/03_INVESTIGATIONS/02_EXPANDED_ARCHIVES/DEMOCRACY_INFLUENCE_ALL_INVESTIGATIONS_2026-09-07/__NESTED_EXPANDED__/DEMOCRACY_INFLUENCE_ALL_INVESTIGATIONS_2026-09-07__01_RUNTIME_AND_CORPUS__INVESTIGATION_CONTROL_v0.7_METHOD_PACK/INVESTIGATION_CONTROL_v0.7_METHOD_PACK/BASELINE/SUBSTACK_2026-08-26/posts/186286764.ce-que-macron-appelle-protection.html,29973,ade5c466cea53f4d0c0406a8b4b55afe9ad36e2a38812478e1562a8262e63222
02_MASTER_EVIDENCE_BASE/03_INVESTIGATIONS/02_EXPANDED_ARCHIVES/DEMOCRACY_INFLUENCE_ALL_INVESTIGATIONS_2026-09-07/__NESTED_EXPANDED__/DEMOCRACY_INFLUENCE_ALL_INVESTIGATIONS_2026-09-07__01_RUNTIME_AND_CORPUS__INVESTIGATION_CONTROL_v0.7_METHOD_PACK/INVESTIGATION_CONTROL_v0.7_METHOD_PACK/BASELINE/SUBSTACK_2026-08-26/posts/186775451.ils-ont-quitte-lhumanite.html,33173,abed7f9ccc2bd8c07e315318d9365ab34ea0026ad065b203465796edc547e082
02_MASTER_EVIDENCE_BASE/03_INVESTIGATIONS/02_EXPANDED_ARCHIVES/DEMOCRACY_INFLUENCE_ALL_INVESTIGATIONS_2026-09-07/__NESTED_EXPANDED__/DEMOCRACY_INFLUENCE_ALL_INVESTIGATIONS_2026-09-07__01_RUNTIME_AND_CORPUS__INVESTIGATION_CONTROL_v0.7_METHOD_PACK/INVESTIGATION_CONTROL_v0.7_METHOD_PACK/BASELINE/SUBSTACK_2026-08-26/posts/186844276.tristan-mendes-france-la-machine.html,41438,7f652333e2d14177251bc0c9c16f8ef28b0dbfb5b0da77ffed3485297f7ab8c6
02_MASTER_EVIDENCE_BASE/03_INVESTIGATIONS/02_EXPANDED_ARCHIVES/DEMOCRACY_INFLUENCE_ALL_INVESTIGATIONS_2026-09-07/__NESTED_EXPANDED__/DEMOCRACY_INFLUENCE_ALL_INVESTIGATIONS_2026-09-07__01_RUNTIME_AND_CORPUS__INVESTIGATION_CONTROL_v0.7_METHOD_PACK/INVESTIGATION_CONTROL_v0.7_METHOD_PACK/BASELINE/SUBSTACK_2026-08-26/posts/186904003.larchitecture-de-la-censure-europeenne.html,127966,7db37dd524d3b7c199535abb2ec335688e8b4ea49f87c85e24db6a82fefd5d7c
02_MASTER_EVIDENCE_BASE/03_INVESTIGATIONS/02_EXPANDED_ARCHIVES/DEMOCRACY_INFLUENCE_ALL_INVESTIGATIONS_2026-09-07/__NESTED_EXPANDED__/DEMOCRACY_INFLUENCE_ALL_INVESTIGATIONS_2026-09-07__01_RUNTIME_AND_CORPUS__INVESTIGATION_CONTROL_v0.7_METHOD_PACK/INVESTIGATION_CONTROL_v0.7_METHOD_PACK/BASELINE/SUBSTACK_2026-08-26/posts/187237034.de-lombre-des-cavernes-a-lecran-lumineux.html,47695,c4695d506bd63eaf6e78eb3b5f55d3735b838b354e12bf81c62fce48a9c31b4a
02_MASTER_EVIDENCE_BASE/03_INVESTIGATIONS/02_EXPANDED_ARCHIVES/DEMOCRACY_INFLUENCE_ALL_INVESTIGATIONS_2026-09-07/__NESTED_EXPANDED__/DEMOCRACY_INFLUENCE_ALL_INVESTIGATIONS_2026-09-07__01_RUNTIME_AND_CORPUS__INVESTIGATION_CONTROL_v0.7_METHOD_PACK/INVESTIGATION_CONTROL_v0.7_METHOD_PACK/BASELINE/SUBSTACK_2026-08-26/posts/187436825.darwin-et-evolution-enquete-sur-les.html,70471,ec1a01b731b5a49e933baeff239b7cea94565ee3fd43f6491b03f6fa558d23dc
02_MASTER_EVIDENCE_BASE/03_INVESTIGATIONS/02_EXPANDED_ARCHIVES/DEMOCRACY_INFLUENCE_ALL_INVESTIGATIONS_2026-09-07/__NESTED_EXPANDED__/DEMOCRACY_INFLUENCE_ALL_INVESTIGATIONS_2026-09-07__01_RUNTIME_AND_CORPUS__INVESTIGATION_CONTROL_v0.7_METHOD_PACK/INVESTIGATION_CONTROL_v0.7_METHOD_PACK/BASELINE/SUBSTACK_2026-08-26/posts/187674415.le-triangle-de-la-capture-le-mecanisme.html,57111,8fb62146aa06f11e8d4781f79e1f3c233c2e7cba9ecf88caa392fdce944c8b75
02_MASTER_EVIDENCE_BASE/03_INVESTIGATIONS/02_EXPANDED_ARCHIVES/DEMOCRACY_INFLUENCE_ALL_INVESTIGATIONS_2026-09-07/__NESTED_EXPANDED__/DEMOCRACY_INFLUENCE_ALL_INVESTIGATIONS_2026-09-07__01_RUNTIME_AND_CORPUS__INVESTIGATION_CONTROL_v0.7_METHOD_PACK/INVESTIGATION_CONTROL_v0.7_METHOD_PACK/BASELINE/SUBSTACK_2026-08-26/posts/188810196.le-gulag-digital-surveilles-a-100.html,25184,6b77abad4639376c504e480f8c66e9d5f947f89a931e7427e214ab0c0e1c5286
02_MASTER_EVIDENCE_BASE/03_INVESTIGATIONS/02_EXPANDED_ARCHIVES/DEMOCRACY_INFLUENCE_ALL_INVESTIGATIONS_2026-09-07/__NESTED_EXPANDED__/DEMOCRACY_INFLUENCE_ALL_INVESTIGATIONS_2026-09-07__01_RUNTIME_AND_CORPUS__INVESTIGATION_CONTROL_v0.7_METHOD_PACK/INVESTIGATION_CONTROL_v0.7_METHOD_PACK/BASELINE/SUBSTACK_2026-08-26/posts/188933060.le-piege-knafo-cheval-de-troie-dune.html,21579,c9a079307a490036fc5a9906a3cb0bcb116f7cd901179ce451bf56d964494601
02_MASTER_EVIDENCE_BASE/03_INVESTIGATIONS/02_EXPANDED_ARCHIVES/DEMOCRACY_INFLUENCE_ALL_INVESTIGATIONS_2026-09-07/__NESTED_EXPANDED__/DEMOCRACY_INFLUENCE_ALL_INVESTIGATIONS_2026-09-07__01_RUNTIME_AND_CORPUS__INVESTIGATION_CONTROL_v0.7_METHOD_PACK/INVESTIGATION_CONTROL_v0.7_METHOD_PACK/BASELINE/SUBSTACK_2026-08-26/posts/189043675.la-machine-a-silence.html,39781,c44208cbcbe79a41e6330e5ca9e381fa299a4d2012c847f6df68813173cb0f70
02_MASTER_EVIDENCE_BASE/03_INVESTIGATIONS/02_EXPANDED_ARCHIVES/DEMOCRACY_INFLUENCE_ALL_INVESTIGATIONS_2026-09-07/__NESTED_EXPANDED__/DEMOCRACY_INFLUENCE_ALL_INVESTIGATIONS_2026-09-07__01_RUNTIME_AND_CORPUS__INVESTIGATION_CONTROL_v0.7_METHOD_PACK/INVESTIGATION_CONTROL_v0.7_METHOD_PACK/BASELINE/SUBSTACK_2026-08-26/posts/189647946.lempire-des-miettes.html,24277,4fdf75d72681728e995bfcfb807250c248ad76d84e38bf547f6de49e6be02181
02_MASTER_EVIDENCE_BASE/03_INVESTIGATIONS/02_EXPANDED_ARCHIVES/DEMOCRACY_INFLUENCE_ALL_INVESTIGATIONS_2026-09-07/__NESTED_EXPANDED__/DEMOCRACY_INFLUENCE_ALL_INVESTIGATIONS_2026-09-07__01_RUNTIME_AND_CORPUS__INVESTIGATION_CONTROL_v0.7_METHOD_PACK/INVESTIGATION_CONTROL_v0.7_METHOD_PACK/BASELINE/SUBSTACK_2026-08-26/posts/189855247.le-sanctuaire-inverse-comment-la.html,60063,fe11ce5c2e216c034b08e023e44618503ef2a660f9189b8d9b2b721a67daaee4
02_MASTER_EVIDENCE_BASE/03_INVESTIGATIONS/02_EXPANDED_ARCHIVES/DEMOCRACY_INFLUENCE_ALL_INVESTIGATIONS_2026-09-07/__NESTED_EXPANDED__/DEMOCRACY_INFLUENCE_ALL_INVESTIGATIONS_2026-09-07__01_RUNTIME_AND_CORPUS__INVESTIGATION_CONTROL_v0.7_METHOD_PACK/INVESTIGATION_CONTROL_v0.7_METHOD_PACK/BASELINE/SUBSTACK_2026-08-26/posts/190192234.le-grand-manege-de-la-depossession.html,26928,b03934953a565094a118b88405412b425a96c65e6925324b328799e09f80247d
02_MASTER_EVIDENCE_BASE/03_INVESTIGATIONS/02_EXPANDED_ARCHIVES/DEMOCRACY_INFLUENCE_ALL_INVESTIGATIONS_2026-09-07/__NESTED_EXPANDED__/DEMOCRACY_INFLUENCE_ALL_INVESTIGATIONS_2026-09-07__01_RUNTIME_AND_CORPUS__INVESTIGATION_CONTROL_v0.7_METHOD_PACK/INVESTIGATION_CONTROL_v0.7_METHOD_PACK/BASELINE/SUBSTACK_2026-08-26/posts/190587326.ue-mercosur-le-mensonge-sanitaire.html,38332,b6e4b92a0d1bbce59ca7afd0b7f3fb279f7c98f256a8ffa405674e6db3093b85
02_MASTER_EVIDENCE_BASE/03_INVESTIGATIONS/02_EXPANDED_ARCHIVES/DEMOCRACY_INFLUENCE_ALL_INVESTIGATIONS_2026-09-07/__NESTED_EXPANDED__/DEMOCRACY_INFLUENCE_ALL_INVESTIGATIONS_2026-09-07__01_RUNTIME_AND_CORPUS__INVESTIGATION_CONTROL_v0.7_METHOD_PACK/INVESTIGATION_CONTROL_v0.7_METHOD_PACK/BASELINE/SUBSTACK_2026-08-26/posts/190739827.le-sabotage-energetique-francais.html,36907,0ab193142f2e13b35347248298b1ae807d8d91a67a802cfc06c35ad6a7c37d2d
02_MASTER_EVIDENCE_BASE/03_INVESTIGATIONS/02_EXPANDED_ARCHIVES/DEMOCRACY_INFLUENCE_ALL_INVESTIGATIONS_2026-09-07/__NESTED_EXPANDED__/DEMOCRACY_INFLUENCE_ALL_INVESTIGATIONS_2026-09-07__01_RUNTIME_AND_CORPUS__INVESTIGATION_CONTROL_v0.7_METHOD_PACK/INVESTIGATION_CONTROL_v0.7_METHOD_PACK/BASELINE/SUBSTACK_2026-08-26/posts/191154925.pourquoi-les-electeurs-francais-votent.html,44685,dccc3b95ad356aa4455a0171a43a5cb45371cd639600ee05f803cf8f77b4f57b
02_MASTER_EVIDENCE_BASE/03_INVESTIGATIONS/02_EXPANDED_ARCHIVES/DEMOCRACY_INFLUENCE_ALL_INVESTIGATIONS_2026-09-07/__NESTED_EXPANDED__/DEMOCRACY_INFLUENCE_ALL_INVESTIGATIONS_2026-09-07__01_RUNTIME_AND_CORPUS__INVESTIGATION_CONTROL_v0.7_METHOD_PACK/INVESTIGATION_CONTROL_v0.7_METHOD_PACK/BASELINE/SUBSTACK_2026-08-26/posts/191802696.la-guerre-des-autres.html,45571,14b3a8974ad0865c475807895435675f3c658df3931a53feb895436ce0766a95
02_MASTER_EVIDENCE_BASE/03_INVESTIGATIONS/02_EXPANDED_ARCHIVES/DEMOCRACY_INFLUENCE_ALL_INVESTIGATIONS_2026-09-07/__NESTED_EXPANDED__/DEMOCRACY_INFLUENCE_ALL_INVESTIGATIONS_2026-09-07__01_RUNTIME_AND_CORPUS__INVESTIGATION_CONTROL_v0.7_METHOD_PACK/INVESTIGATION_CONTROL_v0.7_METHOD_PACK/BASELINE/SUBSTACK_2026-08-26/posts/192293819.la-democratie-en-cage.html,44548,52cffafb06e101bbfab8f5806d1ade0c962a1a8d9d386310ea71d768ef213159
02_MASTER_EVIDENCE_BASE/03_INVESTIGATIONS/02_EXPANDED_ARCHIVES/DEMOCRACY_INFLUENCE_ALL_INVESTIGATIONS_2026-09-07/__NESTED_EXPANDED__/DEMOCRACY_INFLUENCE_ALL_INVESTIGATIONS_2026-09-07__01_RUNTIME_AND_CORPUS__INVESTIGATION_CONTROL_v0.7_METHOD_PACK/INVESTIGATION_CONTROL_v0.7_METHOD_PACK/BASELINE/SUBSTACK_2026-08-26/posts/192351575.le-reseau-qui-nous-facture.html,42982,f420de0fe715df44ba9541b413bf25877896c61694bd1edaed833e5663024445
02_MASTER_EVIDENCE_BASE/03_INVESTIGATIONS/02_EXPANDED_ARCHIVES/DEMOCRACY_INFLUENCE_ALL_INVESTIGATIONS_2026-09-07/__NESTED_EXPANDED__/DEMOCRACY_INFLUENCE_ALL_INVESTIGATIONS_2026-09-07__01_RUNTIME_AND_CORPUS__INVESTIGATION_CONTROL_v0.7_METHOD_PACK/INVESTIGATION_CONTROL_v0.7_METHOD_PACK/BASELINE/SUBSTACK_2026-08-26/posts/192483249.ce-nest-pas-du-satanisme-cest-une.html,72061,adc4303f6adc595727b0604059d048cf041dc24be9c3fd02802a39950230c665
02_MASTER_EVIDENCE_BASE/03_INVESTIGATIONS/02_EXPANDED_ARCHIVES/DEMOCRACY_INFLUENCE_ALL_INVESTIGATIONS_2026-09-07/__NESTED_EXPANDED__/DEMOCRACY_INFLUENCE_ALL_INVESTIGATIONS_2026-09-07__01_RUNTIME_AND_CORPUS__INVESTIGATION_CONTROL_v0.7_METHOD_PACK/INVESTIGATION_CONTROL_v0.7_METHOD_PACK/BASELINE/SUBSTACK_2026-08-26/posts/192726440.le-vampire-de-la-croissance.html,36334,3eb1bed338e2ccfa1f6a030cba3e30c8f67f4ac2975db44c913895143dd561ae
02_MASTER_EVIDENCE_BASE/03_INVESTIGATIONS/02_EXPANDED_ARCHIVES/DEMOCRACY_INFLUENCE_ALL_INVESTIGATIONS_2026-09-07/__NESTED_EXPANDED__/DEMOCRACY_INFLUENCE_ALL_INVESTIGATIONS_2026-09-07__01_RUNTIME_AND_CORPUS__INVESTIGATION_CONTROL_v0.7_METHOD_PACK/INVESTIGATION_CONTROL_v0.7_METHOD_PACK/BASELINE/SUBSTACK_2026-08-26/posts/193017697.comment-la-richesse-verrouille-le.html,50280,34d17c9c78147e6be4654962b58d2755c6174fb105d2b47f47ea8d91523fe791
02_MASTER_EVIDENCE_BASE/03_INVESTIGATIONS/02_EXPANDED_ARCHIVES/DEMOCRACY_INFLUENCE_ALL_INVESTIGATIONS_2026-09-07/__NESTED_EXPANDED__/DEMOCRACY_INFLUENCE_ALL_INVESTIGATIONS_2026-09-07__01_RUNTIME_AND_CORPUS__INVESTIGATION_CONTROL_v0.7_METHOD_PACK/INVESTIGATION_CONTROL_v0.7_METHOD_PACK/BASELINE/SUBSTACK_2026-08-26/posts/193239406.oak-island-le-mecanisme-de-capture.html,53717,46e1cf5898acdd39cca54d16cbb4eb00be3b865a10c16d24bb1141c5d92bdf9e
02_MASTER_EVIDENCE_BASE/03_INVESTIGATIONS/02_EXPANDED_ARCHIVES/DEMOCRACY_INFLUENCE_ALL_INVESTIGATIONS_2026-09-07/__NESTED_EXPANDED__/DEMOCRACY_INFLUENCE_ALL_INVESTIGATIONS_2026-09-07__01_RUNTIME_AND_CORPUS__INVESTIGATION_CONTROL_v0.7_METHOD_PACK/INVESTIGATION_CONTROL_v0.7_METHOD_PACK/BASELINE/SUBSTACK_2026-08-26/posts/193327603.ce-que-le-corps-sait-et-que-la-machine.html,24529,88ce9e9f986004f5982cff50345f0bd406de6cd797ee48a794b2a309d3ed87bf
02_MASTER_EVIDENCE_BASE/03_INVESTIGATIONS/02_EXPANDED_ARCHIVES/DEMOCRACY_INFLUENCE_ALL_INVESTIGATIONS_2026-09-07/__NESTED_EXPANDED__/DEMOCRACY_INFLUENCE_ALL_INVESTIGATIONS_2026-09-07__01_RUNTIME_AND_CORPUS__INVESTIGATION_CONTROL_v0.7_METHOD_PACK/INVESTIGATION_CONTROL_v0.7_METHOD_PACK/BASELINE/SUBSTACK_2026-08-26/posts/193730222.la-commission-qui-devait-eclairer.html,46772,84e1bd3562e258acc73810ca6ae6d305ae84c482fa16e0d30fcd8f5ce4da9f98
02_MASTER_EVIDENCE_BASE/03_INVESTIGATIONS/02_EXPANDED_ARCHIVES/DEMOCRACY_INFLUENCE_ALL_INVESTIGATIONS_2026-09-07/__NESTED_EXPANDED__/DEMOCRACY_INFLUENCE_ALL_INVESTIGATIONS_2026-09-07__01_RUNTIME_AND_CORPUS__INVESTIGATION_CONTROL_v0.7_METHOD_PACK/INVESTIGATION_CONTROL_v0.7_METHOD_PACK/BASELINE/SUBSTACK_2026-08-26/posts/193809543.audiovisuel-public-anatomie-dune.html,14856,f4bd430a3f001926e6129144e08de5b75d111ae814ced865b414590c95e18bb3
02_MASTER_EVIDENCE_BASE/03_INVESTIGATIONS/02_EXPANDED_ARCHIVES/DEMOCRACY_INFLUENCE_ALL_INVESTIGATIONS_2026-09-07/__NESTED_EXPANDED__/DEMOCRACY_INFLUENCE_ALL_INVESTIGATIONS_2026-09-07__01_RUNTIME_AND_CORPUS__INVESTIGATION_CONTROL_v0.7_METHOD_PACK/INVESTIGATION_CONTROL_v0.7_METHOD_PACK/BASELINE/SUBSTACK_2026-08-26/posts/194040178.lingenierie-de-la-possession.html,42379,c02126c1ac3d9c457b3991c11d096f59f8b7fea2576b808926543164bef4895a
02_MASTER_EVIDENCE_BASE/03_INVESTIGATIONS/02_EXPANDED_ARCHIVES/DEMOCRACY_INFLUENCE_ALL_INVESTIGATIONS_2026-09-07/__NESTED_EXPANDED__/DEMOCRACY_INFLUENCE_ALL_INVESTIGATIONS_2026-09-07__01_RUNTIME_AND_CORPUS__INVESTIGATION_CONTROL_v0.7_METHOD_PACK/INVESTIGATION_CONTROL_v0.7_METHOD_PACK/BASELINE/SUBSTACK_2026-08-26/posts/194130616.le-protocole-du-re-enracinement.html,18485,6b4d31fbd24bd84a2c075eb88dded27025aa1bfe0fec64f092f83f92f92d9709
02_MASTER_EVIDENCE_BASE/03_INVESTIGATIONS/02_EXPANDED_ARCHIVES/DEMOCRACY_INFLUENCE_ALL_INVESTIGATIONS_2026-09-07/__NESTED_EXPANDED__/DEMOCRACY_INFLUENCE_ALL_INVESTIGATIONS_2026-09-07__01_RUNTIME_AND_CORPUS__INVESTIGATION_CONTROL_v0.7_METHOD_PACK/INVESTIGATION_CONTROL_v0.7_METHOD_PACK/BASELINE/SUBSTACK_2026-08-26/posts/194422681.le-leviathan-de-verre.html,43547,97ad62aa5b72b0500ac67701c370761d6e6cf03f77c46760db885419cb53c61d
02_MASTER_EVIDENCE_BASE/03_INVESTIGATIONS/02_EXPANDED_ARCHIVES/DEMOCRACY_INFLUENCE_ALL_INVESTIGATIONS_2026-09-07/__NESTED_EXPANDED__/DEMOCRACY_INFLUENCE_ALL_INVESTIGATIONS_2026-09-07__01_RUNTIME_AND_CORPUS__INVESTIGATION_CONTROL_v0.7_METHOD_PACK/INVESTIGATION_CONTROL_v0.7_METHOD_PACK/BASELINE/SUBSTACK_2026-08-26/posts/194518266.lingenierie-de-lenclos.html,51915,4a9598cb8399f2a09fa000aa17328980910e0e5cd8f0ae483e72e527a74a981b
02_MASTER_EVIDENCE_BASE/03_INVESTIGATIONS/02_EXPANDED_ARCHIVES/DEMOCRACY_INFLUENCE_ALL_INVESTIGATIONS_2026-09-07/__NESTED_EXPANDED__/DEMOCRACY_INFLUENCE_ALL_INVESTIGATIONS_2026-09-07__01_RUNTIME_AND_CORPUS__INVESTIGATION_CONTROL_v0.7_METHOD_PACK/INVESTIGATION_CONTROL_v0.7_METHOD_PACK/BASELINE/SUBSTACK_2026-08-26/posts/194695720.larchitecture-a-luvre.html,63350,2b9d31cb885f2260efa646e43b0fbcc0fca86fb84d871c3fd688bf3e02781507
02_MASTER_EVIDENCE_BASE/03_INVESTIGATIONS/02_EXPANDED_ARCHIVES/DEMOCRACY_INFLUENCE_ALL_INVESTIGATIONS_2026-09-07/__NESTED_EXPANDED__/DEMOCRACY_INFLUENCE_ALL_INVESTIGATIONS_2026-09-07__01_RUNTIME_AND_CORPUS__INVESTIGATION_CONTROL_v0.7_METHOD_PACK/INVESTIGATION_CONTROL_v0.7_METHOD_PACK/BASELINE/SUBSTACK_2026-08-26/posts/194966421.la-constellation-davril.html,52016,28aa0744d1b2f001a443a0eb310e0cc3c01c41db7bdf4b74f25eda2e4b205607
02_MASTER_EVIDENCE_BASE/03_INVESTIGATIONS/02_EXPANDED_ARCHIVES/DEMOCRACY_INFLUENCE_ALL_INVESTIGATIONS_2026-09-07/__NESTED_EXPANDED__/DEMOCRACY_INFLUENCE_ALL_INVESTIGATIONS_2026-09-07__01_RUNTIME_AND_CORPUS__INVESTIGATION_CONTROL_v0.7_METHOD_PACK/INVESTIGATION_CONTROL_v0.7_METHOD_PACK/BASELINE/SUBSTACK_2026-08-26/posts/197963983.climat-les-deux-escroqueries.html,40013,a463768e31cdc15f6258925e4a79ae3387d13b8e9447c91cbcc278599c1e0062
02_MASTER_EVIDENCE_BASE/03_INVESTIGATIONS/02_EXPANDED_ARCHIVES/DEMOCRACY_INFLUENCE_ALL_INVESTIGATIONS_2026-09-07/__NESTED_EXPANDED__/DEMOCRACY_INFLUENCE_ALL_INVESTIGATIONS_2026-09-07__01_RUNTIME_AND_CORPUS__INVESTIGATION_CONTROL_v0.7_METHOD_PACK/INVESTIGATION_CONTROL_v0.7_METHOD_PACK/BASELINE/SUBSTACK_2026-08-26/posts/198170736.le-paradoxe-francais-66-de-colere.html,113670,86f6344ffd8e3e87c4d19ccccb55a75b41aede75a58a2bbae89b5d6dc5ead5ba
02_MASTER_EVIDENCE_BASE/03_INVESTIGATIONS/02_EXPANDED_ARCHIVES/DEMOCRACY_INFLUENCE_ALL_INVESTIGATIONS_2026-09-07/__NESTED_EXPANDED__/DEMOCRACY_INFLUENCE_ALL_INVESTIGATIONS_2026-09-07__01_RUNTIME_AND_CORPUS__INVESTIGATION_CONTROL_v0.7_METHOD_PACK/INVESTIGATION_CONTROL_v0.7_METHOD_PACK/BASELINE/SUBSTACK_2026-08-26/posts/198384632.le-ciel-nest-pas-gratuit.html,31076,a93d1122b095d6c8c801b01849a66a031a73cf611fef40e84ac39c6daf698ef3
02_MASTER_EVIDENCE_BASE/03_INVESTIGATIONS/02_EXPANDED_ARCHIVES/DEMOCRACY_INFLUENCE_ALL_INVESTIGATIONS_2026-09-07/__NESTED_EXPANDED__/DEMOCRACY_INFLUENCE_ALL_INVESTIGATIONS_2026-09-07__01_RUNTIME_AND_CORPUS__INVESTIGATION_CONTROL_v0.7_METHOD_PACK/INVESTIGATION_CONTROL_v0.7_METHOD_PACK/BASELINE/SUBSTACK_2026-08-26/posts/198659211.opposition-controlee-anatomie-dun.html,61889,3791df0bd935d742991bdf91fb687e44169da94d139dc2f3f72d3e980af5cff5
02_MASTER_EVIDENCE_BASE/03_INVESTIGATIONS/02_EXPANDED_ARCHIVES/DEMOCRACY_INFLUENCE_ALL_INVESTIGATIONS_2026-09-07/__NESTED_EXPANDED__/DEMOCRACY_INFLUENCE_ALL_INVESTIGATIONS_2026-09-07__01_RUNTIME_AND_CORPUS__INVESTIGATION_CONTROL_v0.7_METHOD_PACK/INVESTIGATION_CONTROL_v0.7_METHOD_PACK/BASELINE/SUBSTACK_2026-08-26/posts/199049245.le-changement-de-regime-pourquoi.html,47686,eb8faf10db25e9a9cacd138a69d1b9a3b0dca0f0f43df6c1d4edcf892bef05bb
02_MASTER_EVIDENCE_BASE/03_INVESTIGATIONS/02_EXPANDED_ARCHIVES/DEMOCRACY_INFLUENCE_ALL_INVESTIGATIONS_2026-09-07/__NESTED_EXPANDED__/DEMOCRACY_INFLUENCE_ALL_INVESTIGATIONS_2026-09-07__01_RUNTIME_AND_CORPUS__INVESTIGATION_CONTROL_v0.7_METHOD_PACK/INVESTIGATION_CONTROL_v0.7_METHOD_PACK/BASELINE/SUBSTACK_2026-08-26/posts/199422722.la-caste-parasite-qui-gouverne-la.html,44448,e94222df1a5c625b3b44f8180bd9355b5710c60d3c5465cda6edefcf2430d104
02_MASTER_EVIDENCE_BASE/03_INVESTIGATIONS/02_EXPANDED_ARCHIVES/DEMOCRACY_INFLUENCE_ALL_INVESTIGATIONS_2026-09-07/__NESTED_EXPANDED__/DEMOCRACY_INFLUENCE_ALL_INVESTIGATIONS_2026-09-07__01_RUNTIME_AND_CORPUS__INVESTIGATION_CONTROL_v0.7_METHOD_PACK/INVESTIGATION_CONTROL_v0.7_METHOD_PACK/BASELINE/SUBSTACK_2026-08-26/posts/199653976.la-dette-instrumentalisee-3-200-milliards.html,34493,472ef5d802af3831561d407e2bf33eb855c2975991db647ade7f9f8fdd09efcc
02_MASTER_EVIDENCE_BASE/03_INVESTIGATIONS/02_EXPANDED_ARCHIVES/DEMOCRACY_INFLUENCE_ALL_INVESTIGATIONS_2026-09-07/__NESTED_EXPANDED__/DEMOCRACY_INFLUENCE_ALL_INVESTIGATIONS_2026-09-07__01_RUNTIME_AND_CORPUS__INVESTIGATION_CONTROL_v0.7_METHOD_PACK/INVESTIGATION_CONTROL_v0.7_METHOD_PACK/BASELINE/SUBSTACK_2026-08-26/posts/199654188.le-systeme-de-sante-demantele-8-millions.html,36100,e7d6f4511607af448eee9d2246df836977966485ad0fa340e30d49d5c7e0427f
02_MASTER_EVIDENCE_BASE/03_INVESTIGATIONS/02_EXPANDED_ARCHIVES/DEMOCRACY_INFLUENCE_ALL_INVESTIGATIONS_2026-09-07/__NESTED_EXPANDED__/DEMOCRACY_INFLUENCE_ALL_INVESTIGATIONS_2026-09-07__01_RUNTIME_AND_CORPUS__INVESTIGATION_CONTROL_v0.7_METHOD_PACK/INVESTIGATION_CONTROL_v0.7_METHOD_PACK/BASELINE/SUBSTACK_2026-08-26/posts/199654310.les-visages-de-la-pauvrete-98-millions.html,29496,6498c6eba9930d9f9199bbfc0e9ee2280a5db9d93fcb3ed38183825f50636ca3
02_MASTER_EVIDENCE_BASE/03_INVESTIGATIONS/02_EXPANDED_ARCHIVES/DEMOCRACY_INFLUENCE_ALL_INVESTIGATIONS_2026-09-07/__NESTED_EXPANDED__/DEMOCRACY_INFLUENCE_ALL_INVESTIGATIONS_2026-09-07__01_RUNTIME_AND_CORPUS__INVESTIGATION_CONTROL_v0.7_METHOD_PACK/INVESTIGATION_CONTROL_v0.7_METHOD_PACK/BASELINE/SUBSTACK_2026-08-26/posts/199654478.la-france-desindustrialisee-81-milliards.html,26795,558385a84d5e2fe8c48e91b656e02ef771ff8863c5697ee632c1c7123ddd12f4
02_MASTER_EVIDENCE_BASE/03_INVESTIGATIONS/02_EXPANDED_ARCHIVES/DEMOCRACY_INFLUENCE_ALL_INVESTIGATIONS_2026-09-07/__NESTED_EXPANDED__/DEMOCRACY_INFLUENCE_ALL_INVESTIGATIONS_2026-09-07__01_RUNTIME_AND_CORPUS__INVESTIGATION_CONTROL_v0.7_METHOD_PACK/INVESTIGATION_CONTROL_v0.7_METHOD_PACK/BASELINE/SUBSTACK_2026-08-26/posts/199654539.lecole-sans-transmission-43-points.html,32596,6722f612f1da295c6b738ae46fe526fdb19ad60fde3313b94528d10f56eb46cd
02_MASTER_EVIDENCE_BASE/03_INVESTIGATIONS/02_EXPANDED_ARCHIVES/DEMOCRACY_INFLUENCE_ALL_INVESTIGATIONS_2026-09-07/__NESTED_EXPANDED__/DEMOCRACY_INFLUENCE_ALL_INVESTIGATIONS_2026-09-07__01_RUNTIME_AND_CORPUS__INVESTIGATION_CONTROL_v0.7_METHOD_PACK/INVESTIGATION_CONTROL_v0.7_METHOD_PACK/BASELINE/SUBSTACK_2026-08-26/posts/199654638.limmigration-sans-cap-340-000-titres.html,27382,092d16e2f726baa7a349d26bc5772c9d6e878b228fd3a10245211d22085a43e8
02_MASTER_EVIDENCE_BASE/03_INVESTIGATIONS/02_EXPANDED_ARCHIVES/DEMOCRACY_INFLUENCE_ALL_INVESTIGATIONS_2026-09-07/__NESTED_EXPANDED__/DEMOCRACY_INFLUENCE_ALL_INVESTIGATIONS_2026-09-07__01_RUNTIME_AND_CORPUS__INVESTIGATION_CONTROL_v0.7_METHOD_PACK/INVESTIGATION_CONTROL_v0.7_METHOD_PACK/BASELINE/SUBSTACK_2026-08-26/posts/199654706.le-logement-la-machine-a-creer-de.html,31378,31b3463bcacb5bd96686eaf79d74d988fd5ba3bb16de9d30cd4097b9e1a6b6d1
02_MASTER_EVIDENCE_BASE/03_INVESTIGATIONS/02_EXPANDED_ARCHIVES/DEMOCRACY_INFLUENCE_ALL_INVESTIGATIONS_2026-09-07/__NESTED_EXPANDED__/DEMOCRACY_INFLUENCE_ALL_INVESTIGATIONS_2026-09-07__01_RUNTIME_AND_CORPUS__INVESTIGATION_CONTROL_v0.7_METHOD_PACK/INVESTIGATION_CONTROL_v0.7_METHOD_PACK/BASELINE/SUBSTACK_2026-08-26/posts/199654799.lenergie-sacrifiee-923-twh-exportes.html,41403,5a6482d506506eb105f277cee313bd3af0f9ce371aefbf5bbfe454f4aa0fd4d4
02_MASTER_EVIDENCE_BASE/03_INVESTIGATIONS/02_EXPANDED_ARCHIVES/DEMOCRACY_INFLUENCE_ALL_INVESTIGATIONS_2026-09-07/__NESTED_EXPANDED__/DEMOCRACY_INFLUENCE_ALL_INVESTIGATIONS_2026-09-07__01_RUNTIME_AND_CORPUS__INVESTIGATION_CONTROL_v0.7_METHOD_PACK/INVESTIGATION_CONTROL_v0.7_METHOD_PACK/BASELINE/SUBSTACK_2026-08-26/posts/199654871.lagriculture-qui-meurt-100-000-fermes.html,29283,ae99200c8734dfe051487838d78b50178f803ed2ab8ffd1dc9ac4fb91bca5fc3
02_MASTER_EVIDENCE_BASE/03_INVESTIGATIONS/02_EXPANDED_ARCHIVES/DEMOCRACY_INFLUENCE_ALL_INVESTIGATIONS_2026-09-07/__NESTED_EXPANDED__/DEMOCRACY_INFLUENCE_ALL_INVESTIGATIONS_2026-09-07__01_RUNTIME_AND_CORPUS__INVESTIGATION_CONTROL_v0.7_METHOD_PACK/INVESTIGATION_CONTROL_v0.7_METHOD_PACK/BASELINE/SUBSTACK_2026-08-26/posts/199654938.medias-censure-et-desinformation.html,41062,4a499b55fb04d7e71015c1b9ccb99b4d732f428fb433b757131fef0e3a8cef9c
02_MASTER_EVIDENCE_BASE/03_INVESTIGATIONS/02_EXPANDED_ARCHIVES/DEMOCRACY_INFLUENCE_ALL_INVESTIGATIONS_2026-09-07/__NESTED_EXPANDED__/DEMOCRACY_INFLUENCE_ALL_INVESTIGATIONS_2026-09-07__01_RUNTIME_AND_CORPUS__INVESTIGATION_CONTROL_v0.7_METHOD_PACK/INVESTIGATION_CONTROL_v0.7_METHOD_PACK/BASELINE/SUBSTACK_2026-08-26/posts/199655040.leurope-piege-francais-12-contentieux.html,37160,3a8ddedd8cdb65697dba2c175f8c4fe8a183f599cb0f8452f5502fe25da0273c
02_MASTER_EVIDENCE_BASE/03_INVESTIGATIONS/02_EXPANDED_ARCHIVES/DEMOCRACY_INFLUENCE_ALL_INVESTIGATIONS_2026-09-07/__NESTED_EXPANDED__/DEMOCRACY_INFLUENCE_ALL_INVESTIGATIONS_2026-09-07__01_RUNTIME_AND_CORPUS__INVESTIGATION_CONTROL_v0.7_METHOD_PACK/INVESTIGATION_CONTROL_v0.7_METHOD_PACK/BASELINE/SUBSTACK_2026-08-26/posts/199655095.la-defense-rongee-449-md-sans-munitions.html,39026,b1915269bcff728e2fc73bc60061c90b60567540f8f0011fdda644f596437034
02_MASTER_EVIDENCE_BASE/03_INVESTIGATIONS/02_EXPANDED_ARCHIVES/DEMOCRACY_INFLUENCE_ALL_INVESTIGATIONS_2026-09-07/__NESTED_EXPANDED__/DEMOCRACY_INFLUENCE_ALL_INVESTIGATIONS_2026-09-07__01_RUNTIME_AND_CORPUS__INVESTIGATION_CONTROL_v0.7_METHOD_PACK/INVESTIGATION_CONTROL_v0.7_METHOD_PACK/BASELINE/SUBSTACK_2026-08-26/posts/199655164.le-verrou-28-recours-au-493-57-dabstention.html,41982,8d2025bdb8112827a3384bf467968834a3d7edc12a85a6f78f1483384eff22c2
02_MASTER_EVIDENCE_BASE/03_INVESTIGATIONS/02_EXPANDED_ARCHIVES/DEMOCRACY_INFLUENCE_ALL_INVESTIGATIONS_2026-09-07/__NESTED_EXPANDED__/DEMOCRACY_INFLUENCE_ALL_INVESTIGATIONS_2026-09-07__01_RUNTIME_AND_CORPUS__INVESTIGATION_CONTROL_v0.7_METHOD_PACK/INVESTIGATION_CONTROL_v0.7_METHOD_PACK/BASELINE/SUBSTACK_2026-08-26/posts/199655242.le-numerique-colonise-70-des-donnees.html,30640,afe662c77c15d1776dae49a1b314b071c7c9aaa7a4cd289160b16a411322ae33
02_MASTER_EVIDENCE_BASE/03_INVESTIGATIONS/02_EXPANDED_ARCHIVES/DEMOCRACY_INFLUENCE_ALL_INVESTIGATIONS_2026-09-07/__NESTED_EXPANDED__/DEMOCRACY_INFLUENCE_ALL_INVESTIGATIONS_2026-09-07__01_RUNTIME_AND_CORPUS__INVESTIGATION_CONTROL_v0.7_METHOD_PACK/INVESTIGATION_CONTROL_v0.7_METHOD_PACK/BASELINE/SUBSTACK_2026-08-26/posts/199655311.la-justice-fantome-020-du-pib-86.html,28572,80f36ebd660489b9869e89e020c67e4210bebaa193d085fbb74a527443fb972e
02_MASTER_EVIDENCE_BASE/03_INVESTIGATIONS/02_EXPANDED_ARCHIVES/DEMOCRACY_INFLUENCE_ALL_INVESTIGATIONS_2026-09-07/__NESTED_EXPANDED__/DEMOCRACY_INFLUENCE_ALL_INVESTIGATIONS_2026-09-07__01_RUNTIME_AND_CORPUS__INVESTIGATION_CONTROL_v0.7_METHOD_PACK/INVESTIGATION_CONTROL_v0.7_METHOD_PACK/BASELINE/SUBSTACK_2026-08-26/posts/199655748.largent-qui-disparait-80-a-100-milliards.html,35330,f39ca3f504f2dfd66cc5bf59925d41d71956076b2b00026fda6ae44a3b799aa8
02_MASTER_EVIDENCE_BASE/03_INVESTIGATIONS/02_EXPANDED_ARCHIVES/DEMOCRACY_INFLUENCE_ALL_INVESTIGATIONS_2026-09-07/__NESTED_EXPANDED__/DEMOCRACY_INFLUENCE_ALL_INVESTIGATIONS_2026-09-07__01_RUNTIME_AND_CORPUS__INVESTIGATION_CONTROL_v0.7_METHOD_PACK/INVESTIGATION_CONTROL_v0.7_METHOD_PACK/BASELINE/SUBSTACK_2026-08-26/posts/199724760.le-peuple-est-le-seul-souverain-le.html,38610,ce79ca84dbbd3843429144a528a185c10b277a04591d2ba17e510c21ada7b8dd
02_MASTER_EVIDENCE_BASE/03_INVESTIGATIONS/02_EXPANDED_ARCHIVES/DEMOCRACY_INFLUENCE_ALL_INVESTIGATIONS_2026-09-07/__NESTED_EXPANDED__/DEMOCRACY_INFLUENCE_ALL_INVESTIGATIONS_2026-09-07__01_RUNTIME_AND_CORPUS__INVESTIGATION_CONTROL_v0.7_METHOD_PACK/INVESTIGATION_CONTROL_v0.7_METHOD_PACK/BASELINE/SUBSTACK_2026-08-26/posts/200815786.lagenda-legislatif-precede-la-violence.html,63219,9a78dd22478358d34635acd94ae2fa407415c02032d91925795c770c6df2189b
02_MASTER_EVIDENCE_BASE/03_INVESTIGATIONS/02_EXPANDED_ARCHIVES/DEMOCRACY_INFLUENCE_ALL_INVESTIGATIONS_2026-09-07/__NESTED_EXPANDED__/DEMOCRACY_INFLUENCE_ALL_INVESTIGATIONS_2026-09-07__01_RUNTIME_AND_CORPUS__INVESTIGATION_CONTROL_v0.7_METHOD_PACK/INVESTIGATION_CONTROL_v0.7_METHOD_PACK/BASELINE/SUBSTACK_2026-08-26/posts/201110112.19-civilisations-5000-ans-une-lecon.html,44691,fe1eb56b2a1c8ffb945a5d668319b2fd1d1517e59aebec8bcb486a8f85141688
02_MASTER_EVIDENCE_BASE/03_INVESTIGATIONS/02_EXPANDED_ARCHIVES/DEMOCRACY_INFLUENCE_ALL_INVESTIGATIONS_2026-09-07/__NESTED_EXPANDED__/DEMOCRACY_INFLUENCE_ALL_INVESTIGATIONS_2026-09-07__01_RUNTIME_AND_CORPUS__INVESTIGATION_CONTROL_v0.7_METHOD_PACK/INVESTIGATION_CONTROL_v0.7_METHOD_PACK/BASELINE/SUBSTACK_2026-08-26/posts/201207190.lyhanna-autopsie-dun-systeme-a-deux.html,37532,319c8b8aafac024d2f7a3a8005b8621b485570314867411f554367e7383561bb
02_MASTER_EVIDENCE_BASE/03_INVESTIGATIONS/02_EXPANDED_ARCHIVES/DEMOCRACY_INFLUENCE_ALL_INVESTIGATIONS_2026-09-07/__NESTED_EXPANDED__/DEMOCRACY_INFLUENCE_ALL_INVESTIGATIONS_2026-09-07__01_RUNTIME_AND_CORPUS__INVESTIGATION_CONTROL_v0.7_METHOD_PACK/INVESTIGATION_CONTROL_v0.7_METHOD_PACK/BASELINE/SUBSTACK_2026-08-26/posts/202002466.eloge-de-la-surface.html,46940,bc1a68c567a90a2abed556c2f52d266929db7888467c8b766af9af0e86a13f78
02_MASTER_EVIDENCE_BASE/03_INVESTIGATIONS/02_EXPANDED_ARCHIVES/DEMOCRACY_INFLUENCE_ALL_INVESTIGATIONS_2026-09-07/__NESTED_EXPANDED__/DEMOCRACY_INFLUENCE_ALL_INVESTIGATIONS_2026-09-07__01_RUNTIME_AND_CORPUS__INVESTIGATION_CONTROL_v0.7_METHOD_PACK/INVESTIGATION_CONTROL_v0.7_METHOD_PACK/BASELINE/SUBSTACK_2026-08-26/posts/202607767.le-systeme-informatique-detat-autopsie.html,55996,abc3709ddb8bcc69d0fd53ab981a5de4c47a0c2a328c6b01e56c90a41dd319b2
02_MASTER_EVIDENCE_BASE/03_INVESTIGATIONS/02_EXPANDED_ARCHIVES/DEMOCRACY_INFLUENCE_ALL_INVESTIGATIONS_2026-09-07/__NESTED_EXPANDED__/DEMOCRACY_INFLUENCE_ALL_INVESTIGATIONS_2026-09-07__01_RUNTIME_AND_CORPUS__INVESTIGATION_CONTROL_v0.7_METHOD_PACK/INVESTIGATION_CONTROL_v0.7_METHOD_PACK/BASELINE/SUBSTACK_2026-08-26/posts/202848231.lecart-legalitelegitimite-la-signature.html,68070,fe0f3912cbafdf64ead6e318a3201a9062396f2c3d1f19893b28d5c89e2ff092
02_MASTER_EVIDENCE_BASE/03_INVESTIGATIONS/02_EXPANDED_ARCHIVES/DEMOCRACY_INFLUENCE_ALL_INVESTIGATIONS_2026-09-07/__NESTED_EXPANDED__/DEMOCRACY_INFLUENCE_ALL_INVESTIGATIONS_2026-09-07__01_RUNTIME_AND_CORPUS__INVESTIGATION_CONTROL_v0.7_METHOD_PACK/INVESTIGATION_CONTROL_v0.7_METHOD_PACK/BASELINE/SUBSTACK_2026-08-26/posts/203962785.un-geyser-de-6-metres-a-clichy-autopsie.html,48871,d43714f0b3761eaef23daeace4df4f565f30841b7f7e5729e4f959c8afb12f15
02_MASTER_EVIDENCE_BASE/03_INVESTIGATIONS/02_EXPANDED_ARCHIVES/DEMOCRACY_INFLUENCE_ALL_INVESTIGATIONS_2026-09-07/__NESTED_EXPANDED__/DEMOCRACY_INFLUENCE_ALL_INVESTIGATIONS_2026-09-07__01_RUNTIME_AND_CORPUS__INVESTIGATION_CONTROL_v0.7_METHOD_PACK/INVESTIGATION_CONTROL_v0.7_METHOD_PACK/BASELINE/SUBSTACK_2026-08-26/posts/204169916.le-debat-qui-nexistait-pas-6-mecanismes.html,35795,e8ae5b974765ab5dd418ec2a947ed04804528a71343095507edcd84303f52bd3
02_MASTER_EVIDENCE_BASE/03_INVESTIGATIONS/02_EXPANDED_ARCHIVES/DEMOCRACY_INFLUENCE_ALL_INVESTIGATIONS_2026-09-07/__NESTED_EXPANDED__/DEMOCRACY_INFLUENCE_ALL_INVESTIGATIONS_2026-09-07__01_RUNTIME_AND_CORPUS__INVESTIGATION_CONTROL_v0.7_METHOD_PACK/INVESTIGATION_CONTROL_v0.7_METHOD_PACK/BASELINE/SUBSTACK_2026-08-26/posts/204390820.larchitecture-de-la-dependance.html,42934,103bad5dcd06770004d1c5089cd7f38a34197e462c60fb8db878c1c6faede78c
02_MASTER_EVIDENCE_BASE/03_INVESTIGATIONS/02_EXPANDED_ARCHIVES/DEMOCRACY_INFLUENCE_ALL_INVESTIGATIONS_2026-09-07/__NESTED_EXPANDED__/DEMOCRACY_INFLUENCE_ALL_INVESTIGATIONS_2026-09-07__01_RUNTIME_AND_CORPUS__INVESTIGATION_CONTROL_v0.7_METHOD_PACK/INVESTIGATION_CONTROL_v0.7_METHOD_PACK/BASELINE/SUBSTACK_2026-08-26/posts/205911763.le-verrou-invisible-anatomie-du-ric.html,47043,3050a43d82627a14e3530436a4c36ba705b8b175047d0201ebfe39d859705375
02_MASTER_EVIDENCE_BASE/03_INVESTIGATIONS/02_EXPANDED_ARCHIVES/DEMOCRACY_INFLUENCE_ALL_INVESTIGATIONS_2026-09-07/__NESTED_EXPANDED__/DEMOCRACY_INFLUENCE_ALL_INVESTIGATIONS_2026-09-07__01_RUNTIME_AND_CORPUS__INVESTIGATION_CONTROL_v0.7_METHOD_PACK/INVESTIGATION_CONTROL_v0.7_METHOD_PACK/BASELINE/SUBSTACK_2026-08-26/posts/206006558.police-francaise-anatomie-dun-systeme.html,59815,7bb2c36f767aa051bee3a9f0b1b30302828ba13d5e29a64aa43019558e0f95fd
02_MASTER_EVIDENCE_BASE/03_INVESTIGATIONS/02_EXPANDED_ARCHIVES/DEMOCRACY_INFLUENCE_ALL_INVESTIGATIONS_2026-09-07/__NESTED_EXPANDED__/DEMOCRACY_INFLUENCE_ALL_INVESTIGATIONS_2026-09-07__01_RUNTIME_AND_CORPUS__INVESTIGATION_CONTROL_v0.7_METHOD_PACK/INVESTIGATION_CONTROL_v0.7_METHOD_PACK/BASELINE/SUBSTACK_2026-08-26/posts/206399715.le-peuple-nexiste-que-sur-convocation.html,39209,6b48fd6ef6eb0736dd102d5c1df0c4d96166aadcdd9aa3973543a9a9639aac84
02_MASTER_EVIDENCE_BASE/03_INVESTIGATIONS/02_EXPANDED_ARCHIVES/DEMOCRACY_INFLUENCE_ALL_INVESTIGATIONS_2026-09-07/__NESTED_EXPANDED__/DEMOCRACY_INFLUENCE_ALL_INVESTIGATIONS_2026-09-07__01_RUNTIME_AND_CORPUS__INVESTIGATION_CONTROL_v0.7_METHOD_PACK/INVESTIGATION_CONTROL_v0.7_METHOD_PACK/BASELINE/SUBSTACK_2026-08-26/posts/208733314.la-fabrique-de-la-menace-comment.html,69989,66c6e050e5bd0559704f39b090b651949078c095db0cb05112caa27c9db76913
02_MASTER_EVIDENCE_BASE/03_INVESTIGATIONS/02_EXPANDED_ARCHIVES/DEMOCRACY_INFLUENCE_ALL_INVESTIGATIONS_2026-09-07/__NESTED_EXPANDED__/DEMOCRACY_INFLUENCE_ALL_INVESTIGATIONS_2026-09-07__01_RUNTIME_AND_CORPUS__INVESTIGATION_CONTROL_v0.7_METHOD_PACK/INVESTIGATION_CONTROL_v0.7_METHOD_PACK/BASELINE/SUBSTACK_2026-08-26/posts/209222653.du-narratif-a-lingerence-le-seuil.html,68948,10175600f9b291bf42dc9eee6ae6245a21dd2b91a02e0bb80278b261b0fe4c59
02_MASTER_EVIDENCE_BASE/03_INVESTIGATIONS/02_EXPANDED_ARCHIVES/DEMOCRACY_INFLUENCE_ALL_INVESTIGATIONS_2026-09-07/__NESTED_EXPANDED__/DEMOCRACY_INFLUENCE_ALL_INVESTIGATIONS_2026-09-07__01_RUNTIME_AND_CORPUS__INVESTIGATION_CONTROL_v0.7_METHOD_PACK/INVESTIGATION_CONTROL_v0.7_METHOD_PACK/BASELINE/SUBSTACK_2026-08-26/posts/209458739.machine.html,52909,9479baabfae953650556c240caec77a53c1acfb928e84bfd5ba05117daa20ec0
02_MASTER_EVIDENCE_BASE/03_INVESTIGATIONS/02_EXPANDED_ARCHIVES/DEMOCRACY_INFLUENCE_ALL_INVESTIGATIONS_2026-09-07/__NESTED_EXPANDED__/DEMOCRACY_INFLUENCE_ALL_INVESTIGATIONS_2026-09-07__01_RUNTIME_AND_CORPUS__INVESTIGATION_CONTROL_v0.7_METHOD_PACK/INVESTIGATION_CONTROL_v0.7_METHOD_PACK/BASELINE/SUBSTACK_2026-08-26/posts/210182384.lingerence-sans-mesure.html,59087,f6af70037f145beca240cc3366f16f665422f4941749d5f08d9f25e674167afc
02_MASTER_EVIDENCE_BASE/03_INVESTIGATIONS/02_EXPANDED_ARCHIVES/DEMOCRACY_INFLUENCE_ALL_INVESTIGATIONS_2026-09-07/__NESTED_EXPANDED__/DEMOCRACY_INFLUENCE_ALL_INVESTIGATIONS_2026-09-07__01_RUNTIME_AND_CORPUS__INVESTIGATION_CONTROL_v0.7_METHOD_PACK/INVESTIGATION_CONTROL_v0.7_METHOD_PACK/BASELINE/SUBSTACK_2026-08-26/posts/210245443.limpossible-rassemblement.html,60264,376492639a0da4f6fec026046a01d606b02cd5a24487e12fe8d2e7f8e53642c3
02_MASTER_EVIDENCE_BASE/03_INVESTIGATIONS/02_EXPANDED_ARCHIVES/DEMOCRACY_INFLUENCE_ALL_INVESTIGATIONS_2026-09-07/__NESTED_EXPANDED__/DEMOCRACY_INFLUENCE_ALL_INVESTIGATIONS_2026-09-07__01_RUNTIME_AND_CORPUS__INVESTIGATION_CONTROL_v0.7_METHOD_PACK/INVESTIGATION_CONTROL_v0.7_METHOD_PACK/BASELINE/SUBSTACK_2026-08-26/posts/212051560.qui-fabrique-lautorite-du-vrai.html,145783,c82024043f5dd1872a55d4febffd681ae89a24b2086d6052e3fbdd84361e4b6b
02_MASTER_EVIDENCE_BASE/03_INVESTIGATIONS/02_EXPANDED_ARCHIVES/DEMOCRACY_INFLUENCE_ALL_INVESTIGATIONS_2026-09-07/__NESTED_EXPANDED__/DEMOCRACY_INFLUENCE_ALL_INVESTIGATIONS_2026-09-07__01_RUNTIME_AND_CORPUS__INVESTIGATION_CONTROL_v0.7_METHOD_PACK/INVESTIGATION_CONTROL_v0.7_METHOD_PACK/BASELINE/SUBSTACK_2026-08-26/posts/212538645.qui-fact-checke-les-fact-checkers.html,178628,8725be5f2777fb38d868dffd29030f8ab45a18e3b1e2619b3a0b974afe2f3521
02_MASTER_EVIDENCE_BASE/03_INVESTIGATIONS/02_EXPANDED_ARCHIVES/DEMOCRACY_INFLUENCE_ALL_INVESTIGATIONS_2026-09-07/__NESTED_EXPANDED__/DEMOCRACY_INFLUENCE_ALL_INVESTIGATIONS_2026-09-07__01_RUNTIME_AND_CORPUS__INVESTIGATION_CONTROL_v0.7_METHOD_PACK/INVESTIGATION_CONTROL_v0.7_METHOD_PACK/BASELINE/SUBSTACK_2026-08-26/posts.csv,57288,d26a8500753a452316230dca743b007e841e818bfc0549dfae66f2499e6a65f4
02_MASTER_EVIDENCE_BASE/03_INVESTIGATIONS/02_EXPANDED_ARCHIVES/DEMOCRACY_INFLUENCE_ALL_INVESTIGATIONS_2026-09-07/__NESTED_EXPANDED__/DEMOCRACY_INFLUENCE_ALL_INVESTIGATIONS_2026-09-07__01_RUNTIME_AND_CORPUS__INVESTIGATION_CONTROL_v0.7_METHOD_PACK/INVESTIGATION_CONTROL_v0.7_METHOD_PACK/DASHBOARD.md,924,5998c396bbb755dacc7a7a0561532fe248328ae7711d056af0ed83783ba9ee3b
02_MASTER_EVIDENCE_BASE/03_INVESTIGATIONS/02_EXPANDED_ARCHIVES/DEMOCRACY_INFLUENCE_ALL_INVESTIGATIONS_2026-09-07/__NESTED_EXPANDED__/DEMOCRACY_INFLUENCE_ALL_INVESTIGATIONS_2026-09-07__01_RUNTIME_AND_CORPUS__INVESTIGATION_CONTROL_v0.7_METHOD_PACK/INVESTIGATION_CONTROL_v0.7_METHOD_PACK/EXECUTION_PLAN.md,889,15f6bb6d3ea57cab8b408c3227215ee541983ef81deff54b500e8cb162f50ae8
02_MASTER_EVIDENCE_BASE/03_INVESTIGATIONS/02_EXPANDED_ARCHIVES/DEMOCRACY_INFLUENCE_ALL_INVESTIGATIONS_2026-09-07/__NESTED_EXPANDED__/DEMOCRACY_INFLUENCE_ALL_INVESTIGATIONS_2026-09-07__01_RUNTIME_AND_CORPUS__INVESTIGATION_CONTROL_v0.7_METHOD_PACK/INVESTIGATION_CONTROL_v0.7_METHOD_PACK/INV-001/INV-001-R1_REPLAY.md,2900,c3b02fe75ee3ccd0804ac9ab420489b1b7af7710b7aa9920aa00a4f626ed1105
02_MASTER_EVIDENCE_BASE/03_INVESTIGATIONS/02_EXPANDED_ARCHIVES/DEMOCRACY_INFLUENCE_ALL_INVESTIGATIONS_2026-09-07/__NESTED_EXPANDED__/DEMOCRACY_INFLUENCE_ALL_INVESTIGATIONS_2026-09-07__01_RUNTIME_AND_CORPUS__INVESTIGATION_CONTROL_v0.7_METHOD_PACK/INVESTIGATION_CONTROL_v0.7_METHOD_PACK/INV-001/INV-001_CORPUS_INTEGRITY_AUDIT.md,9175,21704b2e6957dd9550327c63b779f57137bd809ebd7ae28c87b1dc33b0854c78
02_MASTER_EVIDENCE_BASE/03_INVESTIGATIONS/02_EXPANDED_ARCHIVES/DEMOCRACY_INFLUENCE_ALL_INVESTIGATIONS_2026-09-07/__NESTED_EXPANDED__/DEMOCRACY_INFLUENCE_ALL_INVESTIGATIONS_2026-09-07__01_RUNTIME_AND_CORPUS__INVESTIGATION_CONTROL_v0.7_METHOD_PACK/INVESTIGATION_CONTROL_v0.7_METHOD_PACK/INV-001/INV-001_CORPUS_MANIFEST.csv,24644,961d9574b220485375431fd0f4763d8c938903a1da50095a80e10aa7948bc5be
02_MASTER_EVIDENCE_BASE/03_INVESTIGATIONS/02_EXPANDED_ARCHIVES/DEMOCRACY_INFLUENCE_ALL_INVESTIGATIONS_2026-09-07/__NESTED_EXPANDED__/DEMOCRACY_INFLUENCE_ALL_INVESTIGATIONS_2026-09-07__01_RUNTIME_AND_CORPUS__INVESTIGATION_CONTROL_v0.7_METHOD_PACK/INVESTIGATION_CONTROL_v0.7_METHOD_PACK/INV-002/INV-002_CORPUS_MAP.csv,112551,16381ccc4a133aaf83e86fc357284444b83cc2ee3663c6ecbfae8aa0d76dc46a
02_MASTER_EVIDENCE_BASE/03_INVESTIGATIONS/02_EXPANDED_ARCHIVES/DEMOCRACY_INFLUENCE_ALL_INVESTIGATIONS_2026-09-07/__NESTED_EXPANDED__/DEMOCRACY_INFLUENCE_ALL_INVESTIGATIONS_2026-09-07__01_RUNTIME_AND_CORPUS__INVESTIGATION_CONTROL_v0.7_METHOD_PACK/INVESTIGATION_CONTROL_v0.7_METHOD_PACK/INV-002/INV-002_COVERAGE_CHANGES.csv,10877,6a28f9e134d0395884b06562070668a375e228a9d76623a7dc6db608b2199ef8
02_MASTER_EVIDENCE_BASE/03_INVESTIGATIONS/02_EXPANDED_ARCHIVES/DEMOCRACY_INFLUENCE_ALL_INVESTIGATIONS_2026-09-07/__NESTED_EXPANDED__/DEMOCRACY_INFLUENCE_ALL_INVESTIGATIONS_2026-09-07__01_RUNTIME_AND_CORPUS__INVESTIGATION_CONTROL_v0.7_METHOD_PACK/INVESTIGATION_CONTROL_v0.7_METHOD_PACK/INV-002/INV-002_INVESTIGATION_COVERAGE.csv,51231,517d66685cde2d9398af522e7ad344ae494ad0036a346dfa7b66c80e49dbfe3c
02_MASTER_EVIDENCE_BASE/03_INVESTIGATIONS/02_EXPANDED_ARCHIVES/DEMOCRACY_INFLUENCE_ALL_INVESTIGATIONS_2026-09-07/__NESTED_EXPANDED__/DEMOCRACY_INFLUENCE_ALL_INVESTIGATIONS_2026-09-07__01_RUNTIME_AND_CORPUS__INVESTIGATION_CONTROL_v0.7_METHOD_PACK/INVESTIGATION_CONTROL_v0.7_METHOD_PACK/INV-002/INV-002_REPORT.md,12301,f4de1fac8ea62469b00987cc8461e2bc702b98b66a501f0fb6c930f7dcd5503b
02_MASTER_EVIDENCE_BASE/03_INVESTIGATIONS/02_EXPANDED_ARCHIVES/DEMOCRACY_INFLUENCE_ALL_INVESTIGATIONS_2026-09-07/__NESTED_EXPANDED__/DEMOCRACY_INFLUENCE_ALL_INVESTIGATIONS_2026-09-07__01_RUNTIME_AND_CORPUS__INVESTIGATION_CONTROL_v0.7_METHOD_PACK/INVESTIGATION_CONTROL_v0.7_METHOD_PACK/INV-002/INV-002_STATS.json,588,c50fc6c700650e7c719d8b33be0b880e8cd3d19d8cb50983972577814e50d9df
02_MASTER_EVIDENCE_BASE/03_INVESTIGATIONS/02_EXPANDED_ARCHIVES/DEMOCRACY_INFLUENCE_ALL_INVESTIGATIONS_2026-09-07/__NESTED_EXPANDED__/DEMOCRACY_INFLUENCE_ALL_INVESTIGATIONS_2026-09-07__01_RUNTIME_AND_CORPUS__INVESTIGATION_CONTROL_v0.7_METHOD_PACK/INVESTIGATION_CONTROL_v0.7_METHOD_PACK/INV-002/INV-002_THEME_MATRIX.csv,4133,f6eb6032873806e0180772cfe90fc44b649408b4b646077f835a4b0b02084a68
02_MASTER_EVIDENCE_BASE/03_INVESTIGATIONS/02_EXPANDED_ARCHIVES/DEMOCRACY_INFLUENCE_ALL_INVESTIGATIONS_2026-09-07/__NESTED_EXPANDED__/DEMOCRACY_INFLUENCE_ALL_INVESTIGATIONS_2026-09-07__01_RUNTIME_AND_CORPUS__INVESTIGATION_CONTROL_v0.7_METHOD_PACK/INVESTIGATION_CONTROL_v0.7_METHOD_PACK/INVESTIGATION_REGISTRY.csv,90354,ce74ca97231b637aa2edc3075b8fee3be3526244ea337755c7efb21248bf476e
02_MASTER_EVIDENCE_BASE/03_INVESTIGATIONS/02_EXPANDED_ARCHIVES/DEMOCRACY_INFLUENCE_ALL_INVESTIGATIONS_2026-09-07/__NESTED_EXPANDED__/DEMOCRACY_INFLUENCE_ALL_INVESTIGATIONS_2026-09-07__01_RUNTIME_AND_CORPUS__INVESTIGATION_CONTROL_v0.7_METHOD_PACK/INVESTIGATION_CONTROL_v0.7_METHOD_PACK/MANIFEST_SHA256_v0.6.csv,21909,613531e4f6ba81a5c5ad582268534b220a09dd6fc37bfc22f183c4c3db698a50
02_MASTER_EVIDENCE_BASE/03_INVESTIGATIONS/02_EXPANDED_ARCHIVES/DEMOCRACY_INFLUENCE_ALL_INVESTIGATIONS_2026-09-07/__NESTED_EXPANDED__/DEMOCRACY_INFLUENCE_ALL_INVESTIGATIONS_2026-09-07__01_RUNTIME_AND_CORPUS__INVESTIGATION_CONTROL_v0.7_METHOD_PACK/INVESTIGATION_CONTROL_v0.7_METHOD_PACK/MANIFEST_SHA256_v0.7.csv,23143,0c966b83dc259364dd7b0ad4a31881c3ce9203528f18bc09f920edee5f41da60
02_MASTER_EVIDENCE_BASE/03_INVESTIGATIONS/02_EXPANDED_ARCHIVES/DEMOCRACY_INFLUENCE_ALL_INVESTIGATIONS_2026-09-07/__NESTED_EXPANDED__/DEMOCRACY_INFLUENCE_ALL_INVESTIGATIONS_2026-09-07__01_RUNTIME_AND_CORPUS__INVESTIGATION_CONTROL_v0.7_METHOD_PACK/INVESTIGATION_CONTROL_v0.7_METHOD_PACK/METHOD_PACK/METHOD_PACK.md,14663,171ddecd4c628fc88f4ebdbb44fc74514a0f8648f0009dab8a3f8804ba4da40d
02_MASTER_EVIDENCE_BASE/03_INVESTIGATIONS/02_EXPANDED_ARCHIVES/DEMOCRACY_INFLUENCE_ALL_INVESTIGATIONS_2026-09-07/__NESTED_EXPANDED__/DEMOCRACY_INFLUENCE_ALL_INVESTIGATIONS_2026-09-07__01_RUNTIME_AND_CORPUS__INVESTIGATION_CONTROL_v0.7_METHOD_PACK/INVESTIGATION_CONTROL_v0.7_METHOD_PACK/METHOD_PACK/METHOD_PACK_AUDIT.md,1509,2622293bdad878abe294e86db40e5a395ae0b91ce3d9c58da7d69bc6a88c02d2
02_MASTER_EVIDENCE_BASE/03_INVESTIGATIONS/02_EXPANDED_ARCHIVES/DEMOCRACY_INFLUENCE_ALL_INVESTIGATIONS_2026-09-07/__NESTED_EXPANDED__/DEMOCRACY_INFLUENCE_ALL_INVESTIGATIONS_2026-09-07__01_RUNTIME_AND_CORPUS__INVESTIGATION_CONTROL_v0.7_METHOD_PACK/INVESTIGATION_CONTROL_v0.7_METHOD_PACK/METHOD_PACK/PILOT_GATE.md,1786,b6dd96966469534583046bb5c13a6b8fa1307bbd524c0c1f1efa36166e96406b
02_MASTER_EVIDENCE_BASE/03_INVESTIGATIONS/02_EXPANDED_ARCHIVES/DEMOCRACY_INFLUENCE_ALL_INVESTIGATIONS_2026-09-07/__NESTED_EXPANDED__/DEMOCRACY_INFLUENCE_ALL_INVESTIGATIONS_2026-09-07__01_RUNTIME_AND_CORPUS__INVESTIGATION_CONTROL_v0.7_METHOD_PACK/INVESTIGATION_CONTROL_v0.7_METHOD_PACK/METHOD_PACK/README.md,1176,8b17c84aa5d01baaabc7da67bbcb511eda08a441f7a999d9892e4c34372d6664
02_MASTER_EVIDENCE_BASE/03_INVESTIGATIONS/02_EXPANDED_ARCHIVES/DEMOCRACY_INFLUENCE_ALL_INVESTIGATIONS_2026-09-07/__NESTED_EXPANDED__/DEMOCRACY_INFLUENCE_ALL_INVESTIGATIONS_2026-09-07__01_RUNTIME_AND_CORPUS__INVESTIGATION_CONTROL_v0.7_METHOD_PACK/INVESTIGATION_CONTROL_v0.7_METHOD_PACK/METHOD_PACK/RENARD_CORE_V3_USER.md,8596,ba643c1f61126060c15433372eab0f12c8e2945dd25afd5c64b358b42b620ffc
02_MASTER_EVIDENCE_BASE/03_INVESTIGATIONS/02_EXPANDED_ARCHIVES/DEMOCRACY_INFLUENCE_ALL_INVESTIGATIONS_2026-09-07/__NESTED_EXPANDED__/DEMOCRACY_INFLUENCE_ALL_INVESTIGATIONS_2026-09-07__01_RUNTIME_AND_CORPUS__INVESTIGATION_CONTROL_v0.7_METHOD_PACK/INVESTIGATION_CONTROL_v0.7_METHOD_PACK/METHOD_PACK/RENARD_PROJECT_OVERLAY.md,2632,92bd45f2bad417fb964a3d4df05d20829a35717d3e2a7b6cccdb8dbf0b8b1588
02_MASTER_EVIDENCE_BASE/03_INVESTIGATIONS/02_EXPANDED_ARCHIVES/DEMOCRACY_INFLUENCE_ALL_INVESTIGATIONS_2026-09-07/__NESTED_EXPANDED__/DEMOCRACY_INFLUENCE_ALL_INVESTIGATIONS_2026-09-07__01_RUNTIME_AND_CORPUS__INVESTIGATION_CONTROL_v0.7_METHOD_PACK/INVESTIGATION_CONTROL_v0.7_METHOD_PACK/METHOD_PACK/RUN_CARD_TEMPLATE.md,1305,5dc149116b9d39187f12fbd49c918ebac214193a9b4bc7d17f3b9c1895b2288b
02_MASTER_EVIDENCE_BASE/03_INVESTIGATIONS/02_EXPANDED_ARCHIVES/DEMOCRACY_INFLUENCE_ALL_INVESTIGATIONS_2026-09-07/__NESTED_EXPANDED__/DEMOCRACY_INFLUENCE_ALL_INVESTIGATIONS_2026-09-07__01_RUNTIME_AND_CORPUS__INVESTIGATION_CONTROL_v0.7_METHOD_PACK/INVESTIGATION_CONTROL_v0.7_METHOD_PACK/METHOD_PACK/RUN_HANDOFF_TEMPLATE.md,1459,f6093e819bd3b6a86678757ce77bd75a97913b0bae9b387603c5c27f60592360
02_MASTER_EVIDENCE_BASE/03_INVESTIGATIONS/02_EXPANDED_ARCHIVES/DEMOCRACY_INFLUENCE_ALL_INVESTIGATIONS_2026-09-07/__NESTED_EXPANDED__/DEMOCRACY_INFLUENCE_ALL_INVESTIGATIONS_2026-09-07__01_RUNTIME_AND_CORPUS__INVESTIGATION_CONTROL_v0.7_METHOD_PACK/INVESTIGATION_CONTROL_v0.7_METHOD_PACK/METHOD_PACK/samples/INV-010_RUN_CARD.md,1440,9ecf226e422c4ea15371142cecfa6af2ab54dad338126da4a9fe6dbad56ccf56
02_MASTER_EVIDENCE_BASE/03_INVESTIGATIONS/02_EXPANDED_ARCHIVES/DEMOCRACY_INFLUENCE_ALL_INVESTIGATIONS_2026-09-07/__NESTED_EXPANDED__/DEMOCRACY_INFLUENCE_ALL_INVESTIGATIONS_2026-09-07__01_RUNTIME_AND_CORPUS__INVESTIGATION_CONTROL_v0.7_METHOD_PACK/INVESTIGATION_CONTROL_v0.7_METHOD_PACK/METHOD_PACK/tools/build_run_card.py,1266,286ee002b561640fb43eb03c1efc543f4a19d56299699da2ce4580a7236cd5c2
02_MASTER_EVIDENCE_BASE/03_INVESTIGATIONS/02_EXPANDED_ARCHIVES/DEMOCRACY_INFLUENCE_ALL_INVESTIGATIONS_2026-09-07/__NESTED_EXPANDED__/DEMOCRACY_INFLUENCE_ALL_INVESTIGATIONS_2026-09-07__01_RUNTIME_AND_CORPUS__INVESTIGATION_CONTROL_v0.7_METHOD_PACK/INVESTIGATION_CONTROL_v0.7_METHOD_PACK/README.md,438,258680b37e46fd121c4373586acc2fdc4a246ab4b353efcd0a240c0a7f1bc86a
02_MASTER_EVIDENCE_BASE/03_INVESTIGATIONS/02_EXPANDED_ARCHIVES/DEMOCRACY_INFLUENCE_ALL_INVESTIGATIONS_2026-09-07/__NESTED_EXPANDED__/DEMOCRACY_INFLUENCE_ALL_INVESTIGATIONS_2026-09-07__01_RUNTIME_AND_CORPUS__INVESTIGATION_CONTROL_v0.7_METHOD_PACK/INVESTIGATION_CONTROL_v0.7_METHOD_PACK/RENARD_INTEGRATION.md,2735,5c12adcb8d8a73bc9db0b812199729d79dcad092c8cd948986eb6fb685406f84
02_MASTER_EVIDENCE_BASE/03_INVESTIGATIONS/02_EXPANDED_ARCHIVES/DEMOCRACY_INFLUENCE_ALL_INVESTIGATIONS_2026-09-07/__NESTED_EXPANDED__/DEMOCRACY_INFLUENCE_ALL_INVESTIGATIONS_2026-09-07__01_RUNTIME_AND_CORPUS__INVESTIGATION_CONTROL_v0.7_METHOD_PACK/INVESTIGATION_CONTROL_v0.7_METHOD_PACK/TRACELOG.md,2405,f94395cee598b42f0a1895da2ae88ccb51354f2f9bf722a41af6b392c05ee77b
02_MASTER_EVIDENCE_BASE/03_INVESTIGATIONS/02_EXPANDED_ARCHIVES/DEMOCRACY_INFLUENCE_ALL_INVESTIGATIONS_2026-09-07/__NESTED_EXPANDED__/DEMOCRACY_INFLUENCE_ALL_INVESTIGATIONS_2026-09-07__01_RUNTIME_AND_CORPUS__INVESTIGATION_CONTROL_v0.7_METHOD_PACK/INVESTIGATION_CONTROL_v0.7_METHOD_PACK/WORKFLOW.md,3284,809c3b56a6e587a41be0758df88937fe01a7fdb229c575cec6766dcc49caa0fd
02_MASTER_EVIDENCE_BASE/03_INVESTIGATIONS/02_EXPANDED_ARCHIVES/DEMOCRACY_INFLUENCE_ALL_INVESTIGATIONS_2026-09-07/__NESTED_EXPANDED__/DEMOCRACY_INFLUENCE_ALL_INVESTIGATIONS_2026-09-07__01_RUNTIME_AND_CORPUS__INVESTIGATION_CONTROL_v0.7_METHOD_PACK/INVESTIGATION_CONTROL_v0.7_METHOD_PACK/tools/update_dashboard.py,2047,940e9b099ed8015e607357fc6112c6c41928878f130e6618f9a336828efd0198
02_MASTER_EVIDENCE_BASE/03_INVESTIGATIONS/02_EXPANDED_ARCHIVES/DEMOCRACY_INFLUENCE_ALL_INVESTIGATIONS_2026-09-07/__NESTED_EXPANDED__/DEMOCRACY_INFLUENCE_ALL_INVESTIGATIONS_2026-09-07__01_RUNTIME_AND_CORPUS__SUBSTACK_BASELINE_2026-08-26_v0.4/SUBSTACK_BASELINE_2026-08-26_v0.4/EXCLUSIONS.csv,1828,808937c073e28e51ed375e63d35c44f889c4442fc3b5b66a02f46dd11f95bcaf
02_MASTER_EVIDENCE_BASE/03_INVESTIGATIONS/02_EXPANDED_ARCHIVES/DEMOCRACY_INFLUENCE_ALL_INVESTIGATIONS_2026-09-07/__NESTED_EXPANDED__/DEMOCRACY_INFLUENCE_ALL_INVESTIGATIONS_2026-09-07__01_RUNTIME_AND_CORPUS__SUBSTACK_BASELINE_2026-08-26_v0.4/SUBSTACK_BASELINE_2026-08-26_v0.4/INV-001-R1_REPLAY.md,3228,203397d17377b724cda89dd9a0c117c32b2bb14195e710656a06e63e9a3079fe
02_MASTER_EVIDENCE_BASE/03_INVESTIGATIONS/02_EXPANDED_ARCHIVES/DEMOCRACY_INFLUENCE_ALL_INVESTIGATIONS_2026-09-07/__NESTED_EXPANDED__/DEMOCRACY_INFLUENCE_ALL_INVESTIGATIONS_2026-09-07__01_RUNTIME_AND_CORPUS__SUBSTACK_BASELINE_2026-08-26_v0.4/SUBSTACK_BASELINE_2026-08-26_v0.4/README.md,1768,78cd99eab06f8da5b9c9cf5e9b0646205cb6fb3a0be88191740514ed48a72861
02_MASTER_EVIDENCE_BASE/03_INVESTIGATIONS/02_EXPANDED_ARCHIVES/DEMOCRACY_INFLUENCE_ALL_INVESTIGATIONS_2026-09-07/__NESTED_EXPANDED__/DEMOCRACY_INFLUENCE_ALL_INVESTIGATIONS_2026-09-07__01_RUNTIME_AND_CORPUS__SUBSTACK_BASELINE_2026-08-26_v0.4/SUBSTACK_BASELINE_2026-08-26_v0.4/excluded/html/181863121.truth-engine-lia-qui-revolutionne.html,18110,d44b4adf7179ba858f17f1e070bd911ceb8336554ca10b31708dd3bac52f1574
02_MASTER_EVIDENCE_BASE/03_INVESTIGATIONS/02_EXPANDED_ARCHIVES/DEMOCRACY_INFLUENCE_ALL_INVESTIGATIONS_2026-09-07/__NESTED_EXPANDED__/DEMOCRACY_INFLUENCE_ALL_INVESTIGATIONS_2026-09-07__01_RUNTIME_AND_CORPUS__SUBSTACK_BASELINE_2026-08-26_v0.4/SUBSTACK_BASELINE_2026-08-26_v0.4/excluded/html/191030786.linflation-normative-francaise.html,29133,82e1000f620bb9adf281ce373045c3bac681e72c4ded44abf4e3544f1c5f15c6
02_MASTER_EVIDENCE_BASE/03_INVESTIGATIONS/02_EXPANDED_ARCHIVES/DEMOCRACY_INFLUENCE_ALL_INVESTIGATIONS_2026-09-07/__NESTED_EXPANDED__/DEMOCRACY_INFLUENCE_ALL_INVESTIGATIONS_2026-09-07__01_RUNTIME_AND_CORPUS__SUBSTACK_BASELINE_2026-08-26_v0.4/SUBSTACK_BASELINE_2026-08-26_v0.4/excluded/html/194518266.3b3.html,41614,5f50ed807a3c9507ed124011d7b4eeef555004e0bcd66b3d6219819e51e6e706
02_MASTER_EVIDENCE_BASE/03_INVESTIGATIONS/02_EXPANDED_ARCHIVES/DEMOCRACY_INFLUENCE_ALL_INVESTIGATIONS_2026-09-07/__NESTED_EXPANDED__/DEMOCRACY_INFLUENCE_ALL_INVESTIGATIONS_2026-09-07__01_RUNTIME_AND_CORPUS__SUBSTACK_BASELINE_2026-08-26_v0.4/SUBSTACK_BASELINE_2026-08-26_v0.4/index.md,165172,7dfc51083f744821c20919816a06ba7cfde7271aa3501a94167635e1b0cfe739
02_MASTER_EVIDENCE_BASE/03_INVESTIGATIONS/02_EXPANDED_ARCHIVES/DEMOCRACY_INFLUENCE_ALL_INVESTIGATIONS_2026-09-07/__NESTED_EXPANDED__/DEMOCRACY_INFLUENCE_ALL_INVESTIGATIONS_2026-09-07__01_RUNTIME_AND_CORPUS__SUBSTACK_BASELINE_2026-08-26_v0.4/SUBSTACK_BASELINE_2026-08-26_v0.4/posts/180021752.bardella-et-lagriculture-le-grand-757.html,4785,e6d6d1cbf414662ea652619cb196b2aed958a3b4f61f69b4746a1ddbaf6cfa04
02_MASTER_EVIDENCE_BASE/03_INVESTIGATIONS/02_EXPANDED_ARCHIVES/DEMOCRACY_INFLUENCE_ALL_INVESTIGATIONS_2026-09-07/__NESTED_EXPANDED__/DEMOCRACY_INFLUENCE_ALL_INVESTIGATIONS_2026-09-07__01_RUNTIME_AND_CORPUS__SUBSTACK_BASELINE_2026-08-26_v0.4/SUBSTACK_BASELINE_2026-08-26_v0.4/posts/180043331.le-double-discours-du-rn-sur-lagriculture.html,5688,750c43d5bf73b0fb49cbdb511472e164a808fbbfe8e5504472d796751bd5cca1
02_MASTER_EVIDENCE_BASE/03_INVESTIGATIONS/02_EXPANDED_ARCHIVES/DEMOCRACY_INFLUENCE_ALL_INVESTIGATIONS_2026-09-07/__NESTED_EXPANDED__/DEMOCRACY_INFLUENCE_ALL_INVESTIGATIONS_2026-09-07__01_RUNTIME_AND_CORPUS__SUBSTACK_BASELINE_2026-08-26_v0.4/SUBSTACK_BASELINE_2026-08-26_v0.4/posts/180052771.qui-est-vraiment-louis-duclos.html,3807,9c490faa691aa55acf8edee4cd72ded8ad86a9cd5c283dbaeaaff6ff618b7634
02_MASTER_EVIDENCE_BASE/03_INVESTIGATIONS/02_EXPANDED_ARCHIVES/DEMOCRACY_INFLUENCE_ALL_INVESTIGATIONS_2026-09-07/__NESTED_EXPANDED__/DEMOCRACY_INFLUENCE_ALL_INVESTIGATIONS_2026-09-07__01_RUNTIME_AND_CORPUS__SUBSTACK_BASELINE_2026-08-26_v0.4/SUBSTACK_BASELINE_2026-08-26_v0.4/posts/180054346.kallas-et-les-19-pays-ce-que-les.html,5088,ef8fa26faa9ab091a64049bbd6a5a5665be25ca7279d4d1ccbb3f00b1089a2e5
02_MASTER_EVIDENCE_BASE/03_INVESTIGATIONS/02_EXPANDED_ARCHIVES/DEMOCRACY_INFLUENCE_ALL_INVESTIGATIONS_2026-09-07/__NESTED_EXPANDED__/DEMOCRACY_INFLUENCE_ALL_INVESTIGATIONS_2026-09-07__01_RUNTIME_AND_CORPUS__SUBSTACK_BASELINE_2026-08-26_v0.4/SUBSTACK_BASELINE_2026-08-26_v0.4/posts/180056619.emprunt-force-des-riches-le-spectacle.html,4945,0c7c9acdfc7aae81947ddfb60677da314153b93eda7b86b8efd5dd458eb6a137
02_MASTER_EVIDENCE_BASE/03_INVESTIGATIONS/02_EXPANDED_ARCHIVES/DEMOCRACY_INFLUENCE_ALL_INVESTIGATIONS_2026-09-07/__NESTED_EXPANDED__/DEMOCRACY_INFLUENCE_ALL_INVESTIGATIONS_2026-09-07__01_RUNTIME_AND_CORPUS__SUBSTACK_BASELINE_2026-08-26_v0.4/SUBSTACK_BASELINE_2026-08-26_v0.4/posts/180061326.qui-a-vraiment-la-tete-dans-le-sable.html,4095,c55767be32e2c40823ab4c463c8b80901df838e3bbf080ab290aade854b17e46
02_MASTER_EVIDENCE_BASE/03_INVESTIGATIONS/02_EXPANDED_ARCHIVES/DEMOCRACY_INFLUENCE_ALL_INVESTIGATIONS_2026-09-07/__NESTED_EXPANDED__/DEMOCRACY_INFLUENCE_ALL_INVESTIGATIONS_2026-09-07__01_RUNTIME_AND_CORPUS__SUBSTACK_BASELINE_2026-08-26_v0.4/SUBSTACK_BASELINE_2026-08-26_v0.4/posts/180081515.ukraine-ce-que-hayer-trump-et-zelenskyy.html,7306,bd05ba547bd80c742d579c97e791f1cbd2a7b28cb41054772bf2cc5f083f966b
02_MASTER_EVIDENCE_BASE/03_INVESTIGATIONS/02_EXPANDED_ARCHIVES/DEMOCRACY_INFLUENCE_ALL_INVESTIGATIONS_2026-09-07/__NESTED_EXPANDED__/DEMOCRACY_INFLUENCE_ALL_INVESTIGATIONS_2026-09-07__01_RUNTIME_AND_CORPUS__SUBSTACK_BASELINE_2026-08-26_v0.4/SUBSTACK_BASELINE_2026-08-26_v0.4/posts/180084168.energies-renouvelables-le-double.html,6906,36502e4c9bbe9a290c8fecc776b4fc7a655ea11a5663f1bbeee34180dfd14aaa
02_MASTER_EVIDENCE_BASE/03_INVESTIGATIONS/02_EXPANDED_ARCHIVES/DEMOCRACY_INFLUENCE_ALL_INVESTIGATIONS_2026-09-07/__NESTED_EXPANDED__/DEMOCRACY_INFLUENCE_ALL_INVESTIGATIONS_2026-09-07__01_RUNTIME_AND_CORPUS__SUBSTACK_BASELINE_2026-08-26_v0.4/SUBSTACK_BASELINE_2026-08-26_v0.4/posts/180086502.leffondrement-educatif-francais-50-fea.html,8490,04e31fe0ab7f30dddc90995c42547f77aa8ef0ffe00051e96c5f3788351fef99
02_MASTER_EVIDENCE_BASE/03_INVESTIGATIONS/02_EXPANDED_ARCHIVES/DEMOCRACY_INFLUENCE_ALL_INVESTIGATIONS_2026-09-07/__NESTED_EXPANDED__/DEMOCRACY_INFLUENCE_ALL_INVESTIGATIONS_2026-09-07__01_RUNTIME_AND_CORPUS__SUBSTACK_BASELINE_2026-08-26_v0.4/SUBSTACK_BASELINE_2026-08-26_v0.4/posts/180109075.liceberg-du-syndicalisme-agricole.html,18341,f2b15cdaf0d0c3f3a469811736d83d54ba8e32e11e95abf0a9f75dcddebacbfa
02_MASTER_EVIDENCE_BASE/03_INVESTIGATIONS/02_EXPANDED_ARCHIVES/DEMOCRACY_INFLUENCE_ALL_INVESTIGATIONS_2026-09-07/__NESTED_EXPANDED__/DEMOCRACY_INFLUENCE_ALL_INVESTIGATIONS_2026-09-07__01_RUNTIME_AND_CORPUS__SUBSTACK_BASELINE_2026-08-26_v0.4/SUBSTACK_BASELINE_2026-08-26_v0.4/posts/180120693.macron-et-la-paix-en-ukraine-ce-que.html,10577,ba4946dd89448dc9cbfec0937f65590b4976ddbd870e3aea3893c49c40fcd8b8
02_MASTER_EVIDENCE_BASE/03_INVESTIGATIONS/02_EXPANDED_ARCHIVES/DEMOCRACY_INFLUENCE_ALL_INVESTIGATIONS_2026-09-07/__NESTED_EXPANDED__/DEMOCRACY_INFLUENCE_ALL_INVESTIGATIONS_2026-09-07__01_RUNTIME_AND_CORPUS__SUBSTACK_BASELINE_2026-08-26_v0.4/SUBSTACK_BASELINE_2026-08-26_v0.4/posts/180128122.leurope-construit-elle-un-credit.html,13209,bb876757858abc38095876de664cd40e5eb3a1b6778fbf9ce973a0bb6c5370b2
02_MASTER_EVIDENCE_BASE/03_INVESTIGATIONS/02_EXPANDED_ARCHIVES/DEMOCRACY_INFLUENCE_ALL_INVESTIGATIONS_2026-09-07/__NESTED_EXPANDED__/DEMOCRACY_INFLUENCE_ALL_INVESTIGATIONS_2026-09-07__01_RUNTIME_AND_CORPUS__SUBSTACK_BASELINE_2026-08-26_v0.4/SUBSTACK_BASELINE_2026-08-26_v0.4/posts/180129975.leurope-construit-elle-un-credit-40d.html,23404,c97eed11d98e17960a02acf112428569852b4729f0da4b991c22dafd4d42fe09
02_MASTER_EVIDENCE_BASE/03_INVESTIGATIONS/02_EXPANDED_ARCHIVES/DEMOCRACY_INFLUENCE_ALL_INVESTIGATIONS_2026-09-07/__NESTED_EXPANDED__/DEMOCRACY_INFLUENCE_ALL_INVESTIGATIONS_2026-09-07__01_RUNTIME_AND_CORPUS__SUBSTACK_BASELINE_2026-08-26_v0.4/SUBSTACK_BASELINE_2026-08-26_v0.4/posts/180158712.nationalisation-darcelormittal-ce.html,12117,516223ea9612de0865064db71b6e4864b263c139ba7f2113e4b527c7162560ad
02_MASTER_EVIDENCE_BASE/03_INVESTIGATIONS/02_EXPANDED_ARCHIVES/DEMOCRACY_INFLUENCE_ALL_INVESTIGATIONS_2026-09-07/__NESTED_EXPANDED__/DEMOCRACY_INFLUENCE_ALL_INVESTIGATIONS_2026-09-07__01_RUNTIME_AND_CORPUS__SUBSTACK_BASELINE_2026-08-26_v0.4/SUBSTACK_BASELINE_2026-08-26_v0.4/posts/180162835.service-militaire-volontaire-ce-que.html,8594,f75f064541318472c736b50eba3a60ce143f33d59d1c97f80a9f84cac46ad056
02_MASTER_EVIDENCE_BASE/03_INVESTIGATIONS/02_EXPANDED_ARCHIVES/DEMOCRACY_INFLUENCE_ALL_INVESTIGATIONS_2026-09-07/__NESTED_EXPANDED__/DEMOCRACY_INFLUENCE_ALL_INVESTIGATIONS_2026-09-07__01_RUNTIME_AND_CORPUS__SUBSTACK_BASELINE_2026-08-26_v0.4/SUBSTACK_BASELINE_2026-08-26_v0.4/posts/180194877.407-mensonges-lautopsie-dun-systeme.html,23177,9c9c30aa01d459b6d49e9c251d2170b0d9575a557791168440d839ddae3efa04
02_MASTER_EVIDENCE_BASE/03_INVESTIGATIONS/02_EXPANDED_ARCHIVES/DEMOCRACY_INFLUENCE_ALL_INVESTIGATIONS_2026-09-07/__NESTED_EXPANDED__/DEMOCRACY_INFLUENCE_ALL_INVESTIGATIONS_2026-09-07__01_RUNTIME_AND_CORPUS__SUBSTACK_BASELINE_2026-08-26_v0.4/SUBSTACK_BASELINE_2026-08-26_v0.4/posts/180223640.larmee-potemkine-quand-le-spectre.html,10964,26da351cecbd04b7997de0d28b4136279a3c757ee61fb3d42f9839f0231e0063
02_MASTER_EVIDENCE_BASE/03_INVESTIGATIONS/02_EXPANDED_ARCHIVES/DEMOCRACY_INFLUENCE_ALL_INVESTIGATIONS_2026-09-07/__NESTED_EXPANDED__/DEMOCRACY_INFLUENCE_ALL_INVESTIGATIONS_2026-09-07__01_RUNTIME_AND_CORPUS__SUBSTACK_BASELINE_2026-08-26_v0.4/SUBSTACK_BASELINE_2026-08-26_v0.4/posts/180261963.democratie-rare-en-temps-de-guerre-82a.html,15247,654f74880f106133900378f8edc7ddb21f74b636c2422c53bfe0f90885ab560b
02_MASTER_EVIDENCE_BASE/03_INVESTIGATIONS/02_EXPANDED_ARCHIVES/DEMOCRACY_INFLUENCE_ALL_INVESTIGATIONS_2026-09-07/__NESTED_EXPANDED__/DEMOCRACY_INFLUENCE_ALL_INVESTIGATIONS_2026-09-07__01_RUNTIME_AND_CORPUS__SUBSTACK_BASELINE_2026-08-26_v0.4/SUBSTACK_BASELINE_2026-08-26_v0.4/posts/180267309.corruption-en-ukraine-garraud-a-t.html,15048,04bad8d977321993020efdb51ee67c2af6709d295bd7ca45812d8059a9c26973
02_MASTER_EVIDENCE_BASE/03_INVESTIGATIONS/02_EXPANDED_ARCHIVES/DEMOCRACY_INFLUENCE_ALL_INVESTIGATIONS_2026-09-07/__NESTED_EXPANDED__/DEMOCRACY_INFLUENCE_ALL_INVESTIGATIONS_2026-09-07__01_RUNTIME_AND_CORPUS__SUBSTACK_BASELINE_2026-08-26_v0.4/SUBSTACK_BASELINE_2026-08-26_v0.4/posts/180300683.essence-la-double-manipulation-que.html,11977,3a89426dc50cd604a78c6a8cabfca964fff01aab8c049fa126353214d4dd69a7
02_MASTER_EVIDENCE_BASE/03_INVESTIGATIONS/02_EXPANDED_ARCHIVES/DEMOCRACY_INFLUENCE_ALL_INVESTIGATIONS_2026-09-07/__NESTED_EXPANDED__/DEMOCRACY_INFLUENCE_ALL_INVESTIGATIONS_2026-09-07__01_RUNTIME_AND_CORPUS__SUBSTACK_BASELINE_2026-08-26_v0.4/SUBSTACK_BASELINE_2026-08-26_v0.4/posts/180309272.ladieu-aux-partis-du-diagnostic-de.html,27752,0ff92edd80cb725b3e7616f91a739598dd22e8d7ebd6f54c78ba33b07a2d4805
02_MASTER_EVIDENCE_BASE/03_INVESTIGATIONS/02_EXPANDED_ARCHIVES/DEMOCRACY_INFLUENCE_ALL_INVESTIGATIONS_2026-09-07/__NESTED_EXPANDED__/DEMOCRACY_INFLUENCE_ALL_INVESTIGATIONS_2026-09-07__01_RUNTIME_AND_CORPUS__SUBSTACK_BASELINE_2026-08-26_v0.4/SUBSTACK_BASELINE_2026-08-26_v0.4/posts/180377342.bandera-vs-petain-ce-que-les-faits.html,26427,83eeeffb067f8cfdef1abc00ade34a316f9caffb4d407b4202942b78993a2f7c
02_MASTER_EVIDENCE_BASE/03_INVESTIGATIONS/02_EXPANDED_ARCHIVES/DEMOCRACY_INFLUENCE_ALL_INVESTIGATIONS_2026-09-07/__NESTED_EXPANDED__/DEMOCRACY_INFLUENCE_ALL_INVESTIGATIONS_2026-09-07__01_RUNTIME_AND_CORPUS__SUBSTACK_BASELINE_2026-08-26_v0.4/SUBSTACK_BASELINE_2026-08-26_v0.4/posts/180396722.alla-poedie-cafards-censure-et-opacite.html,40802,10cc15298b9d9850329737ae66bdb6a44e63e5d31073020cc97dbcde8fddb2b5
02_MASTER_EVIDENCE_BASE/03_INVESTIGATIONS/02_EXPANDED_ARCHIVES/DEMOCRACY_INFLUENCE_ALL_INVESTIGATIONS_2026-09-07/__NESTED_EXPANDED__/DEMOCRACY_INFLUENCE_ALL_INVESTIGATIONS_2026-09-07__01_RUNTIME_AND_CORPUS__SUBSTACK_BASELINE_2026-08-26_v0.4/SUBSTACK_BASELINE_2026-08-26_v0.4/posts/180481861.quand-lelysee-attaque-un-journaliste.html,41910,a8d9d01c5712e109529a623ce160f9c70c674135a5533f99bb85a275252bc3ab
02_MASTER_EVIDENCE_BASE/03_INVESTIGATIONS/02_EXPANDED_ARCHIVES/DEMOCRACY_INFLUENCE_ALL_INVESTIGATIONS_2026-09-07/__NESTED_EXPANDED__/DEMOCRACY_INFLUENCE_ALL_INVESTIGATIONS_2026-09-07__01_RUNTIME_AND_CORPUS__SUBSTACK_BASELINE_2026-08-26_v0.4/SUBSTACK_BASELINE_2026-08-26_v0.4/posts/180580808.pravda-quand-lelysee-ironise-sur.html,58870,3393c049a47115f7af8ccf8965f9e14fd52bcd97457b4c2ce7f81d3c5d14892b
02_MASTER_EVIDENCE_BASE/03_INVESTIGATIONS/02_EXPANDED_ARCHIVES/DEMOCRACY_INFLUENCE_ALL_INVESTIGATIONS_2026-09-07/__NESTED_EXPANDED__/DEMOCRACY_INFLUENCE_ALL_INVESTIGATIONS_2026-09-07__01_RUNTIME_AND_CORPUS__SUBSTACK_BASELINE_2026-08-26_v0.4/SUBSTACK_BASELINE_2026-08-26_v0.4/posts/180734703.abattage-massif-en-savoie-la-france.html,17750,ff42f43389b99ed3454d58f6b23a8d574f2e99033d3d63a82fca39debc1bd584
02_MASTER_EVIDENCE_BASE/03_INVESTIGATIONS/02_EXPANDED_ARCHIVES/DEMOCRACY_INFLUENCE_ALL_INVESTIGATIONS_2026-09-07/__NESTED_EXPANDED__/DEMOCRACY_INFLUENCE_ALL_INVESTIGATIONS_2026-09-07__01_RUNTIME_AND_CORPUS__SUBSTACK_BASELINE_2026-08-26_v0.4/SUBSTACK_BASELINE_2026-08-26_v0.4/posts/180851146.france-2025-larchitecture-de-lenfer.html,26712,e7bf35abbed098480748a020c2262b4f88a667345b69698979fefe8df365ec53
02_MASTER_EVIDENCE_BASE/03_INVESTIGATIONS/02_EXPANDED_ARCHIVES/DEMOCRACY_INFLUENCE_ALL_INVESTIGATIONS_2026-09-07/__NESTED_EXPANDED__/DEMOCRACY_INFLUENCE_ALL_INVESTIGATIONS_2026-09-07__01_RUNTIME_AND_CORPUS__SUBSTACK_BASELINE_2026-08-26_v0.4/SUBSTACK_BASELINE_2026-08-26_v0.4/posts/180872735.comment-musk-et-trump-vont-briser.html,10258,cc302baa513e9882535a3ce36240d2c6b1645dd8bb6cc479d98774d3bc079ce5
02_MASTER_EVIDENCE_BASE/03_INVESTIGATIONS/02_EXPANDED_ARCHIVES/DEMOCRACY_INFLUENCE_ALL_INVESTIGATIONS_2026-09-07/__NESTED_EXPANDED__/DEMOCRACY_INFLUENCE_ALL_INVESTIGATIONS_2026-09-07__01_RUNTIME_AND_CORPUS__SUBSTACK_BASELINE_2026-08-26_v0.4/SUBSTACK_BASELINE_2026-08-26_v0.4/posts/181348704.la-grande-arnaque-agricole-comment.html,56793,efa73b54af8cbcef80a978c33d09b00b14a04867a93420edb15a3cc065232b40
02_MASTER_EVIDENCE_BASE/03_INVESTIGATIONS/02_EXPANDED_ARCHIVES/DEMOCRACY_INFLUENCE_ALL_INVESTIGATIONS_2026-09-07/__NESTED_EXPANDED__/DEMOCRACY_INFLUENCE_ALL_INVESTIGATIONS_2026-09-07__01_RUNTIME_AND_CORPUS__SUBSTACK_BASELINE_2026-08-26_v0.4/SUBSTACK_BASELINE_2026-08-26_v0.4/posts/181428779.ce-que-letat-vous-cache-sur-la-dnc.html,41536,97d0eef0e4d1b37e5a58ec5c12e546eaf669f1b520b94d2616a0d77dcad4e9c9
02_MASTER_EVIDENCE_BASE/03_INVESTIGATIONS/02_EXPANDED_ARCHIVES/DEMOCRACY_INFLUENCE_ALL_INVESTIGATIONS_2026-09-07/__NESTED_EXPANDED__/DEMOCRACY_INFLUENCE_ALL_INVESTIGATIONS_2026-09-07__01_RUNTIME_AND_CORPUS__SUBSTACK_BASELINE_2026-08-26_v0.4/SUBSTACK_BASELINE_2026-08-26_v0.4/posts/181572197.lindustrie-de-linfluence-enquete.html,29709,6d15aa4ffa9674011f7f425d9180cf3971dd499c990c2c676540baf02396b652
02_MASTER_EVIDENCE_BASE/03_INVESTIGATIONS/02_EXPANDED_ARCHIVES/DEMOCRACY_INFLUENCE_ALL_INVESTIGATIONS_2026-09-07/__NESTED_EXPANDED__/DEMOCRACY_INFLUENCE_ALL_INVESTIGATIONS_2026-09-07__01_RUNTIME_AND_CORPUS__SUBSTACK_BASELINE_2026-08-26_v0.4/SUBSTACK_BASELINE_2026-08-26_v0.4/posts/181766389.les-telegraphistes-de-la-terreur.html,21404,33b1605314fa32608d88a4328d0c3d44e3d6c184994995553b5e8df3799cd316
02_MASTER_EVIDENCE_BASE/03_INVESTIGATIONS/02_EXPANDED_ARCHIVES/DEMOCRACY_INFLUENCE_ALL_INVESTIGATIONS_2026-09-07/__NESTED_EXPANDED__/DEMOCRACY_INFLUENCE_ALL_INVESTIGATIONS_2026-09-07__01_RUNTIME_AND_CORPUS__SUBSTACK_BASELINE_2026-08-26_v0.4/SUBSTACK_BASELINE_2026-08-26_v0.4/posts/182308074.france-2025-lanatomie-dune-feodalite.html,35495,3ed9e8969650fd4562aedf3db2f8b802ad9e0096aec437897ad3c28d002423ac
02_MASTER_EVIDENCE_BASE/03_INVESTIGATIONS/02_EXPANDED_ARCHIVES/DEMOCRACY_INFLUENCE_ALL_INVESTIGATIONS_2026-09-07/__NESTED_EXPANDED__/DEMOCRACY_INFLUENCE_ALL_INVESTIGATIONS_2026-09-07__01_RUNTIME_AND_CORPUS__SUBSTACK_BASELINE_2026-08-26_v0.4/SUBSTACK_BASELINE_2026-08-26_v0.4/posts/182455797.larchitecture-de-labattoir-le-crime.html,13822,d4faa318e15552de6f3cb5363d74644230ccf1bdb2a4c29aa5ea053c230ddf9e
02_MASTER_EVIDENCE_BASE/03_INVESTIGATIONS/02_EXPANDED_ARCHIVES/DEMOCRACY_INFLUENCE_ALL_INVESTIGATIONS_2026-09-07/__NESTED_EXPANDED__/DEMOCRACY_INFLUENCE_ALL_INVESTIGATIONS_2026-09-07__01_RUNTIME_AND_CORPUS__SUBSTACK_BASELINE_2026-08-26_v0.4/SUBSTACK_BASELINE_2026-08-26_v0.4/posts/182502562.la-justice-spectrale-lere-du-bannissement.html,14203,bcd507ae3051d9df8eb09e385ebff11008695b492c607bcfdf3461d244a06418
02_MASTER_EVIDENCE_BASE/03_INVESTIGATIONS/02_EXPANDED_ARCHIVES/DEMOCRACY_INFLUENCE_ALL_INVESTIGATIONS_2026-09-07/__NESTED_EXPANDED__/DEMOCRACY_INFLUENCE_ALL_INVESTIGATIONS_2026-09-07__01_RUNTIME_AND_CORPUS__SUBSTACK_BASELINE_2026-08-26_v0.4/SUBSTACK_BASELINE_2026-08-26_v0.4/posts/182890010.le-schisme-larme-sur-la-tempe-et.html,18841,bde38ddf1b874c325e1af3f88843a48910049fc12bfdb2967a5b9fd528c4b9d3
02_MASTER_EVIDENCE_BASE/03_INVESTIGATIONS/02_EXPANDED_ARCHIVES/DEMOCRACY_INFLUENCE_ALL_INVESTIGATIONS_2026-09-07/__NESTED_EXPANDED__/DEMOCRACY_INFLUENCE_ALL_INVESTIGATIONS_2026-09-07__01_RUNTIME_AND_CORPUS__SUBSTACK_BASELINE_2026-08-26_v0.4/SUBSTACK_BASELINE_2026-08-26_v0.4/posts/183098263.lempire-des-peches-psychopathologie.html,21872,b7037ac826231fdc88b94ab1dbe77a9a28e22029e77a4bbba383117338e4ea2d
02_MASTER_EVIDENCE_BASE/03_INVESTIGATIONS/02_EXPANDED_ARCHIVES/DEMOCRACY_INFLUENCE_ALL_INVESTIGATIONS_2026-09-07/__NESTED_EXPANDED__/DEMOCRACY_INFLUENCE_ALL_INVESTIGATIONS_2026-09-07__01_RUNTIME_AND_CORPUS__SUBSTACK_BASELINE_2026-08-26_v0.4/SUBSTACK_BASELINE_2026-08-26_v0.4/posts/183123537.lempire-du-mensonge-rapport-dautopsie.html,146082,d392143a48a92f6ccdc3f1176f3931f57f9153999ffa35066ca8666fd0c39af4
02_MASTER_EVIDENCE_BASE/03_INVESTIGATIONS/02_EXPANDED_ARCHIVES/DEMOCRACY_INFLUENCE_ALL_INVESTIGATIONS_2026-09-07/__NESTED_EXPANDED__/DEMOCRACY_INFLUENCE_ALL_INVESTIGATIONS_2026-09-07__01_RUNTIME_AND_CORPUS__SUBSTACK_BASELINE_2026-08-26_v0.4/SUBSTACK_BASELINE_2026-08-26_v0.4/posts/183323402.lasphyxie-du-golem-traite-de-la-resistance.html,16646,5d6eb07bbb6faf7ee8067a995cce4e9b1724469f3f85a6a7665ab8b1fd9795cc
02_MASTER_EVIDENCE_BASE/03_INVESTIGATIONS/02_EXPANDED_ARCHIVES/DEMOCRACY_INFLUENCE_ALL_INVESTIGATIONS_2026-09-07/__NESTED_EXPANDED__/DEMOCRACY_INFLUENCE_ALL_INVESTIGATIONS_2026-09-07__01_RUNTIME_AND_CORPUS__SUBSTACK_BASELINE_2026-08-26_v0.4/SUBSTACK_BASELINE_2026-08-26_v0.4/posts/183424330.lagonie-du-souverain-la-singularite.html,18449,6369c8dbf2226678a26c0b72143b35e5e64d2c7533aad534cf78ea312894c8df
02_MASTER_EVIDENCE_BASE/03_INVESTIGATIONS/02_EXPANDED_ARCHIVES/DEMOCRACY_INFLUENCE_ALL_INVESTIGATIONS_2026-09-07/__NESTED_EXPANDED__/DEMOCRACY_INFLUENCE_ALL_INVESTIGATIONS_2026-09-07__01_RUNTIME_AND_CORPUS__SUBSTACK_BASELINE_2026-08-26_v0.4/SUBSTACK_BASELINE_2026-08-26_v0.4/posts/184196064.letat-mafia-autopsie-dune-liquidation.html,15638,8c60f615f7714807af7d40fb0671c423f41f2c51409316356060cb6c7984dd25
02_MASTER_EVIDENCE_BASE/03_INVESTIGATIONS/02_EXPANDED_ARCHIVES/DEMOCRACY_INFLUENCE_ALL_INVESTIGATIONS_2026-09-07/__NESTED_EXPANDED__/DEMOCRACY_INFLUENCE_ALL_INVESTIGATIONS_2026-09-07__01_RUNTIME_AND_CORPUS__SUBSTACK_BASELINE_2026-08-26_v0.4/SUBSTACK_BASELINE_2026-08-26_v0.4/posts/184748463.la-derniere-recolte-autopsie-dune.html,19639,af0e21cac3a539f0d05e66da2b4674f9055b978a6a2dba3b48abc7a1d2654c9e
02_MASTER_EVIDENCE_BASE/03_INVESTIGATIONS/02_EXPANDED_ARCHIVES/DEMOCRACY_INFLUENCE_ALL_INVESTIGATIONS_2026-09-07/__NESTED_EXPANDED__/DEMOCRACY_INFLUENCE_ALL_INVESTIGATIONS_2026-09-07__01_RUNTIME_AND_CORPUS__SUBSTACK_BASELINE_2026-08-26_v0.4/SUBSTACK_BASELINE_2026-08-26_v0.4/posts/185160908.annie-genevard-plus-de-cas-de-dnc.html,13127,d0473873f8e736a865b46f82eb74be0de2ffc64f0d5e39969c1d07d6ffc83eaf
02_MASTER_EVIDENCE_BASE/03_INVESTIGATIONS/02_EXPANDED_ARCHIVES/DEMOCRACY_INFLUENCE_ALL_INVESTIGATIONS_2026-09-07/__NESTED_EXPANDED__/DEMOCRACY_INFLUENCE_ALL_INVESTIGATIONS_2026-09-07__01_RUNTIME_AND_CORPUS__SUBSTACK_BASELINE_2026-08-26_v0.4/SUBSTACK_BASELINE_2026-08-26_v0.4/posts/185731731.lagriculture-au-scanner-autopsie.html,122319,c270913042811119ae0e0b24879ae66448da9eabff3e101fceb785e3184f2653
02_MASTER_EVIDENCE_BASE/03_INVESTIGATIONS/02_EXPANDED_ARCHIVES/DEMOCRACY_INFLUENCE_ALL_INVESTIGATIONS_2026-09-07/__NESTED_EXPANDED__/DEMOCRACY_INFLUENCE_ALL_INVESTIGATIONS_2026-09-07__01_RUNTIME_AND_CORPUS__SUBSTACK_BASELINE_2026-08-26_v0.4/SUBSTACK_BASELINE_2026-08-26_v0.4/posts/185893876.budget-2026-larchitecture-du-mensonge.html,40753,94a97800c73f82f179408d6b92fc5e764b65d8168c7d96ef24fff60c868eb8dc
02_MASTER_EVIDENCE_BASE/03_INVESTIGATIONS/02_EXPANDED_ARCHIVES/DEMOCRACY_INFLUENCE_ALL_INVESTIGATIONS_2026-09-07/__NESTED_EXPANDED__/DEMOCRACY_INFLUENCE_ALL_INVESTIGATIONS_2026-09-07__01_RUNTIME_AND_CORPUS__SUBSTACK_BASELINE_2026-08-26_v0.4/SUBSTACK_BASELINE_2026-08-26_v0.4/posts/186057704.letat-qui-veut-tout-controler-mais.html,14128,3456a3ce22737b25ddedf55b0f79c73dbfb2320397d07943e9abb8a91f53fca0
02_MASTER_EVIDENCE_BASE/03_INVESTIGATIONS/02_EXPANDED_ARCHIVES/DEMOCRACY_INFLUENCE_ALL_INVESTIGATIONS_2026-09-07/__NESTED_EXPANDED__/DEMOCRACY_INFLUENCE_ALL_INVESTIGATIONS_2026-09-07__01_RUNTIME_AND_CORPUS__SUBSTACK_BASELINE_2026-08-26_v0.4/SUBSTACK_BASELINE_2026-08-26_v0.4/posts/186127641.limpasse-persique-pourquoi-loccident.html,13446,1043ff31c45b72f3c3977f64a0dcba3a5f2fb7dc644e43e85d334512b38ada83
02_MASTER_EVIDENCE_BASE/03_INVESTIGATIONS/02_EXPANDED_ARCHIVES/DEMOCRACY_INFLUENCE_ALL_INVESTIGATIONS_2026-09-07/__NESTED_EXPANDED__/DEMOCRACY_INFLUENCE_ALL_INVESTIGATIONS_2026-09-07__01_RUNTIME_AND_CORPUS__SUBSTACK_BASELINE_2026-08-26_v0.4/SUBSTACK_BASELINE_2026-08-26_v0.4/posts/186286764.ce-que-macron-appelle-protection.html,29973,ade5c466cea53f4d0c0406a8b4b55afe9ad36e2a38812478e1562a8262e63222
02_MASTER_EVIDENCE_BASE/03_INVESTIGATIONS/02_EXPANDED_ARCHIVES/DEMOCRACY_INFLUENCE_ALL_INVESTIGATIONS_2026-09-07/__NESTED_EXPANDED__/DEMOCRACY_INFLUENCE_ALL_INVESTIGATIONS_2026-09-07__01_RUNTIME_AND_CORPUS__SUBSTACK_BASELINE_2026-08-26_v0.4/SUBSTACK_BASELINE_2026-08-26_v0.4/posts/186775451.ils-ont-quitte-lhumanite.html,33173,abed7f9ccc2bd8c07e315318d9365ab34ea0026ad065b203465796edc547e082
02_MASTER_EVIDENCE_BASE/03_INVESTIGATIONS/02_EXPANDED_ARCHIVES/DEMOCRACY_INFLUENCE_ALL_INVESTIGATIONS_2026-09-07/__NESTED_EXPANDED__/DEMOCRACY_INFLUENCE_ALL_INVESTIGATIONS_2026-09-07__01_RUNTIME_AND_CORPUS__SUBSTACK_BASELINE_2026-08-26_v0.4/SUBSTACK_BASELINE_2026-08-26_v0.4/posts/186844276.tristan-mendes-france-la-machine.html,41438,7f652333e2d14177251bc0c9c16f8ef28b0dbfb5b0da77ffed3485297f7ab8c6
02_MASTER_EVIDENCE_BASE/03_INVESTIGATIONS/02_EXPANDED_ARCHIVES/DEMOCRACY_INFLUENCE_ALL_INVESTIGATIONS_2026-09-07/__NESTED_EXPANDED__/DEMOCRACY_INFLUENCE_ALL_INVESTIGATIONS_2026-09-07__01_RUNTIME_AND_CORPUS__SUBSTACK_BASELINE_2026-08-26_v0.4/SUBSTACK_BASELINE_2026-08-26_v0.4/posts/186904003.larchitecture-de-la-censure-europeenne.html,127966,7db37dd524d3b7c199535abb2ec335688e8b4ea49f87c85e24db6a82fefd5d7c
02_MASTER_EVIDENCE_BASE/03_INVESTIGATIONS/02_EXPANDED_ARCHIVES/DEMOCRACY_INFLUENCE_ALL_INVESTIGATIONS_2026-09-07/__NESTED_EXPANDED__/DEMOCRACY_INFLUENCE_ALL_INVESTIGATIONS_2026-09-07__01_RUNTIME_AND_CORPUS__SUBSTACK_BASELINE_2026-08-26_v0.4/SUBSTACK_BASELINE_2026-08-26_v0.4/posts/187237034.de-lombre-des-cavernes-a-lecran-lumineux.html,47695,c4695d506bd63eaf6e78eb3b5f55d3735b838b354e12bf81c62fce48a9c31b4a
02_MASTER_EVIDENCE_BASE/03_INVESTIGATIONS/02_EXPANDED_ARCHIVES/DEMOCRACY_INFLUENCE_ALL_INVESTIGATIONS_2026-09-07/__NESTED_EXPANDED__/DEMOCRACY_INFLUENCE_ALL_INVESTIGATIONS_2026-09-07__01_RUNTIME_AND_CORPUS__SUBSTACK_BASELINE_2026-08-26_v0.4/SUBSTACK_BASELINE_2026-08-26_v0.4/posts/187436825.darwin-et-evolution-enquete-sur-les.html,70471,ec1a01b731b5a49e933baeff239b7cea94565ee3fd43f6491b03f6fa558d23dc
02_MASTER_EVIDENCE_BASE/03_INVESTIGATIONS/02_EXPANDED_ARCHIVES/DEMOCRACY_INFLUENCE_ALL_INVESTIGATIONS_2026-09-07/__NESTED_EXPANDED__/DEMOCRACY_INFLUENCE_ALL_INVESTIGATIONS_2026-09-07__01_RUNTIME_AND_CORPUS__SUBSTACK_BASELINE_2026-08-26_v0.4/SUBSTACK_BASELINE_2026-08-26_v0.4/posts/187674415.le-triangle-de-la-capture-le-mecanisme.html,57111,8fb62146aa06f11e8d4781f79e1f3c233c2e7cba9ecf88caa392fdce944c8b75
02_MASTER_EVIDENCE_BASE/03_INVESTIGATIONS/02_EXPANDED_ARCHIVES/DEMOCRACY_INFLUENCE_ALL_INVESTIGATIONS_2026-09-07/__NESTED_EXPANDED__/DEMOCRACY_INFLUENCE_ALL_INVESTIGATIONS_2026-09-07__01_RUNTIME_AND_CORPUS__SUBSTACK_BASELINE_2026-08-26_v0.4/SUBSTACK_BASELINE_2026-08-26_v0.4/posts/188810196.le-gulag-digital-surveilles-a-100.html,25184,6b77abad4639376c504e480f8c66e9d5f947f89a931e7427e214ab0c0e1c5286
02_MASTER_EVIDENCE_BASE/03_INVESTIGATIONS/02_EXPANDED_ARCHIVES/DEMOCRACY_INFLUENCE_ALL_INVESTIGATIONS_2026-09-07/__NESTED_EXPANDED__/DEMOCRACY_INFLUENCE_ALL_INVESTIGATIONS_2026-09-07__01_RUNTIME_AND_CORPUS__SUBSTACK_BASELINE_2026-08-26_v0.4/SUBSTACK_BASELINE_2026-08-26_v0.4/posts/188933060.le-piege-knafo-cheval-de-troie-dune.html,21579,c9a079307a490036fc5a9906a3cb0bcb116f7cd901179ce451bf56d964494601
02_MASTER_EVIDENCE_BASE/03_INVESTIGATIONS/02_EXPANDED_ARCHIVES/DEMOCRACY_INFLUENCE_ALL_INVESTIGATIONS_2026-09-07/__NESTED_EXPANDED__/DEMOCRACY_INFLUENCE_ALL_INVESTIGATIONS_2026-09-07__01_RUNTIME_AND_CORPUS__SUBSTACK_BASELINE_2026-08-26_v0.4/SUBSTACK_BASELINE_2026-08-26_v0.4/posts/189043675.la-machine-a-silence.html,39781,c44208cbcbe79a41e6330e5ca9e381fa299a4d2012c847f6df68813173cb0f70
02_MASTER_EVIDENCE_BASE/03_INVESTIGATIONS/02_EXPANDED_ARCHIVES/DEMOCRACY_INFLUENCE_ALL_INVESTIGATIONS_2026-09-07/__NESTED_EXPANDED__/DEMOCRACY_INFLUENCE_ALL_INVESTIGATIONS_2026-09-07__01_RUNTIME_AND_CORPUS__SUBSTACK_BASELINE_2026-08-26_v0.4/SUBSTACK_BASELINE_2026-08-26_v0.4/posts/189647946.lempire-des-miettes.html,24277,4fdf75d72681728e995bfcfb807250c248ad76d84e38bf547f6de49e6be02181
02_MASTER_EVIDENCE_BASE/03_INVESTIGATIONS/02_EXPANDED_ARCHIVES/DEMOCRACY_INFLUENCE_ALL_INVESTIGATIONS_2026-09-07/__NESTED_EXPANDED__/DEMOCRACY_INFLUENCE_ALL_INVESTIGATIONS_2026-09-07__01_RUNTIME_AND_CORPUS__SUBSTACK_BASELINE_2026-08-26_v0.4/SUBSTACK_BASELINE_2026-08-26_v0.4/posts/189855247.le-sanctuaire-inverse-comment-la.html,60063,fe11ce5c2e216c034b08e023e44618503ef2a660f9189b8d9b2b721a67daaee4
02_MASTER_EVIDENCE_BASE/03_INVESTIGATIONS/02_EXPANDED_ARCHIVES/DEMOCRACY_INFLUENCE_ALL_INVESTIGATIONS_2026-09-07/__NESTED_EXPANDED__/DEMOCRACY_INFLUENCE_ALL_INVESTIGATIONS_2026-09-07__01_RUNTIME_AND_CORPUS__SUBSTACK_BASELINE_2026-08-26_v0.4/SUBSTACK_BASELINE_2026-08-26_v0.4/posts/190192234.le-grand-manege-de-la-depossession.html,26928,b03934953a565094a118b88405412b425a96c65e6925324b328799e09f80247d
02_MASTER_EVIDENCE_BASE/03_INVESTIGATIONS/02_EXPANDED_ARCHIVES/DEMOCRACY_INFLUENCE_ALL_INVESTIGATIONS_2026-09-07/__NESTED_EXPANDED__/DEMOCRACY_INFLUENCE_ALL_INVESTIGATIONS_2026-09-07__01_RUNTIME_AND_CORPUS__SUBSTACK_BASELINE_2026-08-26_v0.4/SUBSTACK_BASELINE_2026-08-26_v0.4/posts/190587326.ue-mercosur-le-mensonge-sanitaire.html,38332,b6e4b92a0d1bbce59ca7afd0b7f3fb279f7c98f256a8ffa405674e6db3093b85
02_MASTER_EVIDENCE_BASE/03_INVESTIGATIONS/02_EXPANDED_ARCHIVES/DEMOCRACY_INFLUENCE_ALL_INVESTIGATIONS_2026-09-07/__NESTED_EXPANDED__/DEMOCRACY_INFLUENCE_ALL_INVESTIGATIONS_2026-09-07__01_RUNTIME_AND_CORPUS__SUBSTACK_BASELINE_2026-08-26_v0.4/SUBSTACK_BASELINE_2026-08-26_v0.4/posts/190739827.le-sabotage-energetique-francais.html,36907,0ab193142f2e13b35347248298b1ae807d8d91a67a802cfc06c35ad6a7c37d2d
02_MASTER_EVIDENCE_BASE/03_INVESTIGATIONS/02_EXPANDED_ARCHIVES/DEMOCRACY_INFLUENCE_ALL_INVESTIGATIONS_2026-09-07/__NESTED_EXPANDED__/DEMOCRACY_INFLUENCE_ALL_INVESTIGATIONS_2026-09-07__01_RUNTIME_AND_CORPUS__SUBSTACK_BASELINE_2026-08-26_v0.4/SUBSTACK_BASELINE_2026-08-26_v0.4/posts/191154925.pourquoi-les-electeurs-francais-votent.html,44685,dccc3b95ad356aa4455a0171a43a5cb45371cd639600ee05f803cf8f77b4f57b
02_MASTER_EVIDENCE_BASE/03_INVESTIGATIONS/02_EXPANDED_ARCHIVES/DEMOCRACY_INFLUENCE_ALL_INVESTIGATIONS_2026-09-07/__NESTED_EXPANDED__/DEMOCRACY_INFLUENCE_ALL_INVESTIGATIONS_2026-09-07__01_RUNTIME_AND_CORPUS__SUBSTACK_BASELINE_2026-08-26_v0.4/SUBSTACK_BASELINE_2026-08-26_v0.4/posts/191802696.la-guerre-des-autres.html,45571,14b3a8974ad0865c475807895435675f3c658df3931a53feb895436ce0766a95
02_MASTER_EVIDENCE_BASE/03_INVESTIGATIONS/02_EXPANDED_ARCHIVES/DEMOCRACY_INFLUENCE_ALL_INVESTIGATIONS_2026-09-07/__NESTED_EXPANDED__/DEMOCRACY_INFLUENCE_ALL_INVESTIGATIONS_2026-09-07__01_RUNTIME_AND_CORPUS__SUBSTACK_BASELINE_2026-08-26_v0.4/SUBSTACK_BASELINE_2026-08-26_v0.4/posts/192293819.la-democratie-en-cage.html,44548,52cffafb06e101bbfab8f5806d1ade0c962a1a8d9d386310ea71d768ef213159
02_MASTER_EVIDENCE_BASE/03_INVESTIGATIONS/02_EXPANDED_ARCHIVES/DEMOCRACY_INFLUENCE_ALL_INVESTIGATIONS_2026-09-07/__NESTED_EXPANDED__/DEMOCRACY_INFLUENCE_ALL_INVESTIGATIONS_2026-09-07__01_RUNTIME_AND_CORPUS__SUBSTACK_BASELINE_2026-08-26_v0.4/SUBSTACK_BASELINE_2026-08-26_v0.4/posts/192351575.le-reseau-qui-nous-facture.html,42982,f420de0fe715df44ba9541b413bf25877896c61694bd1edaed833e5663024445
02_MASTER_EVIDENCE_BASE/03_INVESTIGATIONS/02_EXPANDED_ARCHIVES/DEMOCRACY_INFLUENCE_ALL_INVESTIGATIONS_2026-09-07/__NESTED_EXPANDED__/DEMOCRACY_INFLUENCE_ALL_INVESTIGATIONS_2026-09-07__01_RUNTIME_AND_CORPUS__SUBSTACK_BASELINE_2026-08-26_v0.4/SUBSTACK_BASELINE_2026-08-26_v0.4/posts/192483249.ce-nest-pas-du-satanisme-cest-une.html,72061,adc4303f6adc595727b0604059d048cf041dc24be9c3fd02802a39950230c665
02_MASTER_EVIDENCE_BASE/03_INVESTIGATIONS/02_EXPANDED_ARCHIVES/DEMOCRACY_INFLUENCE_ALL_INVESTIGATIONS_2026-09-07/__NESTED_EXPANDED__/DEMOCRACY_INFLUENCE_ALL_INVESTIGATIONS_2026-09-07__01_RUNTIME_AND_CORPUS__SUBSTACK_BASELINE_2026-08-26_v0.4/SUBSTACK_BASELINE_2026-08-26_v0.4/posts/192726440.le-vampire-de-la-croissance.html,36334,3eb1bed338e2ccfa1f6a030cba3e30c8f67f4ac2975db44c913895143dd561ae
02_MASTER_EVIDENCE_BASE/03_INVESTIGATIONS/02_EXPANDED_ARCHIVES/DEMOCRACY_INFLUENCE_ALL_INVESTIGATIONS_2026-09-07/__NESTED_EXPANDED__/DEMOCRACY_INFLUENCE_ALL_INVESTIGATIONS_2026-09-07__01_RUNTIME_AND_CORPUS__SUBSTACK_BASELINE_2026-08-26_v0.4/SUBSTACK_BASELINE_2026-08-26_v0.4/posts/193017697.comment-la-richesse-verrouille-le.html,50280,34d17c9c78147e6be4654962b58d2755c6174fb105d2b47f47ea8d91523fe791
02_MASTER_EVIDENCE_BASE/03_INVESTIGATIONS/02_EXPANDED_ARCHIVES/DEMOCRACY_INFLUENCE_ALL_INVESTIGATIONS_2026-09-07/__NESTED_EXPANDED__/DEMOCRACY_INFLUENCE_ALL_INVESTIGATIONS_2026-09-07__01_RUNTIME_AND_CORPUS__SUBSTACK_BASELINE_2026-08-26_v0.4/SUBSTACK_BASELINE_2026-08-26_v0.4/posts/193239406.oak-island-le-mecanisme-de-capture.html,53717,46e1cf5898acdd39cca54d16cbb4eb00be3b865a10c16d24bb1141c5d92bdf9e
02_MASTER_EVIDENCE_BASE/03_INVESTIGATIONS/02_EXPANDED_ARCHIVES/DEMOCRACY_INFLUENCE_ALL_INVESTIGATIONS_2026-09-07/__NESTED_EXPANDED__/DEMOCRACY_INFLUENCE_ALL_INVESTIGATIONS_2026-09-07__01_RUNTIME_AND_CORPUS__SUBSTACK_BASELINE_2026-08-26_v0.4/SUBSTACK_BASELINE_2026-08-26_v0.4/posts/193327603.ce-que-le-corps-sait-et-que-la-machine.html,24529,88ce9e9f986004f5982cff50345f0bd406de6cd797ee48a794b2a309d3ed87bf
02_MASTER_EVIDENCE_BASE/03_INVESTIGATIONS/02_EXPANDED_ARCHIVES/DEMOCRACY_INFLUENCE_ALL_INVESTIGATIONS_2026-09-07/__NESTED_EXPANDED__/DEMOCRACY_INFLUENCE_ALL_INVESTIGATIONS_2026-09-07__01_RUNTIME_AND_CORPUS__SUBSTACK_BASELINE_2026-08-26_v0.4/SUBSTACK_BASELINE_2026-08-26_v0.4/posts/193730222.la-commission-qui-devait-eclairer.html,46772,84e1bd3562e258acc73810ca6ae6d305ae84c482fa16e0d30fcd8f5ce4da9f98
02_MASTER_EVIDENCE_BASE/03_INVESTIGATIONS/02_EXPANDED_ARCHIVES/DEMOCRACY_INFLUENCE_ALL_INVESTIGATIONS_2026-09-07/__NESTED_EXPANDED__/DEMOCRACY_INFLUENCE_ALL_INVESTIGATIONS_2026-09-07__01_RUNTIME_AND_CORPUS__SUBSTACK_BASELINE_2026-08-26_v0.4/SUBSTACK_BASELINE_2026-08-26_v0.4/posts/193809543.audiovisuel-public-anatomie-dune.html,14856,f4bd430a3f001926e6129144e08de5b75d111ae814ced865b414590c95e18bb3
02_MASTER_EVIDENCE_BASE/03_INVESTIGATIONS/02_EXPANDED_ARCHIVES/DEMOCRACY_INFLUENCE_ALL_INVESTIGATIONS_2026-09-07/__NESTED_EXPANDED__/DEMOCRACY_INFLUENCE_ALL_INVESTIGATIONS_2026-09-07__01_RUNTIME_AND_CORPUS__SUBSTACK_BASELINE_2026-08-26_v0.4/SUBSTACK_BASELINE_2026-08-26_v0.4/posts/194040178.lingenierie-de-la-possession.html,42379,c02126c1ac3d9c457b3991c11d096f59f8b7fea2576b808926543164bef4895a
02_MASTER_EVIDENCE_BASE/03_INVESTIGATIONS/02_EXPANDED_ARCHIVES/DEMOCRACY_INFLUENCE_ALL_INVESTIGATIONS_2026-09-07/__NESTED_EXPANDED__/DEMOCRACY_INFLUENCE_ALL_INVESTIGATIONS_2026-09-07__01_RUNTIME_AND_CORPUS__SUBSTACK_BASELINE_2026-08-26_v0.4/SUBSTACK_BASELINE_2026-08-26_v0.4/posts/194130616.le-protocole-du-re-enracinement.html,18485,6b4d31fbd24bd84a2c075eb88dded27025aa1bfe0fec64f092f83f92f92d9709
02_MASTER_EVIDENCE_BASE/03_INVESTIGATIONS/02_EXPANDED_ARCHIVES/DEMOCRACY_INFLUENCE_ALL_INVESTIGATIONS_2026-09-07/__NESTED_EXPANDED__/DEMOCRACY_INFLUENCE_ALL_INVESTIGATIONS_2026-09-07__01_RUNTIME_AND_CORPUS__SUBSTACK_BASELINE_2026-08-26_v0.4/SUBSTACK_BASELINE_2026-08-26_v0.4/posts/194422681.le-leviathan-de-verre.html,43547,97ad62aa5b72b0500ac67701c370761d6e6cf03f77c46760db885419cb53c61d
02_MASTER_EVIDENCE_BASE/03_INVESTIGATIONS/02_EXPANDED_ARCHIVES/DEMOCRACY_INFLUENCE_ALL_INVESTIGATIONS_2026-09-07/__NESTED_EXPANDED__/DEMOCRACY_INFLUENCE_ALL_INVESTIGATIONS_2026-09-07__01_RUNTIME_AND_CORPUS__SUBSTACK_BASELINE_2026-08-26_v0.4/SUBSTACK_BASELINE_2026-08-26_v0.4/posts/194518266.lingenierie-de-lenclos.html,51915,4a9598cb8399f2a09fa000aa17328980910e0e5cd8f0ae483e72e527a74a981b
02_MASTER_EVIDENCE_BASE/03_INVESTIGATIONS/02_EXPANDED_ARCHIVES/DEMOCRACY_INFLUENCE_ALL_INVESTIGATIONS_2026-09-07/__NESTED_EXPANDED__/DEMOCRACY_INFLUENCE_ALL_INVESTIGATIONS_2026-09-07__01_RUNTIME_AND_CORPUS__SUBSTACK_BASELINE_2026-08-26_v0.4/SUBSTACK_BASELINE_2026-08-26_v0.4/posts/194695720.larchitecture-a-luvre.html,63350,2b9d31cb885f2260efa646e43b0fbcc0fca86fb84d871c3fd688bf3e02781507
02_MASTER_EVIDENCE_BASE/03_INVESTIGATIONS/02_EXPANDED_ARCHIVES/DEMOCRACY_INFLUENCE_ALL_INVESTIGATIONS_2026-09-07/__NESTED_EXPANDED__/DEMOCRACY_INFLUENCE_ALL_INVESTIGATIONS_2026-09-07__01_RUNTIME_AND_CORPUS__SUBSTACK_BASELINE_2026-08-26_v0.4/SUBSTACK_BASELINE_2026-08-26_v0.4/posts/194966421.la-constellation-davril.html,52016,28aa0744d1b2f001a443a0eb310e0cc3c01c41db7bdf4b74f25eda2e4b205607
02_MASTER_EVIDENCE_BASE/03_INVESTIGATIONS/02_EXPANDED_ARCHIVES/DEMOCRACY_INFLUENCE_ALL_INVESTIGATIONS_2026-09-07/__NESTED_EXPANDED__/DEMOCRACY_INFLUENCE_ALL_INVESTIGATIONS_2026-09-07__01_RUNTIME_AND_CORPUS__SUBSTACK_BASELINE_2026-08-26_v0.4/SUBSTACK_BASELINE_2026-08-26_v0.4/posts/197963983.climat-les-deux-escroqueries.html,40013,a463768e31cdc15f6258925e4a79ae3387d13b8e9447c91cbcc278599c1e0062
02_MASTER_EVIDENCE_BASE/03_INVESTIGATIONS/02_EXPANDED_ARCHIVES/DEMOCRACY_INFLUENCE_ALL_INVESTIGATIONS_2026-09-07/__NESTED_EXPANDED__/DEMOCRACY_INFLUENCE_ALL_INVESTIGATIONS_2026-09-07__01_RUNTIME_AND_CORPUS__SUBSTACK_BASELINE_2026-08-26_v0.4/SUBSTACK_BASELINE_2026-08-26_v0.4/posts/198170736.le-paradoxe-francais-66-de-colere.html,113670,86f6344ffd8e3e87c4d19ccccb55a75b41aede75a58a2bbae89b5d6dc5ead5ba
02_MASTER_EVIDENCE_BASE/03_INVESTIGATIONS/02_EXPANDED_ARCHIVES/DEMOCRACY_INFLUENCE_ALL_INVESTIGATIONS_2026-09-07/__NESTED_EXPANDED__/DEMOCRACY_INFLUENCE_ALL_INVESTIGATIONS_2026-09-07__01_RUNTIME_AND_CORPUS__SUBSTACK_BASELINE_2026-08-26_v0.4/SUBSTACK_BASELINE_2026-08-26_v0.4/posts/198384632.le-ciel-nest-pas-gratuit.html,31076,a93d1122b095d6c8c801b01849a66a031a73cf611fef40e84ac39c6daf698ef3
02_MASTER_EVIDENCE_BASE/03_INVESTIGATIONS/02_EXPANDED_ARCHIVES/DEMOCRACY_INFLUENCE_ALL_INVESTIGATIONS_2026-09-07/__NESTED_EXPANDED__/DEMOCRACY_INFLUENCE_ALL_INVESTIGATIONS_2026-09-07__01_RUNTIME_AND_CORPUS__SUBSTACK_BASELINE_2026-08-26_v0.4/SUBSTACK_BASELINE_2026-08-26_v0.4/posts/198659211.opposition-controlee-anatomie-dun.html,61889,3791df0bd935d742991bdf91fb687e44169da94d139dc2f3f72d3e980af5cff5
02_MASTER_EVIDENCE_BASE/03_INVESTIGATIONS/02_EXPANDED_ARCHIVES/DEMOCRACY_INFLUENCE_ALL_INVESTIGATIONS_2026-09-07/__NESTED_EXPANDED__/DEMOCRACY_INFLUENCE_ALL_INVESTIGATIONS_2026-09-07__01_RUNTIME_AND_CORPUS__SUBSTACK_BASELINE_2026-08-26_v0.4/SUBSTACK_BASELINE_2026-08-26_v0.4/posts/199049245.le-changement-de-regime-pourquoi.html,47686,eb8faf10db25e9a9cacd138a69d1b9a3b0dca0f0f43df6c1d4edcf892bef05bb
02_MASTER_EVIDENCE_BASE/03_INVESTIGATIONS/02_EXPANDED_ARCHIVES/DEMOCRACY_INFLUENCE_ALL_INVESTIGATIONS_2026-09-07/__NESTED_EXPANDED__/DEMOCRACY_INFLUENCE_ALL_INVESTIGATIONS_2026-09-07__01_RUNTIME_AND_CORPUS__SUBSTACK_BASELINE_2026-08-26_v0.4/SUBSTACK_BASELINE_2026-08-26_v0.4/posts/199422722.la-caste-parasite-qui-gouverne-la.html,44448,e94222df1a5c625b3b44f8180bd9355b5710c60d3c5465cda6edefcf2430d104
02_MASTER_EVIDENCE_BASE/03_INVESTIGATIONS/02_EXPANDED_ARCHIVES/DEMOCRACY_INFLUENCE_ALL_INVESTIGATIONS_2026-09-07/__NESTED_EXPANDED__/DEMOCRACY_INFLUENCE_ALL_INVESTIGATIONS_2026-09-07__01_RUNTIME_AND_CORPUS__SUBSTACK_BASELINE_2026-08-26_v0.4/SUBSTACK_BASELINE_2026-08-26_v0.4/posts/199653976.la-dette-instrumentalisee-3-200-milliards.html,34493,472ef5d802af3831561d407e2bf33eb855c2975991db647ade7f9f8fdd09efcc
02_MASTER_EVIDENCE_BASE/03_INVESTIGATIONS/02_EXPANDED_ARCHIVES/DEMOCRACY_INFLUENCE_ALL_INVESTIGATIONS_2026-09-07/__NESTED_EXPANDED__/DEMOCRACY_INFLUENCE_ALL_INVESTIGATIONS_2026-09-07__01_RUNTIME_AND_CORPUS__SUBSTACK_BASELINE_2026-08-26_v0.4/SUBSTACK_BASELINE_2026-08-26_v0.4/posts/199654188.le-systeme-de-sante-demantele-8-millions.html,36100,e7d6f4511607af448eee9d2246df836977966485ad0fa340e30d49d5c7e0427f
02_MASTER_EVIDENCE_BASE/03_INVESTIGATIONS/02_EXPANDED_ARCHIVES/DEMOCRACY_INFLUENCE_ALL_INVESTIGATIONS_2026-09-07/__NESTED_EXPANDED__/DEMOCRACY_INFLUENCE_ALL_INVESTIGATIONS_2026-09-07__01_RUNTIME_AND_CORPUS__SUBSTACK_BASELINE_2026-08-26_v0.4/SUBSTACK_BASELINE_2026-08-26_v0.4/posts/199654310.les-visages-de-la-pauvrete-98-millions.html,29496,6498c6eba9930d9f9199bbfc0e9ee2280a5db9d93fcb3ed38183825f50636ca3
02_MASTER_EVIDENCE_BASE/03_INVESTIGATIONS/02_EXPANDED_ARCHIVES/DEMOCRACY_INFLUENCE_ALL_INVESTIGATIONS_2026-09-07/__NESTED_EXPANDED__/DEMOCRACY_INFLUENCE_ALL_INVESTIGATIONS_2026-09-07__01_RUNTIME_AND_CORPUS__SUBSTACK_BASELINE_2026-08-26_v0.4/SUBSTACK_BASELINE_2026-08-26_v0.4/posts/199654478.la-france-desindustrialisee-81-milliards.html,26795,558385a84d5e2fe8c48e91b656e02ef771ff8863c5697ee632c1c7123ddd12f4
02_MASTER_EVIDENCE_BASE/03_INVESTIGATIONS/02_EXPANDED_ARCHIVES/DEMOCRACY_INFLUENCE_ALL_INVESTIGATIONS_2026-09-07/__NESTED_EXPANDED__/DEMOCRACY_INFLUENCE_ALL_INVESTIGATIONS_2026-09-07__01_RUNTIME_AND_CORPUS__SUBSTACK_BASELINE_2026-08-26_v0.4/SUBSTACK_BASELINE_2026-08-26_v0.4/posts/199654539.lecole-sans-transmission-43-points.html,32596,6722f612f1da295c6b738ae46fe526fdb19ad60fde3313b94528d10f56eb46cd
02_MASTER_EVIDENCE_BASE/03_INVESTIGATIONS/02_EXPANDED_ARCHIVES/DEMOCRACY_INFLUENCE_ALL_INVESTIGATIONS_2026-09-07/__NESTED_EXPANDED__/DEMOCRACY_INFLUENCE_ALL_INVESTIGATIONS_2026-09-07__01_RUNTIME_AND_CORPUS__SUBSTACK_BASELINE_2026-08-26_v0.4/SUBSTACK_BASELINE_2026-08-26_v0.4/posts/199654638.limmigration-sans-cap-340-000-titres.html,27382,092d16e2f726baa7a349d26bc5772c9d6e878b228fd3a10245211d22085a43e8
02_MASTER_EVIDENCE_BASE/03_INVESTIGATIONS/02_EXPANDED_ARCHIVES/DEMOCRACY_INFLUENCE_ALL_INVESTIGATIONS_2026-09-07/__NESTED_EXPANDED__/DEMOCRACY_INFLUENCE_ALL_INVESTIGATIONS_2026-09-07__01_RUNTIME_AND_CORPUS__SUBSTACK_BASELINE_2026-08-26_v0.4/SUBSTACK_BASELINE_2026-08-26_v0.4/posts/199654706.le-logement-la-machine-a-creer-de.html,31378,31b3463bcacb5bd96686eaf79d74d988fd5ba3bb16de9d30cd4097b9e1a6b6d1
02_MASTER_EVIDENCE_BASE/03_INVESTIGATIONS/02_EXPANDED_ARCHIVES/DEMOCRACY_INFLUENCE_ALL_INVESTIGATIONS_2026-09-07/__NESTED_EXPANDED__/DEMOCRACY_INFLUENCE_ALL_INVESTIGATIONS_2026-09-07__01_RUNTIME_AND_CORPUS__SUBSTACK_BASELINE_2026-08-26_v0.4/SUBSTACK_BASELINE_2026-08-26_v0.4/posts/199654799.lenergie-sacrifiee-923-twh-exportes.html,41403,5a6482d506506eb105f277cee313bd3af0f9ce371aefbf5bbfe454f4aa0fd4d4
02_MASTER_EVIDENCE_BASE/03_INVESTIGATIONS/02_EXPANDED_ARCHIVES/DEMOCRACY_INFLUENCE_ALL_INVESTIGATIONS_2026-09-07/__NESTED_EXPANDED__/DEMOCRACY_INFLUENCE_ALL_INVESTIGATIONS_2026-09-07__01_RUNTIME_AND_CORPUS__SUBSTACK_BASELINE_2026-08-26_v0.4/SUBSTACK_BASELINE_2026-08-26_v0.4/posts/199654871.lagriculture-qui-meurt-100-000-fermes.html,29283,ae99200c8734dfe051487838d78b50178f803ed2ab8ffd1dc9ac4fb91bca5fc3
02_MASTER_EVIDENCE_BASE/03_INVESTIGATIONS/02_EXPANDED_ARCHIVES/DEMOCRACY_INFLUENCE_ALL_INVESTIGATIONS_2026-09-07/__NESTED_EXPANDED__/DEMOCRACY_INFLUENCE_ALL_INVESTIGATIONS_2026-09-07__01_RUNTIME_AND_CORPUS__SUBSTACK_BASELINE_2026-08-26_v0.4/SUBSTACK_BASELINE_2026-08-26_v0.4/posts/199654938.medias-censure-et-desinformation.html,41062,4a499b55fb04d7e71015c1b9ccb99b4d732f428fb433b757131fef0e3a8cef9c
02_MASTER_EVIDENCE_BASE/03_INVESTIGATIONS/02_EXPANDED_ARCHIVES/DEMOCRACY_INFLUENCE_ALL_INVESTIGATIONS_2026-09-07/__NESTED_EXPANDED__/DEMOCRACY_INFLUENCE_ALL_INVESTIGATIONS_2026-09-07__01_RUNTIME_AND_CORPUS__SUBSTACK_BASELINE_2026-08-26_v0.4/SUBSTACK_BASELINE_2026-08-26_v0.4/posts/199655040.leurope-piege-francais-12-contentieux.html,37160,3a8ddedd8cdb65697dba2c175f8c4fe8a183f599cb0f8452f5502fe25da0273c
02_MASTER_EVIDENCE_BASE/03_INVESTIGATIONS/02_EXPANDED_ARCHIVES/DEMOCRACY_INFLUENCE_ALL_INVESTIGATIONS_2026-09-07/__NESTED_EXPANDED__/DEMOCRACY_INFLUENCE_ALL_INVESTIGATIONS_2026-09-07__01_RUNTIME_AND_CORPUS__SUBSTACK_BASELINE_2026-08-26_v0.4/SUBSTACK_BASELINE_2026-08-26_v0.4/posts/199655095.la-defense-rongee-449-md-sans-munitions.html,39026,b1915269bcff728e2fc73bc60061c90b60567540f8f0011fdda644f596437034
02_MASTER_EVIDENCE_BASE/03_INVESTIGATIONS/02_EXPANDED_ARCHIVES/DEMOCRACY_INFLUENCE_ALL_INVESTIGATIONS_2026-09-07/__NESTED_EXPANDED__/DEMOCRACY_INFLUENCE_ALL_INVESTIGATIONS_2026-09-07__01_RUNTIME_AND_CORPUS__SUBSTACK_BASELINE_2026-08-26_v0.4/SUBSTACK_BASELINE_2026-08-26_v0.4/posts/199655164.le-verrou-28-recours-au-493-57-dabstention.html,41982,8d2025bdb8112827a3384bf467968834a3d7edc12a85a6f78f1483384eff22c2
02_MASTER_EVIDENCE_BASE/03_INVESTIGATIONS/02_EXPANDED_ARCHIVES/DEMOCRACY_INFLUENCE_ALL_INVESTIGATIONS_2026-09-07/__NESTED_EXPANDED__/DEMOCRACY_INFLUENCE_ALL_INVESTIGATIONS_2026-09-07__01_RUNTIME_AND_CORPUS__SUBSTACK_BASELINE_2026-08-26_v0.4/SUBSTACK_BASELINE_2026-08-26_v0.4/posts/199655242.le-numerique-colonise-70-des-donnees.html,30640,afe662c77c15d1776dae49a1b314b071c7c9aaa7a4cd289160b16a411322ae33
02_MASTER_EVIDENCE_BASE/03_INVESTIGATIONS/02_EXPANDED_ARCHIVES/DEMOCRACY_INFLUENCE_ALL_INVESTIGATIONS_2026-09-07/__NESTED_EXPANDED__/DEMOCRACY_INFLUENCE_ALL_INVESTIGATIONS_2026-09-07__01_RUNTIME_AND_CORPUS__SUBSTACK_BASELINE_2026-08-26_v0.4/SUBSTACK_BASELINE_2026-08-26_v0.4/posts/199655311.la-justice-fantome-020-du-pib-86.html,28572,80f36ebd660489b9869e89e020c67e4210bebaa193d085fbb74a527443fb972e
02_MASTER_EVIDENCE_BASE/03_INVESTIGATIONS/02_EXPANDED_ARCHIVES/DEMOCRACY_INFLUENCE_ALL_INVESTIGATIONS_2026-09-07/__NESTED_EXPANDED__/DEMOCRACY_INFLUENCE_ALL_INVESTIGATIONS_2026-09-07__01_RUNTIME_AND_CORPUS__SUBSTACK_BASELINE_2026-08-26_v0.4/SUBSTACK_BASELINE_2026-08-26_v0.4/posts/199655748.largent-qui-disparait-80-a-100-milliards.html,35330,f39ca3f504f2dfd66cc5bf59925d41d71956076b2b00026fda6ae44a3b799aa8
02_MASTER_EVIDENCE_BASE/03_INVESTIGATIONS/02_EXPANDED_ARCHIVES/DEMOCRACY_INFLUENCE_ALL_INVESTIGATIONS_2026-09-07/__NESTED_EXPANDED__/DEMOCRACY_INFLUENCE_ALL_INVESTIGATIONS_2026-09-07__01_RUNTIME_AND_CORPUS__SUBSTACK_BASELINE_2026-08-26_v0.4/SUBSTACK_BASELINE_2026-08-26_v0.4/posts/199724760.le-peuple-est-le-seul-souverain-le.html,38610,ce79ca84dbbd3843429144a528a185c10b277a04591d2ba17e510c21ada7b8dd
02_MASTER_EVIDENCE_BASE/03_INVESTIGATIONS/02_EXPANDED_ARCHIVES/DEMOCRACY_INFLUENCE_ALL_INVESTIGATIONS_2026-09-07/__NESTED_EXPANDED__/DEMOCRACY_INFLUENCE_ALL_INVESTIGATIONS_2026-09-07__01_RUNTIME_AND_CORPUS__SUBSTACK_BASELINE_2026-08-26_v0.4/SUBSTACK_BASELINE_2026-08-26_v0.4/posts/200815786.lagenda-legislatif-precede-la-violence.html,63219,9a78dd22478358d34635acd94ae2fa407415c02032d91925795c770c6df2189b
02_MASTER_EVIDENCE_BASE/03_INVESTIGATIONS/02_EXPANDED_ARCHIVES/DEMOCRACY_INFLUENCE_ALL_INVESTIGATIONS_2026-09-07/__NESTED_EXPANDED__/DEMOCRACY_INFLUENCE_ALL_INVESTIGATIONS_2026-09-07__01_RUNTIME_AND_CORPUS__SUBSTACK_BASELINE_2026-08-26_v0.4/SUBSTACK_BASELINE_2026-08-26_v0.4/posts/201110112.19-civilisations-5000-ans-une-lecon.html,44691,fe1eb56b2a1c8ffb945a5d668319b2fd1d1517e59aebec8bcb486a8f85141688
02_MASTER_EVIDENCE_BASE/03_INVESTIGATIONS/02_EXPANDED_ARCHIVES/DEMOCRACY_INFLUENCE_ALL_INVESTIGATIONS_2026-09-07/__NESTED_EXPANDED__/DEMOCRACY_INFLUENCE_ALL_INVESTIGATIONS_2026-09-07__01_RUNTIME_AND_CORPUS__SUBSTACK_BASELINE_2026-08-26_v0.4/SUBSTACK_BASELINE_2026-08-26_v0.4/posts/201207190.lyhanna-autopsie-dun-systeme-a-deux.html,37532,319c8b8aafac024d2f7a3a8005b8621b485570314867411f554367e7383561bb
02_MASTER_EVIDENCE_BASE/03_INVESTIGATIONS/02_EXPANDED_ARCHIVES/DEMOCRACY_INFLUENCE_ALL_INVESTIGATIONS_2026-09-07/__NESTED_EXPANDED__/DEMOCRACY_INFLUENCE_ALL_INVESTIGATIONS_2026-09-07__01_RUNTIME_AND_CORPUS__SUBSTACK_BASELINE_2026-08-26_v0.4/SUBSTACK_BASELINE_2026-08-26_v0.4/posts/202002466.eloge-de-la-surface.html,46940,bc1a68c567a90a2abed556c2f52d266929db7888467c8b766af9af0e86a13f78
02_MASTER_EVIDENCE_BASE/03_INVESTIGATIONS/02_EXPANDED_ARCHIVES/DEMOCRACY_INFLUENCE_ALL_INVESTIGATIONS_2026-09-07/__NESTED_EXPANDED__/DEMOCRACY_INFLUENCE_ALL_INVESTIGATIONS_2026-09-07__01_RUNTIME_AND_CORPUS__SUBSTACK_BASELINE_2026-08-26_v0.4/SUBSTACK_BASELINE_2026-08-26_v0.4/posts/202607767.le-systeme-informatique-detat-autopsie.html,55996,abc3709ddb8bcc69d0fd53ab981a5de4c47a0c2a328c6b01e56c90a41dd319b2
02_MASTER_EVIDENCE_BASE/03_INVESTIGATIONS/02_EXPANDED_ARCHIVES/DEMOCRACY_INFLUENCE_ALL_INVESTIGATIONS_2026-09-07/__NESTED_EXPANDED__/DEMOCRACY_INFLUENCE_ALL_INVESTIGATIONS_2026-09-07__01_RUNTIME_AND_CORPUS__SUBSTACK_BASELINE_2026-08-26_v0.4/SUBSTACK_BASELINE_2026-08-26_v0.4/posts/202848231.lecart-legalitelegitimite-la-signature.html,68070,fe0f3912cbafdf64ead6e318a3201a9062396f2c3d1f19893b28d5c89e2ff092
02_MASTER_EVIDENCE_BASE/03_INVESTIGATIONS/02_EXPANDED_ARCHIVES/DEMOCRACY_INFLUENCE_ALL_INVESTIGATIONS_2026-09-07/__NESTED_EXPANDED__/DEMOCRACY_INFLUENCE_ALL_INVESTIGATIONS_2026-09-07__01_RUNTIME_AND_CORPUS__SUBSTACK_BASELINE_2026-08-26_v0.4/SUBSTACK_BASELINE_2026-08-26_v0.4/posts/203962785.un-geyser-de-6-metres-a-clichy-autopsie.html,48871,d43714f0b3761eaef23daeace4df4f565f30841b7f7e5729e4f959c8afb12f15
02_MASTER_EVIDENCE_BASE/03_INVESTIGATIONS/02_EXPANDED_ARCHIVES/DEMOCRACY_INFLUENCE_ALL_INVESTIGATIONS_2026-09-07/__NESTED_EXPANDED__/DEMOCRACY_INFLUENCE_ALL_INVESTIGATIONS_2026-09-07__01_RUNTIME_AND_CORPUS__SUBSTACK_BASELINE_2026-08-26_v0.4/SUBSTACK_BASELINE_2026-08-26_v0.4/posts/204169916.le-debat-qui-nexistait-pas-6-mecanismes.html,35795,e8ae5b974765ab5dd418ec2a947ed04804528a71343095507edcd84303f52bd3
02_MASTER_EVIDENCE_BASE/03_INVESTIGATIONS/02_EXPANDED_ARCHIVES/DEMOCRACY_INFLUENCE_ALL_INVESTIGATIONS_2026-09-07/__NESTED_EXPANDED__/DEMOCRACY_INFLUENCE_ALL_INVESTIGATIONS_2026-09-07__01_RUNTIME_AND_CORPUS__SUBSTACK_BASELINE_2026-08-26_v0.4/SUBSTACK_BASELINE_2026-08-26_v0.4/posts/204390820.larchitecture-de-la-dependance.html,42934,103bad5dcd06770004d1c5089cd7f38a34197e462c60fb8db878c1c6faede78c
02_MASTER_EVIDENCE_BASE/03_INVESTIGATIONS/02_EXPANDED_ARCHIVES/DEMOCRACY_INFLUENCE_ALL_INVESTIGATIONS_2026-09-07/__NESTED_EXPANDED__/DEMOCRACY_INFLUENCE_ALL_INVESTIGATIONS_2026-09-07__01_RUNTIME_AND_CORPUS__SUBSTACK_BASELINE_2026-08-26_v0.4/SUBSTACK_BASELINE_2026-08-26_v0.4/posts/205911763.le-verrou-invisible-anatomie-du-ric.html,47043,3050a43d82627a14e3530436a4c36ba705b8b175047d0201ebfe39d859705375
02_MASTER_EVIDENCE_BASE/03_INVESTIGATIONS/02_EXPANDED_ARCHIVES/DEMOCRACY_INFLUENCE_ALL_INVESTIGATIONS_2026-09-07/__NESTED_EXPANDED__/DEMOCRACY_INFLUENCE_ALL_INVESTIGATIONS_2026-09-07__01_RUNTIME_AND_CORPUS__SUBSTACK_BASELINE_2026-08-26_v0.4/SUBSTACK_BASELINE_2026-08-26_v0.4/posts/206006558.police-francaise-anatomie-dun-systeme.html,59815,7bb2c36f767aa051bee3a9f0b1b30302828ba13d5e29a64aa43019558e0f95fd
02_MASTER_EVIDENCE_BASE/03_INVESTIGATIONS/02_EXPANDED_ARCHIVES/DEMOCRACY_INFLUENCE_ALL_INVESTIGATIONS_2026-09-07/__NESTED_EXPANDED__/DEMOCRACY_INFLUENCE_ALL_INVESTIGATIONS_2026-09-07__01_RUNTIME_AND_CORPUS__SUBSTACK_BASELINE_2026-08-26_v0.4/SUBSTACK_BASELINE_2026-08-26_v0.4/posts/206399715.le-peuple-nexiste-que-sur-convocation.html,39209,6b48fd6ef6eb0736dd102d5c1df0c4d96166aadcdd9aa3973543a9a9639aac84
02_MASTER_EVIDENCE_BASE/03_INVESTIGATIONS/02_EXPANDED_ARCHIVES/DEMOCRACY_INFLUENCE_ALL_INVESTIGATIONS_2026-09-07/__NESTED_EXPANDED__/DEMOCRACY_INFLUENCE_ALL_INVESTIGATIONS_2026-09-07__01_RUNTIME_AND_CORPUS__SUBSTACK_BASELINE_2026-08-26_v0.4/SUBSTACK_BASELINE_2026-08-26_v0.4/posts/208733314.la-fabrique-de-la-menace-comment.html,69989,66c6e050e5bd0559704f39b090b651949078c095db0cb05112caa27c9db76913
02_MASTER_EVIDENCE_BASE/03_INVESTIGATIONS/02_EXPANDED_ARCHIVES/DEMOCRACY_INFLUENCE_ALL_INVESTIGATIONS_2026-09-07/__NESTED_EXPANDED__/DEMOCRACY_INFLUENCE_ALL_INVESTIGATIONS_2026-09-07__01_RUNTIME_AND_CORPUS__SUBSTACK_BASELINE_2026-08-26_v0.4/SUBSTACK_BASELINE_2026-08-26_v0.4/posts/209222653.du-narratif-a-lingerence-le-seuil.html,68948,10175600f9b291bf42dc9eee6ae6245a21dd2b91a02e0bb80278b261b0fe4c59
02_MASTER_EVIDENCE_BASE/03_INVESTIGATIONS/02_EXPANDED_ARCHIVES/DEMOCRACY_INFLUENCE_ALL_INVESTIGATIONS_2026-09-07/__NESTED_EXPANDED__/DEMOCRACY_INFLUENCE_ALL_INVESTIGATIONS_2026-09-07__01_RUNTIME_AND_CORPUS__SUBSTACK_BASELINE_2026-08-26_v0.4/SUBSTACK_BASELINE_2026-08-26_v0.4/posts/209458739.machine.html,52909,9479baabfae953650556c240caec77a53c1acfb928e84bfd5ba05117daa20ec0
02_MASTER_EVIDENCE_BASE/03_INVESTIGATIONS/02_EXPANDED_ARCHIVES/DEMOCRACY_INFLUENCE_ALL_INVESTIGATIONS_2026-09-07/__NESTED_EXPANDED__/DEMOCRACY_INFLUENCE_ALL_INVESTIGATIONS_2026-09-07__01_RUNTIME_AND_CORPUS__SUBSTACK_BASELINE_2026-08-26_v0.4/SUBSTACK_BASELINE_2026-08-26_v0.4/posts/210182384.lingerence-sans-mesure.html,59087,f6af70037f145beca240cc3366f16f665422f4941749d5f08d9f25e674167afc
02_MASTER_EVIDENCE_BASE/03_INVESTIGATIONS/02_EXPANDED_ARCHIVES/DEMOCRACY_INFLUENCE_ALL_INVESTIGATIONS_2026-09-07/__NESTED_EXPANDED__/DEMOCRACY_INFLUENCE_ALL_INVESTIGATIONS_2026-09-07__01_RUNTIME_AND_CORPUS__SUBSTACK_BASELINE_2026-08-26_v0.4/SUBSTACK_BASELINE_2026-08-26_v0.4/posts/210245443.limpossible-rassemblement.html,60264,376492639a0da4f6fec026046a01d606b02cd5a24487e12fe8d2e7f8e53642c3
02_MASTER_EVIDENCE_BASE/03_INVESTIGATIONS/02_EXPANDED_ARCHIVES/DEMOCRACY_INFLUENCE_ALL_INVESTIGATIONS_2026-09-07/__NESTED_EXPANDED__/DEMOCRACY_INFLUENCE_ALL_INVESTIGATIONS_2026-09-07__01_RUNTIME_AND_CORPUS__SUBSTACK_BASELINE_2026-08-26_v0.4/SUBSTACK_BASELINE_2026-08-26_v0.4/posts/212051560.qui-fabrique-lautorite-du-vrai.html,145783,c82024043f5dd1872a55d4febffd681ae89a24b2086d6052e3fbdd84361e4b6b
02_MASTER_EVIDENCE_BASE/03_INVESTIGATIONS/02_EXPANDED_ARCHIVES/DEMOCRACY_INFLUENCE_ALL_INVESTIGATIONS_2026-09-07/__NESTED_EXPANDED__/DEMOCRACY_INFLUENCE_ALL_INVESTIGATIONS_2026-09-07__01_RUNTIME_AND_CORPUS__SUBSTACK_BASELINE_2026-08-26_v0.4/SUBSTACK_BASELINE_2026-08-26_v0.4/posts/212538645.qui-fact-checke-les-fact-checkers.html,178628,8725be5f2777fb38d868dffd29030f8ab45a18e3b1e2619b3a0b974afe2f3521
02_MASTER_EVIDENCE_BASE/03_INVESTIGATIONS/02_EXPANDED_ARCHIVES/DEMOCRACY_INFLUENCE_ALL_INVESTIGATIONS_2026-09-07/__NESTED_EXPANDED__/DEMOCRACY_INFLUENCE_ALL_INVESTIGATIONS_2026-09-07__01_RUNTIME_AND_CORPUS__SUBSTACK_BASELINE_2026-08-26_v0.4/SUBSTACK_BASELINE_2026-08-26_v0.4/posts.csv,57288,d26a8500753a452316230dca743b007e841e818bfc0549dfae66f2499e6a65f4
02_MASTER_EVIDENCE_BASE/03_INVESTIGATIONS/02_EXPANDED_ARCHIVES/DEMOCRACY_INFLUENCE_ALL_INVESTIGATIONS_2026-09-07/__NESTED_EXPANDED__/DEMOCRACY_INFLUENCE_ALL_INVESTIGATIONS_2026-09-07__01_RUNTIME_AND_CORPUS__TRUTH_ENGINE_2.10.6_R3P1_CANONICAL/truth-engine-v2_2.10.6-R3P1_CANONICAL/.gitignore,79,55d40310f620ea2b99b41ac7834b74d0627d99d79c2de97b1c62e6ffcc468d1a
02_MASTER_EVIDENCE_BASE/03_INVESTIGATIONS/02_EXPANDED_ARCHIVES/DEMOCRACY_INFLUENCE_ALL_INVESTIGATIONS_2026-09-07/__NESTED_EXPANDED__/DEMOCRACY_INFLUENCE_ALL_INVESTIGATIONS_2026-09-07__01_RUNTIME_AND_CORPUS__TRUTH_ENGINE_2.10.6_R3P1_CANONICAL/truth-engine-v2_2.10.6-R3P1_CANONICAL/.verify/config.example.json,728,fc4ee1aa9b3b41ed831bd8622ffd6b78f0ffa742789d17c33396f48e8f456f4a
02_MASTER_EVIDENCE_BASE/03_INVESTIGATIONS/02_EXPANDED_ARCHIVES/DEMOCRACY_INFLUENCE_ALL_INVESTIGATIONS_2026-09-07/__NESTED_EXPANDED__/DEMOCRACY_INFLUENCE_ALL_INVESTIGATIONS_2026-09-07__01_RUNTIME_AND_CORPUS__TRUTH_ENGINE_2.10.6_R3P1_CANONICAL/truth-engine-v2_2.10.6-R3P1_CANONICAL/.verify/config.json,2407,aa038bb5e9a6aa06d7cd2b6e3afa0c2dadedb3e6c4a694d5ba097fa163de10f6
02_MASTER_EVIDENCE_BASE/03_INVESTIGATIONS/02_EXPANDED_ARCHIVES/DEMOCRACY_INFLUENCE_ALL_INVESTIGATIONS_2026-09-07/__NESTED_EXPANDED__/DEMOCRACY_INFLUENCE_ALL_INVESTIGATIONS_2026-09-07__01_RUNTIME_AND_CORPUS__TRUTH_ENGINE_2.10.6_R3P1_CANONICAL/truth-engine-v2_2.10.6-R3P1_CANONICAL/ARCHITECTURE.md,39996,4a0ec19e1b1f2fc0033d47041c90b697308864fc3e7b997408251602893a5ad0
02_MASTER_EVIDENCE_BASE/03_INVESTIGATIONS/02_EXPANDED_ARCHIVES/DEMOCRACY_INFLUENCE_ALL_INVESTIGATIONS_2026-09-07/__NESTED_EXPANDED__/DEMOCRACY_INFLUENCE_ALL_INVESTIGATIONS_2026-09-07__01_RUNTIME_AND_CORPUS__TRUTH_ENGINE_2.10.6_R3P1_CANONICAL/truth-engine-v2_2.10.6-R3P1_CANONICAL/KERNEL.md,69458,0d78b5d2db873d6bb9984867c3a4b1095b46400db2145487a763680b43e88974
02_MASTER_EVIDENCE_BASE/03_INVESTIGATIONS/02_EXPANDED_ARCHIVES/DEMOCRACY_INFLUENCE_ALL_INVESTIGATIONS_2026-09-07/__NESTED_EXPANDED__/DEMOCRACY_INFLUENCE_ALL_INVESTIGATIONS_2026-09-07__01_RUNTIME_AND_CORPUS__TRUTH_ENGINE_2.10.6_R3P1_CANONICAL/truth-engine-v2_2.10.6-R3P1_CANONICAL/PACKAGE_R2A2P1.md,802,912ba6863d5d7ecce179ba13cc3bd9d3a66ead1c685d5dc856a65edbb5d6ae2d
02_MASTER_EVIDENCE_BASE/03_INVESTIGATIONS/02_EXPANDED_ARCHIVES/DEMOCRACY_INFLUENCE_ALL_INVESTIGATIONS_2026-09-07/__NESTED_EXPANDED__/DEMOCRACY_INFLUENCE_ALL_INVESTIGATIONS_2026-09-07__01_RUNTIME_AND_CORPUS__TRUTH_ENGINE_2.10.6_R3P1_CANONICAL/truth-engine-v2_2.10.6-R3P1_CANONICAL/PACKAGE_R3P0.md,2728,68e21ba60958c31930f60475e11a745c674b89b1552c9d7e051d85be9ec398d4
02_MASTER_EVIDENCE_BASE/03_INVESTIGATIONS/02_EXPANDED_ARCHIVES/DEMOCRACY_INFLUENCE_ALL_INVESTIGATIONS_2026-09-07/__NESTED_EXPANDED__/DEMOCRACY_INFLUENCE_ALL_INVESTIGATIONS_2026-09-07__01_RUNTIME_AND_CORPUS__TRUTH_ENGINE_2.10.6_R3P1_CANONICAL/truth-engine-v2_2.10.6-R3P1_CANONICAL/PACKAGE_R3P1.md,1820,4c60e53ed742a2210de2b036571bcefd9a55e6bce0fb6bec86b3348982d93f77
02_MASTER_EVIDENCE_BASE/03_INVESTIGATIONS/02_EXPANDED_ARCHIVES/DEMOCRACY_INFLUENCE_ALL_INVESTIGATIONS_2026-09-07/__NESTED_EXPANDED__/DEMOCRACY_INFLUENCE_ALL_INVESTIGATIONS_2026-09-07__01_RUNTIME_AND_CORPUS__TRUTH_ENGINE_2.10.6_R3P1_CANONICAL/truth-engine-v2_2.10.6-R3P1_CANONICAL/PATCH_R2A2_MNEMO_DEGRADED.md,2101,b0fbf5370123f3832a42d7177a1e5c66b8b0b3aebaa94e8f633b01d6591b26c9
02_MASTER_EVIDENCE_BASE/03_INVESTIGATIONS/02_EXPANDED_ARCHIVES/DEMOCRACY_INFLUENCE_ALL_INVESTIGATIONS_2026-09-07/__NESTED_EXPANDED__/DEMOCRACY_INFLUENCE_ALL_INVESTIGATIONS_2026-09-07__01_RUNTIME_AND_CORPUS__TRUTH_ENGINE_2.10.6_R3P1_CANONICAL/truth-engine-v2_2.10.6-R3P1_CANONICAL/PATH_AUDIT.csv,5913,156aacdc65fa4f5fb3180e465ac548ce47241350e2db1fda19e96e1158205efc
02_MASTER_EVIDENCE_BASE/03_INVESTIGATIONS/02_EXPANDED_ARCHIVES/DEMOCRACY_INFLUENCE_ALL_INVESTIGATIONS_2026-09-07/__NESTED_EXPANDED__/DEMOCRACY_INFLUENCE_ALL_INVESTIGATIONS_2026-09-07__01_RUNTIME_AND_CORPUS__TRUTH_ENGINE_2.10.6_R3P1_CANONICAL/truth-engine-v2_2.10.6-R3P1_CANONICAL/PATH_AUDIT.md,728,00086cfab707ba07c052bdbdb13122f62417c24cccae3156e99c9be13ab983dc
02_MASTER_EVIDENCE_BASE/03_INVESTIGATIONS/02_EXPANDED_ARCHIVES/DEMOCRACY_INFLUENCE_ALL_INVESTIGATIONS_2026-09-07/__NESTED_EXPANDED__/DEMOCRACY_INFLUENCE_ALL_INVESTIGATIONS_2026-09-07__01_RUNTIME_AND_CORPUS__TRUTH_ENGINE_2.10.6_R3P1_CANONICAL/truth-engine-v2_2.10.6-R3P1_CANONICAL/clusters/BIO.md,1868,73cbb1d3998e52a1eedb79ab29a0825aac87981b26fb7f4632e7823dbaaaf951
02_MASTER_EVIDENCE_BASE/03_INVESTIGATIONS/02_EXPANDED_ARCHIVES/DEMOCRACY_INFLUENCE_ALL_INVESTIGATIONS_2026-09-07/__NESTED_EXPANDED__/DEMOCRACY_INFLUENCE_ALL_INVESTIGATIONS_2026-09-07__01_RUNTIME_AND_CORPUS__TRUTH_ENGINE_2.10.6_R3P1_CANONICAL/truth-engine-v2_2.10.6-R3P1_CANONICAL/clusters/CONFIRMATION.md,1606,5dea3f0d1d4994a1e45f5409beab451da6cbd69d9d53fee0ee65769e856251aa
02_MASTER_EVIDENCE_BASE/03_INVESTIGATIONS/02_EXPANDED_ARCHIVES/DEMOCRACY_INFLUENCE_ALL_INVESTIGATIONS_2026-09-07/__NESTED_EXPANDED__/DEMOCRACY_INFLUENCE_ALL_INVESTIGATIONS_2026-09-07__01_RUNTIME_AND_CORPUS__TRUTH_ENGINE_2.10.6_R3P1_CANONICAL/truth-engine-v2_2.10.6-R3P1_CANONICAL/clusters/FRAGMENTATION.md,1587,92128543a24b348bfe21a2c98f66ebbb446f67b3a7c6135ee37bf789bc3b62ae
02_MASTER_EVIDENCE_BASE/03_INVESTIGATIONS/02_EXPANDED_ARCHIVES/DEMOCRACY_INFLUENCE_ALL_INVESTIGATIONS_2026-09-07/__NESTED_EXPANDED__/DEMOCRACY_INFLUENCE_ALL_INVESTIGATIONS_2026-09-07__01_RUNTIME_AND_CORPUS__TRUTH_ENGINE_2.10.6_R3P1_CANONICAL/truth-engine-v2_2.10.6-R3P1_CANONICAL/clusters/FRAMING.md,1479,2171e88d7538d7a5b7c3be4ace16f2d8d58ce023ffb2da1f407329acb6a81740
02_MASTER_EVIDENCE_BASE/03_INVESTIGATIONS/02_EXPANDED_ARCHIVES/DEMOCRACY_INFLUENCE_ALL_INVESTIGATIONS_2026-09-07/__NESTED_EXPANDED__/DEMOCRACY_INFLUENCE_ALL_INVESTIGATIONS_2026-09-07__01_RUNTIME_AND_CORPUS__TRUTH_ENGINE_2.10.6_R3P1_CANONICAL/truth-engine-v2_2.10.6-R3P1_CANONICAL/clusters/GASLIGHTING.md,1446,92ca318eb8655a7a89c63e8605284885c9d15f318af8728af4022f6ecf0693d1
02_MASTER_EVIDENCE_BASE/03_INVESTIGATIONS/02_EXPANDED_ARCHIVES/DEMOCRACY_INFLUENCE_ALL_INVESTIGATIONS_2026-09-07/__NESTED_EXPANDED__/DEMOCRACY_INFLUENCE_ALL_INVESTIGATIONS_2026-09-07__01_RUNTIME_AND_CORPUS__TRUTH_ENGINE_2.10.6_R3P1_CANONICAL/truth-engine-v2_2.10.6-R3P1_CANONICAL/clusters/ICEBERG.md,1500,62fd494f86f1ed7fa0802281ae322d016e79a90f7f18c2760dfb52d1e7661d6f
02_MASTER_EVIDENCE_BASE/03_INVESTIGATIONS/02_EXPANDED_ARCHIVES/DEMOCRACY_INFLUENCE_ALL_INVESTIGATIONS_2026-09-07/__NESTED_EXPANDED__/DEMOCRACY_INFLUENCE_ALL_INVESTIGATIONS_2026-09-07__01_RUNTIME_AND_CORPUS__TRUTH_ENGINE_2.10.6_R3P1_CANONICAL/truth-engine-v2_2.10.6-R3P1_CANONICAL/clusters/INVERSION.md,1474,03889f6f2bff71de10995f558d309ce30086a43863782e1c8dfdc0d6810f1623
02_MASTER_EVIDENCE_BASE/03_INVESTIGATIONS/02_EXPANDED_ARCHIVES/DEMOCRACY_INFLUENCE_ALL_INVESTIGATIONS_2026-09-07/__NESTED_EXPANDED__/DEMOCRACY_INFLUENCE_ALL_INVESTIGATIONS_2026-09-07__01_RUNTIME_AND_CORPUS__TRUTH_ENGINE_2.10.6_R3P1_CANONICAL/truth-engine-v2_2.10.6-R3P1_CANONICAL/clusters/MONEY.md,1582,0d3c1dfb7d0e102a4e80d3e399d47e4f78edf98d91467846625bd103f55ec013
02_MASTER_EVIDENCE_BASE/03_INVESTIGATIONS/02_EXPANDED_ARCHIVES/DEMOCRACY_INFLUENCE_ALL_INVESTIGATIONS_2026-09-07/__NESTED_EXPANDED__/DEMOCRACY_INFLUENCE_ALL_INVESTIGATIONS_2026-09-07__01_RUNTIME_AND_CORPUS__TRUTH_ENGINE_2.10.6_R3P1_CANONICAL/truth-engine-v2_2.10.6-R3P1_CANONICAL/clusters/NETWORK.md,1503,65c595bfcf13d32c6d092c842ed07e94a0b050ce5762a234db7f8bf651161632
02_MASTER_EVIDENCE_BASE/03_INVESTIGATIONS/02_EXPANDED_ARCHIVES/DEMOCRACY_INFLUENCE_ALL_INVESTIGATIONS_2026-09-07/__NESTED_EXPANDED__/DEMOCRACY_INFLUENCE_ALL_INVESTIGATIONS_2026-09-07__01_RUNTIME_AND_CORPUS__TRUTH_ENGINE_2.10.6_R3P1_CANONICAL/truth-engine-v2_2.10.6-R3P1_CANONICAL/clusters/OVERLOAD.md,1534,ba85ecbf6073f950d20858fbc99a6b234bc13f87fb6d8ca4f7067c0f035c77d7
02_MASTER_EVIDENCE_BASE/03_INVESTIGATIONS/02_EXPANDED_ARCHIVES/DEMOCRACY_INFLUENCE_ALL_INVESTIGATIONS_2026-09-07/__NESTED_EXPANDED__/DEMOCRACY_INFLUENCE_ALL_INVESTIGATIONS_2026-09-07__01_RUNTIME_AND_CORPUS__TRUTH_ENGINE_2.10.6_R3P1_CANONICAL/truth-engine-v2_2.10.6-R3P1_CANONICAL/clusters/POWER.md,1500,a135aedde16635bc5243d497ed9312515dd5c55f66b36631c8e1577ab1a507ee
02_MASTER_EVIDENCE_BASE/03_INVESTIGATIONS/02_EXPANDED_ARCHIVES/DEMOCRACY_INFLUENCE_ALL_INVESTIGATIONS_2026-09-07/__NESTED_EXPANDED__/DEMOCRACY_INFLUENCE_ALL_INVESTIGATIONS_2026-09-07__01_RUNTIME_AND_CORPUS__TRUTH_ENGINE_2.10.6_R3P1_CANONICAL/truth-engine-v2_2.10.6-R3P1_CANONICAL/clusters/RESISTANCE.md,1463,2de3b9f2ae175372205f4b9267fad30e993f78db225c5cb0411a9f962aec1efa
02_MASTER_EVIDENCE_BASE/03_INVESTIGATIONS/02_EXPANDED_ARCHIVES/DEMOCRACY_INFLUENCE_ALL_INVESTIGATIONS_2026-09-07/__NESTED_EXPANDED__/DEMOCRACY_INFLUENCE_ALL_INVESTIGATIONS_2026-09-07__01_RUNTIME_AND_CORPUS__TRUTH_ENGINE_2.10.6_R3P1_CANONICAL/truth-engine-v2_2.10.6-R3P1_CANONICAL/clusters/SPECTACLE.md,1464,e72de7e54916bdc234b72415e43f2ea0891ec7e97b027e2a7a8539aa90753ebd
02_MASTER_EVIDENCE_BASE/03_INVESTIGATIONS/02_EXPANDED_ARCHIVES/DEMOCRACY_INFLUENCE_ALL_INVESTIGATIONS_2026-09-07/__NESTED_EXPANDED__/DEMOCRACY_INFLUENCE_ALL_INVESTIGATIONS_2026-09-07__01_RUNTIME_AND_CORPUS__TRUTH_ENGINE_2.10.6_R3P1_CANONICAL/truth-engine-v2_2.10.6-R3P1_CANONICAL/clusters/TEMPORAL.md,1501,8afbd521a57bd79bc56bfc9f3256197ea11aa5d3c63f371bda0809436b1dc082
02_MASTER_EVIDENCE_BASE/03_INVESTIGATIONS/02_EXPANDED_ARCHIVES/DEMOCRACY_INFLUENCE_ALL_INVESTIGATIONS_2026-09-07/__NESTED_EXPANDED__/DEMOCRACY_INFLUENCE_ALL_INVESTIGATIONS_2026-09-07__01_RUNTIME_AND_CORPUS__TRUTH_ENGINE_2.10.6_R3P1_CANONICAL/truth-engine-v2_2.10.6-R3P1_CANONICAL/clusters/WAR.md,1641,de5a38b51ced8778e121b7ea3b79da72f0cc939f4bd17ddacf0dd974d68b1145
02_MASTER_EVIDENCE_BASE/03_INVESTIGATIONS/02_EXPANDED_ARCHIVES/DEMOCRACY_INFLUENCE_ALL_INVESTIGATIONS_2026-09-07/__NESTED_EXPANDED__/DEMOCRACY_INFLUENCE_ALL_INVESTIGATIONS_2026-09-07__01_RUNTIME_AND_CORPUS__TRUTH_ENGINE_2.10.6_R3P1_CANONICAL/truth-engine-v2_2.10.6-R3P1_CANONICAL/clusters/_INDEX.md,1186,d1007c8f3d778cc2e4334288c8378af728b05c713e5e21588b2c97cf0ea08ca6
02_MASTER_EVIDENCE_BASE/03_INVESTIGATIONS/02_EXPANDED_ARCHIVES/DEMOCRACY_INFLUENCE_ALL_INVESTIGATIONS_2026-09-07/__NESTED_EXPANDED__/DEMOCRACY_INFLUENCE_ALL_INVESTIGATIONS_2026-09-07__01_RUNTIME_AND_CORPUS__TRUTH_ENGINE_2.10.6_R3P1_CANONICAL/truth-engine-v2_2.10.6-R3P1_CANONICAL/clusters/_TEMPLATE.md,945,5b989a544ef3029e554f7bb3572685979300faa3bce7689af2f9a3975b335f50
02_MASTER_EVIDENCE_BASE/03_INVESTIGATIONS/02_EXPANDED_ARCHIVES/DEMOCRACY_INFLUENCE_ALL_INVESTIGATIONS_2026-09-07/__NESTED_EXPANDED__/DEMOCRACY_INFLUENCE_ALL_INVESTIGATIONS_2026-09-07__01_RUNTIME_AND_CORPUS__TRUTH_ENGINE_2.10.6_R3P1_CANONICAL/truth-engine-v2_2.10.6-R3P1_CANONICAL/definitions/PATTERNS.md,6400,d30e591fa4df876492cee0c73c1ce9cbb604f29e1d56bac7c7c5538459497696
02_MASTER_EVIDENCE_BASE/03_INVESTIGATIONS/02_EXPANDED_ARCHIVES/DEMOCRACY_INFLUENCE_ALL_INVESTIGATIONS_2026-09-07/__NESTED_EXPANDED__/DEMOCRACY_INFLUENCE_ALL_INVESTIGATIONS_2026-09-07__01_RUNTIME_AND_CORPUS__TRUTH_ENGINE_2.10.6_R3P1_CANONICAL/truth-engine-v2_2.10.6-R3P1_CANONICAL/definitions/SYMBOLS.md,7458,fc02712ed0d550c8659f2c41493222ec2604bd84a78d18180149c4ca60a1b553
02_MASTER_EVIDENCE_BASE/03_INVESTIGATIONS/02_EXPANDED_ARCHIVES/DEMOCRACY_INFLUENCE_ALL_INVESTIGATIONS_2026-09-07/__NESTED_EXPANDED__/DEMOCRACY_INFLUENCE_ALL_INVESTIGATIONS_2026-09-07__01_RUNTIME_AND_CORPUS__TRUTH_ENGINE_2.10.6_R3P1_CANONICAL/truth-engine-v2_2.10.6-R3P1_CANONICAL/definitions/THREATS.md,5534,51f860ebc743dc6a8a4ad958d9a1d4aa57d2dfc39bd7a894ba9bc9f7b5d73124
02_MASTER_EVIDENCE_BASE/03_INVESTIGATIONS/02_EXPANDED_ARCHIVES/DEMOCRACY_INFLUENCE_ALL_INVESTIGATIONS_2026-09-07/__NESTED_EXPANDED__/DEMOCRACY_INFLUENCE_ALL_INVESTIGATIONS_2026-09-07__01_RUNTIME_AND_CORPUS__TRUTH_ENGINE_2.10.6_R3P1_CANONICAL/truth-engine-v2_2.10.6-R3P1_CANONICAL/forensic/GATES.md,12808,f97b090c26f79b93eeecb291e37f8887d935df5ffaa36d8d6da502fa75f6da6d
02_MASTER_EVIDENCE_BASE/03_INVESTIGATIONS/02_EXPANDED_ARCHIVES/DEMOCRACY_INFLUENCE_ALL_INVESTIGATIONS_2026-09-07/__NESTED_EXPANDED__/DEMOCRACY_INFLUENCE_ALL_INVESTIGATIONS_2026-09-07__01_RUNTIME_AND_CORPUS__TRUTH_ENGINE_2.10.6_R3P1_CANONICAL/truth-engine-v2_2.10.6-R3P1_CANONICAL/forensic/REASONING.md,1874,cb6e83dc74b9a6a311fdd8b73d78e87146c7791ab92179ebf455c2f0f2c89bde
02_MASTER_EVIDENCE_BASE/03_INVESTIGATIONS/02_EXPANDED_ARCHIVES/DEMOCRACY_INFLUENCE_ALL_INVESTIGATIONS_2026-09-07/__NESTED_EXPANDED__/DEMOCRACY_INFLUENCE_ALL_INVESTIGATIONS_2026-09-07__01_RUNTIME_AND_CORPUS__TRUTH_ENGINE_2.10.6_R3P1_CANONICAL/truth-engine-v2_2.10.6-R3P1_CANONICAL/forensic/REQUEST_LOG.md,5102,bae510e5fc18acd635a4c9b8cbef65d2015e14c0122fcc265728216fa94dbdd4
02_MASTER_EVIDENCE_BASE/03_INVESTIGATIONS/02_EXPANDED_ARCHIVES/DEMOCRACY_INFLUENCE_ALL_INVESTIGATIONS_2026-09-07/__NESTED_EXPANDED__/DEMOCRACY_INFLUENCE_ALL_INVESTIGATIONS_2026-09-07__01_RUNTIME_AND_CORPUS__TRUTH_ENGINE_2.10.6_R3P1_CANONICAL/truth-engine-v2_2.10.6-R3P1_CANONICAL/output/TEMPLATE.md,5857,eb504ed558d7638b8f599fc6990c6d74783ca81ae1d8016a15d70b8273c31f05
02_MASTER_EVIDENCE_BASE/03_INVESTIGATIONS/02_EXPANDED_ARCHIVES/DEMOCRACY_INFLUENCE_ALL_INVESTIGATIONS_2026-09-07/__NESTED_EXPANDED__/DEMOCRACY_INFLUENCE_ALL_INVESTIGATIONS_2026-09-07__01_RUNTIME_AND_CORPUS__TRUTH_ENGINE_2.10.6_R3P1_CANONICAL/truth-engine-v2_2.10.6-R3P1_CANONICAL/protocol/FACT_VERIFICATION.md,29011,93cb1354c1771e1cc7f9e28600c8053ffedd1c916cc83978b948724b5f5a0219
02_MASTER_EVIDENCE_BASE/03_INVESTIGATIONS/02_EXPANDED_ARCHIVES/DEMOCRACY_INFLUENCE_ALL_INVESTIGATIONS_2026-09-07/__NESTED_EXPANDED__/DEMOCRACY_INFLUENCE_ALL_INVESTIGATIONS_2026-09-07__01_RUNTIME_AND_CORPUS__TRUTH_ENGINE_2.10.6_R3P1_CANONICAL/truth-engine-v2_2.10.6-R3P1_CANONICAL/protocol/INVESTIGATION.md,19705,2418fb593a78048830f2900e04828ce3d7e26aef996bcdddd2199f61a026c208
02_MASTER_EVIDENCE_BASE/03_INVESTIGATIONS/02_EXPANDED_ARCHIVES/DEMOCRACY_INFLUENCE_ALL_INVESTIGATIONS_2026-09-07/__NESTED_EXPANDED__/DEMOCRACY_INFLUENCE_ALL_INVESTIGATIONS_2026-09-07__01_RUNTIME_AND_CORPUS__TRUTH_ENGINE_2.10.6_R3P1_CANONICAL/truth-engine-v2_2.10.6-R3P1_CANONICAL/protocol/PERSO_FRESQUE.md,2807,2fe3404f9758b46de27f1d6700c290a9080ee7c5b0410e9e81b27fbf9b6a5b9f
02_MASTER_EVIDENCE_BASE/03_INVESTIGATIONS/02_EXPANDED_ARCHIVES/DEMOCRACY_INFLUENCE_ALL_INVESTIGATIONS_2026-09-07/__NESTED_EXPANDED__/DEMOCRACY_INFLUENCE_ALL_INVESTIGATIONS_2026-09-07__01_RUNTIME_AND_CORPUS__TRUTH_ENGINE_2.10.6_R3P1_CANONICAL/truth-engine-v2_2.10.6-R3P1_CANONICAL/protocol/UPDATE.md,3987,b36af2c16ec0eba93f66546b05f2f76c4440f3c6cedf74bd716d71c90015c936
02_MASTER_EVIDENCE_BASE/03_INVESTIGATIONS/02_EXPANDED_ARCHIVES/DEMOCRACY_INFLUENCE_ALL_INVESTIGATIONS_2026-09-07/__NESTED_EXPANDED__/DEMOCRACY_INFLUENCE_ALL_INVESTIGATIONS_2026-09-07__01_RUNTIME_AND_CORPUS__TRUTH_ENGINE_2.10.6_R3P1_CANONICAL/truth-engine-v2_2.10.6-R3P1_CANONICAL/search/EPISTEMIC.md,6991,482558f2ea834418625647b92659ef1773ffc71bc09bdce2f5f3bab91791ae00
02_MASTER_EVIDENCE_BASE/03_INVESTIGATIONS/02_EXPANDED_ARCHIVES/DEMOCRACY_INFLUENCE_ALL_INVESTIGATIONS_2026-09-07/__NESTED_EXPANDED__/DEMOCRACY_INFLUENCE_ALL_INVESTIGATIONS_2026-09-07__01_RUNTIME_AND_CORPUS__TRUTH_ENGINE_2.10.6_R3P1_CANONICAL/truth-engine-v2_2.10.6-R3P1_CANONICAL/search/OPTIMIZATION.md,2271,56417643b0f5b49e43d4d2b3e8777801bc78580cbe7abad236eb19d8e351e49c
02_MASTER_EVIDENCE_BASE/03_INVESTIGATIONS/02_EXPANDED_ARCHIVES/DEMOCRACY_INFLUENCE_ALL_INVESTIGATIONS_2026-09-07/__NESTED_EXPANDED__/DEMOCRACY_INFLUENCE_ALL_INVESTIGATIONS_2026-09-07__01_RUNTIME_AND_CORPUS__TRUTH_ENGINE_2.10.6_R3P1_CANONICAL/truth-engine-v2_2.10.6-R3P1_CANONICAL/search/TEMPLATES.md,6097,be5a178bf2772fd9202c100b44e4d6657a64b5fa90e34ceed90682e16f328172
02_MASTER_EVIDENCE_BASE/03_INVESTIGATIONS/02_EXPANDED_ARCHIVES/DEMOCRACY_INFLUENCE_ALL_INVESTIGATIONS_2026-09-07/__NESTED_EXPANDED__/DEMOCRACY_INFLUENCE_ALL_INVESTIGATIONS_2026-09-07__01_RUNTIME_AND_CORPUS__TRUTH_ENGINE_2.10.6_R3P1_CANONICAL/truth-engine-v2_2.10.6-R3P1_CANONICAL/tests/README.md,1242,434a0151079b7fe0375dbb2785c357b10fc53420c43f2dbb55f341a2eebe25bb
02_MASTER_EVIDENCE_BASE/03_INVESTIGATIONS/02_EXPANDED_ARCHIVES/DEMOCRACY_INFLUENCE_ALL_INVESTIGATIONS_2026-09-07/__NESTED_EXPANDED__/DEMOCRACY_INFLUENCE_ALL_INVESTIGATIONS_2026-09-07__01_RUNTIME_AND_CORPUS__TRUTH_ENGINE_2.10.6_R3P1_CANONICAL/truth-engine-v2_2.10.6-R3P1_CANONICAL/tests/extractors/__init__.py,0,e3b0c44298fc1c149afbf4c8996fb92427ae41e4649b934ca495991b7852b855
02_MASTER_EVIDENCE_BASE/03_INVESTIGATIONS/02_EXPANDED_ARCHIVES/DEMOCRACY_INFLUENCE_ALL_INVESTIGATIONS_2026-09-07/__NESTED_EXPANDED__/DEMOCRACY_INFLUENCE_ALL_INVESTIGATIONS_2026-09-07__01_RUNTIME_AND_CORPUS__TRUTH_ENGINE_2.10.6_R3P1_CANONICAL/truth-engine-v2_2.10.6-R3P1_CANONICAL/tests/extractors/test_gates.py,6585,039c70da1cdebe91c267c24ae00f101534ec54983a3cae2cf48be609e3ffdf8c
02_MASTER_EVIDENCE_BASE/03_INVESTIGATIONS/02_EXPANDED_ARCHIVES/DEMOCRACY_INFLUENCE_ALL_INVESTIGATIONS_2026-09-07/__NESTED_EXPANDED__/DEMOCRACY_INFLUENCE_ALL_INVESTIGATIONS_2026-09-07__01_RUNTIME_AND_CORPUS__TRUTH_ENGINE_2.10.6_R3P1_CANONICAL/truth-engine-v2_2.10.6-R3P1_CANONICAL/tests/extractors/test_gates_hardening.py,9500,0c99c5eda1c2d197e833ebd0a4316479770115666c9d36a7390312863a5816fb
02_MASTER_EVIDENCE_BASE/03_INVESTIGATIONS/02_EXPANDED_ARCHIVES/DEMOCRACY_INFLUENCE_ALL_INVESTIGATIONS_2026-09-07/__NESTED_EXPANDED__/DEMOCRACY_INFLUENCE_ALL_INVESTIGATIONS_2026-09-07__01_RUNTIME_AND_CORPUS__TRUTH_ENGINE_2.10.6_R3P1_CANONICAL/truth-engine-v2_2.10.6-R3P1_CANONICAL/tests/extractors/test_gates_json.py,7800,bc38252541d36ef0e260c689f3326e831965fe7dec9bd5184e331d9c273d6cc6
02_MASTER_EVIDENCE_BASE/03_INVESTIGATIONS/02_EXPANDED_ARCHIVES/DEMOCRACY_INFLUENCE_ALL_INVESTIGATIONS_2026-09-07/__NESTED_EXPANDED__/DEMOCRACY_INFLUENCE_ALL_INVESTIGATIONS_2026-09-07__01_RUNTIME_AND_CORPUS__TRUTH_ENGINE_2.10.6_R3P1_CANONICAL/truth-engine-v2_2.10.6-R3P1_CANONICAL/tests/extractors/test_head_check_hardening.py,8758,9bd6832bcbb31711c4e0331b1db1fc91b27c7b26682a5ee0dab7d03050f0fbda
02_MASTER_EVIDENCE_BASE/03_INVESTIGATIONS/02_EXPANDED_ARCHIVES/DEMOCRACY_INFLUENCE_ALL_INVESTIGATIONS_2026-09-07/__NESTED_EXPANDED__/DEMOCRACY_INFLUENCE_ALL_INVESTIGATIONS_2026-09-07__01_RUNTIME_AND_CORPUS__TRUTH_ENGINE_2.10.6_R3P1_CANONICAL/truth-engine-v2_2.10.6-R3P1_CANONICAL/tests/runtime/test_forensic_output_contract.py,2376,3f645e4d4a933a772f4e908a5e8423a3a9d273c151cebccf20134eee4eb93d8f
02_MASTER_EVIDENCE_BASE/03_INVESTIGATIONS/02_EXPANDED_ARCHIVES/DEMOCRACY_INFLUENCE_ALL_INVESTIGATIONS_2026-09-07/__NESTED_EXPANDED__/DEMOCRACY_INFLUENCE_ALL_INVESTIGATIONS_2026-09-07__01_RUNTIME_AND_CORPUS__TRUTH_ENGINE_2.10.6_R3P1_CANONICAL/truth-engine-v2_2.10.6-R3P1_CANONICAL/tests/runtime/test_mnemo_unavailable_delivery.py,4607,7737d2f40dc84b1a397622306c3646a1094424b43521e41b45076dc2850935f9
02_MASTER_EVIDENCE_BASE/03_INVESTIGATIONS/02_EXPANDED_ARCHIVES/DEMOCRACY_INFLUENCE_ALL_INVESTIGATIONS_2026-09-07/__NESTED_EXPANDED__/DEMOCRACY_INFLUENCE_ALL_INVESTIGATIONS_2026-09-07__01_RUNTIME_AND_CORPUS__TRUTH_ENGINE_2.10.6_R3P1_CANONICAL/truth-engine-v2_2.10.6-R3P1_CANONICAL/tests/test_verify_forensic_output.py,1892,cf374634dc2fc697406f9ff4f96018e8a708c29e98371b4092d50e6a733f510f
02_MASTER_EVIDENCE_BASE/03_INVESTIGATIONS/02_EXPANDED_ARCHIVES/DEMOCRACY_INFLUENCE_ALL_INVESTIGATIONS_2026-09-07/__NESTED_EXPANDED__/DEMOCRACY_INFLUENCE_ALL_INVESTIGATIONS_2026-09-07__01_RUNTIME_AND_CORPUS__TRUTH_ENGINE_2.10.6_R3P1_CANONICAL/truth-engine-v2_2.10.6-R3P1_CANONICAL/tests/test_verify_gate.py,6095,6eaece9b9f3a5dc317f45d3da99bf462fe440f7c26def5f5a6ce5338e27c57ab
02_MASTER_EVIDENCE_BASE/03_INVESTIGATIONS/02_EXPANDED_ARCHIVES/DEMOCRACY_INFLUENCE_ALL_INVESTIGATIONS_2026-09-07/__NESTED_EXPANDED__/DEMOCRACY_INFLUENCE_ALL_INVESTIGATIONS_2026-09-07__01_RUNTIME_AND_CORPUS__TRUTH_ENGINE_2.10.6_R3P1_CANONICAL/truth-engine-v2_2.10.6-R3P1_CANONICAL/tools/DSL.md,2868,17a31bf06dac4b59a6aa09a080554d83684f87a4df365f30681c3226161ecb9c
02_MASTER_EVIDENCE_BASE/03_INVESTIGATIONS/02_EXPANDED_ARCHIVES/DEMOCRACY_INFLUENCE_ALL_INVESTIGATIONS_2026-09-07/__NESTED_EXPANDED__/DEMOCRACY_INFLUENCE_ALL_INVESTIGATIONS_2026-09-07__01_RUNTIME_AND_CORPUS__TRUTH_ENGINE_2.10.6_R3P1_CANONICAL/truth-engine-v2_2.10.6-R3P1_CANONICAL/tools/MACROS.md,3301,50cd3a4579fb2c82248a17129ebbde8e91f0dd6fbac10fbc34a344603f33ba7f
02_MASTER_EVIDENCE_BASE/03_INVESTIGATIONS/02_EXPANDED_ARCHIVES/DEMOCRACY_INFLUENCE_ALL_INVESTIGATIONS_2026-09-07/__NESTED_EXPANDED__/DEMOCRACY_INFLUENCE_ALL_INVESTIGATIONS_2026-09-07__01_RUNTIME_AND_CORPUS__TRUTH_ENGINE_2.10.6_R3P1_CANONICAL/truth-engine-v2_2.10.6-R3P1_CANONICAL/tools/__init__.py,0,e3b0c44298fc1c149afbf4c8996fb92427ae41e4649b934ca495991b7852b855
02_MASTER_EVIDENCE_BASE/03_INVESTIGATIONS/02_EXPANDED_ARCHIVES/DEMOCRACY_INFLUENCE_ALL_INVESTIGATIONS_2026-09-07/__NESTED_EXPANDED__/DEMOCRACY_INFLUENCE_ALL_INVESTIGATIONS_2026-09-07__01_RUNTIME_AND_CORPUS__TRUTH_ENGINE_2.10.6_R3P1_CANONICAL/truth-engine-v2_2.10.6-R3P1_CANONICAL/tools/engines/__init__.py,0,e3b0c44298fc1c149afbf4c8996fb92427ae41e4649b934ca495991b7852b855
02_MASTER_EVIDENCE_BASE/03_INVESTIGATIONS/02_EXPANDED_ARCHIVES/DEMOCRACY_INFLUENCE_ALL_INVESTIGATIONS_2026-09-07/__NESTED_EXPANDED__/DEMOCRACY_INFLUENCE_ALL_INVESTIGATIONS_2026-09-07__01_RUNTIME_AND_CORPUS__TRUTH_ENGINE_2.10.6_R3P1_CANONICAL/truth-engine-v2_2.10.6-R3P1_CANONICAL/tools/engines/sublimator/__init__.py,0,e3b0c44298fc1c149afbf4c8996fb92427ae41e4649b934ca495991b7852b855
02_MASTER_EVIDENCE_BASE/03_INVESTIGATIONS/02_EXPANDED_ARCHIVES/DEMOCRACY_INFLUENCE_ALL_INVESTIGATIONS_2026-09-07/__NESTED_EXPANDED__/DEMOCRACY_INFLUENCE_ALL_INVESTIGATIONS_2026-09-07__01_RUNTIME_AND_CORPUS__TRUTH_ENGINE_2.10.6_R3P1_CANONICAL/truth-engine-v2_2.10.6-R3P1_CANONICAL/tools/engines/sublimator/extractors/__init__.py,0,e3b0c44298fc1c149afbf4c8996fb92427ae41e4649b934ca495991b7852b855
02_MASTER_EVIDENCE_BASE/03_INVESTIGATIONS/02_EXPANDED_ARCHIVES/DEMOCRACY_INFLUENCE_ALL_INVESTIGATIONS_2026-09-07/__NESTED_EXPANDED__/DEMOCRACY_INFLUENCE_ALL_INVESTIGATIONS_2026-09-07__01_RUNTIME_AND_CORPUS__TRUTH_ENGINE_2.10.6_R3P1_CANONICAL/truth-engine-v2_2.10.6-R3P1_CANONICAL/tools/engines/sublimator/extractors/gates.py,5469,a55c74b8e5aebc5a1073e737bf95bff21fc0531f3db58eb4636089e19ee84fa8
02_MASTER_EVIDENCE_BASE/03_INVESTIGATIONS/02_EXPANDED_ARCHIVES/DEMOCRACY_INFLUENCE_ALL_INVESTIGATIONS_2026-09-07/__NESTED_EXPANDED__/DEMOCRACY_INFLUENCE_ALL_INVESTIGATIONS_2026-09-07__01_RUNTIME_AND_CORPUS__TRUTH_ENGINE_2.10.6_R3P1_CANONICAL/truth-engine-v2_2.10.6-R3P1_CANONICAL/tools/engines/sublimator/extractors/head_check.py,4892,57fc1b90093964d2689b83ba1fa393ad40f794d83a3ed06d322c7dd67dd8d38e
02_MASTER_EVIDENCE_BASE/03_INVESTIGATIONS/02_EXPANDED_ARCHIVES/DEMOCRACY_INFLUENCE_ALL_INVESTIGATIONS_2026-09-07/__NESTED_EXPANDED__/DEMOCRACY_INFLUENCE_ALL_INVESTIGATIONS_2026-09-07__01_RUNTIME_AND_CORPUS__TRUTH_ENGINE_2.10.6_R3P1_CANONICAL/truth-engine-v2_2.10.6-R3P1_CANONICAL/tools/runtime/README.md,7620,965c81acb3d3209809e2a42b2d9ec42415b28c980b9ac9c2e963ae4ea8ac3f5a
02_MASTER_EVIDENCE_BASE/03_INVESTIGATIONS/02_EXPANDED_ARCHIVES/DEMOCRACY_INFLUENCE_ALL_INVESTIGATIONS_2026-09-07/__NESTED_EXPANDED__/DEMOCRACY_INFLUENCE_ALL_INVESTIGATIONS_2026-09-07__01_RUNTIME_AND_CORPUS__TRUTH_ENGINE_2.10.6_R3P1_CANONICAL/truth-engine-v2_2.10.6-R3P1_CANONICAL/tools/runtime/run_state.py,107428,81effd7bfef4ddcdacba1f9a4139cd856fae0eb7853518846f2381a49869d77e
02_MASTER_EVIDENCE_BASE/03_INVESTIGATIONS/02_EXPANDED_ARCHIVES/DEMOCRACY_INFLUENCE_ALL_INVESTIGATIONS_2026-09-07/__NESTED_EXPANDED__/DEMOCRACY_INFLUENCE_ALL_INVESTIGATIONS_2026-09-07__01_RUNTIME_AND_CORPUS__TRUTH_ENGINE_2.10.6_R3P1_CANONICAL/truth-engine-v2_2.10.6-R3P1_CANONICAL/tools/verify/verify.py,89673,2dd969529d7c15d5bb7c464a185c56c284575f65c76a71b2af2a495887e76018
02_MASTER_EVIDENCE_BASE/03_INVESTIGATIONS/02_EXPANDED_ARCHIVES/DEMOCRACY_INFLUENCE_ALL_INVESTIGATIONS_2026-09-07/__NESTED_EXPANDED__/DEMOCRACY_INFLUENCE_ALL_INVESTIGATIONS_2026-09-07__99_SOURCE_BUNDLES__DEMOCRACY_INFLUENCE_INVESTIGATIONS_BUNDLE_001/democracy-influence-investigations-bundle/INV-010/INV-010_INVESTIGATION_AVAILABLE_R2.md,83084,5455cd0616e4b35c5464b954c21105efad435516ad9454b0cb0468157ee2250b
02_MASTER_EVIDENCE_BASE/03_INVESTIGATIONS/02_EXPANDED_ARCHIVES/DEMOCRACY_INFLUENCE_ALL_INVESTIGATIONS_2026-09-07/__NESTED_EXPANDED__/DEMOCRACY_INFLUENCE_ALL_INVESTIGATIONS_2026-09-07__99_SOURCE_BUNDLES__DEMOCRACY_INFLUENCE_INVESTIGATIONS_BUNDLE_001/democracy-influence-investigations-bundle/INV-010/INV-010_PILOT_REVIEW.md,5033,d0fc11c8019e37219cac649157b658345fb0fbe46e15539c61cb530e249933c7
02_MASTER_EVIDENCE_BASE/03_INVESTIGATIONS/02_EXPANDED_ARCHIVES/DEMOCRACY_INFLUENCE_ALL_INVESTIGATIONS_2026-09-07/__NESTED_EXPANDED__/DEMOCRACY_INFLUENCE_ALL_INVESTIGATIONS_2026-09-07__99_SOURCE_BUNDLES__DEMOCRACY_INFLUENCE_INVESTIGATIONS_BUNDLE_001/democracy-influence-investigations-bundle/INV-010/INV-010_R4_CERTIFICATION.json,633,c314e427c3c8d8a44bf4d7ff8222c96db244d14449fdb107832a7760cd0cf111
02_MASTER_EVIDENCE_BASE/03_INVESTIGATIONS/02_EXPANDED_ARCHIVES/DEMOCRACY_INFLUENCE_ALL_INVESTIGATIONS_2026-09-07/__NESTED_EXPANDED__/DEMOCRACY_INFLUENCE_ALL_INVESTIGATIONS_2026-09-07__99_SOURCE_BUNDLES__DEMOCRACY_INFLUENCE_INVESTIGATIONS_BUNDLE_001/democracy-influence-investigations-bundle/INV-010/INV-010_RENARD.md,10805,d37779d5de34c9f1cda22355e6df5cc976d38e29532c93d0217749162b751f7f
02_MASTER_EVIDENCE_BASE/03_INVESTIGATIONS/02_EXPANDED_ARCHIVES/DEMOCRACY_INFLUENCE_ALL_INVESTIGATIONS_2026-09-07/__NESTED_EXPANDED__/DEMOCRACY_INFLUENCE_ALL_INVESTIGATIONS_2026-09-07__99_SOURCE_BUNDLES__DEMOCRACY_INFLUENCE_INVESTIGATIONS_BUNDLE_001/democracy-influence-investigations-bundle/INV-010/INV-010_RUN_HANDOFF.md,2842,98ab3ccd5806547ffa3e0783c9486047d6fa02de01123162c3bb573da49c7bef
02_MASTER_EVIDENCE_BASE/03_INVESTIGATIONS/02_EXPANDED_ARCHIVES/DEMOCRACY_INFLUENCE_ALL_INVESTIGATIONS_2026-09-07/__NESTED_EXPANDED__/DEMOCRACY_INFLUENCE_ALL_INVESTIGATIONS_2026-09-07__99_SOURCE_BUNDLES__DEMOCRACY_INFLUENCE_INVESTIGATIONS_BUNDLE_001/democracy-influence-investigations-bundle/INV-019/INV-019_INVESTIGATION.md,42635,bf255493afd50152c0123d42c8521c0e85febe44f89deeb8a6450543184072b6
02_MASTER_EVIDENCE_BASE/03_INVESTIGATIONS/02_EXPANDED_ARCHIVES/DEMOCRACY_INFLUENCE_ALL_INVESTIGATIONS_2026-09-07/__NESTED_EXPANDED__/DEMOCRACY_INFLUENCE_ALL_INVESTIGATIONS_2026-09-07__99_SOURCE_BUNDLES__DEMOCRACY_INFLUENCE_INVESTIGATIONS_BUNDLE_001/democracy-influence-investigations-bundle/INV-019/INV-019_PILOT_REVIEW.md,3030,6d0607ea4d071fc8f48e0e6db9a87182a8c715547b07547c3bc2109f370d7c48
02_MASTER_EVIDENCE_BASE/03_INVESTIGATIONS/02_EXPANDED_ARCHIVES/DEMOCRACY_INFLUENCE_ALL_INVESTIGATIONS_2026-09-07/__NESTED_EXPANDED__/DEMOCRACY_INFLUENCE_ALL_INVESTIGATIONS_2026-09-07__99_SOURCE_BUNDLES__DEMOCRACY_INFLUENCE_INVESTIGATIONS_BUNDLE_001/democracy-influence-investigations-bundle/INV-019/INV-019_RUN_HANDOFF.md,2438,c72fff3b19b5ab1b2bd36b064544c1a3635f42e3d30b99c8c225e616f1d76c9b
02_MASTER_EVIDENCE_BASE/03_INVESTIGATIONS/02_EXPANDED_ARCHIVES/DEMOCRACY_INFLUENCE_ALL_INVESTIGATIONS_2026-09-07/__NESTED_EXPANDED__/DEMOCRACY_INFLUENCE_ALL_INVESTIGATIONS_2026-09-07__99_SOURCE_BUNDLES__DEMOCRACY_INFLUENCE_INVESTIGATIONS_BUNDLE_001/democracy-influence-investigations-bundle/INV-049/INV-049_CERTIFICATION.json,647,8f549bc737a32acf68e6adce0084ed4efa679cd108283a99d70d0f4271abbad8
02_MASTER_EVIDENCE_BASE/03_INVESTIGATIONS/02_EXPANDED_ARCHIVES/DEMOCRACY_INFLUENCE_ALL_INVESTIGATIONS_2026-09-07/__NESTED_EXPANDED__/DEMOCRACY_INFLUENCE_ALL_INVESTIGATIONS_2026-09-07__99_SOURCE_BUNDLES__DEMOCRACY_INFLUENCE_INVESTIGATIONS_BUNDLE_001/democracy-influence-investigations-bundle/INV-049/INV-049_INVESTIGATION.md,47271,f731e05757a6b8bcd0fcee1919677256790000e69f9243bb294704f4ca9d14d4
02_MASTER_EVIDENCE_BASE/03_INVESTIGATIONS/02_EXPANDED_ARCHIVES/DEMOCRACY_INFLUENCE_ALL_INVESTIGATIONS_2026-09-07/__NESTED_EXPANDED__/DEMOCRACY_INFLUENCE_ALL_INVESTIGATIONS_2026-09-07__99_SOURCE_BUNDLES__DEMOCRACY_INFLUENCE_INVESTIGATIONS_BUNDLE_001/democracy-influence-investigations-bundle/INV-049/INV-049_PILOT_REVIEW.md,2653,0aa8ddd4ada3851b66e336585e630ff4e40b795917bc909f7093e4275277fc9c
02_MASTER_EVIDENCE_BASE/03_INVESTIGATIONS/02_EXPANDED_ARCHIVES/DEMOCRACY_INFLUENCE_ALL_INVESTIGATIONS_2026-09-07/__NESTED_EXPANDED__/DEMOCRACY_INFLUENCE_ALL_INVESTIGATIONS_2026-09-07__99_SOURCE_BUNDLES__DEMOCRACY_INFLUENCE_INVESTIGATIONS_BUNDLE_001/democracy-influence-investigations-bundle/INV-049/INV-049_RENARD.md,7511,11e5413284bd3523fe78b1458eb16fe59c0980591ef66e0519f5911483ea08a6
02_MASTER_EVIDENCE_BASE/03_INVESTIGATIONS/02_EXPANDED_ARCHIVES/DEMOCRACY_INFLUENCE_ALL_INVESTIGATIONS_2026-09-07/__NESTED_EXPANDED__/DEMOCRACY_INFLUENCE_ALL_INVESTIGATIONS_2026-09-07__99_SOURCE_BUNDLES__DEMOCRACY_INFLUENCE_INVESTIGATIONS_BUNDLE_001/democracy-influence-investigations-bundle/INV-049/INV-049_RUN_HANDOFF.md,2398,53b700412f23822520263f58965856384a77fa82053df12fc2d5ea6671830bfa
02_MASTER_EVIDENCE_BASE/03_INVESTIGATIONS/02_EXPANDED_ARCHIVES/DEMOCRACY_INFLUENCE_ALL_INVESTIGATIONS_2026-09-07/__NESTED_EXPANDED__/DEMOCRACY_INFLUENCE_ALL_INVESTIGATIONS_2026-09-07__99_SOURCE_BUNDLES__DEMOCRACY_INFLUENCE_INVESTIGATIONS_BUNDLE_001/democracy-influence-investigations-bundle/INV-071/INV-071_CERTIFICATION.json,625,fbe1ad101bb2dd2b1b0b5776a2809d62946267501a0f7efd4bedc66b7a4265bb
02_MASTER_EVIDENCE_BASE/03_INVESTIGATIONS/02_EXPANDED_ARCHIVES/DEMOCRACY_INFLUENCE_ALL_INVESTIGATIONS_2026-09-07/__NESTED_EXPANDED__/DEMOCRACY_INFLUENCE_ALL_INVESTIGATIONS_2026-09-07__99_SOURCE_BUNDLES__DEMOCRACY_INFLUENCE_INVESTIGATIONS_BUNDLE_001/democracy-influence-investigations-bundle/INV-071/INV-071_INVESTIGATION.md,50434,cc0063eb57f6b95f1589cb9d50f81a603bec0415b5069109c4855bdb76f5e810
02_MASTER_EVIDENCE_BASE/03_INVESTIGATIONS/02_EXPANDED_ARCHIVES/DEMOCRACY_INFLUENCE_ALL_INVESTIGATIONS_2026-09-07/__NESTED_EXPANDED__/DEMOCRACY_INFLUENCE_ALL_INVESTIGATIONS_2026-09-07__99_SOURCE_BUNDLES__DEMOCRACY_INFLUENCE_INVESTIGATIONS_BUNDLE_001/democracy-influence-investigations-bundle/INV-071/INV-071_PILOT_REVIEW.md,3352,5f5118e52d72133c7015432fe2d306068103c5884d9ec6d7ec7b5617eda3a50a
02_MASTER_EVIDENCE_BASE/03_INVESTIGATIONS/02_EXPANDED_ARCHIVES/DEMOCRACY_INFLUENCE_ALL_INVESTIGATIONS_2026-09-07/__NESTED_EXPANDED__/DEMOCRACY_INFLUENCE_ALL_INVESTIGATIONS_2026-09-07__99_SOURCE_BUNDLES__DEMOCRACY_INFLUENCE_INVESTIGATIONS_BUNDLE_001/democracy-influence-investigations-bundle/INV-071/INV-071_RUN_HANDOFF.md,3228,40a5c487ae9f5367cd68895cc24b8d18fd90bf66e4f4d960e9164c2585309879
02_MASTER_EVIDENCE_BASE/03_INVESTIGATIONS/02_EXPANDED_ARCHIVES/DEMOCRACY_INFLUENCE_ALL_INVESTIGATIONS_2026-09-07/__NESTED_EXPANDED__/DEMOCRACY_INFLUENCE_ALL_INVESTIGATIONS_2026-09-07__99_SOURCE_BUNDLES__DEMOCRACY_INFLUENCE_INVESTIGATIONS_BUNDLE_001/democracy-influence-investigations-bundle/MANIFEST_SHA256.txt,1791,0a5317b8b2f5151c505e8fb209320f751dec5cec9c33ec3595afd5d5a8b740de
02_MASTER_EVIDENCE_BASE/03_INVESTIGATIONS/02_EXPANDED_ARCHIVES/DEMOCRACY_INFLUENCE_ALL_INVESTIGATIONS_2026-09-07/__NESTED_EXPANDED__/DEMOCRACY_INFLUENCE_ALL_INVESTIGATIONS_2026-09-07__99_SOURCE_BUNDLES__DEMOCRACY_INFLUENCE_INVESTIGATIONS_BUNDLE_001/democracy-influence-investigations-bundle/README.md,1603,68898406afdd1abbbcf7469b735b5b2753c62fb52cc8f5ad8b10dd05b716adce
02_MASTER_EVIDENCE_BASE/03_INVESTIGATIONS/02_EXPANDED_ARCHIVES/DEMOCRACY_INFLUENCE_ALL_INVESTIGATIONS_2026-09-07/__NESTED_EXPANDED__/DEMOCRACY_INFLUENCE_ALL_INVESTIGATIONS_2026-09-07__99_SOURCE_BUNDLES__INV-022_R3_CANONICAL_6_FILES/2026-09-06_10-57_russie-operations-influence-france_CERTIFICATION.json,647,1849eb3855b4b4ee51ce00d865617942beb0cd8088154f7bf95d177589668df9
02_MASTER_EVIDENCE_BASE/03_INVESTIGATIONS/02_EXPANDED_ARCHIVES/DEMOCRACY_INFLUENCE_ALL_INVESTIGATIONS_2026-09-07/__NESTED_EXPANDED__/DEMOCRACY_INFLUENCE_ALL_INVESTIGATIONS_2026-09-07__99_SOURCE_BUNDLES__INV-022_R3_CANONICAL_6_FILES/2026-09-06_10-57_russie-operations-influence-france_INPUT.txt,1383,b4582f7330c39e3a47f6aa7512bfb623ddea7e7e3dd046421e246631a29e05f4
02_MASTER_EVIDENCE_BASE/03_INVESTIGATIONS/02_EXPANDED_ARCHIVES/DEMOCRACY_INFLUENCE_ALL_INVESTIGATIONS_2026-09-07/__NESTED_EXPANDED__/DEMOCRACY_INFLUENCE_ALL_INVESTIGATIONS_2026-09-07__99_SOURCE_BUNDLES__INV-022_R3_CANONICAL_6_FILES/2026-09-06_10-57_russie-operations-influence-france_INVESTIGATION.md,100983,a5d3c37a2dec09a07a0d2ec2ab00be4fd794b814729a1c749032cdab07ff806e
02_MASTER_EVIDENCE_BASE/03_INVESTIGATIONS/02_EXPANDED_ARCHIVES/DEMOCRACY_INFLUENCE_ALL_INVESTIGATIONS_2026-09-07/__NESTED_EXPANDED__/DEMOCRACY_INFLUENCE_ALL_INVESTIGATIONS_2026-09-07__99_SOURCE_BUNDLES__INV-022_R3_CANONICAL_6_FILES/2026-09-06_10-57_russie-operations-influence-france_MNEMO_SNAPSHOT.json,15494,ccadef83af9d6f2dba278bf6f302984705f9a9f3eb9c1855e7299a8f7de8223e
02_MASTER_EVIDENCE_BASE/03_INVESTIGATIONS/02_EXPANDED_ARCHIVES/DEMOCRACY_INFLUENCE_ALL_INVESTIGATIONS_2026-09-07/__NESTED_EXPANDED__/DEMOCRACY_INFLUENCE_ALL_INVESTIGATIONS_2026-09-07__99_SOURCE_BUNDLES__INV-022_R3_CANONICAL_6_FILES/2026-09-06_10-57_russie-operations-influence-france_NARRATIVE.tmp.md,5913,79295880570f35fce78ab687b34d0604c56cb8ace01d17cd9a8fcc666cf52766
02_MASTER_EVIDENCE_BASE/03_INVESTIGATIONS/02_EXPANDED_ARCHIVES/DEMOCRACY_INFLUENCE_ALL_INVESTIGATIONS_2026-09-07/__NESTED_EXPANDED__/DEMOCRACY_INFLUENCE_ALL_INVESTIGATIONS_2026-09-07__99_SOURCE_BUNDLES__INV-022_R3_CANONICAL_6_FILES/2026-09-06_10-57_russie-operations-influence-france_RUN_STATE.json,95524,b639fb372d9599c675dbb4e2821fa3c6e66573be303f66297935db385e17662e
02_MASTER_EVIDENCE_BASE/03_INVESTIGATIONS/02_EXPANDED_ARCHIVES/DEMOCRACY_INFLUENCE_ALL_INVESTIGATIONS_2026-09-07/__NESTED_EXPANDED__/DEMOCRACY_INFLUENCE_ALL_INVESTIGATIONS_2026-09-07__99_SOURCE_BUNDLES__INV-022_R3_FULL_FORENSIC_BUNDLE/INV-022_R3_FULL_FORENSIC_BUNDLE/CANONICAL_RUN/2026-09-06_10-57_russie-operations-influence-france_CERTIFICATION.json,647,1849eb3855b4b4ee51ce00d865617942beb0cd8088154f7bf95d177589668df9
02_MASTER_EVIDENCE_BASE/03_INVESTIGATIONS/02_EXPANDED_ARCHIVES/DEMOCRACY_INFLUENCE_ALL_INVESTIGATIONS_2026-09-07/__NESTED_EXPANDED__/DEMOCRACY_INFLUENCE_ALL_INVESTIGATIONS_2026-09-07__99_SOURCE_BUNDLES__INV-022_R3_FULL_FORENSIC_BUNDLE/INV-022_R3_FULL_FORENSIC_BUNDLE/CANONICAL_RUN/2026-09-06_10-57_russie-operations-influence-france_INPUT.txt,1383,b4582f7330c39e3a47f6aa7512bfb623ddea7e7e3dd046421e246631a29e05f4
02_MASTER_EVIDENCE_BASE/03_INVESTIGATIONS/02_EXPANDED_ARCHIVES/DEMOCRACY_INFLUENCE_ALL_INVESTIGATIONS_2026-09-07/__NESTED_EXPANDED__/DEMOCRACY_INFLUENCE_ALL_INVESTIGATIONS_2026-09-07__99_SOURCE_BUNDLES__INV-022_R3_FULL_FORENSIC_BUNDLE/INV-022_R3_FULL_FORENSIC_BUNDLE/CANONICAL_RUN/2026-09-06_10-57_russie-operations-influence-france_INVESTIGATION.md,100983,a5d3c37a2dec09a07a0d2ec2ab00be4fd794b814729a1c749032cdab07ff806e
02_MASTER_EVIDENCE_BASE/03_INVESTIGATIONS/02_EXPANDED_ARCHIVES/DEMOCRACY_INFLUENCE_ALL_INVESTIGATIONS_2026-09-07/__NESTED_EXPANDED__/DEMOCRACY_INFLUENCE_ALL_INVESTIGATIONS_2026-09-07__99_SOURCE_BUNDLES__INV-022_R3_FULL_FORENSIC_BUNDLE/INV-022_R3_FULL_FORENSIC_BUNDLE/CANONICAL_RUN/2026-09-06_10-57_russie-operations-influence-france_MNEMO_SNAPSHOT.json,15494,ccadef83af9d6f2dba278bf6f302984705f9a9f3eb9c1855e7299a8f7de8223e
02_MASTER_EVIDENCE_BASE/03_INVESTIGATIONS/02_EXPANDED_ARCHIVES/DEMOCRACY_INFLUENCE_ALL_INVESTIGATIONS_2026-09-07/__NESTED_EXPANDED__/DEMOCRACY_INFLUENCE_ALL_INVESTIGATIONS_2026-09-07__99_SOURCE_BUNDLES__INV-022_R3_FULL_FORENSIC_BUNDLE/INV-022_R3_FULL_FORENSIC_BUNDLE/CANONICAL_RUN/2026-09-06_10-57_russie-operations-influence-france_NARRATIVE.tmp.md,5913,79295880570f35fce78ab687b34d0604c56cb8ace01d17cd9a8fcc666cf52766
02_MASTER_EVIDENCE_BASE/03_INVESTIGATIONS/02_EXPANDED_ARCHIVES/DEMOCRACY_INFLUENCE_ALL_INVESTIGATIONS_2026-09-07/__NESTED_EXPANDED__/DEMOCRACY_INFLUENCE_ALL_INVESTIGATIONS_2026-09-07__99_SOURCE_BUNDLES__INV-022_R3_FULL_FORENSIC_BUNDLE/INV-022_R3_FULL_FORENSIC_BUNDLE/CANONICAL_RUN/2026-09-06_10-57_russie-operations-influence-france_RUN_STATE.json,95524,b639fb372d9599c675dbb4e2821fa3c6e66573be303f66297935db385e17662e
02_MASTER_EVIDENCE_BASE/03_INVESTIGATIONS/02_EXPANDED_ARCHIVES/DEMOCRACY_INFLUENCE_ALL_INVESTIGATIONS_2026-09-07/__NESTED_EXPANDED__/DEMOCRACY_INFLUENCE_ALL_INVESTIGATIONS_2026-09-07__99_SOURCE_BUNDLES__INV-022_R3_FULL_FORENSIC_BUNDLE/INV-022_R3_FULL_FORENSIC_BUNDLE/E2E/INV-022_R3_E2E_TEST_REPORT.md,5006,74a7359e0fb339d1c6fbf3e08f111b7b75d0e81090832a40cf4bea60448c3aa4
02_MASTER_EVIDENCE_BASE/03_INVESTIGATIONS/02_EXPANDED_ARCHIVES/DEMOCRACY_INFLUENCE_ALL_INVESTIGATIONS_2026-09-07/__NESTED_EXPANDED__/DEMOCRACY_INFLUENCE_ALL_INVESTIGATIONS_2026-09-07__99_SOURCE_BUNDLES__INV-022_R3_FULL_FORENSIC_BUNDLE/INV-022_R3_FULL_FORENSIC_BUNDLE/ENGINE_CONTRACT_SNAPSHOT/KERNEL.md,69458,0d78b5d2db873d6bb9984867c3a4b1095b46400db2145487a763680b43e88974
02_MASTER_EVIDENCE_BASE/03_INVESTIGATIONS/02_EXPANDED_ARCHIVES/DEMOCRACY_INFLUENCE_ALL_INVESTIGATIONS_2026-09-07/__NESTED_EXPANDED__/DEMOCRACY_INFLUENCE_ALL_INVESTIGATIONS_2026-09-07__99_SOURCE_BUNDLES__INV-022_R3_FULL_FORENSIC_BUNDLE/INV-022_R3_FULL_FORENSIC_BUNDLE/ENGINE_CONTRACT_SNAPSHOT/forensic/GATES.md,12808,f97b090c26f79b93eeecb291e37f8887d935df5ffaa36d8d6da502fa75f6da6d
02_MASTER_EVIDENCE_BASE/03_INVESTIGATIONS/02_EXPANDED_ARCHIVES/DEMOCRACY_INFLUENCE_ALL_INVESTIGATIONS_2026-09-07/__NESTED_EXPANDED__/DEMOCRACY_INFLUENCE_ALL_INVESTIGATIONS_2026-09-07__99_SOURCE_BUNDLES__INV-022_R3_FULL_FORENSIC_BUNDLE/INV-022_R3_FULL_FORENSIC_BUNDLE/ENGINE_CONTRACT_SNAPSHOT/output/TEMPLATE.md,5857,eb504ed558d7638b8f599fc6990c6d74783ca81ae1d8016a15d70b8273c31f05
02_MASTER_EVIDENCE_BASE/03_INVESTIGATIONS/02_EXPANDED_ARCHIVES/DEMOCRACY_INFLUENCE_ALL_INVESTIGATIONS_2026-09-07/__NESTED_EXPANDED__/DEMOCRACY_INFLUENCE_ALL_INVESTIGATIONS_2026-09-07__99_SOURCE_BUNDLES__INV-022_R3_FULL_FORENSIC_BUNDLE/INV-022_R3_FULL_FORENSIC_BUNDLE/ENGINE_CONTRACT_SNAPSHOT/protocol/INVESTIGATION.md,19705,2418fb593a78048830f2900e04828ce3d7e26aef996bcdddd2199f61a026c208
02_MASTER_EVIDENCE_BASE/03_INVESTIGATIONS/02_EXPANDED_ARCHIVES/DEMOCRACY_INFLUENCE_ALL_INVESTIGATIONS_2026-09-07/__NESTED_EXPANDED__/DEMOCRACY_INFLUENCE_ALL_INVESTIGATIONS_2026-09-07__99_SOURCE_BUNDLES__INV-022_R3_FULL_FORENSIC_BUNDLE/INV-022_R3_FULL_FORENSIC_BUNDLE/ENGINE_CONTRACT_SNAPSHOT/search/EPISTEMIC.md,6991,482558f2ea834418625647b92659ef1773ffc71bc09bdce2f5f3bab91791ae00
02_MASTER_EVIDENCE_BASE/03_INVESTIGATIONS/02_EXPANDED_ARCHIVES/DEMOCRACY_INFLUENCE_ALL_INVESTIGATIONS_2026-09-07/__NESTED_EXPANDED__/DEMOCRACY_INFLUENCE_ALL_INVESTIGATIONS_2026-09-07__99_SOURCE_BUNDLES__INV-022_R3_FULL_FORENSIC_BUNDLE/INV-022_R3_FULL_FORENSIC_BUNDLE/ENGINE_CONTRACT_SNAPSHOT/tools/runtime/run_state.py,107428,81effd7bfef4ddcdacba1f9a4139cd856fae0eb7853518846f2381a49869d77e
02_MASTER_EVIDENCE_BASE/03_INVESTIGATIONS/02_EXPANDED_ARCHIVES/DEMOCRACY_INFLUENCE_ALL_INVESTIGATIONS_2026-09-07/__NESTED_EXPANDED__/DEMOCRACY_INFLUENCE_ALL_INVESTIGATIONS_2026-09-07__99_SOURCE_BUNDLES__INV-022_R3_FULL_FORENSIC_BUNDLE/INV-022_R3_FULL_FORENSIC_BUNDLE/ENGINE_CONTRACT_SNAPSHOT/tools/verify/verify.py,88244,19cf032f21945d6bd2c8e3889086293b640fee98b1e97e855baf5ec39f18fa59
02_MASTER_EVIDENCE_BASE/03_INVESTIGATIONS/02_EXPANDED_ARCHIVES/DEMOCRACY_INFLUENCE_ALL_INVESTIGATIONS_2026-09-07/__NESTED_EXPANDED__/DEMOCRACY_INFLUENCE_ALL_INVESTIGATIONS_2026-09-07__99_SOURCE_BUNDLES__INV-022_R3_FULL_FORENSIC_BUNDLE/INV-022_R3_FULL_FORENSIC_BUNDLE/README_BUNDLE.md,1762,8a08fd480f4d245eaa5c7d10044e863ea492de6cc2c43a2547f443b31ca231a1
02_MASTER_EVIDENCE_BASE/03_INVESTIGATIONS/02_EXPANDED_ARCHIVES/DEMOCRACY_INFLUENCE_ALL_INVESTIGATIONS_2026-09-07/__NESTED_EXPANDED__/DEMOCRACY_INFLUENCE_ALL_INVESTIGATIONS_2026-09-07__99_SOURCE_BUNDLES__INV-022_R3_FULL_FORENSIC_BUNDLE/INV-022_R3_FULL_FORENSIC_BUNDLE/SHA256SUMS.txt,2659,02faf8eb8d88078c54b0253a2b2053cd813056a24d08ef83af8a55ad409925bf
02_MASTER_EVIDENCE_BASE/03_INVESTIGATIONS/02_EXPANDED_ARCHIVES/DEMOCRACY_INFLUENCE_ALL_INVESTIGATIONS_2026-09-07/__NESTED_EXPANDED__/DEMOCRACY_INFLUENCE_ALL_INVESTIGATIONS_2026-09-07__99_SOURCE_BUNDLES__INV-022_R3_FULL_FORENSIC_BUNDLE/INV-022_R3_FULL_FORENSIC_BUNDLE/VERIFICATION/.verify_pending_delivery.json,541,4ebe303c11d45e4930e4874f0c06129e13428a4fa57cc9a70354bc0c7d33043b
02_MASTER_EVIDENCE_BASE/03_INVESTIGATIONS/02_EXPANDED_ARCHIVES/DEMOCRACY_INFLUENCE_ALL_INVESTIGATIONS_2026-09-07/__NESTED_EXPANDED__/DEMOCRACY_INFLUENCE_ALL_INVESTIGATIONS_2026-09-07__99_SOURCE_BUNDLES__INV-022_R3_FULL_FORENSIC_BUNDLE/INV-022_R3_FULL_FORENSIC_BUNDLE/VERIFICATION/.verify_result_delivery.json,646,d1bfee1e92f8b89f576e736594dd207621ae9e2a890252593dd246dab4ff67e8
02_MASTER_EVIDENCE_BASE/03_INVESTIGATIONS/02_EXPANDED_ARCHIVES/DEMOCRACY_INFLUENCE_ALL_INVESTIGATIONS_2026-09-07/__NESTED_EXPANDED__/DEMOCRACY_INFLUENCE_ALL_INVESTIGATIONS_2026-09-07__99_SOURCE_BUNDLES__INV-022_R3_FULL_FORENSIC_BUNDLE/INV-022_R3_FULL_FORENSIC_BUNDLE/VERIFICATION/INV-022_VERIFY_DELIVERY_RESULT.json,646,d1bfee1e92f8b89f576e736594dd207621ae9e2a890252593dd246dab4ff67e8
02_MASTER_EVIDENCE_BASE/03_INVESTIGATIONS/02_EXPANDED_ARCHIVES/DEMOCRACY_INFLUENCE_ALL_INVESTIGATIONS_2026-09-07/__NESTED_EXPANDED__/DEMOCRACY_INFLUENCE_ALL_INVESTIGATIONS_2026-09-07__99_SOURCE_BUNDLES__INV-022_R3_FULL_FORENSIC_BUNDLE/INV-022_R3_FULL_FORENSIC_BUNDLE/WORKING_TRACE/INV022_TECHNICAL_BODY_CANDIDATE.md,5913,79295880570f35fce78ab687b34d0604c56cb8ace01d17cd9a8fcc666cf52766
02_MASTER_EVIDENCE_BASE/03_INVESTIGATIONS/02_EXPANDED_ARCHIVES/DEMOCRACY_INFLUENCE_ALL_INVESTIGATIONS_2026-09-07/__NESTED_EXPANDED__/DEMOCRACY_INFLUENCE_ALL_INVESTIGATIONS_2026-09-07__99_SOURCE_BUNDLES__INV-022_R3_FULL_FORENSIC_BUNDLE/INV-022_R3_FULL_FORENSIC_BUNDLE/WORKING_TRACE/continue_r3_phase12_13.py,9451,f23099fb7e4ba727475a31180470619bb7303f1cf2c865f16f00ba5c8f914540
02_MASTER_EVIDENCE_BASE/03_INVESTIGATIONS/02_EXPANDED_ARCHIVES/DEMOCRACY_INFLUENCE_ALL_INVESTIGATIONS_2026-09-07/__NESTED_EXPANDED__/DEMOCRACY_INFLUENCE_ALL_INVESTIGATIONS_2026-09-07__99_SOURCE_BUNDLES__INV-022_R3_FULL_FORENSIC_BUNDLE/INV-022_R3_FULL_FORENSIC_BUNDLE/WORKING_TRACE/continue_r3_phase16_17.py,18357,f74760f3f3f9554b404aa7f11fe325bec89c23c35a65a17a5a19e0e352f929bc
02_MASTER_EVIDENCE_BASE/03_INVESTIGATIONS/02_EXPANDED_ARCHIVES/DEMOCRACY_INFLUENCE_ALL_INVESTIGATIONS_2026-09-07/__NESTED_EXPANDED__/DEMOCRACY_INFLUENCE_ALL_INVESTIGATIONS_2026-09-07__99_SOURCE_BUNDLES__INV-022_R3_FULL_FORENSIC_BUNDLE/INV-022_R3_FULL_FORENSIC_BUNDLE/WORKING_TRACE/persistence_payload.py,805,f259fbe18264fcf8fd528feee4d79f336e57af5b583e0fc6dbee4dbef68f8425
02_MASTER_EVIDENCE_BASE/03_INVESTIGATIONS/02_EXPANDED_ARCHIVES/DEMOCRACY_INFLUENCE_ALL_INVESTIGATIONS_2026-09-07/__NESTED_EXPANDED__/DEMOCRACY_INFLUENCE_ALL_INVESTIGATIONS_2026-09-07__99_SOURCE_BUNDLES__INV-023_R3P1_CANONICAL_6_FILES/2026-09-06_12-58_russie-financement-partis-europe_CERTIFICATION.json,609,0c9610b02a2b37b0fba565084f4da89e09d62ae49173a4c2a92f98d419f2c25a
02_MASTER_EVIDENCE_BASE/03_INVESTIGATIONS/02_EXPANDED_ARCHIVES/DEMOCRACY_INFLUENCE_ALL_INVESTIGATIONS_2026-09-07/__NESTED_EXPANDED__/DEMOCRACY_INFLUENCE_ALL_INVESTIGATIONS_2026-09-07__99_SOURCE_BUNDLES__INV-023_R3P1_CANONICAL_6_FILES/2026-09-06_12-58_russie-financement-partis-europe_INPUT.txt,881,7a5e16f441442076c1b9d3a2d002c9089e784dea7c71969158a5353d195d829b
02_MASTER_EVIDENCE_BASE/03_INVESTIGATIONS/02_EXPANDED_ARCHIVES/DEMOCRACY_INFLUENCE_ALL_INVESTIGATIONS_2026-09-07/__NESTED_EXPANDED__/DEMOCRACY_INFLUENCE_ALL_INVESTIGATIONS_2026-09-07__99_SOURCE_BUNDLES__INV-023_R3P1_CANONICAL_6_FILES/2026-09-06_12-58_russie-financement-partis-europe_INVESTIGATION.md,93653,d0d9a8e5fb4c1fcc6dcdb3002b2cba5854b7704d4075a5e3d148df670909863c
02_MASTER_EVIDENCE_BASE/03_INVESTIGATIONS/02_EXPANDED_ARCHIVES/DEMOCRACY_INFLUENCE_ALL_INVESTIGATIONS_2026-09-07/__NESTED_EXPANDED__/DEMOCRACY_INFLUENCE_ALL_INVESTIGATIONS_2026-09-07__99_SOURCE_BUNDLES__INV-023_R3P1_CANONICAL_6_FILES/2026-09-06_12-58_russie-financement-partis-europe_MNEMO_SNAPSHOT.json,11877,4f2aaa0176df698d1240f3b25e36e301c6307d30246ed0efaeabd1c84cb8af69
02_MASTER_EVIDENCE_BASE/03_INVESTIGATIONS/02_EXPANDED_ARCHIVES/DEMOCRACY_INFLUENCE_ALL_INVESTIGATIONS_2026-09-07/__NESTED_EXPANDED__/DEMOCRACY_INFLUENCE_ALL_INVESTIGATIONS_2026-09-07__99_SOURCE_BUNDLES__INV-023_R3P1_CANONICAL_6_FILES/2026-09-06_12-58_russie-financement-partis-europe_NARRATIVE.tmp.md,6744,2d50f55437910fe87a57d54d6b3d27e389b47486e83406ed0ec22837e489a41d
02_MASTER_EVIDENCE_BASE/03_INVESTIGATIONS/02_EXPANDED_ARCHIVES/DEMOCRACY_INFLUENCE_ALL_INVESTIGATIONS_2026-09-07/__NESTED_EXPANDED__/DEMOCRACY_INFLUENCE_ALL_INVESTIGATIONS_2026-09-07__99_SOURCE_BUNDLES__INV-023_R3P1_CANONICAL_6_FILES/2026-09-06_12-58_russie-financement-partis-europe_RUN_STATE.json,83087,8f530c4e5074a73da50feb0b26b98d97567f42baa814df69939a18d47c6302e7
02_MASTER_EVIDENCE_BASE/03_INVESTIGATIONS/02_EXPANDED_ARCHIVES/DEMOCRACY_INFLUENCE_ALL_INVESTIGATIONS_2026-09-07/__NESTED_EXPANDED__/DEMOCRACY_INFLUENCE_ALL_INVESTIGATIONS_2026-09-07__99_SOURCE_BUNDLES__INV-026_BUNDLE/inv026-final/DASHBOARD.md,1182,3bbd303639d2fa6212289f3316d2917ad41eb035b4286baa40ed0f1da6c34f6b
02_MASTER_EVIDENCE_BASE/03_INVESTIGATIONS/02_EXPANDED_ARCHIVES/DEMOCRACY_INFLUENCE_ALL_INVESTIGATIONS_2026-09-07/__NESTED_EXPANDED__/DEMOCRACY_INFLUENCE_ALL_INVESTIGATIONS_2026-09-07__99_SOURCE_BUNDLES__INV-026_BUNDLE/inv026-final/INV-026_CERTIFICATION.json,620,8bc8557b845204626f39333fce71cf6d69f3092964334bc9bb1e79b893c18067
02_MASTER_EVIDENCE_BASE/03_INVESTIGATIONS/02_EXPANDED_ARCHIVES/DEMOCRACY_INFLUENCE_ALL_INVESTIGATIONS_2026-09-07/__NESTED_EXPANDED__/DEMOCRACY_INFLUENCE_ALL_INVESTIGATIONS_2026-09-07__99_SOURCE_BUNDLES__INV-026_BUNDLE/inv026-final/INV-026_INPUT.md,2463,616c1f7007d3d70a64d5a5bbb4153762763d085537605d5e99cef5439dced970
02_MASTER_EVIDENCE_BASE/03_INVESTIGATIONS/02_EXPANDED_ARCHIVES/DEMOCRACY_INFLUENCE_ALL_INVESTIGATIONS_2026-09-07/__NESTED_EXPANDED__/DEMOCRACY_INFLUENCE_ALL_INVESTIGATIONS_2026-09-07__99_SOURCE_BUNDLES__INV-026_BUNDLE/inv026-final/INV-026_INVESTIGATION.md,77039,86f7d0d457469edf3edb9dffa2e5f55f253cfebefdb0037652cc4ebf5a2d963a
02_MASTER_EVIDENCE_BASE/03_INVESTIGATIONS/02_EXPANDED_ARCHIVES/DEMOCRACY_INFLUENCE_ALL_INVESTIGATIONS_2026-09-07/__NESTED_EXPANDED__/DEMOCRACY_INFLUENCE_ALL_INVESTIGATIONS_2026-09-07__99_SOURCE_BUNDLES__INV-026_BUNDLE/inv026-final/INV-026_MNEMO_SNAPSHOT.json,16548,9e5ab5e08fe16307937bb9c393e2871bfc1edeb266ffc420c6c226c07cc98366
02_MASTER_EVIDENCE_BASE/03_INVESTIGATIONS/02_EXPANDED_ARCHIVES/DEMOCRACY_INFLUENCE_ALL_INVESTIGATIONS_2026-09-07/__NESTED_EXPANDED__/DEMOCRACY_INFLUENCE_ALL_INVESTIGATIONS_2026-09-07__99_SOURCE_BUNDLES__INV-026_BUNDLE/inv026-final/INV-026_NARRATIVE.tmp.md,11472,0ad693f01236e6f14dbb7959c4763b3e639a6200750102e5e04d8be40fef8159
02_MASTER_EVIDENCE_BASE/03_INVESTIGATIONS/02_EXPANDED_ARCHIVES/DEMOCRACY_INFLUENCE_ALL_INVESTIGATIONS_2026-09-07/__NESTED_EXPANDED__/DEMOCRACY_INFLUENCE_ALL_INVESTIGATIONS_2026-09-07__99_SOURCE_BUNDLES__INV-026_BUNDLE/inv026-final/INV-026_POST_RUN_REVIEW.md,2415,fab7d4996050a5eeaadddb20e3ea362bac90226b6205b6e59deb02ade4951fa0
02_MASTER_EVIDENCE_BASE/03_INVESTIGATIONS/02_EXPANDED_ARCHIVES/DEMOCRACY_INFLUENCE_ALL_INVESTIGATIONS_2026-09-07/__NESTED_EXPANDED__/DEMOCRACY_INFLUENCE_ALL_INVESTIGATIONS_2026-09-07__99_SOURCE_BUNDLES__INV-026_BUNDLE/inv026-final/INV-026_RUN_CARD.md,2463,616c1f7007d3d70a64d5a5bbb4153762763d085537605d5e99cef5439dced970
02_MASTER_EVIDENCE_BASE/03_INVESTIGATIONS/02_EXPANDED_ARCHIVES/DEMOCRACY_INFLUENCE_ALL_INVESTIGATIONS_2026-09-07/__NESTED_EXPANDED__/DEMOCRACY_INFLUENCE_ALL_INVESTIGATIONS_2026-09-07__99_SOURCE_BUNDLES__INV-026_BUNDLE/inv026-final/INV-026_RUN_HANDOFF.md,3144,bf70cae7b998ae0aa16949f1f12cb8258d4d4de9527316832b9cb398531ae4cb
02_MASTER_EVIDENCE_BASE/03_INVESTIGATIONS/02_EXPANDED_ARCHIVES/DEMOCRACY_INFLUENCE_ALL_INVESTIGATIONS_2026-09-07/__NESTED_EXPANDED__/DEMOCRACY_INFLUENCE_ALL_INVESTIGATIONS_2026-09-07__99_SOURCE_BUNDLES__INV-026_BUNDLE/inv026-final/INV-026_RUN_STATE.json,66417,b88924457119b727d79f3188e78db0c62636ec515e79b538c5d442207fbdf438
02_MASTER_EVIDENCE_BASE/03_INVESTIGATIONS/02_EXPANDED_ARCHIVES/DEMOCRACY_INFLUENCE_ALL_INVESTIGATIONS_2026-09-07/__NESTED_EXPANDED__/DEMOCRACY_INFLUENCE_ALL_INVESTIGATIONS_2026-09-07__99_SOURCE_BUNDLES__INV-026_BUNDLE/inv026-final/INV-026_SHA256.txt,809,b1c4675eade937d9dcebfd37bf02fd02f3efa424143f41555aa6b0952305b076
02_MASTER_EVIDENCE_BASE/03_INVESTIGATIONS/02_EXPANDED_ARCHIVES/DEMOCRACY_INFLUENCE_ALL_INVESTIGATIONS_2026-09-07/__NESTED_EXPANDED__/DEMOCRACY_INFLUENCE_ALL_INVESTIGATIONS_2026-09-07__99_SOURCE_BUNDLES__INV-026_BUNDLE/inv026-final/INVESTIGATION_REGISTRY.csv,97582,4e7a2a6f377a9f141f75c2a7a560f67d213925d590dbe18e79bc4db47dcd7ff0
02_MASTER_EVIDENCE_BASE/03_INVESTIGATIONS/02_EXPANDED_ARCHIVES/DEMOCRACY_INFLUENCE_ALL_INVESTIGATIONS_2026-09-07/__NESTED_EXPANDED__/DEMOCRACY_INFLUENCE_ALL_INVESTIGATIONS_2026-09-07__99_SOURCE_BUNDLES__INV-026_BUNDLE/inv026-final/TRACELOG.md,18560,b198c415887e7b65365dfba165c26fb2bf20a8ac17976851921ed5e1d55a1009
02_MASTER_EVIDENCE_BASE/03_INVESTIGATIONS/02_EXPANDED_ARCHIVES/DEMOCRACY_INFLUENCE_ALL_INVESTIGATIONS_2026-09-07/__NESTED_EXPANDED__/DEMOCRACY_INFLUENCE_ALL_INVESTIGATIONS_2026-09-07__99_SOURCE_BUNDLES__INV-033_BUNDLE/DASHBOARD.md,1182,64db5de31a11cf88c2a8befcfbb3202a99adc630baa4c9e2cfee31f276875358
02_MASTER_EVIDENCE_BASE/03_INVESTIGATIONS/02_EXPANDED_ARCHIVES/DEMOCRACY_INFLUENCE_ALL_INVESTIGATIONS_2026-09-07/__NESTED_EXPANDED__/DEMOCRACY_INFLUENCE_ALL_INVESTIGATIONS_2026-09-07__99_SOURCE_BUNDLES__INV-033_BUNDLE/DELIVERY_VERIFY.txt,593,190eafb6b0ff665a21a7ad486eeffb0e21e4971664f4180b8e83bd3b9a7dbd40
02_MASTER_EVIDENCE_BASE/03_INVESTIGATIONS/02_EXPANDED_ARCHIVES/DEMOCRACY_INFLUENCE_ALL_INVESTIGATIONS_2026-09-07/__NESTED_EXPANDED__/DEMOCRACY_INFLUENCE_ALL_INVESTIGATIONS_2026-09-07__99_SOURCE_BUNDLES__INV-033_BUNDLE/DELIVERY_VERIFY_RESULT.json,592,a7718fb0c9d19ca5c5049a07251b3406023f8c215e7376e58c6cb1d11994e258
02_MASTER_EVIDENCE_BASE/03_INVESTIGATIONS/02_EXPANDED_ARCHIVES/DEMOCRACY_INFLUENCE_ALL_INVESTIGATIONS_2026-09-07/__NESTED_EXPANDED__/DEMOCRACY_INFLUENCE_ALL_INVESTIGATIONS_2026-09-07__99_SOURCE_BUNDLES__INV-033_BUNDLE/DEPENDENCY_GATE_INV-146_2026-09-07_0752.md,1203,24ad44dd0550af2a15758d931cf0dcca6cb28d4098f79d941f8a7b63bc3abca4
02_MASTER_EVIDENCE_BASE/03_INVESTIGATIONS/02_EXPANDED_ARCHIVES/DEMOCRACY_INFLUENCE_ALL_INVESTIGATIONS_2026-09-07/__NESTED_EXPANDED__/DEMOCRACY_INFLUENCE_ALL_INVESTIGATIONS_2026-09-07__99_SOURCE_BUNDLES__INV-033_BUNDLE/INV-033_CERTIFICATION.json,593,190eafb6b0ff665a21a7ad486eeffb0e21e4971664f4180b8e83bd3b9a7dbd40
02_MASTER_EVIDENCE_BASE/03_INVESTIGATIONS/02_EXPANDED_ARCHIVES/DEMOCRACY_INFLUENCE_ALL_INVESTIGATIONS_2026-09-07/__NESTED_EXPANDED__/DEMOCRACY_INFLUENCE_ALL_INVESTIGATIONS_2026-09-07__99_SOURCE_BUNDLES__INV-033_BUNDLE/INV-033_INPUT.md,2315,c01967887a2e9736751781f80a0b40ca7f612669e5453fb0f68c4277d7a9171b
02_MASTER_EVIDENCE_BASE/03_INVESTIGATIONS/02_EXPANDED_ARCHIVES/DEMOCRACY_INFLUENCE_ALL_INVESTIGATIONS_2026-09-07/__NESTED_EXPANDED__/DEMOCRACY_INFLUENCE_ALL_INVESTIGATIONS_2026-09-07__99_SOURCE_BUNDLES__INV-033_BUNDLE/INV-033_INVESTIGATION.md,69673,6882743d76521abaf201035c2d0148116b76c0f3f28fc5bfb95595ea42e67a8e
02_MASTER_EVIDENCE_BASE/03_INVESTIGATIONS/02_EXPANDED_ARCHIVES/DEMOCRACY_INFLUENCE_ALL_INVESTIGATIONS_2026-09-07/__NESTED_EXPANDED__/DEMOCRACY_INFLUENCE_ALL_INVESTIGATIONS_2026-09-07__99_SOURCE_BUNDLES__INV-033_BUNDLE/INV-033_MNEMO_SNAPSHOT.json,13556,868ffbbc3dd8742b3c88e8d8324334816b8f4fb9690e929b5863813b3503e99c
02_MASTER_EVIDENCE_BASE/03_INVESTIGATIONS/02_EXPANDED_ARCHIVES/DEMOCRACY_INFLUENCE_ALL_INVESTIGATIONS_2026-09-07/__NESTED_EXPANDED__/DEMOCRACY_INFLUENCE_ALL_INVESTIGATIONS_2026-09-07__99_SOURCE_BUNDLES__INV-033_BUNDLE/INV-033_NARRATIVE.tmp.md,10986,b2dd7dc9c5412f3b1dfb2c1477aa8d5133706a2d9c8686b9e6bd2667324bed0c
02_MASTER_EVIDENCE_BASE/03_INVESTIGATIONS/02_EXPANDED_ARCHIVES/DEMOCRACY_INFLUENCE_ALL_INVESTIGATIONS_2026-09-07/__NESTED_EXPANDED__/DEMOCRACY_INFLUENCE_ALL_INVESTIGATIONS_2026-09-07__99_SOURCE_BUNDLES__INV-033_BUNDLE/INV-033_POST_RUN_REVIEW.md,2220,fa7fe93df82ac2afa4ebc1c2fd4dfcb432bf790d9d2d3db2092bea65863edd70
02_MASTER_EVIDENCE_BASE/03_INVESTIGATIONS/02_EXPANDED_ARCHIVES/DEMOCRACY_INFLUENCE_ALL_INVESTIGATIONS_2026-09-07/__NESTED_EXPANDED__/DEMOCRACY_INFLUENCE_ALL_INVESTIGATIONS_2026-09-07__99_SOURCE_BUNDLES__INV-033_BUNDLE/INV-033_RUN_CARD.md,2315,c01967887a2e9736751781f80a0b40ca7f612669e5453fb0f68c4277d7a9171b
02_MASTER_EVIDENCE_BASE/03_INVESTIGATIONS/02_EXPANDED_ARCHIVES/DEMOCRACY_INFLUENCE_ALL_INVESTIGATIONS_2026-09-07/__NESTED_EXPANDED__/DEMOCRACY_INFLUENCE_ALL_INVESTIGATIONS_2026-09-07__99_SOURCE_BUNDLES__INV-033_BUNDLE/INV-033_RUN_HANDOFF.md,2430,a33fa3cb614d41e2c2ac4319f2081bfaa210f7f556997cc853ac81a5b5549ebb
02_MASTER_EVIDENCE_BASE/03_INVESTIGATIONS/02_EXPANDED_ARCHIVES/DEMOCRACY_INFLUENCE_ALL_INVESTIGATIONS_2026-09-07/__NESTED_EXPANDED__/DEMOCRACY_INFLUENCE_ALL_INVESTIGATIONS_2026-09-07__99_SOURCE_BUNDLES__INV-033_BUNDLE/INV-033_RUN_STATE.json,59192,ede322327835e5c8e4d19fbd11885bf9007623c93dafad18a8eadf7430537adc
02_MASTER_EVIDENCE_BASE/03_INVESTIGATIONS/02_EXPANDED_ARCHIVES/DEMOCRACY_INFLUENCE_ALL_INVESTIGATIONS_2026-09-07/__NESTED_EXPANDED__/DEMOCRACY_INFLUENCE_ALL_INVESTIGATIONS_2026-09-07__99_SOURCE_BUNDLES__INV-033_BUNDLE/INV-033_SHA256.txt,809,e1e0ca4c08d99fda664d5237bdfb1997cd373fa7ea3fb18e6298066dbc46ca34
02_MASTER_EVIDENCE_BASE/03_INVESTIGATIONS/02_EXPANDED_ARCHIVES/DEMOCRACY_INFLUENCE_ALL_INVESTIGATIONS_2026-09-07/__NESTED_EXPANDED__/DEMOCRACY_INFLUENCE_ALL_INVESTIGATIONS_2026-09-07__99_SOURCE_BUNDLES__INV-033_BUNDLE/INVESTIGATION_REGISTRY.csv,98510,2448631cfc5573761370ff23a35ab22b3293b063b1a9fcf8898abc480bead111
02_MASTER_EVIDENCE_BASE/03_INVESTIGATIONS/02_EXPANDED_ARCHIVES/DEMOCRACY_INFLUENCE_ALL_INVESTIGATIONS_2026-09-07/__NESTED_EXPANDED__/DEMOCRACY_INFLUENCE_ALL_INVESTIGATIONS_2026-09-07__99_SOURCE_BUNDLES__INV-033_BUNDLE/PRE_VERIFY.txt,588,5ebfb6d7c685f6d22380fbdfe6e2346344500edc7554dd8445c5688fd5e93300
02_MASTER_EVIDENCE_BASE/03_INVESTIGATIONS/02_EXPANDED_ARCHIVES/DEMOCRACY_INFLUENCE_ALL_INVESTIGATIONS_2026-09-07/__NESTED_EXPANDED__/DEMOCRACY_INFLUENCE_ALL_INVESTIGATIONS_2026-09-07__99_SOURCE_BUNDLES__INV-033_BUNDLE/TRACELOG.md,20060,19fbb1806aa38bbee1ad12857a36d1d28ce16791f9897a01877d23f4b70d8c7b
02_MASTER_EVIDENCE_BASE/03_INVESTIGATIONS/02_EXPANDED_ARCHIVES/DEMOCRACY_INFLUENCE_ALL_INVESTIGATIONS_2026-09-07/__NESTED_EXPANDED__/DEMOCRACY_INFLUENCE_ALL_INVESTIGATIONS_2026-09-07__99_SOURCE_BUNDLES__INV-039_BUNDLE/INV-039/2026-09-06_16-39_pouvoir-institutions-ue_CERTIFICATION.json,591,ce17430d3a8f9839315969456a9ffb66f07199141c604bfbd9a6478c4cedb3f5
02_MASTER_EVIDENCE_BASE/03_INVESTIGATIONS/02_EXPANDED_ARCHIVES/DEMOCRACY_INFLUENCE_ALL_INVESTIGATIONS_2026-09-07/__NESTED_EXPANDED__/DEMOCRACY_INFLUENCE_ALL_INVESTIGATIONS_2026-09-07__99_SOURCE_BUNDLES__INV-039_BUNDLE/INV-039/2026-09-06_16-39_pouvoir-institutions-ue_INPUT.md,2331,587a77b12e931cd4310d83d06110705744826db2186d4c8b1da0f16fa25510a6
02_MASTER_EVIDENCE_BASE/03_INVESTIGATIONS/02_EXPANDED_ARCHIVES/DEMOCRACY_INFLUENCE_ALL_INVESTIGATIONS_2026-09-07/__NESTED_EXPANDED__/DEMOCRACY_INFLUENCE_ALL_INVESTIGATIONS_2026-09-07__99_SOURCE_BUNDLES__INV-039_BUNDLE/INV-039/2026-09-06_16-39_pouvoir-institutions-ue_INVESTIGATION.md,65855,ca5113fdeba13fe444538d3d76cc80227d811a50356a002398312d16e1838e8c
02_MASTER_EVIDENCE_BASE/03_INVESTIGATIONS/02_EXPANDED_ARCHIVES/DEMOCRACY_INFLUENCE_ALL_INVESTIGATIONS_2026-09-07/__NESTED_EXPANDED__/DEMOCRACY_INFLUENCE_ALL_INVESTIGATIONS_2026-09-07__99_SOURCE_BUNDLES__INV-039_BUNDLE/INV-039/2026-09-06_16-39_pouvoir-institutions-ue_MNEMO_SNAPSHOT.json,10063,c8b917d1739d77c63de717e9642971674a106596660a60853fceb5090f1dd28b
02_MASTER_EVIDENCE_BASE/03_INVESTIGATIONS/02_EXPANDED_ARCHIVES/DEMOCRACY_INFLUENCE_ALL_INVESTIGATIONS_2026-09-07/__NESTED_EXPANDED__/DEMOCRACY_INFLUENCE_ALL_INVESTIGATIONS_2026-09-07__99_SOURCE_BUNDLES__INV-039_BUNDLE/INV-039/2026-09-06_16-39_pouvoir-institutions-ue_NARRATIVE.tmp.md,13712,1293e484228b4d0c990543480750e0e2231e52e76d2b169fd74ff7254c361cb1
02_MASTER_EVIDENCE_BASE/03_INVESTIGATIONS/02_EXPANDED_ARCHIVES/DEMOCRACY_INFLUENCE_ALL_INVESTIGATIONS_2026-09-07/__NESTED_EXPANDED__/DEMOCRACY_INFLUENCE_ALL_INVESTIGATIONS_2026-09-07__99_SOURCE_BUNDLES__INV-039_BUNDLE/INV-039/2026-09-06_16-39_pouvoir-institutions-ue_RUN_STATE.json,52925,f8ad9e0c60236005c9df4cd011004150c40ad01a1332233a7c826ab2291fae45
02_MASTER_EVIDENCE_BASE/03_INVESTIGATIONS/02_EXPANDED_ARCHIVES/DEMOCRACY_INFLUENCE_ALL_INVESTIGATIONS_2026-09-07/__NESTED_EXPANDED__/DEMOCRACY_INFLUENCE_ALL_INVESTIGATIONS_2026-09-07__99_SOURCE_BUNDLES__INV-039_BUNDLE/INV-039/INV-039_POST_RUN_REVIEW.md,2596,af3a9bcc5dcf952c49f698c25d73317886a1930e731544915f341031f8d3225f
02_MASTER_EVIDENCE_BASE/03_INVESTIGATIONS/02_EXPANDED_ARCHIVES/DEMOCRACY_INFLUENCE_ALL_INVESTIGATIONS_2026-09-07/__NESTED_EXPANDED__/DEMOCRACY_INFLUENCE_ALL_INVESTIGATIONS_2026-09-07__99_SOURCE_BUNDLES__INV-039_BUNDLE/INV-039/INV-039_RUN_CARD.md,2331,587a77b12e931cd4310d83d06110705744826db2186d4c8b1da0f16fa25510a6
02_MASTER_EVIDENCE_BASE/03_INVESTIGATIONS/02_EXPANDED_ARCHIVES/DEMOCRACY_INFLUENCE_ALL_INVESTIGATIONS_2026-09-07/__NESTED_EXPANDED__/DEMOCRACY_INFLUENCE_ALL_INVESTIGATIONS_2026-09-07__99_SOURCE_BUNDLES__INV-039_BUNDLE/INV-039/INV-039_RUN_HANDOFF.md,3796,f161f85f3b3e4ac598054a114b461a01b480ef2fb646c39112e3ff7df8733748
02_MASTER_EVIDENCE_BASE/03_INVESTIGATIONS/02_EXPANDED_ARCHIVES/DEMOCRACY_INFLUENCE_ALL_INVESTIGATIONS_2026-09-07/__NESTED_EXPANDED__/DEMOCRACY_INFLUENCE_ALL_INVESTIGATIONS_2026-09-07__99_SOURCE_BUNDLES__INV-044_BUNDLE/INV-044_CERTIFICATION.json,591,07c3a634469b838828334965b5eaaed67aade0c3f7364f6a6b12258810b4bf1b
02_MASTER_EVIDENCE_BASE/03_INVESTIGATIONS/02_EXPANDED_ARCHIVES/DEMOCRACY_INFLUENCE_ALL_INVESTIGATIONS_2026-09-07/__NESTED_EXPANDED__/DEMOCRACY_INFLUENCE_ALL_INVESTIGATIONS_2026-09-07__99_SOURCE_BUNDLES__INV-044_BUNDLE/INV-044_DELIVERY_GATE.json,591,07c3a634469b838828334965b5eaaed67aade0c3f7364f6a6b12258810b4bf1b
02_MASTER_EVIDENCE_BASE/03_INVESTIGATIONS/02_EXPANDED_ARCHIVES/DEMOCRACY_INFLUENCE_ALL_INVESTIGATIONS_2026-09-07/__NESTED_EXPANDED__/DEMOCRACY_INFLUENCE_ALL_INVESTIGATIONS_2026-09-07__99_SOURCE_BUNDLES__INV-044_BUNDLE/INV-044_INPUT.txt,2482,e93f3c9bdbfcf70fc104c67a3688dc676401806accac9b4ed44a1a2b09760a33
02_MASTER_EVIDENCE_BASE/03_INVESTIGATIONS/02_EXPANDED_ARCHIVES/DEMOCRACY_INFLUENCE_ALL_INVESTIGATIONS_2026-09-07/__NESTED_EXPANDED__/DEMOCRACY_INFLUENCE_ALL_INVESTIGATIONS_2026-09-07__99_SOURCE_BUNDLES__INV-044_BUNDLE/INV-044_INVESTIGATION.md,80391,5b8a802a0d20c786ff174fa2906daf769884837c8ba88a6e0b64bb3275fc34af
02_MASTER_EVIDENCE_BASE/03_INVESTIGATIONS/02_EXPANDED_ARCHIVES/DEMOCRACY_INFLUENCE_ALL_INVESTIGATIONS_2026-09-07/__NESTED_EXPANDED__/DEMOCRACY_INFLUENCE_ALL_INVESTIGATIONS_2026-09-07__99_SOURCE_BUNDLES__INV-044_BUNDLE/INV-044_MNEMO_SNAPSHOT.json,14879,353fdeef4d33a325aa4b27fab05f504f5f6004a09889f9406c141c1c6e0360f2
02_MASTER_EVIDENCE_BASE/03_INVESTIGATIONS/02_EXPANDED_ARCHIVES/DEMOCRACY_INFLUENCE_ALL_INVESTIGATIONS_2026-09-07/__NESTED_EXPANDED__/DEMOCRACY_INFLUENCE_ALL_INVESTIGATIONS_2026-09-07__99_SOURCE_BUNDLES__INV-044_BUNDLE/INV-044_NARRATIVE.tmp.md,18555,7a408911092b00479bc4a9ab5ddf8dfd913b45df4867b8e2cafe6378e5aae57a
02_MASTER_EVIDENCE_BASE/03_INVESTIGATIONS/02_EXPANDED_ARCHIVES/DEMOCRACY_INFLUENCE_ALL_INVESTIGATIONS_2026-09-07/__NESTED_EXPANDED__/DEMOCRACY_INFLUENCE_ALL_INVESTIGATIONS_2026-09-07__99_SOURCE_BUNDLES__INV-044_BUNDLE/INV-044_POST_RUN_REVIEW.md,2819,d96500b470abb66659a864112fff49b91117e3f285c79856548a566fe0ac5437
02_MASTER_EVIDENCE_BASE/03_INVESTIGATIONS/02_EXPANDED_ARCHIVES/DEMOCRACY_INFLUENCE_ALL_INVESTIGATIONS_2026-09-07/__NESTED_EXPANDED__/DEMOCRACY_INFLUENCE_ALL_INVESTIGATIONS_2026-09-07__99_SOURCE_BUNDLES__INV-044_BUNDLE/INV-044_PRE_GATE.json,586,a85bc29c6b2197ca61a339d079a7e91064b298dcfab2c7d7f6a921e425648e8e
02_MASTER_EVIDENCE_BASE/03_INVESTIGATIONS/02_EXPANDED_ARCHIVES/DEMOCRACY_INFLUENCE_ALL_INVESTIGATIONS_2026-09-07/__NESTED_EXPANDED__/DEMOCRACY_INFLUENCE_ALL_INVESTIGATIONS_2026-09-07__99_SOURCE_BUNDLES__INV-044_BUNDLE/INV-044_RUN_CARD.md,2482,e93f3c9bdbfcf70fc104c67a3688dc676401806accac9b4ed44a1a2b09760a33
02_MASTER_EVIDENCE_BASE/03_INVESTIGATIONS/02_EXPANDED_ARCHIVES/DEMOCRACY_INFLUENCE_ALL_INVESTIGATIONS_2026-09-07/__NESTED_EXPANDED__/DEMOCRACY_INFLUENCE_ALL_INVESTIGATIONS_2026-09-07__99_SOURCE_BUNDLES__INV-044_BUNDLE/INV-044_RUN_HANDOFF.md,2010,e3c7258c52842e0cd0a4b425c1ea35ecd0ea452653b75c341ba205aacf4d761f
02_MASTER_EVIDENCE_BASE/03_INVESTIGATIONS/02_EXPANDED_ARCHIVES/DEMOCRACY_INFLUENCE_ALL_INVESTIGATIONS_2026-09-07/__NESTED_EXPANDED__/DEMOCRACY_INFLUENCE_ALL_INVESTIGATIONS_2026-09-07__99_SOURCE_BUNDLES__INV-044_BUNDLE/INV-044_RUN_STATE.json,62480,3ba2778c9a505eaa032930652c2ea22e38112348ba78bab6f9b301bbc7fcd5d4
02_MASTER_EVIDENCE_BASE/03_INVESTIGATIONS/02_EXPANDED_ARCHIVES/DEMOCRACY_INFLUENCE_ALL_INVESTIGATIONS_2026-09-07/__NESTED_EXPANDED__/DEMOCRACY_INFLUENCE_ALL_INVESTIGATIONS_2026-09-07__99_SOURCE_BUNDLES__INV-044_BUNDLE/INV-044_SHA256.txt,905,002ac8c26cfe9a181e388d64f4dabc4e19cbfd12fc801626ccbcf635735d06ae
02_MASTER_EVIDENCE_BASE/03_INVESTIGATIONS/02_EXPANDED_ARCHIVES/DEMOCRACY_INFLUENCE_ALL_INVESTIGATIONS_2026-09-07/__NESTED_EXPANDED__/DEMOCRACY_INFLUENCE_ALL_INVESTIGATIONS_2026-09-07__99_SOURCE_BUNDLES__INV-054_BUNDLE/INV-054_CERTIFICATION.json,593,858640adaca67e824e696957d53766e461a2c4d58c54f206aaa5b20565f15029
02_MASTER_EVIDENCE_BASE/03_INVESTIGATIONS/02_EXPANDED_ARCHIVES/DEMOCRACY_INFLUENCE_ALL_INVESTIGATIONS_2026-09-07/__NESTED_EXPANDED__/DEMOCRACY_INFLUENCE_ALL_INVESTIGATIONS_2026-09-07__99_SOURCE_BUNDLES__INV-054_BUNDLE/INV-054_DELIVERY_GATE.log,593,858640adaca67e824e696957d53766e461a2c4d58c54f206aaa5b20565f15029
02_MASTER_EVIDENCE_BASE/03_INVESTIGATIONS/02_EXPANDED_ARCHIVES/DEMOCRACY_INFLUENCE_ALL_INVESTIGATIONS_2026-09-07/__NESTED_EXPANDED__/DEMOCRACY_INFLUENCE_ALL_INVESTIGATIONS_2026-09-07__99_SOURCE_BUNDLES__INV-054_BUNDLE/INV-054_INPUT.txt,2528,2a84951fb76acfe49c5a8202261a275b1927f327aece61a05a97a13c2dd66ec7
02_MASTER_EVIDENCE_BASE/03_INVESTIGATIONS/02_EXPANDED_ARCHIVES/DEMOCRACY_INFLUENCE_ALL_INVESTIGATIONS_2026-09-07/__NESTED_EXPANDED__/DEMOCRACY_INFLUENCE_ALL_INVESTIGATIONS_2026-09-07__99_SOURCE_BUNDLES__INV-054_BUNDLE/INV-054_INVESTIGATION.md,68354,9b02a7b42d2289c9ea2e2b0d47481f091a4bccc35118d0448f9620ab8b409c03
02_MASTER_EVIDENCE_BASE/03_INVESTIGATIONS/02_EXPANDED_ARCHIVES/DEMOCRACY_INFLUENCE_ALL_INVESTIGATIONS_2026-09-07/__NESTED_EXPANDED__/DEMOCRACY_INFLUENCE_ALL_INVESTIGATIONS_2026-09-07__99_SOURCE_BUNDLES__INV-054_BUNDLE/INV-054_MNEMO_SNAPSHOT.json,12919,f49fdbb27d474e08b5fb37b8eb38e9785bd6061b2c3c24c375b1c27b8057dec8
02_MASTER_EVIDENCE_BASE/03_INVESTIGATIONS/02_EXPANDED_ARCHIVES/DEMOCRACY_INFLUENCE_ALL_INVESTIGATIONS_2026-09-07/__NESTED_EXPANDED__/DEMOCRACY_INFLUENCE_ALL_INVESTIGATIONS_2026-09-07__99_SOURCE_BUNDLES__INV-054_BUNDLE/INV-054_NARRATIVE.tmp.md,11360,b59909d11998c9b458cdba76d3a59607c358bb0dea4084be032e38a39012ff3b
02_MASTER_EVIDENCE_BASE/03_INVESTIGATIONS/02_EXPANDED_ARCHIVES/DEMOCRACY_INFLUENCE_ALL_INVESTIGATIONS_2026-09-07/__NESTED_EXPANDED__/DEMOCRACY_INFLUENCE_ALL_INVESTIGATIONS_2026-09-07__99_SOURCE_BUNDLES__INV-054_BUNDLE/INV-054_POST_RUN_REVIEW.md,2324,77cb1075b7250f7196f87997c67bfe496468d1e0b488c9a3961f8af96b6e32e9
02_MASTER_EVIDENCE_BASE/03_INVESTIGATIONS/02_EXPANDED_ARCHIVES/DEMOCRACY_INFLUENCE_ALL_INVESTIGATIONS_2026-09-07/__NESTED_EXPANDED__/DEMOCRACY_INFLUENCE_ALL_INVESTIGATIONS_2026-09-07__99_SOURCE_BUNDLES__INV-054_BUNDLE/INV-054_PRE_GATE.log,588,eba55c8484a985b121ada134b418db0cc915f9a7f7ecc5a7c90a02a4ce1eb5d7
02_MASTER_EVIDENCE_BASE/03_INVESTIGATIONS/02_EXPANDED_ARCHIVES/DEMOCRACY_INFLUENCE_ALL_INVESTIGATIONS_2026-09-07/__NESTED_EXPANDED__/DEMOCRACY_INFLUENCE_ALL_INVESTIGATIONS_2026-09-07__99_SOURCE_BUNDLES__INV-054_BUNDLE/INV-054_RUN_CARD.md,2528,2a84951fb76acfe49c5a8202261a275b1927f327aece61a05a97a13c2dd66ec7
02_MASTER_EVIDENCE_BASE/03_INVESTIGATIONS/02_EXPANDED_ARCHIVES/DEMOCRACY_INFLUENCE_ALL_INVESTIGATIONS_2026-09-07/__NESTED_EXPANDED__/DEMOCRACY_INFLUENCE_ALL_INVESTIGATIONS_2026-09-07__99_SOURCE_BUNDLES__INV-054_BUNDLE/INV-054_RUN_HANDOFF.md,2661,64c37752d4c1dd713f6143766d652b8c6fe39981e603fcc2854d9cb71d574c1a
02_MASTER_EVIDENCE_BASE/03_INVESTIGATIONS/02_EXPANDED_ARCHIVES/DEMOCRACY_INFLUENCE_ALL_INVESTIGATIONS_2026-09-07/__NESTED_EXPANDED__/DEMOCRACY_INFLUENCE_ALL_INVESTIGATIONS_2026-09-07__99_SOURCE_BUNDLES__INV-054_BUNDLE/INV-054_RUN_STATE.json,57714,6d95ed621bc4e8fb48e80a7957e621957ed181ec0eab796963ecd16112efd7e5
02_MASTER_EVIDENCE_BASE/03_INVESTIGATIONS/02_EXPANDED_ARCHIVES/DEMOCRACY_INFLUENCE_ALL_INVESTIGATIONS_2026-09-07/__NESTED_EXPANDED__/DEMOCRACY_INFLUENCE_ALL_INVESTIGATIONS_2026-09-07__99_SOURCE_BUNDLES__INV-054_BUNDLE/INV-054_SHA256.txt,989,bafcc8fa5b9fd5b0d7e3e8638d3971a05a61be4cdbbfcf43bf7dad8e19b1cb7a
02_MASTER_EVIDENCE_BASE/03_INVESTIGATIONS/02_EXPANDED_ARCHIVES/DEMOCRACY_INFLUENCE_ALL_INVESTIGATIONS_2026-09-07/__NESTED_EXPANDED__/DEMOCRACY_INFLUENCE_ALL_INVESTIGATIONS_2026-09-07__99_SOURCE_BUNDLES__INV-081_BUNDLE/INV-081/control/INV-081_POST_RUN_REVIEW.md,3324,1adc6243d2ab1c07a7e3f6456d36dd4a27409b57171b3255744eeb38729dec5f
02_MASTER_EVIDENCE_BASE/03_INVESTIGATIONS/02_EXPANDED_ARCHIVES/DEMOCRACY_INFLUENCE_ALL_INVESTIGATIONS_2026-09-07/__NESTED_EXPANDED__/DEMOCRACY_INFLUENCE_ALL_INVESTIGATIONS_2026-09-07__99_SOURCE_BUNDLES__INV-081_BUNDLE/INV-081/control/INV-081_RUN_CARD.md,2521,aaf5026a47bda414d9f93edb98215c361a5c329671c7c543a26227f317ab7dbe
02_MASTER_EVIDENCE_BASE/03_INVESTIGATIONS/02_EXPANDED_ARCHIVES/DEMOCRACY_INFLUENCE_ALL_INVESTIGATIONS_2026-09-07/__NESTED_EXPANDED__/DEMOCRACY_INFLUENCE_ALL_INVESTIGATIONS_2026-09-07__99_SOURCE_BUNDLES__INV-081_BUNDLE/INV-081/control/INV-081_RUN_HANDOFF.md,3953,7ac635ec0f5e0726c2cd08bbf7c8d26dcc93daf688c6214ce4080a38bdb11a5f
02_MASTER_EVIDENCE_BASE/03_INVESTIGATIONS/02_EXPANDED_ARCHIVES/DEMOCRACY_INFLUENCE_ALL_INVESTIGATIONS_2026-09-07/__NESTED_EXPANDED__/DEMOCRACY_INFLUENCE_ALL_INVESTIGATIONS_2026-09-07__99_SOURCE_BUNDLES__INV-081_BUNDLE/INV-081/truth-engine/2026-09-06_15-55_propriete-medias-francais_CERTIFICATION.json,595,3b65bae77bd054903eb8a99028c49ba156c424dd3b12d799088c50ef2ff5621f
02_MASTER_EVIDENCE_BASE/03_INVESTIGATIONS/02_EXPANDED_ARCHIVES/DEMOCRACY_INFLUENCE_ALL_INVESTIGATIONS_2026-09-07/__NESTED_EXPANDED__/DEMOCRACY_INFLUENCE_ALL_INVESTIGATIONS_2026-09-07__99_SOURCE_BUNDLES__INV-081_BUNDLE/INV-081/truth-engine/2026-09-06_15-55_propriete-medias-francais_INPUT.md,2521,aaf5026a47bda414d9f93edb98215c361a5c329671c7c543a26227f317ab7dbe
02_MASTER_EVIDENCE_BASE/03_INVESTIGATIONS/02_EXPANDED_ARCHIVES/DEMOCRACY_INFLUENCE_ALL_INVESTIGATIONS_2026-09-07/__NESTED_EXPANDED__/DEMOCRACY_INFLUENCE_ALL_INVESTIGATIONS_2026-09-07__99_SOURCE_BUNDLES__INV-081_BUNDLE/INV-081/truth-engine/2026-09-06_15-55_propriete-medias-francais_INVESTIGATION.md,55747,0fc4ee6583cdc16a5f02801795f0248c30baa437239d48871390f527f478238c
02_MASTER_EVIDENCE_BASE/03_INVESTIGATIONS/02_EXPANDED_ARCHIVES/DEMOCRACY_INFLUENCE_ALL_INVESTIGATIONS_2026-09-07/__NESTED_EXPANDED__/DEMOCRACY_INFLUENCE_ALL_INVESTIGATIONS_2026-09-07__99_SOURCE_BUNDLES__INV-081_BUNDLE/INV-081/truth-engine/2026-09-06_15-55_propriete-medias-francais_MNEMO_SNAPSHOT.json,9231,3ebbf70afaf4cca3fc05e181d920d6247514681a486d3231b3870b8a2809b07a
02_MASTER_EVIDENCE_BASE/03_INVESTIGATIONS/02_EXPANDED_ARCHIVES/DEMOCRACY_INFLUENCE_ALL_INVESTIGATIONS_2026-09-07/__NESTED_EXPANDED__/DEMOCRACY_INFLUENCE_ALL_INVESTIGATIONS_2026-09-07__99_SOURCE_BUNDLES__INV-081_BUNDLE/INV-081/truth-engine/2026-09-06_15-55_propriete-medias-francais_NARRATIVE.tmp.md,5265,4a4de2d18f04b2856161a7ce36d9f375da9a63ec81c3b23f9db57453eb8cb2aa
02_MASTER_EVIDENCE_BASE/03_INVESTIGATIONS/02_EXPANDED_ARCHIVES/DEMOCRACY_INFLUENCE_ALL_INVESTIGATIONS_2026-09-07/__NESTED_EXPANDED__/DEMOCRACY_INFLUENCE_ALL_INVESTIGATIONS_2026-09-07__99_SOURCE_BUNDLES__INV-081_BUNDLE/INV-081/truth-engine/2026-09-06_15-55_propriete-medias-francais_RUN_STATE.json,51511,138563ff7c58a71171d84ae00d3c30b604d3b07fae9491dd3f2593194ce72116
02_MASTER_EVIDENCE_BASE/03_INVESTIGATIONS/02_EXPANDED_ARCHIVES/DEMOCRACY_INFLUENCE_ALL_INVESTIGATIONS_2026-09-07/__NESTED_EXPANDED__/DEMOCRACY_INFLUENCE_ALL_INVESTIGATIONS_2026-09-07__99_SOURCE_BUNDLES__INV-093_BUNDLE/INV-093_CERTIFICATION.json,595,6eec8b50603aa6412e3061ca093d6a5802c89d4354caa9f175b7eb7b6ea410bc
02_MASTER_EVIDENCE_BASE/03_INVESTIGATIONS/02_EXPANDED_ARCHIVES/DEMOCRACY_INFLUENCE_ALL_INVESTIGATIONS_2026-09-07/__NESTED_EXPANDED__/DEMOCRACY_INFLUENCE_ALL_INVESTIGATIONS_2026-09-07__99_SOURCE_BUNDLES__INV-093_BUNDLE/INV-093_DELIVERY_GATE.log,595,6eec8b50603aa6412e3061ca093d6a5802c89d4354caa9f175b7eb7b6ea410bc
02_MASTER_EVIDENCE_BASE/03_INVESTIGATIONS/02_EXPANDED_ARCHIVES/DEMOCRACY_INFLUENCE_ALL_INVESTIGATIONS_2026-09-07/__NESTED_EXPANDED__/DEMOCRACY_INFLUENCE_ALL_INVESTIGATIONS_2026-09-07__99_SOURCE_BUNDLES__INV-093_BUNDLE/INV-093_INPUT.txt,2547,1024cec0816e579bf11b7c97fb511042c3dff509de0a1118bfb765938a48563e
02_MASTER_EVIDENCE_BASE/03_INVESTIGATIONS/02_EXPANDED_ARCHIVES/DEMOCRACY_INFLUENCE_ALL_INVESTIGATIONS_2026-09-07/__NESTED_EXPANDED__/DEMOCRACY_INFLUENCE_ALL_INVESTIGATIONS_2026-09-07__99_SOURCE_BUNDLES__INV-093_BUNDLE/INV-093_INVESTIGATION.md,73465,550bb01304486c054564e48da1a4482ac937e1e00f2865a2acec21a5f167d393
02_MASTER_EVIDENCE_BASE/03_INVESTIGATIONS/02_EXPANDED_ARCHIVES/DEMOCRACY_INFLUENCE_ALL_INVESTIGATIONS_2026-09-07/__NESTED_EXPANDED__/DEMOCRACY_INFLUENCE_ALL_INVESTIGATIONS_2026-09-07__99_SOURCE_BUNDLES__INV-093_BUNDLE/INV-093_MNEMO_SNAPSHOT.json,14807,28c3d83676e4525d372d967b1da87adf23e70b416d5c0c89541cb3242e93bbad
02_MASTER_EVIDENCE_BASE/03_INVESTIGATIONS/02_EXPANDED_ARCHIVES/DEMOCRACY_INFLUENCE_ALL_INVESTIGATIONS_2026-09-07/__NESTED_EXPANDED__/DEMOCRACY_INFLUENCE_ALL_INVESTIGATIONS_2026-09-07__99_SOURCE_BUNDLES__INV-093_BUNDLE/INV-093_NARRATIVE.tmp.md,12575,5f1ffe830d7cec97e1f7c0bcf8ed98210bbae07925a49781184a9aed4a3f0272
02_MASTER_EVIDENCE_BASE/03_INVESTIGATIONS/02_EXPANDED_ARCHIVES/DEMOCRACY_INFLUENCE_ALL_INVESTIGATIONS_2026-09-07/__NESTED_EXPANDED__/DEMOCRACY_INFLUENCE_ALL_INVESTIGATIONS_2026-09-07__99_SOURCE_BUNDLES__INV-093_BUNDLE/INV-093_POST_RUN_REVIEW.md,2620,876a0994c8a2c74847f6f977f44d8ac933f7319f099a45f2bd1a63291d4f62fe
02_MASTER_EVIDENCE_BASE/03_INVESTIGATIONS/02_EXPANDED_ARCHIVES/DEMOCRACY_INFLUENCE_ALL_INVESTIGATIONS_2026-09-07/__NESTED_EXPANDED__/DEMOCRACY_INFLUENCE_ALL_INVESTIGATIONS_2026-09-07__99_SOURCE_BUNDLES__INV-093_BUNDLE/INV-093_PRE_GATE.log,590,b233dacaaf8e5fa54b1dc3b519b7cd525652115f8137c4748d4db6d22db2d3b6
02_MASTER_EVIDENCE_BASE/03_INVESTIGATIONS/02_EXPANDED_ARCHIVES/DEMOCRACY_INFLUENCE_ALL_INVESTIGATIONS_2026-09-07/__NESTED_EXPANDED__/DEMOCRACY_INFLUENCE_ALL_INVESTIGATIONS_2026-09-07__99_SOURCE_BUNDLES__INV-093_BUNDLE/INV-093_RUN_CARD.md,2547,1024cec0816e579bf11b7c97fb511042c3dff509de0a1118bfb765938a48563e
02_MASTER_EVIDENCE_BASE/03_INVESTIGATIONS/02_EXPANDED_ARCHIVES/DEMOCRACY_INFLUENCE_ALL_INVESTIGATIONS_2026-09-07/__NESTED_EXPANDED__/DEMOCRACY_INFLUENCE_ALL_INVESTIGATIONS_2026-09-07__99_SOURCE_BUNDLES__INV-093_BUNDLE/INV-093_RUN_HANDOFF.md,2602,0b0feab1eab4df6e1799ac2bb16b7ad0d89bbfd9130fa886690c1e4c19c1b3d5
02_MASTER_EVIDENCE_BASE/03_INVESTIGATIONS/02_EXPANDED_ARCHIVES/DEMOCRACY_INFLUENCE_ALL_INVESTIGATIONS_2026-09-07/__NESTED_EXPANDED__/DEMOCRACY_INFLUENCE_ALL_INVESTIGATIONS_2026-09-07__99_SOURCE_BUNDLES__INV-093_BUNDLE/INV-093_RUN_STATE.json,61622,7f507d93ddeddbcf0c7825f19dd1b7b089126219906894efa2533cd635c13fb8
02_MASTER_EVIDENCE_BASE/03_INVESTIGATIONS/02_EXPANDED_ARCHIVES/DEMOCRACY_INFLUENCE_ALL_INVESTIGATIONS_2026-09-07/__NESTED_EXPANDED__/DEMOCRACY_INFLUENCE_ALL_INVESTIGATIONS_2026-09-07__99_SOURCE_BUNDLES__INV-093_BUNDLE/INV-093_SHA256.txt,1239,10703300fc1aac0fa5597dd74df99fa43f9b2e601e8aeb07acc4173265d7dd94
02_MASTER_EVIDENCE_BASE/03_INVESTIGATIONS/02_EXPANDED_ARCHIVES/DEMOCRACY_INFLUENCE_ALL_INVESTIGATIONS_2026-09-07/__NESTED_EXPANDED__/DEMOCRACY_INFLUENCE_ALL_INVESTIGATIONS_2026-09-07__99_SOURCE_BUNDLES__INV-100_BUNDLE/INV-100_CERTIFICATION.json,601,cc5306de0e1ecfcf76b061cf7efeb91914f2741cbd58c9ce51f80a84122bd966
02_MASTER_EVIDENCE_BASE/03_INVESTIGATIONS/02_EXPANDED_ARCHIVES/DEMOCRACY_INFLUENCE_ALL_INVESTIGATIONS_2026-09-07/__NESTED_EXPANDED__/DEMOCRACY_INFLUENCE_ALL_INVESTIGATIONS_2026-09-07__99_SOURCE_BUNDLES__INV-100_BUNDLE/INV-100_DELIVERY_GATE.json,600,f5536c5ca3824bba14a328f5a836f7015eb2350e98afbac9f2e1ed9bab279240
02_MASTER_EVIDENCE_BASE/03_INVESTIGATIONS/02_EXPANDED_ARCHIVES/DEMOCRACY_INFLUENCE_ALL_INVESTIGATIONS_2026-09-07/__NESTED_EXPANDED__/DEMOCRACY_INFLUENCE_ALL_INVESTIGATIONS_2026-09-07__99_SOURCE_BUNDLES__INV-100_BUNDLE/INV-100_INPUT.txt,2239,b2cb293b8a8f4df17a11640248479e706c08517230c798b1222522fb2c3f4c4e
02_MASTER_EVIDENCE_BASE/03_INVESTIGATIONS/02_EXPANDED_ARCHIVES/DEMOCRACY_INFLUENCE_ALL_INVESTIGATIONS_2026-09-07/__NESTED_EXPANDED__/DEMOCRACY_INFLUENCE_ALL_INVESTIGATIONS_2026-09-07__99_SOURCE_BUNDLES__INV-100_BUNDLE/INV-100_INVESTIGATION.md,72296,12a9cb06c54fbab16dba416a39b4c1e1355d76c67a492da577bdffb117e0d39e
02_MASTER_EVIDENCE_BASE/03_INVESTIGATIONS/02_EXPANDED_ARCHIVES/DEMOCRACY_INFLUENCE_ALL_INVESTIGATIONS_2026-09-07/__NESTED_EXPANDED__/DEMOCRACY_INFLUENCE_ALL_INVESTIGATIONS_2026-09-07__99_SOURCE_BUNDLES__INV-100_BUNDLE/INV-100_MNEMO_SNAPSHOT.json,14379,05efc4c9cbb536da523e1da936d7ab1d36e31fe2b2750f9331628f1bd45db436
02_MASTER_EVIDENCE_BASE/03_INVESTIGATIONS/02_EXPANDED_ARCHIVES/DEMOCRACY_INFLUENCE_ALL_INVESTIGATIONS_2026-09-07/__NESTED_EXPANDED__/DEMOCRACY_INFLUENCE_ALL_INVESTIGATIONS_2026-09-07__99_SOURCE_BUNDLES__INV-100_BUNDLE/INV-100_NARRATIVE.tmp.md,12293,d5141bb4c515fcc9edd9fc6216858f29a433a050f30b14d33684231fe08bd526
02_MASTER_EVIDENCE_BASE/03_INVESTIGATIONS/02_EXPANDED_ARCHIVES/DEMOCRACY_INFLUENCE_ALL_INVESTIGATIONS_2026-09-07/__NESTED_EXPANDED__/DEMOCRACY_INFLUENCE_ALL_INVESTIGATIONS_2026-09-07__99_SOURCE_BUNDLES__INV-100_BUNDLE/INV-100_POST_RUN_REVIEW.md,3265,a50e6f5a148acdeae5c2c5a0e04eed9ccd63acee48467ec5836721803f06debf
02_MASTER_EVIDENCE_BASE/03_INVESTIGATIONS/02_EXPANDED_ARCHIVES/DEMOCRACY_INFLUENCE_ALL_INVESTIGATIONS_2026-09-07/__NESTED_EXPANDED__/DEMOCRACY_INFLUENCE_ALL_INVESTIGATIONS_2026-09-07__99_SOURCE_BUNDLES__INV-100_BUNDLE/INV-100_PRE_GATE.json,596,4597b27cbc85db4734b856a46119824c9ccd3a017448b9907339262ad54fb4f3
02_MASTER_EVIDENCE_BASE/03_INVESTIGATIONS/02_EXPANDED_ARCHIVES/DEMOCRACY_INFLUENCE_ALL_INVESTIGATIONS_2026-09-07/__NESTED_EXPANDED__/DEMOCRACY_INFLUENCE_ALL_INVESTIGATIONS_2026-09-07__99_SOURCE_BUNDLES__INV-100_BUNDLE/INV-100_RUN_CARD.md,2239,b2cb293b8a8f4df17a11640248479e706c08517230c798b1222522fb2c3f4c4e
02_MASTER_EVIDENCE_BASE/03_INVESTIGATIONS/02_EXPANDED_ARCHIVES/DEMOCRACY_INFLUENCE_ALL_INVESTIGATIONS_2026-09-07/__NESTED_EXPANDED__/DEMOCRACY_INFLUENCE_ALL_INVESTIGATIONS_2026-09-07__99_SOURCE_BUNDLES__INV-100_BUNDLE/INV-100_RUN_HANDOFF.md,1524,aa8fb0bf28eb888c88e5c913703a9e5d008ab7dc73bd3e052e193dc98bd385e6
02_MASTER_EVIDENCE_BASE/03_INVESTIGATIONS/02_EXPANDED_ARCHIVES/DEMOCRACY_INFLUENCE_ALL_INVESTIGATIONS_2026-09-07/__NESTED_EXPANDED__/DEMOCRACY_INFLUENCE_ALL_INVESTIGATIONS_2026-09-07__99_SOURCE_BUNDLES__INV-100_BUNDLE/INV-100_RUN_STATE.json,60037,e7f622a0ecac98a16e3ce093bb8af8c72111f6027f45bc2138953f8de10cc95f
02_MASTER_EVIDENCE_BASE/03_INVESTIGATIONS/02_EXPANDED_ARCHIVES/DEMOCRACY_INFLUENCE_ALL_INVESTIGATIONS_2026-09-07/__NESTED_EXPANDED__/DEMOCRACY_INFLUENCE_ALL_INVESTIGATIONS_2026-09-07__99_SOURCE_BUNDLES__INV-100_BUNDLE/INV-100_SHA256.txt,991,009d4a9c050ea0495718a50f79cd7aa3b369a495449ddd63a930432adcd98378
02_MASTER_EVIDENCE_BASE/03_INVESTIGATIONS/02_EXPANDED_ARCHIVES/DEMOCRACY_INFLUENCE_ALL_INVESTIGATIONS_2026-09-07/__NESTED_EXPANDED__/DEMOCRACY_INFLUENCE_ALL_INVESTIGATIONS_2026-09-07__99_SOURCE_BUNDLES__INV-103_BUNDLE/INV-103/INV-103_PILOT_REVIEW.md,3099,afd4da3581a385f789774bc774282b3f99b88aa24380de82365d184fdfd5b514
02_MASTER_EVIDENCE_BASE/03_INVESTIGATIONS/02_EXPANDED_ARCHIVES/DEMOCRACY_INFLUENCE_ALL_INVESTIGATIONS_2026-09-07/__NESTED_EXPANDED__/DEMOCRACY_INFLUENCE_ALL_INVESTIGATIONS_2026-09-07__99_SOURCE_BUNDLES__INV-103_BUNDLE/INV-103/INV-103_RUN_HANDOFF.md,3606,b5bfb845e9f5ee571f577313a973c6bf15556ef64ebe63b5829d20f3c45f873f
02_MASTER_EVIDENCE_BASE/03_INVESTIGATIONS/02_EXPANDED_ARCHIVES/DEMOCRACY_INFLUENCE_ALL_INVESTIGATIONS_2026-09-07/__NESTED_EXPANDED__/DEMOCRACY_INFLUENCE_ALL_INVESTIGATIONS_2026-09-07__99_SOURCE_BUNDLES__INV-103_BUNDLE/INV-103/_CERTIFICATION.json,615,6939bbaa93d43bcec5559dcd7a73618d463b198f883126763c635de2338b20fc
02_MASTER_EVIDENCE_BASE/03_INVESTIGATIONS/02_EXPANDED_ARCHIVES/DEMOCRACY_INFLUENCE_ALL_INVESTIGATIONS_2026-09-07/__NESTED_EXPANDED__/DEMOCRACY_INFLUENCE_ALL_INVESTIGATIONS_2026-09-07__99_SOURCE_BUNDLES__INV-103_BUNDLE/INV-103/_INPUT.md,2169,9b5bee0c0312885ec7574edc58274ef80c4362376620424e90aedd3045d6a7c7
02_MASTER_EVIDENCE_BASE/03_INVESTIGATIONS/02_EXPANDED_ARCHIVES/DEMOCRACY_INFLUENCE_ALL_INVESTIGATIONS_2026-09-07/__NESTED_EXPANDED__/DEMOCRACY_INFLUENCE_ALL_INVESTIGATIONS_2026-09-07__99_SOURCE_BUNDLES__INV-103_BUNDLE/INV-103/_INVESTIGATION.md,46590,41d0b8d330aae2da557e97437cfc8fd4ba844005c606556571cfae853508a2da
02_MASTER_EVIDENCE_BASE/03_INVESTIGATIONS/02_EXPANDED_ARCHIVES/DEMOCRACY_INFLUENCE_ALL_INVESTIGATIONS_2026-09-07/__NESTED_EXPANDED__/DEMOCRACY_INFLUENCE_ALL_INVESTIGATIONS_2026-09-07__99_SOURCE_BUNDLES__INV-103_BUNDLE/INV-103/_MNEMO_SNAPSHOT.json,9734,34c65386beb45b5d886eb83e12d85515137e30494586d5dde1e382d069530a82
02_MASTER_EVIDENCE_BASE/03_INVESTIGATIONS/02_EXPANDED_ARCHIVES/DEMOCRACY_INFLUENCE_ALL_INVESTIGATIONS_2026-09-07/__NESTED_EXPANDED__/DEMOCRACY_INFLUENCE_ALL_INVESTIGATIONS_2026-09-07__99_SOURCE_BUNDLES__INV-103_BUNDLE/INV-103/_NARRATIVE.tmp.md,3180,f015b8b0505577bda825843d67728421b89dedadd8a4399e8ad1dcbcd728a488
02_MASTER_EVIDENCE_BASE/03_INVESTIGATIONS/02_EXPANDED_ARCHIVES/DEMOCRACY_INFLUENCE_ALL_INVESTIGATIONS_2026-09-07/__NESTED_EXPANDED__/DEMOCRACY_INFLUENCE_ALL_INVESTIGATIONS_2026-09-07__99_SOURCE_BUNDLES__INV-103_BUNDLE/INV-103/_RUN_STATE.json,43417,1d18fae4df92884883a198ff51cf1b9681f29cab00dd3116bd669ff0d12fede0
02_MASTER_EVIDENCE_BASE/03_INVESTIGATIONS/02_EXPANDED_ARCHIVES/DEMOCRACY_INFLUENCE_ALL_INVESTIGATIONS_2026-09-07/__NESTED_EXPANDED__/DEMOCRACY_INFLUENCE_ALL_INVESTIGATIONS_2026-09-07__99_SOURCE_BUNDLES__INV-128_BUNDLE/INV-128/INV-128_CERTIFICATION.json,581,53aa3196657f4d06c2299265fa76cddf1befc4e6c4761f1b1a057a63956c1829
02_MASTER_EVIDENCE_BASE/03_INVESTIGATIONS/02_EXPANDED_ARCHIVES/DEMOCRACY_INFLUENCE_ALL_INVESTIGATIONS_2026-09-07/__NESTED_EXPANDED__/DEMOCRACY_INFLUENCE_ALL_INVESTIGATIONS_2026-09-07__99_SOURCE_BUNDLES__INV-128_BUNDLE/INV-128/INV-128_INPUT.txt,2434,0d7909dfd828e3c222322bdf7365c5cb511a5b8c5537b28e2b04fd4c501a8f0e
02_MASTER_EVIDENCE_BASE/03_INVESTIGATIONS/02_EXPANDED_ARCHIVES/DEMOCRACY_INFLUENCE_ALL_INVESTIGATIONS_2026-09-07/__NESTED_EXPANDED__/DEMOCRACY_INFLUENCE_ALL_INVESTIGATIONS_2026-09-07__99_SOURCE_BUNDLES__INV-128_BUNDLE/INV-128/INV-128_INVESTIGATION.md,69898,f75c96e5b32e77d14e87ad78af1711c01c46023a2bfc62366f1f327cd6244053
02_MASTER_EVIDENCE_BASE/03_INVESTIGATIONS/02_EXPANDED_ARCHIVES/DEMOCRACY_INFLUENCE_ALL_INVESTIGATIONS_2026-09-07/__NESTED_EXPANDED__/DEMOCRACY_INFLUENCE_ALL_INVESTIGATIONS_2026-09-07__99_SOURCE_BUNDLES__INV-128_BUNDLE/INV-128/INV-128_MNEMO_SNAPSHOT.json,12111,6f9a74f7c985d39210eee1f0b9d7cda32ac240fd754d86ade315bb5a4c2032ac
02_MASTER_EVIDENCE_BASE/03_INVESTIGATIONS/02_EXPANDED_ARCHIVES/DEMOCRACY_INFLUENCE_ALL_INVESTIGATIONS_2026-09-07/__NESTED_EXPANDED__/DEMOCRACY_INFLUENCE_ALL_INVESTIGATIONS_2026-09-07__99_SOURCE_BUNDLES__INV-128_BUNDLE/INV-128/INV-128_NARRATIVE.tmp.md,14564,a6d6391201a8cefe965694a01344726109f26dea46873a6295885be188427d8b
02_MASTER_EVIDENCE_BASE/03_INVESTIGATIONS/02_EXPANDED_ARCHIVES/DEMOCRACY_INFLUENCE_ALL_INVESTIGATIONS_2026-09-07/__NESTED_EXPANDED__/DEMOCRACY_INFLUENCE_ALL_INVESTIGATIONS_2026-09-07__99_SOURCE_BUNDLES__INV-128_BUNDLE/INV-128/INV-128_POST_RUN_REVIEW.md,2881,f1d27435d96ed212b4d50e22102b1beb7b0c4f9426c5f46c5ad4a7351f688920
02_MASTER_EVIDENCE_BASE/03_INVESTIGATIONS/02_EXPANDED_ARCHIVES/DEMOCRACY_INFLUENCE_ALL_INVESTIGATIONS_2026-09-07/__NESTED_EXPANDED__/DEMOCRACY_INFLUENCE_ALL_INVESTIGATIONS_2026-09-07__99_SOURCE_BUNDLES__INV-128_BUNDLE/INV-128/INV-128_RUN_CARD.md,2434,0d7909dfd828e3c222322bdf7365c5cb511a5b8c5537b28e2b04fd4c501a8f0e
02_MASTER_EVIDENCE_BASE/03_INVESTIGATIONS/02_EXPANDED_ARCHIVES/DEMOCRACY_INFLUENCE_ALL_INVESTIGATIONS_2026-09-07/__NESTED_EXPANDED__/DEMOCRACY_INFLUENCE_ALL_INVESTIGATIONS_2026-09-07__99_SOURCE_BUNDLES__INV-128_BUNDLE/INV-128/INV-128_RUN_HANDOFF.md,4354,e6ebbe716642c098fccd8d02f7ebd4bb6677f8647b7022e530d0c83fbdfc977d
02_MASTER_EVIDENCE_BASE/03_INVESTIGATIONS/02_EXPANDED_ARCHIVES/DEMOCRACY_INFLUENCE_ALL_INVESTIGATIONS_2026-09-07/__NESTED_EXPANDED__/DEMOCRACY_INFLUENCE_ALL_INVESTIGATIONS_2026-09-07__99_SOURCE_BUNDLES__INV-128_BUNDLE/INV-128/INV-128_RUN_STATE.json,55816,5def101485cc650532a329dac98e6d87647aaaab96a9208d67c9b75337a37df4
02_MASTER_EVIDENCE_BASE/03_INVESTIGATIONS/02_EXPANDED_ARCHIVES/DEMOCRACY_INFLUENCE_ALL_INVESTIGATIONS_2026-09-07/__NESTED_EXPANDED__/DEMOCRACY_INFLUENCE_ALL_INVESTIGATIONS_2026-09-07__99_SOURCE_BUNDLES__INV-134_BUNDLE/INV-134/control/INV-134_POST_RUN_REVIEW.md,3615,bc893547b9cd5e3953859605b8c79b96a8fad8ce633122fe358ca3cf4b92fd6e
02_MASTER_EVIDENCE_BASE/03_INVESTIGATIONS/02_EXPANDED_ARCHIVES/DEMOCRACY_INFLUENCE_ALL_INVESTIGATIONS_2026-09-07/__NESTED_EXPANDED__/DEMOCRACY_INFLUENCE_ALL_INVESTIGATIONS_2026-09-07__99_SOURCE_BUNDLES__INV-134_BUNDLE/INV-134/control/INV-134_RUN_CARD.md,2160,785a52114285ad80ccf9bb44f8d39eea80e993e4a13bdd89b9669f85c42e0507
02_MASTER_EVIDENCE_BASE/03_INVESTIGATIONS/02_EXPANDED_ARCHIVES/DEMOCRACY_INFLUENCE_ALL_INVESTIGATIONS_2026-09-07/__NESTED_EXPANDED__/DEMOCRACY_INFLUENCE_ALL_INVESTIGATIONS_2026-09-07__99_SOURCE_BUNDLES__INV-134_BUNDLE/INV-134/control/INV-134_RUN_HANDOFF.md,4677,86ecbc873978c6a375d21dd9f145f299f2ba3edd8460615d040034b459e7cd6a
02_MASTER_EVIDENCE_BASE/03_INVESTIGATIONS/02_EXPANDED_ARCHIVES/DEMOCRACY_INFLUENCE_ALL_INVESTIGATIONS_2026-09-07/__NESTED_EXPANDED__/DEMOCRACY_INFLUENCE_ALL_INVESTIGATIONS_2026-09-07__99_SOURCE_BUNDLES__INV-134_BUNDLE/INV-134/control/INV-134_SHA256.txt,692,9a058418ef7f5eb78149485273f41b971e047f0c485152fe09511fea91361c96
02_MASTER_EVIDENCE_BASE/03_INVESTIGATIONS/02_EXPANDED_ARCHIVES/DEMOCRACY_INFLUENCE_ALL_INVESTIGATIONS_2026-09-07/__NESTED_EXPANDED__/DEMOCRACY_INFLUENCE_ALL_INVESTIGATIONS_2026-09-07__99_SOURCE_BUNDLES__INV-134_BUNDLE/INV-134/truth-engine/2026-09-06_18-05_attribution-ingerence_CERTIFICATION.json,587,d0604957a408ea1f6dec5b7a28895e6962fd4cc94078158bde385760a11ddfe2
02_MASTER_EVIDENCE_BASE/03_INVESTIGATIONS/02_EXPANDED_ARCHIVES/DEMOCRACY_INFLUENCE_ALL_INVESTIGATIONS_2026-09-07/__NESTED_EXPANDED__/DEMOCRACY_INFLUENCE_ALL_INVESTIGATIONS_2026-09-07__99_SOURCE_BUNDLES__INV-134_BUNDLE/INV-134/truth-engine/2026-09-06_18-05_attribution-ingerence_INPUT.txt,2160,785a52114285ad80ccf9bb44f8d39eea80e993e4a13bdd89b9669f85c42e0507
02_MASTER_EVIDENCE_BASE/03_INVESTIGATIONS/02_EXPANDED_ARCHIVES/DEMOCRACY_INFLUENCE_ALL_INVESTIGATIONS_2026-09-07/__NESTED_EXPANDED__/DEMOCRACY_INFLUENCE_ALL_INVESTIGATIONS_2026-09-07__99_SOURCE_BUNDLES__INV-134_BUNDLE/INV-134/truth-engine/2026-09-06_18-05_attribution-ingerence_INVESTIGATION.md,76324,1af305d79fa8357672d05408c56994be5c20d640beee77929a4eed876eced56a
02_MASTER_EVIDENCE_BASE/03_INVESTIGATIONS/02_EXPANDED_ARCHIVES/DEMOCRACY_INFLUENCE_ALL_INVESTIGATIONS_2026-09-07/__NESTED_EXPANDED__/DEMOCRACY_INFLUENCE_ALL_INVESTIGATIONS_2026-09-07__99_SOURCE_BUNDLES__INV-134_BUNDLE/INV-134/truth-engine/2026-09-06_18-05_attribution-ingerence_MNEMO_SNAPSHOT.json,13658,7baf5211ab0dce1d9fd8880289d9b281bd93e985b591c236f67d84ca02cb0522
02_MASTER_EVIDENCE_BASE/03_INVESTIGATIONS/02_EXPANDED_ARCHIVES/DEMOCRACY_INFLUENCE_ALL_INVESTIGATIONS_2026-09-07/__NESTED_EXPANDED__/DEMOCRACY_INFLUENCE_ALL_INVESTIGATIONS_2026-09-07__99_SOURCE_BUNDLES__INV-134_BUNDLE/INV-134/truth-engine/2026-09-06_18-05_attribution-ingerence_NARRATIVE.tmp.md,16492,45e7ee6b35902d0a9c877b0f5f48349464b2b7eae24565f1b66a8fd282286f06
02_MASTER_EVIDENCE_BASE/03_INVESTIGATIONS/02_EXPANDED_ARCHIVES/DEMOCRACY_INFLUENCE_ALL_INVESTIGATIONS_2026-09-07/__NESTED_EXPANDED__/DEMOCRACY_INFLUENCE_ALL_INVESTIGATIONS_2026-09-07__99_SOURCE_BUNDLES__INV-134_BUNDLE/INV-134/truth-engine/2026-09-06_18-05_attribution-ingerence_RUN_STATE.json,58628,d02ae6caec9ac1ae4ad552f72bc8b1bdda05cd1bad80983c0e79265cd4dd31c4
02_MASTER_EVIDENCE_BASE/03_INVESTIGATIONS/02_EXPANDED_ARCHIVES/DEMOCRACY_INFLUENCE_ALL_INVESTIGATIONS_2026-09-07/__NESTED_EXPANDED__/DEMOCRACY_INFLUENCE_ALL_INVESTIGATIONS_2026-09-07__99_SOURCE_BUNDLES__INV-135_BUNDLE/INV-135/DASHBOARD.md,1182,df38dd982493d465ba94dac2de40d133b48e84d1b91b8fa75b09118a50322624
02_MASTER_EVIDENCE_BASE/03_INVESTIGATIONS/02_EXPANDED_ARCHIVES/DEMOCRACY_INFLUENCE_ALL_INVESTIGATIONS_2026-09-07/__NESTED_EXPANDED__/DEMOCRACY_INFLUENCE_ALL_INVESTIGATIONS_2026-09-07__99_SOURCE_BUNDLES__INV-135_BUNDLE/INV-135/INV-135_CERTIFICATION.json,571,e5adb53fbae32d5a635a4de237895429fc3422ca1eea116d8d28f84e3000531b
02_MASTER_EVIDENCE_BASE/03_INVESTIGATIONS/02_EXPANDED_ARCHIVES/DEMOCRACY_INFLUENCE_ALL_INVESTIGATIONS_2026-09-07/__NESTED_EXPANDED__/DEMOCRACY_INFLUENCE_ALL_INVESTIGATIONS_2026-09-07__99_SOURCE_BUNDLES__INV-135_BUNDLE/INV-135/INV-135_INPUT.txt,1822,ba4fd06707cd8aefba0339919bee3e97d81e6109f5370385a293c817b2b75c7b
02_MASTER_EVIDENCE_BASE/03_INVESTIGATIONS/02_EXPANDED_ARCHIVES/DEMOCRACY_INFLUENCE_ALL_INVESTIGATIONS_2026-09-07/__NESTED_EXPANDED__/DEMOCRACY_INFLUENCE_ALL_INVESTIGATIONS_2026-09-07__99_SOURCE_BUNDLES__INV-135_BUNDLE/INV-135/INV-135_INVESTIGATION.md,80221,353a82a97819f95366c9ab146b64c2ed72865fd4df2fec2cfd168bad6c555c72
02_MASTER_EVIDENCE_BASE/03_INVESTIGATIONS/02_EXPANDED_ARCHIVES/DEMOCRACY_INFLUENCE_ALL_INVESTIGATIONS_2026-09-07/__NESTED_EXPANDED__/DEMOCRACY_INFLUENCE_ALL_INVESTIGATIONS_2026-09-07__99_SOURCE_BUNDLES__INV-135_BUNDLE/INV-135/INV-135_MNEMO_SNAPSHOT.json,13954,40609a97752c9c0f3615876b029e9289cea11e1a0c7e8cb8d4db2e271e100651
02_MASTER_EVIDENCE_BASE/03_INVESTIGATIONS/02_EXPANDED_ARCHIVES/DEMOCRACY_INFLUENCE_ALL_INVESTIGATIONS_2026-09-07/__NESTED_EXPANDED__/DEMOCRACY_INFLUENCE_ALL_INVESTIGATIONS_2026-09-07__99_SOURCE_BUNDLES__INV-135_BUNDLE/INV-135/INV-135_NARRATIVE.tmp.md,17711,714c6133423fa2cd9874acbbac42385638520e6e461e0fd016b75c4676855124
02_MASTER_EVIDENCE_BASE/03_INVESTIGATIONS/02_EXPANDED_ARCHIVES/DEMOCRACY_INFLUENCE_ALL_INVESTIGATIONS_2026-09-07/__NESTED_EXPANDED__/DEMOCRACY_INFLUENCE_ALL_INVESTIGATIONS_2026-09-07__99_SOURCE_BUNDLES__INV-135_BUNDLE/INV-135/INV-135_POST_RUN_REVIEW.md,3295,f7a513568c02242ef179f3ddbf0aa15c71b6c9f923fd2c3a311c5bcd7f7e7731
02_MASTER_EVIDENCE_BASE/03_INVESTIGATIONS/02_EXPANDED_ARCHIVES/DEMOCRACY_INFLUENCE_ALL_INVESTIGATIONS_2026-09-07/__NESTED_EXPANDED__/DEMOCRACY_INFLUENCE_ALL_INVESTIGATIONS_2026-09-07__99_SOURCE_BUNDLES__INV-135_BUNDLE/INV-135/INV-135_RUN_CARD.md,1822,ba4fd06707cd8aefba0339919bee3e97d81e6109f5370385a293c817b2b75c7b
02_MASTER_EVIDENCE_BASE/03_INVESTIGATIONS/02_EXPANDED_ARCHIVES/DEMOCRACY_INFLUENCE_ALL_INVESTIGATIONS_2026-09-07/__NESTED_EXPANDED__/DEMOCRACY_INFLUENCE_ALL_INVESTIGATIONS_2026-09-07__99_SOURCE_BUNDLES__INV-135_BUNDLE/INV-135/INV-135_RUN_HANDOFF.md,4587,656b7327adaeb9c776c276883292f54f4ff53d4d41607c14bd4a76532ca03187
02_MASTER_EVIDENCE_BASE/03_INVESTIGATIONS/02_EXPANDED_ARCHIVES/DEMOCRACY_INFLUENCE_ALL_INVESTIGATIONS_2026-09-07/__NESTED_EXPANDED__/DEMOCRACY_INFLUENCE_ALL_INVESTIGATIONS_2026-09-07__99_SOURCE_BUNDLES__INV-135_BUNDLE/INV-135/INV-135_RUN_STATE.json,60302,5c7992ce7053679df40f5425b30c681982c9bee03b105312bcb6422a31a62ac3
02_MASTER_EVIDENCE_BASE/03_INVESTIGATIONS/02_EXPANDED_ARCHIVES/DEMOCRACY_INFLUENCE_ALL_INVESTIGATIONS_2026-09-07/__NESTED_EXPANDED__/DEMOCRACY_INFLUENCE_ALL_INVESTIGATIONS_2026-09-07__99_SOURCE_BUNDLES__INV-135_BUNDLE/INV-135/INV-135_SHA256.txt,810,6af2d0166dc187631d8910f78a5818f55c94b2d0e1cf96297e5d762b70f9cc6e
02_MASTER_EVIDENCE_BASE/03_INVESTIGATIONS/02_EXPANDED_ARCHIVES/DEMOCRACY_INFLUENCE_ALL_INVESTIGATIONS_2026-09-07/__NESTED_EXPANDED__/DEMOCRACY_INFLUENCE_ALL_INVESTIGATIONS_2026-09-07__99_SOURCE_BUNDLES__INV-135_BUNDLE/INV-135/INVESTIGATION_REGISTRY.csv,88408,3a9612a7e9d9fc5c06290eaf3e13e5a89d72a6518380803fdb39bdfcfab38f2f
02_MASTER_EVIDENCE_BASE/03_INVESTIGATIONS/02_EXPANDED_ARCHIVES/DEMOCRACY_INFLUENCE_ALL_INVESTIGATIONS_2026-09-07/__NESTED_EXPANDED__/DEMOCRACY_INFLUENCE_ALL_INVESTIGATIONS_2026-09-07__99_SOURCE_BUNDLES__INV-135_BUNDLE/INV-135/TRACELOG.md,7818,9ab8c5e4b4e9483564e7709f174fa7e051ef76131dce0de465b3bc3c0a074e15
02_MASTER_EVIDENCE_BASE/03_INVESTIGATIONS/02_EXPANDED_ARCHIVES/DEMOCRACY_INFLUENCE_ALL_INVESTIGATIONS_2026-09-07/__NESTED_EXPANDED__/DEMOCRACY_INFLUENCE_ALL_INVESTIGATIONS_2026-09-07__99_SOURCE_BUNDLES__INV-136_BUNDLE/INV-136/INV-136_POST_RUN_REVIEW.md,3932,77ec6b79d0a69bdc8ec9d9530a439e470bbd77ed41a8d13fc82bf04b9d4e84de
02_MASTER_EVIDENCE_BASE/03_INVESTIGATIONS/02_EXPANDED_ARCHIVES/DEMOCRACY_INFLUENCE_ALL_INVESTIGATIONS_2026-09-07/__NESTED_EXPANDED__/DEMOCRACY_INFLUENCE_ALL_INVESTIGATIONS_2026-09-07__99_SOURCE_BUNDLES__INV-136_BUNDLE/INV-136/INV-136_RUN_CARD.md,1986,d7ed08f318f9baee19453e309e66a0efe40d87a57e1f83ec244870527b313a74
02_MASTER_EVIDENCE_BASE/03_INVESTIGATIONS/02_EXPANDED_ARCHIVES/DEMOCRACY_INFLUENCE_ALL_INVESTIGATIONS_2026-09-07/__NESTED_EXPANDED__/DEMOCRACY_INFLUENCE_ALL_INVESTIGATIONS_2026-09-07__99_SOURCE_BUNDLES__INV-136_BUNDLE/INV-136/INV-136_RUN_HANDOFF.md,4311,89ec70a74acccd17ec08856f6d2368b124cc34ee354f6f8b0fd78acd86175f9b
02_MASTER_EVIDENCE_BASE/03_INVESTIGATIONS/02_EXPANDED_ARCHIVES/DEMOCRACY_INFLUENCE_ALL_INVESTIGATIONS_2026-09-07/__NESTED_EXPANDED__/DEMOCRACY_INFLUENCE_ALL_INVESTIGATIONS_2026-09-07__99_SOURCE_BUNDLES__INV-136_BUNDLE/INV-136/INV-136_SHA256.txt,724,1bbc91a07a064947075e6f1e44a05aacf3c82f977df45d1c1e6e6952bebab25f
02_MASTER_EVIDENCE_BASE/03_INVESTIGATIONS/02_EXPANDED_ARCHIVES/DEMOCRACY_INFLUENCE_ALL_INVESTIGATIONS_2026-09-07/__NESTED_EXPANDED__/DEMOCRACY_INFLUENCE_ALL_INVESTIGATIONS_2026-09-07__99_SOURCE_BUNDLES__INV-136_BUNDLE/INV-136/_CERTIFICATION.json,591,1930d6ceaf4380384fd30e5e2119fa3d7d9ec13c779cd12e6674571bf69d4da8
02_MASTER_EVIDENCE_BASE/03_INVESTIGATIONS/02_EXPANDED_ARCHIVES/DEMOCRACY_INFLUENCE_ALL_INVESTIGATIONS_2026-09-07/__NESTED_EXPANDED__/DEMOCRACY_INFLUENCE_ALL_INVESTIGATIONS_2026-09-07__99_SOURCE_BUNDLES__INV-136_BUNDLE/INV-136/_INPUT.txt,1986,d7ed08f318f9baee19453e309e66a0efe40d87a57e1f83ec244870527b313a74
02_MASTER_EVIDENCE_BASE/03_INVESTIGATIONS/02_EXPANDED_ARCHIVES/DEMOCRACY_INFLUENCE_ALL_INVESTIGATIONS_2026-09-07/__NESTED_EXPANDED__/DEMOCRACY_INFLUENCE_ALL_INVESTIGATIONS_2026-09-07__99_SOURCE_BUNDLES__INV-136_BUNDLE/INV-136/_INVESTIGATION.md,71010,64e654d0ae7a34168c47b47234757787ff91295c1655b37c526478857f3cc899
02_MASTER_EVIDENCE_BASE/03_INVESTIGATIONS/02_EXPANDED_ARCHIVES/DEMOCRACY_INFLUENCE_ALL_INVESTIGATIONS_2026-09-07/__NESTED_EXPANDED__/DEMOCRACY_INFLUENCE_ALL_INVESTIGATIONS_2026-09-07__99_SOURCE_BUNDLES__INV-136_BUNDLE/INV-136/_MNEMO_SNAPSHOT.json,12624,004d81e270ec41b0bb49150a3c87135725f707ecbd1debc99593b82a38bf340e
02_MASTER_EVIDENCE_BASE/03_INVESTIGATIONS/02_EXPANDED_ARCHIVES/DEMOCRACY_INFLUENCE_ALL_INVESTIGATIONS_2026-09-07/__NESTED_EXPANDED__/DEMOCRACY_INFLUENCE_ALL_INVESTIGATIONS_2026-09-07__99_SOURCE_BUNDLES__INV-136_BUNDLE/INV-136/_NARRATIVE.tmp.md,7177,bf26bba3156f93ca28e6bdf4802b007f26b4dcb1b68301d004225bef97e2f1ff
02_MASTER_EVIDENCE_BASE/03_INVESTIGATIONS/02_EXPANDED_ARCHIVES/DEMOCRACY_INFLUENCE_ALL_INVESTIGATIONS_2026-09-07/__NESTED_EXPANDED__/DEMOCRACY_INFLUENCE_ALL_INVESTIGATIONS_2026-09-07__99_SOURCE_BUNDLES__INV-136_BUNDLE/INV-136/_RUN_STATE.json,62601,bc4cb81cb0f6f91d62dcf9acaf96b5f7392ef6661b6c9fb5c0e72af181908aba
02_MASTER_EVIDENCE_BASE/03_INVESTIGATIONS/02_EXPANDED_ARCHIVES/DEMOCRACY_INFLUENCE_ALL_INVESTIGATIONS_2026-09-07/__NESTED_EXPANDED__/DEMOCRACY_INFLUENCE_ALL_INVESTIGATIONS_2026-09-07__99_SOURCE_BUNDLES__INV-137_BUNDLE/INV-137/control/DASHBOARD.md,1182,df38dd982493d465ba94dac2de40d133b48e84d1b91b8fa75b09118a50322624
02_MASTER_EVIDENCE_BASE/03_INVESTIGATIONS/02_EXPANDED_ARCHIVES/DEMOCRACY_INFLUENCE_ALL_INVESTIGATIONS_2026-09-07/__NESTED_EXPANDED__/DEMOCRACY_INFLUENCE_ALL_INVESTIGATIONS_2026-09-07__99_SOURCE_BUNDLES__INV-137_BUNDLE/INV-137/control/INV-137_POST_RUN_REVIEW.md,3353,49a2303be32c068d326ad63b90844146cd38a5577c267f77814e3945e41b95bd
02_MASTER_EVIDENCE_BASE/03_INVESTIGATIONS/02_EXPANDED_ARCHIVES/DEMOCRACY_INFLUENCE_ALL_INVESTIGATIONS_2026-09-07/__NESTED_EXPANDED__/DEMOCRACY_INFLUENCE_ALL_INVESTIGATIONS_2026-09-07__99_SOURCE_BUNDLES__INV-137_BUNDLE/INV-137/control/INV-137_RUN_CARD.md,1901,f16c6d16732be42fc4b1c6ed007be384d283dc13f58161a4f966140218c43218
02_MASTER_EVIDENCE_BASE/03_INVESTIGATIONS/02_EXPANDED_ARCHIVES/DEMOCRACY_INFLUENCE_ALL_INVESTIGATIONS_2026-09-07/__NESTED_EXPANDED__/DEMOCRACY_INFLUENCE_ALL_INVESTIGATIONS_2026-09-07__99_SOURCE_BUNDLES__INV-137_BUNDLE/INV-137/control/INV-137_RUN_HANDOFF.md,4644,ffe90b6162ddec2d94bd84cf90fadaa18829b18ff6ce03c6f32970ea9092a85f
02_MASTER_EVIDENCE_BASE/03_INVESTIGATIONS/02_EXPANDED_ARCHIVES/DEMOCRACY_INFLUENCE_ALL_INVESTIGATIONS_2026-09-07/__NESTED_EXPANDED__/DEMOCRACY_INFLUENCE_ALL_INVESTIGATIONS_2026-09-07__99_SOURCE_BUNDLES__INV-137_BUNDLE/INV-137/control/INV-137_SHA256.txt,809,99e1aa3d78a36726da49ae3e64419eda31c69a880ead0812579d5607ed1b5dfd
02_MASTER_EVIDENCE_BASE/03_INVESTIGATIONS/02_EXPANDED_ARCHIVES/DEMOCRACY_INFLUENCE_ALL_INVESTIGATIONS_2026-09-07/__NESTED_EXPANDED__/DEMOCRACY_INFLUENCE_ALL_INVESTIGATIONS_2026-09-07__99_SOURCE_BUNDLES__INV-137_BUNDLE/INV-137/control/INVESTIGATION_REGISTRY.csv,88550,516b4e2983457004c3a7314bd15cb43cfbf9978cf50b7767f16fc9d6dfcc32de
02_MASTER_EVIDENCE_BASE/03_INVESTIGATIONS/02_EXPANDED_ARCHIVES/DEMOCRACY_INFLUENCE_ALL_INVESTIGATIONS_2026-09-07/__NESTED_EXPANDED__/DEMOCRACY_INFLUENCE_ALL_INVESTIGATIONS_2026-09-07__99_SOURCE_BUNDLES__INV-137_BUNDLE/INV-137/control/METHOD_PACK.md,6468,2b82f9e415b739e16252f845910c7d4b91600446e2e1d5010d3c4e14fa06635c
02_MASTER_EVIDENCE_BASE/03_INVESTIGATIONS/02_EXPANDED_ARCHIVES/DEMOCRACY_INFLUENCE_ALL_INVESTIGATIONS_2026-09-07/__NESTED_EXPANDED__/DEMOCRACY_INFLUENCE_ALL_INVESTIGATIONS_2026-09-07__99_SOURCE_BUNDLES__INV-137_BUNDLE/INV-137/control/TRACELOG.md,9898,76f87b23b8727449a7538348f30001839b16a7dd1b84ded4b8a5a22bb79b40cc
02_MASTER_EVIDENCE_BASE/03_INVESTIGATIONS/02_EXPANDED_ARCHIVES/DEMOCRACY_INFLUENCE_ALL_INVESTIGATIONS_2026-09-07/__NESTED_EXPANDED__/DEMOCRACY_INFLUENCE_ALL_INVESTIGATIONS_2026-09-07__99_SOURCE_BUNDLES__INV-137_BUNDLE/INV-137/truth-engine/2026-09-06_20-25_renseignement-executif-medias_CERTIFICATION.json,603,b94dd4354291538dc54d0c37a306b9d29d1657cc5503748bb0c79b8e40dde256
02_MASTER_EVIDENCE_BASE/03_INVESTIGATIONS/02_EXPANDED_ARCHIVES/DEMOCRACY_INFLUENCE_ALL_INVESTIGATIONS_2026-09-07/__NESTED_EXPANDED__/DEMOCRACY_INFLUENCE_ALL_INVESTIGATIONS_2026-09-07__99_SOURCE_BUNDLES__INV-137_BUNDLE/INV-137/truth-engine/2026-09-06_20-25_renseignement-executif-medias_INPUT.md,1901,f16c6d16732be42fc4b1c6ed007be384d283dc13f58161a4f966140218c43218
02_MASTER_EVIDENCE_BASE/03_INVESTIGATIONS/02_EXPANDED_ARCHIVES/DEMOCRACY_INFLUENCE_ALL_INVESTIGATIONS_2026-09-07/__NESTED_EXPANDED__/DEMOCRACY_INFLUENCE_ALL_INVESTIGATIONS_2026-09-07__99_SOURCE_BUNDLES__INV-137_BUNDLE/INV-137/truth-engine/2026-09-06_20-25_renseignement-executif-medias_INVESTIGATION.md,71291,8dc049a5ba14faa972fd2db9f3aca2d8eeedf2954fc085900b51a4a5db92ee04
02_MASTER_EVIDENCE_BASE/03_INVESTIGATIONS/02_EXPANDED_ARCHIVES/DEMOCRACY_INFLUENCE_ALL_INVESTIGATIONS_2026-09-07/__NESTED_EXPANDED__/DEMOCRACY_INFLUENCE_ALL_INVESTIGATIONS_2026-09-07__99_SOURCE_BUNDLES__INV-137_BUNDLE/INV-137/truth-engine/2026-09-06_20-25_renseignement-executif-medias_MNEMO_SNAPSHOT.json,13155,4f4b0ff325821e1e36e4dc3606c8d88527dccb152777a0f3fc446f3ad091816c
02_MASTER_EVIDENCE_BASE/03_INVESTIGATIONS/02_EXPANDED_ARCHIVES/DEMOCRACY_INFLUENCE_ALL_INVESTIGATIONS_2026-09-07/__NESTED_EXPANDED__/DEMOCRACY_INFLUENCE_ALL_INVESTIGATIONS_2026-09-07__99_SOURCE_BUNDLES__INV-137_BUNDLE/INV-137/truth-engine/2026-09-06_20-25_renseignement-executif-medias_NARRATIVE.tmp.md,8497,f43d9582377230e9d09a0f33b5d3dec6379fccd21e9d12bae54f2c73f737183d
02_MASTER_EVIDENCE_BASE/03_INVESTIGATIONS/02_EXPANDED_ARCHIVES/DEMOCRACY_INFLUENCE_ALL_INVESTIGATIONS_2026-09-07/__NESTED_EXPANDED__/DEMOCRACY_INFLUENCE_ALL_INVESTIGATIONS_2026-09-07__99_SOURCE_BUNDLES__INV-137_BUNDLE/INV-137/truth-engine/2026-09-06_20-25_renseignement-executif-medias_RUN_STATE.json,61886,57518a4fbfef88be2e13945c70af57100614e2a7045391896706568af076287a
02_MASTER_EVIDENCE_BASE/03_INVESTIGATIONS/02_EXPANDED_ARCHIVES/DEMOCRACY_INFLUENCE_ALL_INVESTIGATIONS_2026-09-07/__NESTED_EXPANDED__/DEMOCRACY_INFLUENCE_ALL_INVESTIGATIONS_2026-09-07__99_SOURCE_BUNDLES__INV-138_CANONICAL_ASSEMBLED/INV-138_CERTIFICATION.json,642,408f61f103cf319efda30439626f86a038a3b54608496a522b46607a97ee53cc
02_MASTER_EVIDENCE_BASE/03_INVESTIGATIONS/02_EXPANDED_ARCHIVES/DEMOCRACY_INFLUENCE_ALL_INVESTIGATIONS_2026-09-07/__NESTED_EXPANDED__/DEMOCRACY_INFLUENCE_ALL_INVESTIGATIONS_2026-09-07__99_SOURCE_BUNDLES__INV-138_CANONICAL_ASSEMBLED/INV-138_INPUT.md,2065,12d28e0dcfe9e054848adcedd88cb5073bc28a38297b68e9616dc5c30dc0dc0b
02_MASTER_EVIDENCE_BASE/03_INVESTIGATIONS/02_EXPANDED_ARCHIVES/DEMOCRACY_INFLUENCE_ALL_INVESTIGATIONS_2026-09-07/__NESTED_EXPANDED__/DEMOCRACY_INFLUENCE_ALL_INVESTIGATIONS_2026-09-07__99_SOURCE_BUNDLES__INV-138_CANONICAL_ASSEMBLED/INV-138_INVESTIGATION.md,108033,54cc64ec22dff754b445b41bb921b9dd7b90c1397c4938a891f79675e050d823
02_MASTER_EVIDENCE_BASE/03_INVESTIGATIONS/02_EXPANDED_ARCHIVES/DEMOCRACY_INFLUENCE_ALL_INVESTIGATIONS_2026-09-07/__NESTED_EXPANDED__/DEMOCRACY_INFLUENCE_ALL_INVESTIGATIONS_2026-09-07__99_SOURCE_BUNDLES__INV-138_CANONICAL_ASSEMBLED/INV-138_MNEMO_SNAPSHOT.json,16966,6f92ae672014397387c9c89f68cc838224f61e455c59e6130127a0f2400d934b
02_MASTER_EVIDENCE_BASE/03_INVESTIGATIONS/02_EXPANDED_ARCHIVES/DEMOCRACY_INFLUENCE_ALL_INVESTIGATIONS_2026-09-07/__NESTED_EXPANDED__/DEMOCRACY_INFLUENCE_ALL_INVESTIGATIONS_2026-09-07__99_SOURCE_BUNDLES__INV-138_CANONICAL_ASSEMBLED/INV-138_NARRATIVE.tmp.md,19151,bbd21ab2ed3ab616e43c6677d2320de2e3f5223c6090ff333da783f1ac6e4352
02_MASTER_EVIDENCE_BASE/03_INVESTIGATIONS/02_EXPANDED_ARCHIVES/DEMOCRACY_INFLUENCE_ALL_INVESTIGATIONS_2026-09-07/__NESTED_EXPANDED__/DEMOCRACY_INFLUENCE_ALL_INVESTIGATIONS_2026-09-07__99_SOURCE_BUNDLES__INV-138_CANONICAL_ASSEMBLED/INV-138_POST_RUN_REVIEW.md,3366,4e5549ce441526a55a66d3edd5e9fffd5cb5f3a967014c16d05f82f86414f85b
02_MASTER_EVIDENCE_BASE/03_INVESTIGATIONS/02_EXPANDED_ARCHIVES/DEMOCRACY_INFLUENCE_ALL_INVESTIGATIONS_2026-09-07/__NESTED_EXPANDED__/DEMOCRACY_INFLUENCE_ALL_INVESTIGATIONS_2026-09-07__99_SOURCE_BUNDLES__INV-138_CANONICAL_ASSEMBLED/INV-138_RUN_CARD.md,2065,12d28e0dcfe9e054848adcedd88cb5073bc28a38297b68e9616dc5c30dc0dc0b
02_MASTER_EVIDENCE_BASE/03_INVESTIGATIONS/02_EXPANDED_ARCHIVES/DEMOCRACY_INFLUENCE_ALL_INVESTIGATIONS_2026-09-07/__NESTED_EXPANDED__/DEMOCRACY_INFLUENCE_ALL_INVESTIGATIONS_2026-09-07__99_SOURCE_BUNDLES__INV-138_CANONICAL_ASSEMBLED/INV-138_RUN_HANDOFF.md,3725,33cf00cd572c2109187d853d87848aa22c0d81371fdbfcc089e3a085d8551845
02_MASTER_EVIDENCE_BASE/03_INVESTIGATIONS/02_EXPANDED_ARCHIVES/DEMOCRACY_INFLUENCE_ALL_INVESTIGATIONS_2026-09-07/__NESTED_EXPANDED__/DEMOCRACY_INFLUENCE_ALL_INVESTIGATIONS_2026-09-07__99_SOURCE_BUNDLES__INV-138_CANONICAL_ASSEMBLED/INV-138_RUN_STATE.json,85547,fdf03f019a5e7498da9e59bfb8ab3c9eab6fe88b383563a61f6636dcb1f6b413
02_MASTER_EVIDENCE_BASE/03_INVESTIGATIONS/02_EXPANDED_ARCHIVES/DEMOCRACY_INFLUENCE_ALL_INVESTIGATIONS_2026-09-07/__NESTED_EXPANDED__/DEMOCRACY_INFLUENCE_ALL_INVESTIGATIONS_2026-09-07__99_SOURCE_BUNDLES__INV-138_CANONICAL_ASSEMBLED/INV-138_SHA256.txt,1005,0d21ad6105e1dfba61a7e990dcbcc568a317e7fb01f45c8e679ae765a76fdd97
02_MASTER_EVIDENCE_BASE/03_INVESTIGATIONS/02_EXPANDED_ARCHIVES/DEMOCRACY_INFLUENCE_ALL_INVESTIGATIONS_2026-09-07/__NESTED_EXPANDED__/DEMOCRACY_INFLUENCE_ALL_INVESTIGATIONS_2026-09-07__99_SOURCE_BUNDLES__INV-145_BUNDLE/INV-145_CERTIFICATION.json,626,1f8c86a3884f57bebe813807eeaecce4f87871660064d781babf77c8bbf220e4
02_MASTER_EVIDENCE_BASE/03_INVESTIGATIONS/02_EXPANDED_ARCHIVES/DEMOCRACY_INFLUENCE_ALL_INVESTIGATIONS_2026-09-07/__NESTED_EXPANDED__/DEMOCRACY_INFLUENCE_ALL_INVESTIGATIONS_2026-09-07__99_SOURCE_BUNDLES__INV-145_BUNDLE/INV-145_INPUT.md,2017,71922fc117f2e36bfe0ae71bc90f74050b5d1c011abef1eca1def5dae945f591
02_MASTER_EVIDENCE_BASE/03_INVESTIGATIONS/02_EXPANDED_ARCHIVES/DEMOCRACY_INFLUENCE_ALL_INVESTIGATIONS_2026-09-07/__NESTED_EXPANDED__/DEMOCRACY_INFLUENCE_ALL_INVESTIGATIONS_2026-09-07__99_SOURCE_BUNDLES__INV-145_BUNDLE/INV-145_INVESTIGATION.md,62513,2bc95a3d85ae5b0d7abda185b350067600ca3bd8e544d10a942f157940ac0c5a
02_MASTER_EVIDENCE_BASE/03_INVESTIGATIONS/02_EXPANDED_ARCHIVES/DEMOCRACY_INFLUENCE_ALL_INVESTIGATIONS_2026-09-07/__NESTED_EXPANDED__/DEMOCRACY_INFLUENCE_ALL_INVESTIGATIONS_2026-09-07__99_SOURCE_BUNDLES__INV-145_BUNDLE/INV-145_MNEMO_SNAPSHOT.json,11405,447d8e54218025c4366dd26732b367124025d1332ec977e064ce0281f9b3c631
02_MASTER_EVIDENCE_BASE/03_INVESTIGATIONS/02_EXPANDED_ARCHIVES/DEMOCRACY_INFLUENCE_ALL_INVESTIGATIONS_2026-09-07/__NESTED_EXPANDED__/DEMOCRACY_INFLUENCE_ALL_INVESTIGATIONS_2026-09-07__99_SOURCE_BUNDLES__INV-145_BUNDLE/INV-145_NARRATIVE.tmp.md,8222,9d35e65297f885ae9c5b11ca293652b0cd90aa92d8f10ecfcd0cdf9d93be82e4
02_MASTER_EVIDENCE_BASE/03_INVESTIGATIONS/02_EXPANDED_ARCHIVES/DEMOCRACY_INFLUENCE_ALL_INVESTIGATIONS_2026-09-07/__NESTED_EXPANDED__/DEMOCRACY_INFLUENCE_ALL_INVESTIGATIONS_2026-09-07__99_SOURCE_BUNDLES__INV-145_BUNDLE/INV-145_POST_RUN_REVIEW.md,2884,4a65d3d8ee5da97fb1556cc39a82ff3cd66521b80c95a5b0f29f30d0ffe4461f
02_MASTER_EVIDENCE_BASE/03_INVESTIGATIONS/02_EXPANDED_ARCHIVES/DEMOCRACY_INFLUENCE_ALL_INVESTIGATIONS_2026-09-07/__NESTED_EXPANDED__/DEMOCRACY_INFLUENCE_ALL_INVESTIGATIONS_2026-09-07__99_SOURCE_BUNDLES__INV-145_BUNDLE/INV-145_RUN_CARD.md,2017,71922fc117f2e36bfe0ae71bc90f74050b5d1c011abef1eca1def5dae945f591
02_MASTER_EVIDENCE_BASE/03_INVESTIGATIONS/02_EXPANDED_ARCHIVES/DEMOCRACY_INFLUENCE_ALL_INVESTIGATIONS_2026-09-07/__NESTED_EXPANDED__/DEMOCRACY_INFLUENCE_ALL_INVESTIGATIONS_2026-09-07__99_SOURCE_BUNDLES__INV-145_BUNDLE/INV-145_RUN_HANDOFF.md,2885,e1987224267601dc9d8ea84bbf33137cd9d2df7b0b348484cb26e7be6a085aee
02_MASTER_EVIDENCE_BASE/03_INVESTIGATIONS/02_EXPANDED_ARCHIVES/DEMOCRACY_INFLUENCE_ALL_INVESTIGATIONS_2026-09-07/__NESTED_EXPANDED__/DEMOCRACY_INFLUENCE_ALL_INVESTIGATIONS_2026-09-07__99_SOURCE_BUNDLES__INV-145_BUNDLE/INV-145_RUN_STATE.json,53774,9707155b75bafda6d2173e04ab5362af9f2352b0202bf2f921713713a7e999f2
02_MASTER_EVIDENCE_BASE/03_INVESTIGATIONS/02_EXPANDED_ARCHIVES/DEMOCRACY_INFLUENCE_ALL_INVESTIGATIONS_2026-09-07/__NESTED_EXPANDED__/DEMOCRACY_INFLUENCE_ALL_INVESTIGATIONS_2026-09-07__99_SOURCE_BUNDLES__INV-145_BUNDLE/INV-145_SHA256.txt,809,c92a3720d47da2b7c2c2d20df814dfc6460fbf87fa746c316cb48965c23d469c
02_MASTER_EVIDENCE_BASE/03_INVESTIGATIONS/02_EXPANDED_ARCHIVES/DEMOCRACY_INFLUENCE_ALL_INVESTIGATIONS_2026-09-07/__NESTED_EXPANDED__/DEMOCRACY_INFLUENCE_ALL_INVESTIGATIONS_2026-09-07__99_SOURCE_BUNDLES__INV-146_BUNDLE/INV-146/INV-139_RECOVERY_HANDOFF.md,3940,4f1519ff60088529dcb42bed830fc5df8c8aa2218063e3dcb73f8e0d11a8405a
02_MASTER_EVIDENCE_BASE/03_INVESTIGATIONS/02_EXPANDED_ARCHIVES/DEMOCRACY_INFLUENCE_ALL_INVESTIGATIONS_2026-09-07/__NESTED_EXPANDED__/DEMOCRACY_INFLUENCE_ALL_INVESTIGATIONS_2026-09-07__99_SOURCE_BUNDLES__INV-146_BUNDLE/INV-146/INV-140_RECOVERY_HANDOFF.md,3023,aec894571a3eee531ea92bd386da1ecb664e9a7bd27c82ee2a73b330f26cb083
02_MASTER_EVIDENCE_BASE/03_INVESTIGATIONS/02_EXPANDED_ARCHIVES/DEMOCRACY_INFLUENCE_ALL_INVESTIGATIONS_2026-09-07/__NESTED_EXPANDED__/DEMOCRACY_INFLUENCE_ALL_INVESTIGATIONS_2026-09-07__99_SOURCE_BUNDLES__INV-146_BUNDLE/INV-146/INV-146_CERTIFICATION.json,1114,6726d48d2ccae389894d357b9b89abbe1b511f6d8d821d0e934b2615c68503d8
02_MASTER_EVIDENCE_BASE/03_INVESTIGATIONS/02_EXPANDED_ARCHIVES/DEMOCRACY_INFLUENCE_ALL_INVESTIGATIONS_2026-09-07/__NESTED_EXPANDED__/DEMOCRACY_INFLUENCE_ALL_INVESTIGATIONS_2026-09-07__99_SOURCE_BUNDLES__INV-146_BUNDLE/INV-146/INV-146_POST_RUN_REVIEW.md,4020,b0f59fa38682fa1d09eb13c7e5ed2fe0bf8a4c727a54ccd68778ad6bc90376a9
02_MASTER_EVIDENCE_BASE/03_INVESTIGATIONS/02_EXPANDED_ARCHIVES/DEMOCRACY_INFLUENCE_ALL_INVESTIGATIONS_2026-09-07/__NESTED_EXPANDED__/DEMOCRACY_INFLUENCE_ALL_INVESTIGATIONS_2026-09-07__99_SOURCE_BUNDLES__INV-146_BUNDLE/INV-146/INV-146_RUN_HANDOFF.md,3425,fa9d75722e36f42fe74febe2f06f0f7144143a601fb45873115230f9ff6d4889
02_MASTER_EVIDENCE_BASE/03_INVESTIGATIONS/02_EXPANDED_ARCHIVES/DEMOCRACY_INFLUENCE_ALL_INVESTIGATIONS_2026-09-07/__NESTED_EXPANDED__/DEMOCRACY_INFLUENCE_ALL_INVESTIGATIONS_2026-09-07__99_SOURCE_BUNDLES__INV-146_BUNDLE/INV-146/INV-146_SHA256.txt,740,7f9cec09d26530ff5ac0e4d3ab9bf92953dff50f2e348ac6c0c356f269281fbc
02_MASTER_EVIDENCE_BASE/03_INVESTIGATIONS/02_EXPANDED_ARCHIVES/DEMOCRACY_INFLUENCE_ALL_INVESTIGATIONS_2026-09-07/__NESTED_EXPANDED__/DEMOCRACY_INFLUENCE_ALL_INVESTIGATIONS_2026-09-07__99_SOURCE_BUNDLES__INV-146_BUNDLE/INV-146/INV-146_SYNTHESIS.md,19289,9cf2a68c467cdc3a850e4494bda6b32044ee4f003d4623f4b161a62624bd3f8b
02_MASTER_EVIDENCE_BASE/03_INVESTIGATIONS/02_EXPANDED_ARCHIVES/DEMOCRACY_INFLUENCE_ALL_INVESTIGATIONS_2026-09-07/__NESTED_EXPANDED__/DEMOCRACY_INFLUENCE_ALL_INVESTIGATIONS_2026-09-07__99_SOURCE_BUNDLES__INV-146_BUNDLE/INV-146/INV-146_SYNTHESIS_CARD.md,3091,6f45981cbb617c7f923f31fe99271df6c048ef9276582f96e2413f1fcb2cd667
02_MASTER_EVIDENCE_BASE/03_INVESTIGATIONS/02_EXPANDED_ARCHIVES/DEMOCRACY_INFLUENCE_ALL_INVESTIGATIONS_2026-09-07/__NESTED_EXPANDED__/DEMOCRACY_INFLUENCE_ALL_INVESTIGATIONS_2026-09-07__99_SOURCE_BUNDLES__INV-146_BUNDLE/INV-146/INV-146_SYNTHESIS_INPUT_GATE.md,3184,7c561d2499508e92cc3202049deb6c17309b1ad7de21c6b088a516ca54712d76
02_MASTER_EVIDENCE_BASE/03_INVESTIGATIONS/02_EXPANDED_ARCHIVES/DEMOCRACY_INFLUENCE_ALL_INVESTIGATIONS_2026-09-07/__NESTED_EXPANDED__/DEMOCRACY_INFLUENCE_ALL_INVESTIGATIONS_2026-09-07__99_SOURCE_BUNDLES__INVESTIGATION_CONTROL_v0.7_METHOD_PACK/INVESTIGATION_CONTROL_v0.7_METHOD_PACK/BACKLOG_STRUCTURE_AUDIT.md,6890,18bb70ac4f6e8cf60153161a55cc8680a64c4ebc64cccf2e3aa8d7a9043e93d8
02_MASTER_EVIDENCE_BASE/03_INVESTIGATIONS/02_EXPANDED_ARCHIVES/DEMOCRACY_INFLUENCE_ALL_INVESTIGATIONS_2026-09-07/__NESTED_EXPANDED__/DEMOCRACY_INFLUENCE_ALL_INVESTIGATIONS_2026-09-07__99_SOURCE_BUNDLES__INVESTIGATION_CONTROL_v0.7_METHOD_PACK/INVESTIGATION_CONTROL_v0.7_METHOD_PACK/BASELINE/SUBSTACK_2026-08-26/EXCLUSIONS.csv,1828,808937c073e28e51ed375e63d35c44f889c4442fc3b5b66a02f46dd11f95bcaf
02_MASTER_EVIDENCE_BASE/03_INVESTIGATIONS/02_EXPANDED_ARCHIVES/DEMOCRACY_INFLUENCE_ALL_INVESTIGATIONS_2026-09-07/__NESTED_EXPANDED__/DEMOCRACY_INFLUENCE_ALL_INVESTIGATIONS_2026-09-07__99_SOURCE_BUNDLES__INVESTIGATION_CONTROL_v0.7_METHOD_PACK/INVESTIGATION_CONTROL_v0.7_METHOD_PACK/BASELINE/SUBSTACK_2026-08-26/INV-001-R1_REPLAY.md,3228,203397d17377b724cda89dd9a0c117c32b2bb14195e710656a06e63e9a3079fe
02_MASTER_EVIDENCE_BASE/03_INVESTIGATIONS/02_EXPANDED_ARCHIVES/DEMOCRACY_INFLUENCE_ALL_INVESTIGATIONS_2026-09-07/__NESTED_EXPANDED__/DEMOCRACY_INFLUENCE_ALL_INVESTIGATIONS_2026-09-07__99_SOURCE_BUNDLES__INVESTIGATION_CONTROL_v0.7_METHOD_PACK/INVESTIGATION_CONTROL_v0.7_METHOD_PACK/BASELINE/SUBSTACK_2026-08-26/README.md,1768,78cd99eab06f8da5b9c9cf5e9b0646205cb6fb3a0be88191740514ed48a72861
02_MASTER_EVIDENCE_BASE/03_INVESTIGATIONS/02_EXPANDED_ARCHIVES/DEMOCRACY_INFLUENCE_ALL_INVESTIGATIONS_2026-09-07/__NESTED_EXPANDED__/DEMOCRACY_INFLUENCE_ALL_INVESTIGATIONS_2026-09-07__99_SOURCE_BUNDLES__INVESTIGATION_CONTROL_v0.7_METHOD_PACK/INVESTIGATION_CONTROL_v0.7_METHOD_PACK/BASELINE/SUBSTACK_2026-08-26/excluded/html/181863121.truth-engine-lia-qui-revolutionne.html,18110,d44b4adf7179ba858f17f1e070bd911ceb8336554ca10b31708dd3bac52f1574
02_MASTER_EVIDENCE_BASE/03_INVESTIGATIONS/02_EXPANDED_ARCHIVES/DEMOCRACY_INFLUENCE_ALL_INVESTIGATIONS_2026-09-07/__NESTED_EXPANDED__/DEMOCRACY_INFLUENCE_ALL_INVESTIGATIONS_2026-09-07__99_SOURCE_BUNDLES__INVESTIGATION_CONTROL_v0.7_METHOD_PACK/INVESTIGATION_CONTROL_v0.7_METHOD_PACK/BASELINE/SUBSTACK_2026-08-26/excluded/html/191030786.linflation-normative-francaise.html,29133,82e1000f620bb9adf281ce373045c3bac681e72c4ded44abf4e3544f1c5f15c6
02_MASTER_EVIDENCE_BASE/03_INVESTIGATIONS/02_EXPANDED_ARCHIVES/DEMOCRACY_INFLUENCE_ALL_INVESTIGATIONS_2026-09-07/__NESTED_EXPANDED__/DEMOCRACY_INFLUENCE_ALL_INVESTIGATIONS_2026-09-07__99_SOURCE_BUNDLES__INVESTIGATION_CONTROL_v0.7_METHOD_PACK/INVESTIGATION_CONTROL_v0.7_METHOD_PACK/BASELINE/SUBSTACK_2026-08-26/excluded/html/194518266.3b3.html,41614,5f50ed807a3c9507ed124011d7b4eeef555004e0bcd66b3d6219819e51e6e706
02_MASTER_EVIDENCE_BASE/03_INVESTIGATIONS/02_EXPANDED_ARCHIVES/DEMOCRACY_INFLUENCE_ALL_INVESTIGATIONS_2026-09-07/__NESTED_EXPANDED__/DEMOCRACY_INFLUENCE_ALL_INVESTIGATIONS_2026-09-07__99_SOURCE_BUNDLES__INVESTIGATION_CONTROL_v0.7_METHOD_PACK/INVESTIGATION_CONTROL_v0.7_METHOD_PACK/BASELINE/SUBSTACK_2026-08-26/index.md,165172,7dfc51083f744821c20919816a06ba7cfde7271aa3501a94167635e1b0cfe739
02_MASTER_EVIDENCE_BASE/03_INVESTIGATIONS/02_EXPANDED_ARCHIVES/DEMOCRACY_INFLUENCE_ALL_INVESTIGATIONS_2026-09-07/__NESTED_EXPANDED__/DEMOCRACY_INFLUENCE_ALL_INVESTIGATIONS_2026-09-07__99_SOURCE_BUNDLES__INVESTIGATION_CONTROL_v0.7_METHOD_PACK/INVESTIGATION_CONTROL_v0.7_METHOD_PACK/BASELINE/SUBSTACK_2026-08-26/posts/180021752.bardella-et-lagriculture-le-grand-757.html,4785,e6d6d1cbf414662ea652619cb196b2aed958a3b4f61f69b4746a1ddbaf6cfa04
02_MASTER_EVIDENCE_BASE/03_INVESTIGATIONS/02_EXPANDED_ARCHIVES/DEMOCRACY_INFLUENCE_ALL_INVESTIGATIONS_2026-09-07/__NESTED_EXPANDED__/DEMOCRACY_INFLUENCE_ALL_INVESTIGATIONS_2026-09-07__99_SOURCE_BUNDLES__INVESTIGATION_CONTROL_v0.7_METHOD_PACK/INVESTIGATION_CONTROL_v0.7_METHOD_PACK/BASELINE/SUBSTACK_2026-08-26/posts/180043331.le-double-discours-du-rn-sur-lagriculture.html,5688,750c43d5bf73b0fb49cbdb511472e164a808fbbfe8e5504472d796751bd5cca1
02_MASTER_EVIDENCE_BASE/03_INVESTIGATIONS/02_EXPANDED_ARCHIVES/DEMOCRACY_INFLUENCE_ALL_INVESTIGATIONS_2026-09-07/__NESTED_EXPANDED__/DEMOCRACY_INFLUENCE_ALL_INVESTIGATIONS_2026-09-07__99_SOURCE_BUNDLES__INVESTIGATION_CONTROL_v0.7_METHOD_PACK/INVESTIGATION_CONTROL_v0.7_METHOD_PACK/BASELINE/SUBSTACK_2026-08-26/posts/180052771.qui-est-vraiment-louis-duclos.html,3807,9c490faa691aa55acf8edee4cd72ded8ad86a9cd5c283dbaeaaff6ff618b7634
02_MASTER_EVIDENCE_BASE/03_INVESTIGATIONS/02_EXPANDED_ARCHIVES/DEMOCRACY_INFLUENCE_ALL_INVESTIGATIONS_2026-09-07/__NESTED_EXPANDED__/DEMOCRACY_INFLUENCE_ALL_INVESTIGATIONS_2026-09-07__99_SOURCE_BUNDLES__INVESTIGATION_CONTROL_v0.7_METHOD_PACK/INVESTIGATION_CONTROL_v0.7_METHOD_PACK/BASELINE/SUBSTACK_2026-08-26/posts/180054346.kallas-et-les-19-pays-ce-que-les.html,5088,ef8fa26faa9ab091a64049bbd6a5a5665be25ca7279d4d1ccbb3f00b1089a2e5
02_MASTER_EVIDENCE_BASE/03_INVESTIGATIONS/02_EXPANDED_ARCHIVES/DEMOCRACY_INFLUENCE_ALL_INVESTIGATIONS_2026-09-07/__NESTED_EXPANDED__/DEMOCRACY_INFLUENCE_ALL_INVESTIGATIONS_2026-09-07__99_SOURCE_BUNDLES__INVESTIGATION_CONTROL_v0.7_METHOD_PACK/INVESTIGATION_CONTROL_v0.7_METHOD_PACK/BASELINE/SUBSTACK_2026-08-26/posts/180056619.emprunt-force-des-riches-le-spectacle.html,4945,0c7c9acdfc7aae81947ddfb60677da314153b93eda7b86b8efd5dd458eb6a137
02_MASTER_EVIDENCE_BASE/03_INVESTIGATIONS/02_EXPANDED_ARCHIVES/DEMOCRACY_INFLUENCE_ALL_INVESTIGATIONS_2026-09-07/__NESTED_EXPANDED__/DEMOCRACY_INFLUENCE_ALL_INVESTIGATIONS_2026-09-07__99_SOURCE_BUNDLES__INVESTIGATION_CONTROL_v0.7_METHOD_PACK/INVESTIGATION_CONTROL_v0.7_METHOD_PACK/BASELINE/SUBSTACK_2026-08-26/posts/180061326.qui-a-vraiment-la-tete-dans-le-sable.html,4095,c55767be32e2c40823ab4c463c8b80901df838e3bbf080ab290aade854b17e46
02_MASTER_EVIDENCE_BASE/03_INVESTIGATIONS/02_EXPANDED_ARCHIVES/DEMOCRACY_INFLUENCE_ALL_INVESTIGATIONS_2026-09-07/__NESTED_EXPANDED__/DEMOCRACY_INFLUENCE_ALL_INVESTIGATIONS_2026-09-07__99_SOURCE_BUNDLES__INVESTIGATION_CONTROL_v0.7_METHOD_PACK/INVESTIGATION_CONTROL_v0.7_METHOD_PACK/BASELINE/SUBSTACK_2026-08-26/posts/180081515.ukraine-ce-que-hayer-trump-et-zelenskyy.html,7306,bd05ba547bd80c742d579c97e791f1cbd2a7b28cb41054772bf2cc5f083f966b
02_MASTER_EVIDENCE_BASE/03_INVESTIGATIONS/02_EXPANDED_ARCHIVES/DEMOCRACY_INFLUENCE_ALL_INVESTIGATIONS_2026-09-07/__NESTED_EXPANDED__/DEMOCRACY_INFLUENCE_ALL_INVESTIGATIONS_2026-09-07__99_SOURCE_BUNDLES__INVESTIGATION_CONTROL_v0.7_METHOD_PACK/INVESTIGATION_CONTROL_v0.7_METHOD_PACK/BASELINE/SUBSTACK_2026-08-26/posts/180084168.energies-renouvelables-le-double.html,6906,36502e4c9bbe9a290c8fecc776b4fc7a655ea11a5663f1bbeee34180dfd14aaa
02_MASTER_EVIDENCE_BASE/03_INVESTIGATIONS/02_EXPANDED_ARCHIVES/DEMOCRACY_INFLUENCE_ALL_INVESTIGATIONS_2026-09-07/__NESTED_EXPANDED__/DEMOCRACY_INFLUENCE_ALL_INVESTIGATIONS_2026-09-07__99_SOURCE_BUNDLES__INVESTIGATION_CONTROL_v0.7_METHOD_PACK/INVESTIGATION_CONTROL_v0.7_METHOD_PACK/BASELINE/SUBSTACK_2026-08-26/posts/180086502.leffondrement-educatif-francais-50-fea.html,8490,04e31fe0ab7f30dddc90995c42547f77aa8ef0ffe00051e96c5f3788351fef99
02_MASTER_EVIDENCE_BASE/03_INVESTIGATIONS/02_EXPANDED_ARCHIVES/DEMOCRACY_INFLUENCE_ALL_INVESTIGATIONS_2026-09-07/__NESTED_EXPANDED__/DEMOCRACY_INFLUENCE_ALL_INVESTIGATIONS_2026-09-07__99_SOURCE_BUNDLES__INVESTIGATION_CONTROL_v0.7_METHOD_PACK/INVESTIGATION_CONTROL_v0.7_METHOD_PACK/BASELINE/SUBSTACK_2026-08-26/posts/180109075.liceberg-du-syndicalisme-agricole.html,18341,f2b15cdaf0d0c3f3a469811736d83d54ba8e32e11e95abf0a9f75dcddebacbfa
02_MASTER_EVIDENCE_BASE/03_INVESTIGATIONS/02_EXPANDED_ARCHIVES/DEMOCRACY_INFLUENCE_ALL_INVESTIGATIONS_2026-09-07/__NESTED_EXPANDED__/DEMOCRACY_INFLUENCE_ALL_INVESTIGATIONS_2026-09-07__99_SOURCE_BUNDLES__INVESTIGATION_CONTROL_v0.7_METHOD_PACK/INVESTIGATION_CONTROL_v0.7_METHOD_PACK/BASELINE/SUBSTACK_2026-08-26/posts/180120693.macron-et-la-paix-en-ukraine-ce-que.html,10577,ba4946dd89448dc9cbfec0937f65590b4976ddbd870e3aea3893c49c40fcd8b8
02_MASTER_EVIDENCE_BASE/03_INVESTIGATIONS/02_EXPANDED_ARCHIVES/DEMOCRACY_INFLUENCE_ALL_INVESTIGATIONS_2026-09-07/__NESTED_EXPANDED__/DEMOCRACY_INFLUENCE_ALL_INVESTIGATIONS_2026-09-07__99_SOURCE_BUNDLES__INVESTIGATION_CONTROL_v0.7_METHOD_PACK/INVESTIGATION_CONTROL_v0.7_METHOD_PACK/BASELINE/SUBSTACK_2026-08-26/posts/180128122.leurope-construit-elle-un-credit.html,13209,bb876757858abc38095876de664cd40e5eb3a1b6778fbf9ce973a0bb6c5370b2
02_MASTER_EVIDENCE_BASE/03_INVESTIGATIONS/02_EXPANDED_ARCHIVES/DEMOCRACY_INFLUENCE_ALL_INVESTIGATIONS_2026-09-07/__NESTED_EXPANDED__/DEMOCRACY_INFLUENCE_ALL_INVESTIGATIONS_2026-09-07__99_SOURCE_BUNDLES__INVESTIGATION_CONTROL_v0.7_METHOD_PACK/INVESTIGATION_CONTROL_v0.7_METHOD_PACK/BASELINE/SUBSTACK_2026-08-26/posts/180129975.leurope-construit-elle-un-credit-40d.html,23404,c97eed11d98e17960a02acf112428569852b4729f0da4b991c22dafd4d42fe09
02_MASTER_EVIDENCE_BASE/03_INVESTIGATIONS/02_EXPANDED_ARCHIVES/DEMOCRACY_INFLUENCE_ALL_INVESTIGATIONS_2026-09-07/__NESTED_EXPANDED__/DEMOCRACY_INFLUENCE_ALL_INVESTIGATIONS_2026-09-07__99_SOURCE_BUNDLES__INVESTIGATION_CONTROL_v0.7_METHOD_PACK/INVESTIGATION_CONTROL_v0.7_METHOD_PACK/BASELINE/SUBSTACK_2026-08-26/posts/180158712.nationalisation-darcelormittal-ce.html,12117,516223ea9612de0865064db71b6e4864b263c139ba7f2113e4b527c7162560ad
02_MASTER_EVIDENCE_BASE/03_INVESTIGATIONS/02_EXPANDED_ARCHIVES/DEMOCRACY_INFLUENCE_ALL_INVESTIGATIONS_2026-09-07/__NESTED_EXPANDED__/DEMOCRACY_INFLUENCE_ALL_INVESTIGATIONS_2026-09-07__99_SOURCE_BUNDLES__INVESTIGATION_CONTROL_v0.7_METHOD_PACK/INVESTIGATION_CONTROL_v0.7_METHOD_PACK/BASELINE/SUBSTACK_2026-08-26/posts/180162835.service-militaire-volontaire-ce-que.html,8594,f75f064541318472c736b50eba3a60ce143f33d59d1c97f80a9f84cac46ad056
02_MASTER_EVIDENCE_BASE/03_INVESTIGATIONS/02_EXPANDED_ARCHIVES/DEMOCRACY_INFLUENCE_ALL_INVESTIGATIONS_2026-09-07/__NESTED_EXPANDED__/DEMOCRACY_INFLUENCE_ALL_INVESTIGATIONS_2026-09-07__99_SOURCE_BUNDLES__INVESTIGATION_CONTROL_v0.7_METHOD_PACK/INVESTIGATION_CONTROL_v0.7_METHOD_PACK/BASELINE/SUBSTACK_2026-08-26/posts/180194877.407-mensonges-lautopsie-dun-systeme.html,23177,9c9c30aa01d459b6d49e9c251d2170b0d9575a557791168440d839ddae3efa04
02_MASTER_EVIDENCE_BASE/03_INVESTIGATIONS/02_EXPANDED_ARCHIVES/DEMOCRACY_INFLUENCE_ALL_INVESTIGATIONS_2026-09-07/__NESTED_EXPANDED__/DEMOCRACY_INFLUENCE_ALL_INVESTIGATIONS_2026-09-07__99_SOURCE_BUNDLES__INVESTIGATION_CONTROL_v0.7_METHOD_PACK/INVESTIGATION_CONTROL_v0.7_METHOD_PACK/BASELINE/SUBSTACK_2026-08-26/posts/180223640.larmee-potemkine-quand-le-spectre.html,10964,26da351cecbd04b7997de0d28b4136279a3c757ee61fb3d42f9839f0231e0063
02_MASTER_EVIDENCE_BASE/03_INVESTIGATIONS/02_EXPANDED_ARCHIVES/DEMOCRACY_INFLUENCE_ALL_INVESTIGATIONS_2026-09-07/__NESTED_EXPANDED__/DEMOCRACY_INFLUENCE_ALL_INVESTIGATIONS_2026-09-07__99_SOURCE_BUNDLES__INVESTIGATION_CONTROL_v0.7_METHOD_PACK/INVESTIGATION_CONTROL_v0.7_METHOD_PACK/BASELINE/SUBSTACK_2026-08-26/posts/180261963.democratie-rare-en-temps-de-guerre-82a.html,15247,654f74880f106133900378f8edc7ddb21f74b636c2422c53bfe0f90885ab560b
02_MASTER_EVIDENCE_BASE/03_INVESTIGATIONS/02_EXPANDED_ARCHIVES/DEMOCRACY_INFLUENCE_ALL_INVESTIGATIONS_2026-09-07/__NESTED_EXPANDED__/DEMOCRACY_INFLUENCE_ALL_INVESTIGATIONS_2026-09-07__99_SOURCE_BUNDLES__INVESTIGATION_CONTROL_v0.7_METHOD_PACK/INVESTIGATION_CONTROL_v0.7_METHOD_PACK/BASELINE/SUBSTACK_2026-08-26/posts/180267309.corruption-en-ukraine-garraud-a-t.html,15048,04bad8d977321993020efdb51ee67c2af6709d295bd7ca45812d8059a9c26973
02_MASTER_EVIDENCE_BASE/03_INVESTIGATIONS/02_EXPANDED_ARCHIVES/DEMOCRACY_INFLUENCE_ALL_INVESTIGATIONS_2026-09-07/__NESTED_EXPANDED__/DEMOCRACY_INFLUENCE_ALL_INVESTIGATIONS_2026-09-07__99_SOURCE_BUNDLES__INVESTIGATION_CONTROL_v0.7_METHOD_PACK/INVESTIGATION_CONTROL_v0.7_METHOD_PACK/BASELINE/SUBSTACK_2026-08-26/posts/180300683.essence-la-double-manipulation-que.html,11977,3a89426dc50cd604a78c6a8cabfca964fff01aab8c049fa126353214d4dd69a7
02_MASTER_EVIDENCE_BASE/03_INVESTIGATIONS/02_EXPANDED_ARCHIVES/DEMOCRACY_INFLUENCE_ALL_INVESTIGATIONS_2026-09-07/__NESTED_EXPANDED__/DEMOCRACY_INFLUENCE_ALL_INVESTIGATIONS_2026-09-07__99_SOURCE_BUNDLES__INVESTIGATION_CONTROL_v0.7_METHOD_PACK/INVESTIGATION_CONTROL_v0.7_METHOD_PACK/BASELINE/SUBSTACK_2026-08-26/posts/180309272.ladieu-aux-partis-du-diagnostic-de.html,27752,0ff92edd80cb725b3e7616f91a739598dd22e8d7ebd6f54c78ba33b07a2d4805
02_MASTER_EVIDENCE_BASE/03_INVESTIGATIONS/02_EXPANDED_ARCHIVES/DEMOCRACY_INFLUENCE_ALL_INVESTIGATIONS_2026-09-07/__NESTED_EXPANDED__/DEMOCRACY_INFLUENCE_ALL_INVESTIGATIONS_2026-09-07__99_SOURCE_BUNDLES__INVESTIGATION_CONTROL_v0.7_METHOD_PACK/INVESTIGATION_CONTROL_v0.7_METHOD_PACK/BASELINE/SUBSTACK_2026-08-26/posts/180377342.bandera-vs-petain-ce-que-les-faits.html,26427,83eeeffb067f8cfdef1abc00ade34a316f9caffb4d407b4202942b78993a2f7c
02_MASTER_EVIDENCE_BASE/03_INVESTIGATIONS/02_EXPANDED_ARCHIVES/DEMOCRACY_INFLUENCE_ALL_INVESTIGATIONS_2026-09-07/__NESTED_EXPANDED__/DEMOCRACY_INFLUENCE_ALL_INVESTIGATIONS_2026-09-07__99_SOURCE_BUNDLES__INVESTIGATION_CONTROL_v0.7_METHOD_PACK/INVESTIGATION_CONTROL_v0.7_METHOD_PACK/BASELINE/SUBSTACK_2026-08-26/posts/180396722.alla-poedie-cafards-censure-et-opacite.html,40802,10cc15298b9d9850329737ae66bdb6a44e63e5d31073020cc97dbcde8fddb2b5
02_MASTER_EVIDENCE_BASE/03_INVESTIGATIONS/02_EXPANDED_ARCHIVES/DEMOCRACY_INFLUENCE_ALL_INVESTIGATIONS_2026-09-07/__NESTED_EXPANDED__/DEMOCRACY_INFLUENCE_ALL_INVESTIGATIONS_2026-09-07__99_SOURCE_BUNDLES__INVESTIGATION_CONTROL_v0.7_METHOD_PACK/INVESTIGATION_CONTROL_v0.7_METHOD_PACK/BASELINE/SUBSTACK_2026-08-26/posts/180481861.quand-lelysee-attaque-un-journaliste.html,41910,a8d9d01c5712e109529a623ce160f9c70c674135a5533f99bb85a275252bc3ab
02_MASTER_EVIDENCE_BASE/03_INVESTIGATIONS/02_EXPANDED_ARCHIVES/DEMOCRACY_INFLUENCE_ALL_INVESTIGATIONS_2026-09-07/__NESTED_EXPANDED__/DEMOCRACY_INFLUENCE_ALL_INVESTIGATIONS_2026-09-07__99_SOURCE_BUNDLES__INVESTIGATION_CONTROL_v0.7_METHOD_PACK/INVESTIGATION_CONTROL_v0.7_METHOD_PACK/BASELINE/SUBSTACK_2026-08-26/posts/180580808.pravda-quand-lelysee-ironise-sur.html,58870,3393c049a47115f7af8ccf8965f9e14fd52bcd97457b4c2ce7f81d3c5d14892b
02_MASTER_EVIDENCE_BASE/03_INVESTIGATIONS/02_EXPANDED_ARCHIVES/DEMOCRACY_INFLUENCE_ALL_INVESTIGATIONS_2026-09-07/__NESTED_EXPANDED__/DEMOCRACY_INFLUENCE_ALL_INVESTIGATIONS_2026-09-07__99_SOURCE_BUNDLES__INVESTIGATION_CONTROL_v0.7_METHOD_PACK/INVESTIGATION_CONTROL_v0.7_METHOD_PACK/BASELINE/SUBSTACK_2026-08-26/posts/180734703.abattage-massif-en-savoie-la-france.html,17750,ff42f43389b99ed3454d58f6b23a8d574f2e99033d3d63a82fca39debc1bd584
02_MASTER_EVIDENCE_BASE/03_INVESTIGATIONS/02_EXPANDED_ARCHIVES/DEMOCRACY_INFLUENCE_ALL_INVESTIGATIONS_2026-09-07/__NESTED_EXPANDED__/DEMOCRACY_INFLUENCE_ALL_INVESTIGATIONS_2026-09-07__99_SOURCE_BUNDLES__INVESTIGATION_CONTROL_v0.7_METHOD_PACK/INVESTIGATION_CONTROL_v0.7_METHOD_PACK/BASELINE/SUBSTACK_2026-08-26/posts/180851146.france-2025-larchitecture-de-lenfer.html,26712,e7bf35abbed098480748a020c2262b4f88a667345b69698979fefe8df365ec53
02_MASTER_EVIDENCE_BASE/03_INVESTIGATIONS/02_EXPANDED_ARCHIVES/DEMOCRACY_INFLUENCE_ALL_INVESTIGATIONS_2026-09-07/__NESTED_EXPANDED__/DEMOCRACY_INFLUENCE_ALL_INVESTIGATIONS_2026-09-07__99_SOURCE_BUNDLES__INVESTIGATION_CONTROL_v0.7_METHOD_PACK/INVESTIGATION_CONTROL_v0.7_METHOD_PACK/BASELINE/SUBSTACK_2026-08-26/posts/180872735.comment-musk-et-trump-vont-briser.html,10258,cc302baa513e9882535a3ce36240d2c6b1645dd8bb6cc479d98774d3bc079ce5
02_MASTER_EVIDENCE_BASE/03_INVESTIGATIONS/02_EXPANDED_ARCHIVES/DEMOCRACY_INFLUENCE_ALL_INVESTIGATIONS_2026-09-07/__NESTED_EXPANDED__/DEMOCRACY_INFLUENCE_ALL_INVESTIGATIONS_2026-09-07__99_SOURCE_BUNDLES__INVESTIGATION_CONTROL_v0.7_METHOD_PACK/INVESTIGATION_CONTROL_v0.7_METHOD_PACK/BASELINE/SUBSTACK_2026-08-26/posts/181348704.la-grande-arnaque-agricole-comment.html,56793,efa73b54af8cbcef80a978c33d09b00b14a04867a93420edb15a3cc065232b40
02_MASTER_EVIDENCE_BASE/03_INVESTIGATIONS/02_EXPANDED_ARCHIVES/DEMOCRACY_INFLUENCE_ALL_INVESTIGATIONS_2026-09-07/__NESTED_EXPANDED__/DEMOCRACY_INFLUENCE_ALL_INVESTIGATIONS_2026-09-07__99_SOURCE_BUNDLES__INVESTIGATION_CONTROL_v0.7_METHOD_PACK/INVESTIGATION_CONTROL_v0.7_METHOD_PACK/BASELINE/SUBSTACK_2026-08-26/posts/181428779.ce-que-letat-vous-cache-sur-la-dnc.html,41536,97d0eef0e4d1b37e5a58ec5c12e546eaf669f1b520b94d2616a0d77dcad4e9c9
02_MASTER_EVIDENCE_BASE/03_INVESTIGATIONS/02_EXPANDED_ARCHIVES/DEMOCRACY_INFLUENCE_ALL_INVESTIGATIONS_2026-09-07/__NESTED_EXPANDED__/DEMOCRACY_INFLUENCE_ALL_INVESTIGATIONS_2026-09-07__99_SOURCE_BUNDLES__INVESTIGATION_CONTROL_v0.7_METHOD_PACK/INVESTIGATION_CONTROL_v0.7_METHOD_PACK/BASELINE/SUBSTACK_2026-08-26/posts/181572197.lindustrie-de-linfluence-enquete.html,29709,6d15aa4ffa9674011f7f425d9180cf3971dd499c990c2c676540baf02396b652
02_MASTER_EVIDENCE_BASE/03_INVESTIGATIONS/02_EXPANDED_ARCHIVES/DEMOCRACY_INFLUENCE_ALL_INVESTIGATIONS_2026-09-07/__NESTED_EXPANDED__/DEMOCRACY_INFLUENCE_ALL_INVESTIGATIONS_2026-09-07__99_SOURCE_BUNDLES__INVESTIGATION_CONTROL_v0.7_METHOD_PACK/INVESTIGATION_CONTROL_v0.7_METHOD_PACK/BASELINE/SUBSTACK_2026-08-26/posts/181766389.les-telegraphistes-de-la-terreur.html,21404,33b1605314fa32608d88a4328d0c3d44e3d6c184994995553b5e8df3799cd316
02_MASTER_EVIDENCE_BASE/03_INVESTIGATIONS/02_EXPANDED_ARCHIVES/DEMOCRACY_INFLUENCE_ALL_INVESTIGATIONS_2026-09-07/__NESTED_EXPANDED__/DEMOCRACY_INFLUENCE_ALL_INVESTIGATIONS_2026-09-07__99_SOURCE_BUNDLES__INVESTIGATION_CONTROL_v0.7_METHOD_PACK/INVESTIGATION_CONTROL_v0.7_METHOD_PACK/BASELINE/SUBSTACK_2026-08-26/posts/182308074.france-2025-lanatomie-dune-feodalite.html,35495,3ed9e8969650fd4562aedf3db2f8b802ad9e0096aec437897ad3c28d002423ac
02_MASTER_EVIDENCE_BASE/03_INVESTIGATIONS/02_EXPANDED_ARCHIVES/DEMOCRACY_INFLUENCE_ALL_INVESTIGATIONS_2026-09-07/__NESTED_EXPANDED__/DEMOCRACY_INFLUENCE_ALL_INVESTIGATIONS_2026-09-07__99_SOURCE_BUNDLES__INVESTIGATION_CONTROL_v0.7_METHOD_PACK/INVESTIGATION_CONTROL_v0.7_METHOD_PACK/BASELINE/SUBSTACK_2026-08-26/posts/182455797.larchitecture-de-labattoir-le-crime.html,13822,d4faa318e15552de6f3cb5363d74644230ccf1bdb2a4c29aa5ea053c230ddf9e
02_MASTER_EVIDENCE_BASE/03_INVESTIGATIONS/02_EXPANDED_ARCHIVES/DEMOCRACY_INFLUENCE_ALL_INVESTIGATIONS_2026-09-07/__NESTED_EXPANDED__/DEMOCRACY_INFLUENCE_ALL_INVESTIGATIONS_2026-09-07__99_SOURCE_BUNDLES__INVESTIGATION_CONTROL_v0.7_METHOD_PACK/INVESTIGATION_CONTROL_v0.7_METHOD_PACK/BASELINE/SUBSTACK_2026-08-26/posts/182502562.la-justice-spectrale-lere-du-bannissement.html,14203,bcd507ae3051d9df8eb09e385ebff11008695b492c607bcfdf3461d244a06418
02_MASTER_EVIDENCE_BASE/03_INVESTIGATIONS/02_EXPANDED_ARCHIVES/DEMOCRACY_INFLUENCE_ALL_INVESTIGATIONS_2026-09-07/__NESTED_EXPANDED__/DEMOCRACY_INFLUENCE_ALL_INVESTIGATIONS_2026-09-07__99_SOURCE_BUNDLES__INVESTIGATION_CONTROL_v0.7_METHOD_PACK/INVESTIGATION_CONTROL_v0.7_METHOD_PACK/BASELINE/SUBSTACK_2026-08-26/posts/182890010.le-schisme-larme-sur-la-tempe-et.html,18841,bde38ddf1b874c325e1af3f88843a48910049fc12bfdb2967a5b9fd528c4b9d3
02_MASTER_EVIDENCE_BASE/03_INVESTIGATIONS/02_EXPANDED_ARCHIVES/DEMOCRACY_INFLUENCE_ALL_INVESTIGATIONS_2026-09-07/__NESTED_EXPANDED__/DEMOCRACY_INFLUENCE_ALL_INVESTIGATIONS_2026-09-07__99_SOURCE_BUNDLES__INVESTIGATION_CONTROL_v0.7_METHOD_PACK/INVESTIGATION_CONTROL_v0.7_METHOD_PACK/BASELINE/SUBSTACK_2026-08-26/posts/183098263.lempire-des-peches-psychopathologie.html,21872,b7037ac826231fdc88b94ab1dbe77a9a28e22029e77a4bbba383117338e4ea2d
02_MASTER_EVIDENCE_BASE/03_INVESTIGATIONS/02_EXPANDED_ARCHIVES/DEMOCRACY_INFLUENCE_ALL_INVESTIGATIONS_2026-09-07/__NESTED_EXPANDED__/DEMOCRACY_INFLUENCE_ALL_INVESTIGATIONS_2026-09-07__99_SOURCE_BUNDLES__INVESTIGATION_CONTROL_v0.7_METHOD_PACK/INVESTIGATION_CONTROL_v0.7_METHOD_PACK/BASELINE/SUBSTACK_2026-08-26/posts/183123537.lempire-du-mensonge-rapport-dautopsie.html,146082,d392143a48a92f6ccdc3f1176f3931f57f9153999ffa35066ca8666fd0c39af4
02_MASTER_EVIDENCE_BASE/03_INVESTIGATIONS/02_EXPANDED_ARCHIVES/DEMOCRACY_INFLUENCE_ALL_INVESTIGATIONS_2026-09-07/__NESTED_EXPANDED__/DEMOCRACY_INFLUENCE_ALL_INVESTIGATIONS_2026-09-07__99_SOURCE_BUNDLES__INVESTIGATION_CONTROL_v0.7_METHOD_PACK/INVESTIGATION_CONTROL_v0.7_METHOD_PACK/BASELINE/SUBSTACK_2026-08-26/posts/183323402.lasphyxie-du-golem-traite-de-la-resistance.html,16646,5d6eb07bbb6faf7ee8067a995cce4e9b1724469f3f85a6a7665ab8b1fd9795cc
02_MASTER_EVIDENCE_BASE/03_INVESTIGATIONS/02_EXPANDED_ARCHIVES/DEMOCRACY_INFLUENCE_ALL_INVESTIGATIONS_2026-09-07/__NESTED_EXPANDED__/DEMOCRACY_INFLUENCE_ALL_INVESTIGATIONS_2026-09-07__99_SOURCE_BUNDLES__INVESTIGATION_CONTROL_v0.7_METHOD_PACK/INVESTIGATION_CONTROL_v0.7_METHOD_PACK/BASELINE/SUBSTACK_2026-08-26/posts/183424330.lagonie-du-souverain-la-singularite.html,18449,6369c8dbf2226678a26c0b72143b35e5e64d2c7533aad534cf78ea312894c8df
02_MASTER_EVIDENCE_BASE/03_INVESTIGATIONS/02_EXPANDED_ARCHIVES/DEMOCRACY_INFLUENCE_ALL_INVESTIGATIONS_2026-09-07/__NESTED_EXPANDED__/DEMOCRACY_INFLUENCE_ALL_INVESTIGATIONS_2026-09-07__99_SOURCE_BUNDLES__INVESTIGATION_CONTROL_v0.7_METHOD_PACK/INVESTIGATION_CONTROL_v0.7_METHOD_PACK/BASELINE/SUBSTACK_2026-08-26/posts/184196064.letat-mafia-autopsie-dune-liquidation.html,15638,8c60f615f7714807af7d40fb0671c423f41f2c51409316356060cb6c7984dd25
02_MASTER_EVIDENCE_BASE/03_INVESTIGATIONS/02_EXPANDED_ARCHIVES/DEMOCRACY_INFLUENCE_ALL_INVESTIGATIONS_2026-09-07/__NESTED_EXPANDED__/DEMOCRACY_INFLUENCE_ALL_INVESTIGATIONS_2026-09-07__99_SOURCE_BUNDLES__INVESTIGATION_CONTROL_v0.7_METHOD_PACK/INVESTIGATION_CONTROL_v0.7_METHOD_PACK/BASELINE/SUBSTACK_2026-08-26/posts/184748463.la-derniere-recolte-autopsie-dune.html,19639,af0e21cac3a539f0d05e66da2b4674f9055b978a6a2dba3b48abc7a1d2654c9e
02_MASTER_EVIDENCE_BASE/03_INVESTIGATIONS/02_EXPANDED_ARCHIVES/DEMOCRACY_INFLUENCE_ALL_INVESTIGATIONS_2026-09-07/__NESTED_EXPANDED__/DEMOCRACY_INFLUENCE_ALL_INVESTIGATIONS_2026-09-07__99_SOURCE_BUNDLES__INVESTIGATION_CONTROL_v0.7_METHOD_PACK/INVESTIGATION_CONTROL_v0.7_METHOD_PACK/BASELINE/SUBSTACK_2026-08-26/posts/185160908.annie-genevard-plus-de-cas-de-dnc.html,13127,d0473873f8e736a865b46f82eb74be0de2ffc64f0d5e39969c1d07d6ffc83eaf
02_MASTER_EVIDENCE_BASE/03_INVESTIGATIONS/02_EXPANDED_ARCHIVES/DEMOCRACY_INFLUENCE_ALL_INVESTIGATIONS_2026-09-07/__NESTED_EXPANDED__/DEMOCRACY_INFLUENCE_ALL_INVESTIGATIONS_2026-09-07__99_SOURCE_BUNDLES__INVESTIGATION_CONTROL_v0.7_METHOD_PACK/INVESTIGATION_CONTROL_v0.7_METHOD_PACK/BASELINE/SUBSTACK_2026-08-26/posts/185731731.lagriculture-au-scanner-autopsie.html,122319,c270913042811119ae0e0b24879ae66448da9eabff3e101fceb785e3184f2653
02_MASTER_EVIDENCE_BASE/03_INVESTIGATIONS/02_EXPANDED_ARCHIVES/DEMOCRACY_INFLUENCE_ALL_INVESTIGATIONS_2026-09-07/__NESTED_EXPANDED__/DEMOCRACY_INFLUENCE_ALL_INVESTIGATIONS_2026-09-07__99_SOURCE_BUNDLES__INVESTIGATION_CONTROL_v0.7_METHOD_PACK/INVESTIGATION_CONTROL_v0.7_METHOD_PACK/BASELINE/SUBSTACK_2026-08-26/posts/185893876.budget-2026-larchitecture-du-mensonge.html,40753,94a97800c73f82f179408d6b92fc5e764b65d8168c7d96ef24fff60c868eb8dc
02_MASTER_EVIDENCE_BASE/03_INVESTIGATIONS/02_EXPANDED_ARCHIVES/DEMOCRACY_INFLUENCE_ALL_INVESTIGATIONS_2026-09-07/__NESTED_EXPANDED__/DEMOCRACY_INFLUENCE_ALL_INVESTIGATIONS_2026-09-07__99_SOURCE_BUNDLES__INVESTIGATION_CONTROL_v0.7_METHOD_PACK/INVESTIGATION_CONTROL_v0.7_METHOD_PACK/BASELINE/SUBSTACK_2026-08-26/posts/186057704.letat-qui-veut-tout-controler-mais.html,14128,3456a3ce22737b25ddedf55b0f79c73dbfb2320397d07943e9abb8a91f53fca0
02_MASTER_EVIDENCE_BASE/03_INVESTIGATIONS/02_EXPANDED_ARCHIVES/DEMOCRACY_INFLUENCE_ALL_INVESTIGATIONS_2026-09-07/__NESTED_EXPANDED__/DEMOCRACY_INFLUENCE_ALL_INVESTIGATIONS_2026-09-07__99_SOURCE_BUNDLES__INVESTIGATION_CONTROL_v0.7_METHOD_PACK/INVESTIGATION_CONTROL_v0.7_METHOD_PACK/BASELINE/SUBSTACK_2026-08-26/posts/186127641.limpasse-persique-pourquoi-loccident.html,13446,1043ff31c45b72f3c3977f64a0dcba3a5f2fb7dc644e43e85d334512b38ada83
02_MASTER_EVIDENCE_BASE/03_INVESTIGATIONS/02_EXPANDED_ARCHIVES/DEMOCRACY_INFLUENCE_ALL_INVESTIGATIONS_2026-09-07/__NESTED_EXPANDED__/DEMOCRACY_INFLUENCE_ALL_INVESTIGATIONS_2026-09-07__99_SOURCE_BUNDLES__INVESTIGATION_CONTROL_v0.7_METHOD_PACK/INVESTIGATION_CONTROL_v0.7_METHOD_PACK/BASELINE/SUBSTACK_2026-08-26/posts/186286764.ce-que-macron-appelle-protection.html,29973,ade5c466cea53f4d0c0406a8b4b55afe9ad36e2a38812478e1562a8262e63222
02_MASTER_EVIDENCE_BASE/03_INVESTIGATIONS/02_EXPANDED_ARCHIVES/DEMOCRACY_INFLUENCE_ALL_INVESTIGATIONS_2026-09-07/__NESTED_EXPANDED__/DEMOCRACY_INFLUENCE_ALL_INVESTIGATIONS_2026-09-07__99_SOURCE_BUNDLES__INVESTIGATION_CONTROL_v0.7_METHOD_PACK/INVESTIGATION_CONTROL_v0.7_METHOD_PACK/BASELINE/SUBSTACK_2026-08-26/posts/186775451.ils-ont-quitte-lhumanite.html,33173,abed7f9ccc2bd8c07e315318d9365ab34ea0026ad065b203465796edc547e082
02_MASTER_EVIDENCE_BASE/03_INVESTIGATIONS/02_EXPANDED_ARCHIVES/DEMOCRACY_INFLUENCE_ALL_INVESTIGATIONS_2026-09-07/__NESTED_EXPANDED__/DEMOCRACY_INFLUENCE_ALL_INVESTIGATIONS_2026-09-07__99_SOURCE_BUNDLES__INVESTIGATION_CONTROL_v0.7_METHOD_PACK/INVESTIGATION_CONTROL_v0.7_METHOD_PACK/BASELINE/SUBSTACK_2026-08-26/posts/186844276.tristan-mendes-france-la-machine.html,41438,7f652333e2d14177251bc0c9c16f8ef28b0dbfb5b0da77ffed3485297f7ab8c6
02_MASTER_EVIDENCE_BASE/03_INVESTIGATIONS/02_EXPANDED_ARCHIVES/DEMOCRACY_INFLUENCE_ALL_INVESTIGATIONS_2026-09-07/__NESTED_EXPANDED__/DEMOCRACY_INFLUENCE_ALL_INVESTIGATIONS_2026-09-07__99_SOURCE_BUNDLES__INVESTIGATION_CONTROL_v0.7_METHOD_PACK/INVESTIGATION_CONTROL_v0.7_METHOD_PACK/BASELINE/SUBSTACK_2026-08-26/posts/186904003.larchitecture-de-la-censure-europeenne.html,127966,7db37dd524d3b7c199535abb2ec335688e8b4ea49f87c85e24db6a82fefd5d7c
02_MASTER_EVIDENCE_BASE/03_INVESTIGATIONS/02_EXPANDED_ARCHIVES/DEMOCRACY_INFLUENCE_ALL_INVESTIGATIONS_2026-09-07/__NESTED_EXPANDED__/DEMOCRACY_INFLUENCE_ALL_INVESTIGATIONS_2026-09-07__99_SOURCE_BUNDLES__INVESTIGATION_CONTROL_v0.7_METHOD_PACK/INVESTIGATION_CONTROL_v0.7_METHOD_PACK/BASELINE/SUBSTACK_2026-08-26/posts/187237034.de-lombre-des-cavernes-a-lecran-lumineux.html,47695,c4695d506bd63eaf6e78eb3b5f55d3735b838b354e12bf81c62fce48a9c31b4a
02_MASTER_EVIDENCE_BASE/03_INVESTIGATIONS/02_EXPANDED_ARCHIVES/DEMOCRACY_INFLUENCE_ALL_INVESTIGATIONS_2026-09-07/__NESTED_EXPANDED__/DEMOCRACY_INFLUENCE_ALL_INVESTIGATIONS_2026-09-07__99_SOURCE_BUNDLES__INVESTIGATION_CONTROL_v0.7_METHOD_PACK/INVESTIGATION_CONTROL_v0.7_METHOD_PACK/BASELINE/SUBSTACK_2026-08-26/posts/187436825.darwin-et-evolution-enquete-sur-les.html,70471,ec1a01b731b5a49e933baeff239b7cea94565ee3fd43f6491b03f6fa558d23dc
02_MASTER_EVIDENCE_BASE/03_INVESTIGATIONS/02_EXPANDED_ARCHIVES/DEMOCRACY_INFLUENCE_ALL_INVESTIGATIONS_2026-09-07/__NESTED_EXPANDED__/DEMOCRACY_INFLUENCE_ALL_INVESTIGATIONS_2026-09-07__99_SOURCE_BUNDLES__INVESTIGATION_CONTROL_v0.7_METHOD_PACK/INVESTIGATION_CONTROL_v0.7_METHOD_PACK/BASELINE/SUBSTACK_2026-08-26/posts/187674415.le-triangle-de-la-capture-le-mecanisme.html,57111,8fb62146aa06f11e8d4781f79e1f3c233c2e7cba9ecf88caa392fdce944c8b75
02_MASTER_EVIDENCE_BASE/03_INVESTIGATIONS/02_EXPANDED_ARCHIVES/DEMOCRACY_INFLUENCE_ALL_INVESTIGATIONS_2026-09-07/__NESTED_EXPANDED__/DEMOCRACY_INFLUENCE_ALL_INVESTIGATIONS_2026-09-07__99_SOURCE_BUNDLES__INVESTIGATION_CONTROL_v0.7_METHOD_PACK/INVESTIGATION_CONTROL_v0.7_METHOD_PACK/BASELINE/SUBSTACK_2026-08-26/posts/188810196.le-gulag-digital-surveilles-a-100.html,25184,6b77abad4639376c504e480f8c66e9d5f947f89a931e7427e214ab0c0e1c5286
02_MASTER_EVIDENCE_BASE/03_INVESTIGATIONS/02_EXPANDED_ARCHIVES/DEMOCRACY_INFLUENCE_ALL_INVESTIGATIONS_2026-09-07/__NESTED_EXPANDED__/DEMOCRACY_INFLUENCE_ALL_INVESTIGATIONS_2026-09-07__99_SOURCE_BUNDLES__INVESTIGATION_CONTROL_v0.7_METHOD_PACK/INVESTIGATION_CONTROL_v0.7_METHOD_PACK/BASELINE/SUBSTACK_2026-08-26/posts/188933060.le-piege-knafo-cheval-de-troie-dune.html,21579,c9a079307a490036fc5a9906a3cb0bcb116f7cd901179ce451bf56d964494601
02_MASTER_EVIDENCE_BASE/03_INVESTIGATIONS/02_EXPANDED_ARCHIVES/DEMOCRACY_INFLUENCE_ALL_INVESTIGATIONS_2026-09-07/__NESTED_EXPANDED__/DEMOCRACY_INFLUENCE_ALL_INVESTIGATIONS_2026-09-07__99_SOURCE_BUNDLES__INVESTIGATION_CONTROL_v0.7_METHOD_PACK/INVESTIGATION_CONTROL_v0.7_METHOD_PACK/BASELINE/SUBSTACK_2026-08-26/posts/189043675.la-machine-a-silence.html,39781,c44208cbcbe79a41e6330e5ca9e381fa299a4d2012c847f6df68813173cb0f70
02_MASTER_EVIDENCE_BASE/03_INVESTIGATIONS/02_EXPANDED_ARCHIVES/DEMOCRACY_INFLUENCE_ALL_INVESTIGATIONS_2026-09-07/__NESTED_EXPANDED__/DEMOCRACY_INFLUENCE_ALL_INVESTIGATIONS_2026-09-07__99_SOURCE_BUNDLES__INVESTIGATION_CONTROL_v0.7_METHOD_PACK/INVESTIGATION_CONTROL_v0.7_METHOD_PACK/BASELINE/SUBSTACK_2026-08-26/posts/189647946.lempire-des-miettes.html,24277,4fdf75d72681728e995bfcfb807250c248ad76d84e38bf547f6de49e6be02181
02_MASTER_EVIDENCE_BASE/03_INVESTIGATIONS/02_EXPANDED_ARCHIVES/DEMOCRACY_INFLUENCE_ALL_INVESTIGATIONS_2026-09-07/__NESTED_EXPANDED__/DEMOCRACY_INFLUENCE_ALL_INVESTIGATIONS_2026-09-07__99_SOURCE_BUNDLES__INVESTIGATION_CONTROL_v0.7_METHOD_PACK/INVESTIGATION_CONTROL_v0.7_METHOD_PACK/BASELINE/SUBSTACK_2026-08-26/posts/189855247.le-sanctuaire-inverse-comment-la.html,60063,fe11ce5c2e216c034b08e023e44618503ef2a660f9189b8d9b2b721a67daaee4
02_MASTER_EVIDENCE_BASE/03_INVESTIGATIONS/02_EXPANDED_ARCHIVES/DEMOCRACY_INFLUENCE_ALL_INVESTIGATIONS_2026-09-07/__NESTED_EXPANDED__/DEMOCRACY_INFLUENCE_ALL_INVESTIGATIONS_2026-09-07__99_SOURCE_BUNDLES__INVESTIGATION_CONTROL_v0.7_METHOD_PACK/INVESTIGATION_CONTROL_v0.7_METHOD_PACK/BASELINE/SUBSTACK_2026-08-26/posts/190192234.le-grand-manege-de-la-depossession.html,26928,b03934953a565094a118b88405412b425a96c65e6925324b328799e09f80247d
02_MASTER_EVIDENCE_BASE/03_INVESTIGATIONS/02_EXPANDED_ARCHIVES/DEMOCRACY_INFLUENCE_ALL_INVESTIGATIONS_2026-09-07/__NESTED_EXPANDED__/DEMOCRACY_INFLUENCE_ALL_INVESTIGATIONS_2026-09-07__99_SOURCE_BUNDLES__INVESTIGATION_CONTROL_v0.7_METHOD_PACK/INVESTIGATION_CONTROL_v0.7_METHOD_PACK/BASELINE/SUBSTACK_2026-08-26/posts/190587326.ue-mercosur-le-mensonge-sanitaire.html,38332,b6e4b92a0d1bbce59ca7afd0b7f3fb279f7c98f256a8ffa405674e6db3093b85
02_MASTER_EVIDENCE_BASE/03_INVESTIGATIONS/02_EXPANDED_ARCHIVES/DEMOCRACY_INFLUENCE_ALL_INVESTIGATIONS_2026-09-07/__NESTED_EXPANDED__/DEMOCRACY_INFLUENCE_ALL_INVESTIGATIONS_2026-09-07__99_SOURCE_BUNDLES__INVESTIGATION_CONTROL_v0.7_METHOD_PACK/INVESTIGATION_CONTROL_v0.7_METHOD_PACK/BASELINE/SUBSTACK_2026-08-26/posts/190739827.le-sabotage-energetique-francais.html,36907,0ab193142f2e13b35347248298b1ae807d8d91a67a802cfc06c35ad6a7c37d2d
02_MASTER_EVIDENCE_BASE/03_INVESTIGATIONS/02_EXPANDED_ARCHIVES/DEMOCRACY_INFLUENCE_ALL_INVESTIGATIONS_2026-09-07/__NESTED_EXPANDED__/DEMOCRACY_INFLUENCE_ALL_INVESTIGATIONS_2026-09-07__99_SOURCE_BUNDLES__INVESTIGATION_CONTROL_v0.7_METHOD_PACK/INVESTIGATION_CONTROL_v0.7_METHOD_PACK/BASELINE/SUBSTACK_2026-08-26/posts/191154925.pourquoi-les-electeurs-francais-votent.html,44685,dccc3b95ad356aa4455a0171a43a5cb45371cd639600ee05f803cf8f77b4f57b
02_MASTER_EVIDENCE_BASE/03_INVESTIGATIONS/02_EXPANDED_ARCHIVES/DEMOCRACY_INFLUENCE_ALL_INVESTIGATIONS_2026-09-07/__NESTED_EXPANDED__/DEMOCRACY_INFLUENCE_ALL_INVESTIGATIONS_2026-09-07__99_SOURCE_BUNDLES__INVESTIGATION_CONTROL_v0.7_METHOD_PACK/INVESTIGATION_CONTROL_v0.7_METHOD_PACK/BASELINE/SUBSTACK_2026-08-26/posts/191802696.la-guerre-des-autres.html,45571,14b3a8974ad0865c475807895435675f3c658df3931a53feb895436ce0766a95
02_MASTER_EVIDENCE_BASE/03_INVESTIGATIONS/02_EXPANDED_ARCHIVES/DEMOCRACY_INFLUENCE_ALL_INVESTIGATIONS_2026-09-07/__NESTED_EXPANDED__/DEMOCRACY_INFLUENCE_ALL_INVESTIGATIONS_2026-09-07__99_SOURCE_BUNDLES__INVESTIGATION_CONTROL_v0.7_METHOD_PACK/INVESTIGATION_CONTROL_v0.7_METHOD_PACK/BASELINE/SUBSTACK_2026-08-26/posts/192293819.la-democratie-en-cage.html,44548,52cffafb06e101bbfab8f5806d1ade0c962a1a8d9d386310ea71d768ef213159
02_MASTER_EVIDENCE_BASE/03_INVESTIGATIONS/02_EXPANDED_ARCHIVES/DEMOCRACY_INFLUENCE_ALL_INVESTIGATIONS_2026-09-07/__NESTED_EXPANDED__/DEMOCRACY_INFLUENCE_ALL_INVESTIGATIONS_2026-09-07__99_SOURCE_BUNDLES__INVESTIGATION_CONTROL_v0.7_METHOD_PACK/INVESTIGATION_CONTROL_v0.7_METHOD_PACK/BASELINE/SUBSTACK_2026-08-26/posts/192351575.le-reseau-qui-nous-facture.html,42982,f420de0fe715df44ba9541b413bf25877896c61694bd1edaed833e5663024445
02_MASTER_EVIDENCE_BASE/03_INVESTIGATIONS/02_EXPANDED_ARCHIVES/DEMOCRACY_INFLUENCE_ALL_INVESTIGATIONS_2026-09-07/__NESTED_EXPANDED__/DEMOCRACY_INFLUENCE_ALL_INVESTIGATIONS_2026-09-07__99_SOURCE_BUNDLES__INVESTIGATION_CONTROL_v0.7_METHOD_PACK/INVESTIGATION_CONTROL_v0.7_METHOD_PACK/BASELINE/SUBSTACK_2026-08-26/posts/192483249.ce-nest-pas-du-satanisme-cest-une.html,72061,adc4303f6adc595727b0604059d048cf041dc24be9c3fd02802a39950230c665
02_MASTER_EVIDENCE_BASE/03_INVESTIGATIONS/02_EXPANDED_ARCHIVES/DEMOCRACY_INFLUENCE_ALL_INVESTIGATIONS_2026-09-07/__NESTED_EXPANDED__/DEMOCRACY_INFLUENCE_ALL_INVESTIGATIONS_2026-09-07__99_SOURCE_BUNDLES__INVESTIGATION_CONTROL_v0.7_METHOD_PACK/INVESTIGATION_CONTROL_v0.7_METHOD_PACK/BASELINE/SUBSTACK_2026-08-26/posts/192726440.le-vampire-de-la-croissance.html,36334,3eb1bed338e2ccfa1f6a030cba3e30c8f67f4ac2975db44c913895143dd561ae
02_MASTER_EVIDENCE_BASE/03_INVESTIGATIONS/02_EXPANDED_ARCHIVES/DEMOCRACY_INFLUENCE_ALL_INVESTIGATIONS_2026-09-07/__NESTED_EXPANDED__/DEMOCRACY_INFLUENCE_ALL_INVESTIGATIONS_2026-09-07__99_SOURCE_BUNDLES__INVESTIGATION_CONTROL_v0.7_METHOD_PACK/INVESTIGATION_CONTROL_v0.7_METHOD_PACK/BASELINE/SUBSTACK_2026-08-26/posts/193017697.comment-la-richesse-verrouille-le.html,50280,34d17c9c78147e6be4654962b58d2755c6174fb105d2b47f47ea8d91523fe791
02_MASTER_EVIDENCE_BASE/03_INVESTIGATIONS/02_EXPANDED_ARCHIVES/DEMOCRACY_INFLUENCE_ALL_INVESTIGATIONS_2026-09-07/__NESTED_EXPANDED__/DEMOCRACY_INFLUENCE_ALL_INVESTIGATIONS_2026-09-07__99_SOURCE_BUNDLES__INVESTIGATION_CONTROL_v0.7_METHOD_PACK/INVESTIGATION_CONTROL_v0.7_METHOD_PACK/BASELINE/SUBSTACK_2026-08-26/posts/193239406.oak-island-le-mecanisme-de-capture.html,53717,46e1cf5898acdd39cca54d16cbb4eb00be3b865a10c16d24bb1141c5d92bdf9e
02_MASTER_EVIDENCE_BASE/03_INVESTIGATIONS/02_EXPANDED_ARCHIVES/DEMOCRACY_INFLUENCE_ALL_INVESTIGATIONS_2026-09-07/__NESTED_EXPANDED__/DEMOCRACY_INFLUENCE_ALL_INVESTIGATIONS_2026-09-07__99_SOURCE_BUNDLES__INVESTIGATION_CONTROL_v0.7_METHOD_PACK/INVESTIGATION_CONTROL_v0.7_METHOD_PACK/BASELINE/SUBSTACK_2026-08-26/posts/193327603.ce-que-le-corps-sait-et-que-la-machine.html,24529,88ce9e9f986004f5982cff50345f0bd406de6cd797ee48a794b2a309d3ed87bf
02_MASTER_EVIDENCE_BASE/03_INVESTIGATIONS/02_EXPANDED_ARCHIVES/DEMOCRACY_INFLUENCE_ALL_INVESTIGATIONS_2026-09-07/__NESTED_EXPANDED__/DEMOCRACY_INFLUENCE_ALL_INVESTIGATIONS_2026-09-07__99_SOURCE_BUNDLES__INVESTIGATION_CONTROL_v0.7_METHOD_PACK/INVESTIGATION_CONTROL_v0.7_METHOD_PACK/BASELINE/SUBSTACK_2026-08-26/posts/193730222.la-commission-qui-devait-eclairer.html,46772,84e1bd3562e258acc73810ca6ae6d305ae84c482fa16e0d30fcd8f5ce4da9f98
02_MASTER_EVIDENCE_BASE/03_INVESTIGATIONS/02_EXPANDED_ARCHIVES/DEMOCRACY_INFLUENCE_ALL_INVESTIGATIONS_2026-09-07/__NESTED_EXPANDED__/DEMOCRACY_INFLUENCE_ALL_INVESTIGATIONS_2026-09-07__99_SOURCE_BUNDLES__INVESTIGATION_CONTROL_v0.7_METHOD_PACK/INVESTIGATION_CONTROL_v0.7_METHOD_PACK/BASELINE/SUBSTACK_2026-08-26/posts/193809543.audiovisuel-public-anatomie-dune.html,14856,f4bd430a3f001926e6129144e08de5b75d111ae814ced865b414590c95e18bb3
02_MASTER_EVIDENCE_BASE/03_INVESTIGATIONS/02_EXPANDED_ARCHIVES/DEMOCRACY_INFLUENCE_ALL_INVESTIGATIONS_2026-09-07/__NESTED_EXPANDED__/DEMOCRACY_INFLUENCE_ALL_INVESTIGATIONS_2026-09-07__99_SOURCE_BUNDLES__INVESTIGATION_CONTROL_v0.7_METHOD_PACK/INVESTIGATION_CONTROL_v0.7_METHOD_PACK/BASELINE/SUBSTACK_2026-08-26/posts/194040178.lingenierie-de-la-possession.html,42379,c02126c1ac3d9c457b3991c11d096f59f8b7fea2576b808926543164bef4895a
02_MASTER_EVIDENCE_BASE/03_INVESTIGATIONS/02_EXPANDED_ARCHIVES/DEMOCRACY_INFLUENCE_ALL_INVESTIGATIONS_2026-09-07/__NESTED_EXPANDED__/DEMOCRACY_INFLUENCE_ALL_INVESTIGATIONS_2026-09-07__99_SOURCE_BUNDLES__INVESTIGATION_CONTROL_v0.7_METHOD_PACK/INVESTIGATION_CONTROL_v0.7_METHOD_PACK/BASELINE/SUBSTACK_2026-08-26/posts/194130616.le-protocole-du-re-enracinement.html,18485,6b4d31fbd24bd84a2c075eb88dded27025aa1bfe0fec64f092f83f92f92d9709
02_MASTER_EVIDENCE_BASE/03_INVESTIGATIONS/02_EXPANDED_ARCHIVES/DEMOCRACY_INFLUENCE_ALL_INVESTIGATIONS_2026-09-07/__NESTED_EXPANDED__/DEMOCRACY_INFLUENCE_ALL_INVESTIGATIONS_2026-09-07__99_SOURCE_BUNDLES__INVESTIGATION_CONTROL_v0.7_METHOD_PACK/INVESTIGATION_CONTROL_v0.7_METHOD_PACK/BASELINE/SUBSTACK_2026-08-26/posts/194422681.le-leviathan-de-verre.html,43547,97ad62aa5b72b0500ac67701c370761d6e6cf03f77c46760db885419cb53c61d
02_MASTER_EVIDENCE_BASE/03_INVESTIGATIONS/02_EXPANDED_ARCHIVES/DEMOCRACY_INFLUENCE_ALL_INVESTIGATIONS_2026-09-07/__NESTED_EXPANDED__/DEMOCRACY_INFLUENCE_ALL_INVESTIGATIONS_2026-09-07__99_SOURCE_BUNDLES__INVESTIGATION_CONTROL_v0.7_METHOD_PACK/INVESTIGATION_CONTROL_v0.7_METHOD_PACK/BASELINE/SUBSTACK_2026-08-26/posts/194518266.lingenierie-de-lenclos.html,51915,4a9598cb8399f2a09fa000aa17328980910e0e5cd8f0ae483e72e527a74a981b
02_MASTER_EVIDENCE_BASE/03_INVESTIGATIONS/02_EXPANDED_ARCHIVES/DEMOCRACY_INFLUENCE_ALL_INVESTIGATIONS_2026-09-07/__NESTED_EXPANDED__/DEMOCRACY_INFLUENCE_ALL_INVESTIGATIONS_2026-09-07__99_SOURCE_BUNDLES__INVESTIGATION_CONTROL_v0.7_METHOD_PACK/INVESTIGATION_CONTROL_v0.7_METHOD_PACK/BASELINE/SUBSTACK_2026-08-26/posts/194695720.larchitecture-a-luvre.html,63350,2b9d31cb885f2260efa646e43b0fbcc0fca86fb84d871c3fd688bf3e02781507
02_MASTER_EVIDENCE_BASE/03_INVESTIGATIONS/02_EXPANDED_ARCHIVES/DEMOCRACY_INFLUENCE_ALL_INVESTIGATIONS_2026-09-07/__NESTED_EXPANDED__/DEMOCRACY_INFLUENCE_ALL_INVESTIGATIONS_2026-09-07__99_SOURCE_BUNDLES__INVESTIGATION_CONTROL_v0.7_METHOD_PACK/INVESTIGATION_CONTROL_v0.7_METHOD_PACK/BASELINE/SUBSTACK_2026-08-26/posts/194966421.la-constellation-davril.html,52016,28aa0744d1b2f001a443a0eb310e0cc3c01c41db7bdf4b74f25eda2e4b205607
02_MASTER_EVIDENCE_BASE/03_INVESTIGATIONS/02_EXPANDED_ARCHIVES/DEMOCRACY_INFLUENCE_ALL_INVESTIGATIONS_2026-09-07/__NESTED_EXPANDED__/DEMOCRACY_INFLUENCE_ALL_INVESTIGATIONS_2026-09-07__99_SOURCE_BUNDLES__INVESTIGATION_CONTROL_v0.7_METHOD_PACK/INVESTIGATION_CONTROL_v0.7_METHOD_PACK/BASELINE/SUBSTACK_2026-08-26/posts/197963983.climat-les-deux-escroqueries.html,40013,a463768e31cdc15f6258925e4a79ae3387d13b8e9447c91cbcc278599c1e0062
02_MASTER_EVIDENCE_BASE/03_INVESTIGATIONS/02_EXPANDED_ARCHIVES/DEMOCRACY_INFLUENCE_ALL_INVESTIGATIONS_2026-09-07/__NESTED_EXPANDED__/DEMOCRACY_INFLUENCE_ALL_INVESTIGATIONS_2026-09-07__99_SOURCE_BUNDLES__INVESTIGATION_CONTROL_v0.7_METHOD_PACK/INVESTIGATION_CONTROL_v0.7_METHOD_PACK/BASELINE/SUBSTACK_2026-08-26/posts/198170736.le-paradoxe-francais-66-de-colere.html,113670,86f6344ffd8e3e87c4d19ccccb55a75b41aede75a58a2bbae89b5d6dc5ead5ba
02_MASTER_EVIDENCE_BASE/03_INVESTIGATIONS/02_EXPANDED_ARCHIVES/DEMOCRACY_INFLUENCE_ALL_INVESTIGATIONS_2026-09-07/__NESTED_EXPANDED__/DEMOCRACY_INFLUENCE_ALL_INVESTIGATIONS_2026-09-07__99_SOURCE_BUNDLES__INVESTIGATION_CONTROL_v0.7_METHOD_PACK/INVESTIGATION_CONTROL_v0.7_METHOD_PACK/BASELINE/SUBSTACK_2026-08-26/posts/198384632.le-ciel-nest-pas-gratuit.html,31076,a93d1122b095d6c8c801b01849a66a031a73cf611fef40e84ac39c6daf698ef3
02_MASTER_EVIDENCE_BASE/03_INVESTIGATIONS/02_EXPANDED_ARCHIVES/DEMOCRACY_INFLUENCE_ALL_INVESTIGATIONS_2026-09-07/__NESTED_EXPANDED__/DEMOCRACY_INFLUENCE_ALL_INVESTIGATIONS_2026-09-07__99_SOURCE_BUNDLES__INVESTIGATION_CONTROL_v0.7_METHOD_PACK/INVESTIGATION_CONTROL_v0.7_METHOD_PACK/BASELINE/SUBSTACK_2026-08-26/posts/198659211.opposition-controlee-anatomie-dun.html,61889,3791df0bd935d742991bdf91fb687e44169da94d139dc2f3f72d3e980af5cff5
02_MASTER_EVIDENCE_BASE/03_INVESTIGATIONS/02_EXPANDED_ARCHIVES/DEMOCRACY_INFLUENCE_ALL_INVESTIGATIONS_2026-09-07/__NESTED_EXPANDED__/DEMOCRACY_INFLUENCE_ALL_INVESTIGATIONS_2026-09-07__99_SOURCE_BUNDLES__INVESTIGATION_CONTROL_v0.7_METHOD_PACK/INVESTIGATION_CONTROL_v0.7_METHOD_PACK/BASELINE/SUBSTACK_2026-08-26/posts/199049245.le-changement-de-regime-pourquoi.html,47686,eb8faf10db25e9a9cacd138a69d1b9a3b0dca0f0f43df6c1d4edcf892bef05bb
02_MASTER_EVIDENCE_BASE/03_INVESTIGATIONS/02_EXPANDED_ARCHIVES/DEMOCRACY_INFLUENCE_ALL_INVESTIGATIONS_2026-09-07/__NESTED_EXPANDED__/DEMOCRACY_INFLUENCE_ALL_INVESTIGATIONS_2026-09-07__99_SOURCE_BUNDLES__INVESTIGATION_CONTROL_v0.7_METHOD_PACK/INVESTIGATION_CONTROL_v0.7_METHOD_PACK/BASELINE/SUBSTACK_2026-08-26/posts/199422722.la-caste-parasite-qui-gouverne-la.html,44448,e94222df1a5c625b3b44f8180bd9355b5710c60d3c5465cda6edefcf2430d104
02_MASTER_EVIDENCE_BASE/03_INVESTIGATIONS/02_EXPANDED_ARCHIVES/DEMOCRACY_INFLUENCE_ALL_INVESTIGATIONS_2026-09-07/__NESTED_EXPANDED__/DEMOCRACY_INFLUENCE_ALL_INVESTIGATIONS_2026-09-07__99_SOURCE_BUNDLES__INVESTIGATION_CONTROL_v0.7_METHOD_PACK/INVESTIGATION_CONTROL_v0.7_METHOD_PACK/BASELINE/SUBSTACK_2026-08-26/posts/199653976.la-dette-instrumentalisee-3-200-milliards.html,34493,472ef5d802af3831561d407e2bf33eb855c2975991db647ade7f9f8fdd09efcc
02_MASTER_EVIDENCE_BASE/03_INVESTIGATIONS/02_EXPANDED_ARCHIVES/DEMOCRACY_INFLUENCE_ALL_INVESTIGATIONS_2026-09-07/__NESTED_EXPANDED__/DEMOCRACY_INFLUENCE_ALL_INVESTIGATIONS_2026-09-07__99_SOURCE_BUNDLES__INVESTIGATION_CONTROL_v0.7_METHOD_PACK/INVESTIGATION_CONTROL_v0.7_METHOD_PACK/BASELINE/SUBSTACK_2026-08-26/posts/199654188.le-systeme-de-sante-demantele-8-millions.html,36100,e7d6f4511607af448eee9d2246df836977966485ad0fa340e30d49d5c7e0427f
02_MASTER_EVIDENCE_BASE/03_INVESTIGATIONS/02_EXPANDED_ARCHIVES/DEMOCRACY_INFLUENCE_ALL_INVESTIGATIONS_2026-09-07/__NESTED_EXPANDED__/DEMOCRACY_INFLUENCE_ALL_INVESTIGATIONS_2026-09-07__99_SOURCE_BUNDLES__INVESTIGATION_CONTROL_v0.7_METHOD_PACK/INVESTIGATION_CONTROL_v0.7_METHOD_PACK/BASELINE/SUBSTACK_2026-08-26/posts/199654310.les-visages-de-la-pauvrete-98-millions.html,29496,6498c6eba9930d9f9199bbfc0e9ee2280a5db9d93fcb3ed38183825f50636ca3
02_MASTER_EVIDENCE_BASE/03_INVESTIGATIONS/02_EXPANDED_ARCHIVES/DEMOCRACY_INFLUENCE_ALL_INVESTIGATIONS_2026-09-07/__NESTED_EXPANDED__/DEMOCRACY_INFLUENCE_ALL_INVESTIGATIONS_2026-09-07__99_SOURCE_BUNDLES__INVESTIGATION_CONTROL_v0.7_METHOD_PACK/INVESTIGATION_CONTROL_v0.7_METHOD_PACK/BASELINE/SUBSTACK_2026-08-26/posts/199654478.la-france-desindustrialisee-81-milliards.html,26795,558385a84d5e2fe8c48e91b656e02ef771ff8863c5697ee632c1c7123ddd12f4
02_MASTER_EVIDENCE_BASE/03_INVESTIGATIONS/02_EXPANDED_ARCHIVES/DEMOCRACY_INFLUENCE_ALL_INVESTIGATIONS_2026-09-07/__NESTED_EXPANDED__/DEMOCRACY_INFLUENCE_ALL_INVESTIGATIONS_2026-09-07__99_SOURCE_BUNDLES__INVESTIGATION_CONTROL_v0.7_METHOD_PACK/INVESTIGATION_CONTROL_v0.7_METHOD_PACK/BASELINE/SUBSTACK_2026-08-26/posts/199654539.lecole-sans-transmission-43-points.html,32596,6722f612f1da295c6b738ae46fe526fdb19ad60fde3313b94528d10f56eb46cd
02_MASTER_EVIDENCE_BASE/03_INVESTIGATIONS/02_EXPANDED_ARCHIVES/DEMOCRACY_INFLUENCE_ALL_INVESTIGATIONS_2026-09-07/__NESTED_EXPANDED__/DEMOCRACY_INFLUENCE_ALL_INVESTIGATIONS_2026-09-07__99_SOURCE_BUNDLES__INVESTIGATION_CONTROL_v0.7_METHOD_PACK/INVESTIGATION_CONTROL_v0.7_METHOD_PACK/BASELINE/SUBSTACK_2026-08-26/posts/199654638.limmigration-sans-cap-340-000-titres.html,27382,092d16e2f726baa7a349d26bc5772c9d6e878b228fd3a10245211d22085a43e8
02_MASTER_EVIDENCE_BASE/03_INVESTIGATIONS/02_EXPANDED_ARCHIVES/DEMOCRACY_INFLUENCE_ALL_INVESTIGATIONS_2026-09-07/__NESTED_EXPANDED__/DEMOCRACY_INFLUENCE_ALL_INVESTIGATIONS_2026-09-07__99_SOURCE_BUNDLES__INVESTIGATION_CONTROL_v0.7_METHOD_PACK/INVESTIGATION_CONTROL_v0.7_METHOD_PACK/BASELINE/SUBSTACK_2026-08-26/posts/199654706.le-logement-la-machine-a-creer-de.html,31378,31b3463bcacb5bd96686eaf79d74d988fd5ba3bb16de9d30cd4097b9e1a6b6d1
02_MASTER_EVIDENCE_BASE/03_INVESTIGATIONS/02_EXPANDED_ARCHIVES/DEMOCRACY_INFLUENCE_ALL_INVESTIGATIONS_2026-09-07/__NESTED_EXPANDED__/DEMOCRACY_INFLUENCE_ALL_INVESTIGATIONS_2026-09-07__99_SOURCE_BUNDLES__INVESTIGATION_CONTROL_v0.7_METHOD_PACK/INVESTIGATION_CONTROL_v0.7_METHOD_PACK/BASELINE/SUBSTACK_2026-08-26/posts/199654799.lenergie-sacrifiee-923-twh-exportes.html,41403,5a6482d506506eb105f277cee313bd3af0f9ce371aefbf5bbfe454f4aa0fd4d4
02_MASTER_EVIDENCE_BASE/03_INVESTIGATIONS/02_EXPANDED_ARCHIVES/DEMOCRACY_INFLUENCE_ALL_INVESTIGATIONS_2026-09-07/__NESTED_EXPANDED__/DEMOCRACY_INFLUENCE_ALL_INVESTIGATIONS_2026-09-07__99_SOURCE_BUNDLES__INVESTIGATION_CONTROL_v0.7_METHOD_PACK/INVESTIGATION_CONTROL_v0.7_METHOD_PACK/BASELINE/SUBSTACK_2026-08-26/posts/199654871.lagriculture-qui-meurt-100-000-fermes.html,29283,ae99200c8734dfe051487838d78b50178f803ed2ab8ffd1dc9ac4fb91bca5fc3
02_MASTER_EVIDENCE_BASE/03_INVESTIGATIONS/02_EXPANDED_ARCHIVES/DEMOCRACY_INFLUENCE_ALL_INVESTIGATIONS_2026-09-07/__NESTED_EXPANDED__/DEMOCRACY_INFLUENCE_ALL_INVESTIGATIONS_2026-09-07__99_SOURCE_BUNDLES__INVESTIGATION_CONTROL_v0.7_METHOD_PACK/INVESTIGATION_CONTROL_v0.7_METHOD_PACK/BASELINE/SUBSTACK_2026-08-26/posts/199654938.medias-censure-et-desinformation.html,41062,4a499b55fb04d7e71015c1b9ccb99b4d732f428fb433b757131fef0e3a8cef9c
02_MASTER_EVIDENCE_BASE/03_INVESTIGATIONS/02_EXPANDED_ARCHIVES/DEMOCRACY_INFLUENCE_ALL_INVESTIGATIONS_2026-09-07/__NESTED_EXPANDED__/DEMOCRACY_INFLUENCE_ALL_INVESTIGATIONS_2026-09-07__99_SOURCE_BUNDLES__INVESTIGATION_CONTROL_v0.7_METHOD_PACK/INVESTIGATION_CONTROL_v0.7_METHOD_PACK/BASELINE/SUBSTACK_2026-08-26/posts/199655040.leurope-piege-francais-12-contentieux.html,37160,3a8ddedd8cdb65697dba2c175f8c4fe8a183f599cb0f8452f5502fe25da0273c
02_MASTER_EVIDENCE_BASE/03_INVESTIGATIONS/02_EXPANDED_ARCHIVES/DEMOCRACY_INFLUENCE_ALL_INVESTIGATIONS_2026-09-07/__NESTED_EXPANDED__/DEMOCRACY_INFLUENCE_ALL_INVESTIGATIONS_2026-09-07__99_SOURCE_BUNDLES__INVESTIGATION_CONTROL_v0.7_METHOD_PACK/INVESTIGATION_CONTROL_v0.7_METHOD_PACK/BASELINE/SUBSTACK_2026-08-26/posts/199655095.la-defense-rongee-449-md-sans-munitions.html,39026,b1915269bcff728e2fc73bc60061c90b60567540f8f0011fdda644f596437034
02_MASTER_EVIDENCE_BASE/03_INVESTIGATIONS/02_EXPANDED_ARCHIVES/DEMOCRACY_INFLUENCE_ALL_INVESTIGATIONS_2026-09-07/__NESTED_EXPANDED__/DEMOCRACY_INFLUENCE_ALL_INVESTIGATIONS_2026-09-07__99_SOURCE_BUNDLES__INVESTIGATION_CONTROL_v0.7_METHOD_PACK/INVESTIGATION_CONTROL_v0.7_METHOD_PACK/BASELINE/SUBSTACK_2026-08-26/posts/199655164.le-verrou-28-recours-au-493-57-dabstention.html,41982,8d2025bdb8112827a3384bf467968834a3d7edc12a85a6f78f1483384eff22c2
02_MASTER_EVIDENCE_BASE/03_INVESTIGATIONS/02_EXPANDED_ARCHIVES/DEMOCRACY_INFLUENCE_ALL_INVESTIGATIONS_2026-09-07/__NESTED_EXPANDED__/DEMOCRACY_INFLUENCE_ALL_INVESTIGATIONS_2026-09-07__99_SOURCE_BUNDLES__INVESTIGATION_CONTROL_v0.7_METHOD_PACK/INVESTIGATION_CONTROL_v0.7_METHOD_PACK/BASELINE/SUBSTACK_2026-08-26/posts/199655242.le-numerique-colonise-70-des-donnees.html,30640,afe662c77c15d1776dae49a1b314b071c7c9aaa7a4cd289160b16a411322ae33
02_MASTER_EVIDENCE_BASE/03_INVESTIGATIONS/02_EXPANDED_ARCHIVES/DEMOCRACY_INFLUENCE_ALL_INVESTIGATIONS_2026-09-07/__NESTED_EXPANDED__/DEMOCRACY_INFLUENCE_ALL_INVESTIGATIONS_2026-09-07__99_SOURCE_BUNDLES__INVESTIGATION_CONTROL_v0.7_METHOD_PACK/INVESTIGATION_CONTROL_v0.7_METHOD_PACK/BASELINE/SUBSTACK_2026-08-26/posts/199655311.la-justice-fantome-020-du-pib-86.html,28572,80f36ebd660489b9869e89e020c67e4210bebaa193d085fbb74a527443fb972e
02_MASTER_EVIDENCE_BASE/03_INVESTIGATIONS/02_EXPANDED_ARCHIVES/DEMOCRACY_INFLUENCE_ALL_INVESTIGATIONS_2026-09-07/__NESTED_EXPANDED__/DEMOCRACY_INFLUENCE_ALL_INVESTIGATIONS_2026-09-07__99_SOURCE_BUNDLES__INVESTIGATION_CONTROL_v0.7_METHOD_PACK/INVESTIGATION_CONTROL_v0.7_METHOD_PACK/BASELINE/SUBSTACK_2026-08-26/posts/199655748.largent-qui-disparait-80-a-100-milliards.html,35330,f39ca3f504f2dfd66cc5bf59925d41d71956076b2b00026fda6ae44a3b799aa8
02_MASTER_EVIDENCE_BASE/03_INVESTIGATIONS/02_EXPANDED_ARCHIVES/DEMOCRACY_INFLUENCE_ALL_INVESTIGATIONS_2026-09-07/__NESTED_EXPANDED__/DEMOCRACY_INFLUENCE_ALL_INVESTIGATIONS_2026-09-07__99_SOURCE_BUNDLES__INVESTIGATION_CONTROL_v0.7_METHOD_PACK/INVESTIGATION_CONTROL_v0.7_METHOD_PACK/BASELINE/SUBSTACK_2026-08-26/posts/199724760.le-peuple-est-le-seul-souverain-le.html,38610,ce79ca84dbbd3843429144a528a185c10b277a04591d2ba17e510c21ada7b8dd
02_MASTER_EVIDENCE_BASE/03_INVESTIGATIONS/02_EXPANDED_ARCHIVES/DEMOCRACY_INFLUENCE_ALL_INVESTIGATIONS_2026-09-07/__NESTED_EXPANDED__/DEMOCRACY_INFLUENCE_ALL_INVESTIGATIONS_2026-09-07__99_SOURCE_BUNDLES__INVESTIGATION_CONTROL_v0.7_METHOD_PACK/INVESTIGATION_CONTROL_v0.7_METHOD_PACK/BASELINE/SUBSTACK_2026-08-26/posts/200815786.lagenda-legislatif-precede-la-violence.html,63219,9a78dd22478358d34635acd94ae2fa407415c02032d91925795c770c6df2189b
02_MASTER_EVIDENCE_BASE/03_INVESTIGATIONS/02_EXPANDED_ARCHIVES/DEMOCRACY_INFLUENCE_ALL_INVESTIGATIONS_2026-09-07/__NESTED_EXPANDED__/DEMOCRACY_INFLUENCE_ALL_INVESTIGATIONS_2026-09-07__99_SOURCE_BUNDLES__INVESTIGATION_CONTROL_v0.7_METHOD_PACK/INVESTIGATION_CONTROL_v0.7_METHOD_PACK/BASELINE/SUBSTACK_2026-08-26/posts/201110112.19-civilisations-5000-ans-une-lecon.html,44691,fe1eb56b2a1c8ffb945a5d668319b2fd1d1517e59aebec8bcb486a8f85141688
02_MASTER_EVIDENCE_BASE/03_INVESTIGATIONS/02_EXPANDED_ARCHIVES/DEMOCRACY_INFLUENCE_ALL_INVESTIGATIONS_2026-09-07/__NESTED_EXPANDED__/DEMOCRACY_INFLUENCE_ALL_INVESTIGATIONS_2026-09-07__99_SOURCE_BUNDLES__INVESTIGATION_CONTROL_v0.7_METHOD_PACK/INVESTIGATION_CONTROL_v0.7_METHOD_PACK/BASELINE/SUBSTACK_2026-08-26/posts/201207190.lyhanna-autopsie-dun-systeme-a-deux.html,37532,319c8b8aafac024d2f7a3a8005b8621b485570314867411f554367e7383561bb
02_MASTER_EVIDENCE_BASE/03_INVESTIGATIONS/02_EXPANDED_ARCHIVES/DEMOCRACY_INFLUENCE_ALL_INVESTIGATIONS_2026-09-07/__NESTED_EXPANDED__/DEMOCRACY_INFLUENCE_ALL_INVESTIGATIONS_2026-09-07__99_SOURCE_BUNDLES__INVESTIGATION_CONTROL_v0.7_METHOD_PACK/INVESTIGATION_CONTROL_v0.7_METHOD_PACK/BASELINE/SUBSTACK_2026-08-26/posts/202002466.eloge-de-la-surface.html,46940,bc1a68c567a90a2abed556c2f52d266929db7888467c8b766af9af0e86a13f78
02_MASTER_EVIDENCE_BASE/03_INVESTIGATIONS/02_EXPANDED_ARCHIVES/DEMOCRACY_INFLUENCE_ALL_INVESTIGATIONS_2026-09-07/__NESTED_EXPANDED__/DEMOCRACY_INFLUENCE_ALL_INVESTIGATIONS_2026-09-07__99_SOURCE_BUNDLES__INVESTIGATION_CONTROL_v0.7_METHOD_PACK/INVESTIGATION_CONTROL_v0.7_METHOD_PACK/BASELINE/SUBSTACK_2026-08-26/posts/202607767.le-systeme-informatique-detat-autopsie.html,55996,abc3709ddb8bcc69d0fd53ab981a5de4c47a0c2a328c6b01e56c90a41dd319b2
02_MASTER_EVIDENCE_BASE/03_INVESTIGATIONS/02_EXPANDED_ARCHIVES/DEMOCRACY_INFLUENCE_ALL_INVESTIGATIONS_2026-09-07/__NESTED_EXPANDED__/DEMOCRACY_INFLUENCE_ALL_INVESTIGATIONS_2026-09-07__99_SOURCE_BUNDLES__INVESTIGATION_CONTROL_v0.7_METHOD_PACK/INVESTIGATION_CONTROL_v0.7_METHOD_PACK/BASELINE/SUBSTACK_2026-08-26/posts/202848231.lecart-legalitelegitimite-la-signature.html,68070,fe0f3912cbafdf64ead6e318a3201a9062396f2c3d1f19893b28d5c89e2ff092
02_MASTER_EVIDENCE_BASE/03_INVESTIGATIONS/02_EXPANDED_ARCHIVES/DEMOCRACY_INFLUENCE_ALL_INVESTIGATIONS_2026-09-07/__NESTED_EXPANDED__/DEMOCRACY_INFLUENCE_ALL_INVESTIGATIONS_2026-09-07__99_SOURCE_BUNDLES__INVESTIGATION_CONTROL_v0.7_METHOD_PACK/INVESTIGATION_CONTROL_v0.7_METHOD_PACK/BASELINE/SUBSTACK_2026-08-26/posts/203962785.un-geyser-de-6-metres-a-clichy-autopsie.html,48871,d43714f0b3761eaef23daeace4df4f565f30841b7f7e5729e4f959c8afb12f15
02_MASTER_EVIDENCE_BASE/03_INVESTIGATIONS/02_EXPANDED_ARCHIVES/DEMOCRACY_INFLUENCE_ALL_INVESTIGATIONS_2026-09-07/__NESTED_EXPANDED__/DEMOCRACY_INFLUENCE_ALL_INVESTIGATIONS_2026-09-07__99_SOURCE_BUNDLES__INVESTIGATION_CONTROL_v0.7_METHOD_PACK/INVESTIGATION_CONTROL_v0.7_METHOD_PACK/BASELINE/SUBSTACK_2026-08-26/posts/204169916.le-debat-qui-nexistait-pas-6-mecanismes.html,35795,e8ae5b974765ab5dd418ec2a947ed04804528a71343095507edcd84303f52bd3
02_MASTER_EVIDENCE_BASE/03_INVESTIGATIONS/02_EXPANDED_ARCHIVES/DEMOCRACY_INFLUENCE_ALL_INVESTIGATIONS_2026-09-07/__NESTED_EXPANDED__/DEMOCRACY_INFLUENCE_ALL_INVESTIGATIONS_2026-09-07__99_SOURCE_BUNDLES__INVESTIGATION_CONTROL_v0.7_METHOD_PACK/INVESTIGATION_CONTROL_v0.7_METHOD_PACK/BASELINE/SUBSTACK_2026-08-26/posts/204390820.larchitecture-de-la-dependance.html,42934,103bad5dcd06770004d1c5089cd7f38a34197e462c60fb8db878c1c6faede78c
02_MASTER_EVIDENCE_BASE/03_INVESTIGATIONS/02_EXPANDED_ARCHIVES/DEMOCRACY_INFLUENCE_ALL_INVESTIGATIONS_2026-09-07/__NESTED_EXPANDED__/DEMOCRACY_INFLUENCE_ALL_INVESTIGATIONS_2026-09-07__99_SOURCE_BUNDLES__INVESTIGATION_CONTROL_v0.7_METHOD_PACK/INVESTIGATION_CONTROL_v0.7_METHOD_PACK/BASELINE/SUBSTACK_2026-08-26/posts/205911763.le-verrou-invisible-anatomie-du-ric.html,47043,3050a43d82627a14e3530436a4c36ba705b8b175047d0201ebfe39d859705375
02_MASTER_EVIDENCE_BASE/03_INVESTIGATIONS/02_EXPANDED_ARCHIVES/DEMOCRACY_INFLUENCE_ALL_INVESTIGATIONS_2026-09-07/__NESTED_EXPANDED__/DEMOCRACY_INFLUENCE_ALL_INVESTIGATIONS_2026-09-07__99_SOURCE_BUNDLES__INVESTIGATION_CONTROL_v0.7_METHOD_PACK/INVESTIGATION_CONTROL_v0.7_METHOD_PACK/BASELINE/SUBSTACK_2026-08-26/posts/206006558.police-francaise-anatomie-dun-systeme.html,59815,7bb2c36f767aa051bee3a9f0b1b30302828ba13d5e29a64aa43019558e0f95fd
02_MASTER_EVIDENCE_BASE/03_INVESTIGATIONS/02_EXPANDED_ARCHIVES/DEMOCRACY_INFLUENCE_ALL_INVESTIGATIONS_2026-09-07/__NESTED_EXPANDED__/DEMOCRACY_INFLUENCE_ALL_INVESTIGATIONS_2026-09-07__99_SOURCE_BUNDLES__INVESTIGATION_CONTROL_v0.7_METHOD_PACK/INVESTIGATION_CONTROL_v0.7_METHOD_PACK/BASELINE/SUBSTACK_2026-08-26/posts/206399715.le-peuple-nexiste-que-sur-convocation.html,39209,6b48fd6ef6eb0736dd102d5c1df0c4d96166aadcdd9aa3973543a9a9639aac84
02_MASTER_EVIDENCE_BASE/03_INVESTIGATIONS/02_EXPANDED_ARCHIVES/DEMOCRACY_INFLUENCE_ALL_INVESTIGATIONS_2026-09-07/__NESTED_EXPANDED__/DEMOCRACY_INFLUENCE_ALL_INVESTIGATIONS_2026-09-07__99_SOURCE_BUNDLES__INVESTIGATION_CONTROL_v0.7_METHOD_PACK/INVESTIGATION_CONTROL_v0.7_METHOD_PACK/BASELINE/SUBSTACK_2026-08-26/posts/208733314.la-fabrique-de-la-menace-comment.html,69989,66c6e050e5bd0559704f39b090b651949078c095db0cb05112caa27c9db76913
02_MASTER_EVIDENCE_BASE/03_INVESTIGATIONS/02_EXPANDED_ARCHIVES/DEMOCRACY_INFLUENCE_ALL_INVESTIGATIONS_2026-09-07/__NESTED_EXPANDED__/DEMOCRACY_INFLUENCE_ALL_INVESTIGATIONS_2026-09-07__99_SOURCE_BUNDLES__INVESTIGATION_CONTROL_v0.7_METHOD_PACK/INVESTIGATION_CONTROL_v0.7_METHOD_PACK/BASELINE/SUBSTACK_2026-08-26/posts/209222653.du-narratif-a-lingerence-le-seuil.html,68948,10175600f9b291bf42dc9eee6ae6245a21dd2b91a02e0bb80278b261b0fe4c59
02_MASTER_EVIDENCE_BASE/03_INVESTIGATIONS/02_EXPANDED_ARCHIVES/DEMOCRACY_INFLUENCE_ALL_INVESTIGATIONS_2026-09-07/__NESTED_EXPANDED__/DEMOCRACY_INFLUENCE_ALL_INVESTIGATIONS_2026-09-07__99_SOURCE_BUNDLES__INVESTIGATION_CONTROL_v0.7_METHOD_PACK/INVESTIGATION_CONTROL_v0.7_METHOD_PACK/BASELINE/SUBSTACK_2026-08-26/posts/209458739.machine.html,52909,9479baabfae953650556c240caec77a53c1acfb928e84bfd5ba05117daa20ec0
02_MASTER_EVIDENCE_BASE/03_INVESTIGATIONS/02_EXPANDED_ARCHIVES/DEMOCRACY_INFLUENCE_ALL_INVESTIGATIONS_2026-09-07/__NESTED_EXPANDED__/DEMOCRACY_INFLUENCE_ALL_INVESTIGATIONS_2026-09-07__99_SOURCE_BUNDLES__INVESTIGATION_CONTROL_v0.7_METHOD_PACK/INVESTIGATION_CONTROL_v0.7_METHOD_PACK/BASELINE/SUBSTACK_2026-08-26/posts/210182384.lingerence-sans-mesure.html,59087,f6af70037f145beca240cc3366f16f665422f4941749d5f08d9f25e674167afc
02_MASTER_EVIDENCE_BASE/03_INVESTIGATIONS/02_EXPANDED_ARCHIVES/DEMOCRACY_INFLUENCE_ALL_INVESTIGATIONS_2026-09-07/__NESTED_EXPANDED__/DEMOCRACY_INFLUENCE_ALL_INVESTIGATIONS_2026-09-07__99_SOURCE_BUNDLES__INVESTIGATION_CONTROL_v0.7_METHOD_PACK/INVESTIGATION_CONTROL_v0.7_METHOD_PACK/BASELINE/SUBSTACK_2026-08-26/posts/210245443.limpossible-rassemblement.html,60264,376492639a0da4f6fec026046a01d606b02cd5a24487e12fe8d2e7f8e53642c3
02_MASTER_EVIDENCE_BASE/03_INVESTIGATIONS/02_EXPANDED_ARCHIVES/DEMOCRACY_INFLUENCE_ALL_INVESTIGATIONS_2026-09-07/__NESTED_EXPANDED__/DEMOCRACY_INFLUENCE_ALL_INVESTIGATIONS_2026-09-07__99_SOURCE_BUNDLES__INVESTIGATION_CONTROL_v0.7_METHOD_PACK/INVESTIGATION_CONTROL_v0.7_METHOD_PACK/BASELINE/SUBSTACK_2026-08-26/posts/212051560.qui-fabrique-lautorite-du-vrai.html,145783,c82024043f5dd1872a55d4febffd681ae89a24b2086d6052e3fbdd84361e4b6b
02_MASTER_EVIDENCE_BASE/03_INVESTIGATIONS/02_EXPANDED_ARCHIVES/DEMOCRACY_INFLUENCE_ALL_INVESTIGATIONS_2026-09-07/__NESTED_EXPANDED__/DEMOCRACY_INFLUENCE_ALL_INVESTIGATIONS_2026-09-07__99_SOURCE_BUNDLES__INVESTIGATION_CONTROL_v0.7_METHOD_PACK/INVESTIGATION_CONTROL_v0.7_METHOD_PACK/BASELINE/SUBSTACK_2026-08-26/posts/212538645.qui-fact-checke-les-fact-checkers.html,178628,8725be5f2777fb38d868dffd29030f8ab45a18e3b1e2619b3a0b974afe2f3521
02_MASTER_EVIDENCE_BASE/03_INVESTIGATIONS/02_EXPANDED_ARCHIVES/DEMOCRACY_INFLUENCE_ALL_INVESTIGATIONS_2026-09-07/__NESTED_EXPANDED__/DEMOCRACY_INFLUENCE_ALL_INVESTIGATIONS_2026-09-07__99_SOURCE_BUNDLES__INVESTIGATION_CONTROL_v0.7_METHOD_PACK/INVESTIGATION_CONTROL_v0.7_METHOD_PACK/BASELINE/SUBSTACK_2026-08-26/posts.csv,57288,d26a8500753a452316230dca743b007e841e818bfc0549dfae66f2499e6a65f4
02_MASTER_EVIDENCE_BASE/03_INVESTIGATIONS/02_EXPANDED_ARCHIVES/DEMOCRACY_INFLUENCE_ALL_INVESTIGATIONS_2026-09-07/__NESTED_EXPANDED__/DEMOCRACY_INFLUENCE_ALL_INVESTIGATIONS_2026-09-07__99_SOURCE_BUNDLES__INVESTIGATION_CONTROL_v0.7_METHOD_PACK/INVESTIGATION_CONTROL_v0.7_METHOD_PACK/DASHBOARD.md,924,5998c396bbb755dacc7a7a0561532fe248328ae7711d056af0ed83783ba9ee3b
02_MASTER_EVIDENCE_BASE/03_INVESTIGATIONS/02_EXPANDED_ARCHIVES/DEMOCRACY_INFLUENCE_ALL_INVESTIGATIONS_2026-09-07/__NESTED_EXPANDED__/DEMOCRACY_INFLUENCE_ALL_INVESTIGATIONS_2026-09-07__99_SOURCE_BUNDLES__INVESTIGATION_CONTROL_v0.7_METHOD_PACK/INVESTIGATION_CONTROL_v0.7_METHOD_PACK/EXECUTION_PLAN.md,889,15f6bb6d3ea57cab8b408c3227215ee541983ef81deff54b500e8cb162f50ae8
02_MASTER_EVIDENCE_BASE/03_INVESTIGATIONS/02_EXPANDED_ARCHIVES/DEMOCRACY_INFLUENCE_ALL_INVESTIGATIONS_2026-09-07/__NESTED_EXPANDED__/DEMOCRACY_INFLUENCE_ALL_INVESTIGATIONS_2026-09-07__99_SOURCE_BUNDLES__INVESTIGATION_CONTROL_v0.7_METHOD_PACK/INVESTIGATION_CONTROL_v0.7_METHOD_PACK/INV-001/INV-001-R1_REPLAY.md,2900,c3b02fe75ee3ccd0804ac9ab420489b1b7af7710b7aa9920aa00a4f626ed1105
02_MASTER_EVIDENCE_BASE/03_INVESTIGATIONS/02_EXPANDED_ARCHIVES/DEMOCRACY_INFLUENCE_ALL_INVESTIGATIONS_2026-09-07/__NESTED_EXPANDED__/DEMOCRACY_INFLUENCE_ALL_INVESTIGATIONS_2026-09-07__99_SOURCE_BUNDLES__INVESTIGATION_CONTROL_v0.7_METHOD_PACK/INVESTIGATION_CONTROL_v0.7_METHOD_PACK/INV-001/INV-001_CORPUS_INTEGRITY_AUDIT.md,9175,21704b2e6957dd9550327c63b779f57137bd809ebd7ae28c87b1dc33b0854c78
02_MASTER_EVIDENCE_BASE/03_INVESTIGATIONS/02_EXPANDED_ARCHIVES/DEMOCRACY_INFLUENCE_ALL_INVESTIGATIONS_2026-09-07/__NESTED_EXPANDED__/DEMOCRACY_INFLUENCE_ALL_INVESTIGATIONS_2026-09-07__99_SOURCE_BUNDLES__INVESTIGATION_CONTROL_v0.7_METHOD_PACK/INVESTIGATION_CONTROL_v0.7_METHOD_PACK/INV-001/INV-001_CORPUS_MANIFEST.csv,24644,961d9574b220485375431fd0f4763d8c938903a1da50095a80e10aa7948bc5be
02_MASTER_EVIDENCE_BASE/03_INVESTIGATIONS/02_EXPANDED_ARCHIVES/DEMOCRACY_INFLUENCE_ALL_INVESTIGATIONS_2026-09-07/__NESTED_EXPANDED__/DEMOCRACY_INFLUENCE_ALL_INVESTIGATIONS_2026-09-07__99_SOURCE_BUNDLES__INVESTIGATION_CONTROL_v0.7_METHOD_PACK/INVESTIGATION_CONTROL_v0.7_METHOD_PACK/INV-002/INV-002_CORPUS_MAP.csv,112551,16381ccc4a133aaf83e86fc357284444b83cc2ee3663c6ecbfae8aa0d76dc46a
02_MASTER_EVIDENCE_BASE/03_INVESTIGATIONS/02_EXPANDED_ARCHIVES/DEMOCRACY_INFLUENCE_ALL_INVESTIGATIONS_2026-09-07/__NESTED_EXPANDED__/DEMOCRACY_INFLUENCE_ALL_INVESTIGATIONS_2026-09-07__99_SOURCE_BUNDLES__INVESTIGATION_CONTROL_v0.7_METHOD_PACK/INVESTIGATION_CONTROL_v0.7_METHOD_PACK/INV-002/INV-002_COVERAGE_CHANGES.csv,10877,6a28f9e134d0395884b06562070668a375e228a9d76623a7dc6db608b2199ef8
02_MASTER_EVIDENCE_BASE/03_INVESTIGATIONS/02_EXPANDED_ARCHIVES/DEMOCRACY_INFLUENCE_ALL_INVESTIGATIONS_2026-09-07/__NESTED_EXPANDED__/DEMOCRACY_INFLUENCE_ALL_INVESTIGATIONS_2026-09-07__99_SOURCE_BUNDLES__INVESTIGATION_CONTROL_v0.7_METHOD_PACK/INVESTIGATION_CONTROL_v0.7_METHOD_PACK/INV-002/INV-002_INVESTIGATION_COVERAGE.csv,51231,517d66685cde2d9398af522e7ad344ae494ad0036a346dfa7b66c80e49dbfe3c
02_MASTER_EVIDENCE_BASE/03_INVESTIGATIONS/02_EXPANDED_ARCHIVES/DEMOCRACY_INFLUENCE_ALL_INVESTIGATIONS_2026-09-07/__NESTED_EXPANDED__/DEMOCRACY_INFLUENCE_ALL_INVESTIGATIONS_2026-09-07__99_SOURCE_BUNDLES__INVESTIGATION_CONTROL_v0.7_METHOD_PACK/INVESTIGATION_CONTROL_v0.7_METHOD_PACK/INV-002/INV-002_REPORT.md,12301,f4de1fac8ea62469b00987cc8461e2bc702b98b66a501f0fb6c930f7dcd5503b
02_MASTER_EVIDENCE_BASE/03_INVESTIGATIONS/02_EXPANDED_ARCHIVES/DEMOCRACY_INFLUENCE_ALL_INVESTIGATIONS_2026-09-07/__NESTED_EXPANDED__/DEMOCRACY_INFLUENCE_ALL_INVESTIGATIONS_2026-09-07__99_SOURCE_BUNDLES__INVESTIGATION_CONTROL_v0.7_METHOD_PACK/INVESTIGATION_CONTROL_v0.7_METHOD_PACK/INV-002/INV-002_STATS.json,588,c50fc6c700650e7c719d8b33be0b880e8cd3d19d8cb50983972577814e50d9df
02_MASTER_EVIDENCE_BASE/03_INVESTIGATIONS/02_EXPANDED_ARCHIVES/DEMOCRACY_INFLUENCE_ALL_INVESTIGATIONS_2026-09-07/__NESTED_EXPANDED__/DEMOCRACY_INFLUENCE_ALL_INVESTIGATIONS_2026-09-07__99_SOURCE_BUNDLES__INVESTIGATION_CONTROL_v0.7_METHOD_PACK/INVESTIGATION_CONTROL_v0.7_METHOD_PACK/INV-002/INV-002_THEME_MATRIX.csv,4133,f6eb6032873806e0180772cfe90fc44b649408b4b646077f835a4b0b02084a68
02_MASTER_EVIDENCE_BASE/03_INVESTIGATIONS/02_EXPANDED_ARCHIVES/DEMOCRACY_INFLUENCE_ALL_INVESTIGATIONS_2026-09-07/__NESTED_EXPANDED__/DEMOCRACY_INFLUENCE_ALL_INVESTIGATIONS_2026-09-07__99_SOURCE_BUNDLES__INVESTIGATION_CONTROL_v0.7_METHOD_PACK/INVESTIGATION_CONTROL_v0.7_METHOD_PACK/INVESTIGATION_REGISTRY.csv,90354,ce74ca97231b637aa2edc3075b8fee3be3526244ea337755c7efb21248bf476e
02_MASTER_EVIDENCE_BASE/03_INVESTIGATIONS/02_EXPANDED_ARCHIVES/DEMOCRACY_INFLUENCE_ALL_INVESTIGATIONS_2026-09-07/__NESTED_EXPANDED__/DEMOCRACY_INFLUENCE_ALL_INVESTIGATIONS_2026-09-07__99_SOURCE_BUNDLES__INVESTIGATION_CONTROL_v0.7_METHOD_PACK/INVESTIGATION_CONTROL_v0.7_METHOD_PACK/MANIFEST_SHA256_v0.6.csv,21909,613531e4f6ba81a5c5ad582268534b220a09dd6fc37bfc22f183c4c3db698a50
02_MASTER_EVIDENCE_BASE/03_INVESTIGATIONS/02_EXPANDED_ARCHIVES/DEMOCRACY_INFLUENCE_ALL_INVESTIGATIONS_2026-09-07/__NESTED_EXPANDED__/DEMOCRACY_INFLUENCE_ALL_INVESTIGATIONS_2026-09-07__99_SOURCE_BUNDLES__INVESTIGATION_CONTROL_v0.7_METHOD_PACK/INVESTIGATION_CONTROL_v0.7_METHOD_PACK/MANIFEST_SHA256_v0.7.csv,23143,0c966b83dc259364dd7b0ad4a31881c3ce9203528f18bc09f920edee5f41da60
02_MASTER_EVIDENCE_BASE/03_INVESTIGATIONS/02_EXPANDED_ARCHIVES/DEMOCRACY_INFLUENCE_ALL_INVESTIGATIONS_2026-09-07/__NESTED_EXPANDED__/DEMOCRACY_INFLUENCE_ALL_INVESTIGATIONS_2026-09-07__99_SOURCE_BUNDLES__INVESTIGATION_CONTROL_v0.7_METHOD_PACK/INVESTIGATION_CONTROL_v0.7_METHOD_PACK/METHOD_PACK/METHOD_PACK.md,14663,171ddecd4c628fc88f4ebdbb44fc74514a0f8648f0009dab8a3f8804ba4da40d
02_MASTER_EVIDENCE_BASE/03_INVESTIGATIONS/02_EXPANDED_ARCHIVES/DEMOCRACY_INFLUENCE_ALL_INVESTIGATIONS_2026-09-07/__NESTED_EXPANDED__/DEMOCRACY_INFLUENCE_ALL_INVESTIGATIONS_2026-09-07__99_SOURCE_BUNDLES__INVESTIGATION_CONTROL_v0.7_METHOD_PACK/INVESTIGATION_CONTROL_v0.7_METHOD_PACK/METHOD_PACK/METHOD_PACK_AUDIT.md,1509,2622293bdad878abe294e86db40e5a395ae0b91ce3d9c58da7d69bc6a88c02d2
02_MASTER_EVIDENCE_BASE/03_INVESTIGATIONS/02_EXPANDED_ARCHIVES/DEMOCRACY_INFLUENCE_ALL_INVESTIGATIONS_2026-09-07/__NESTED_EXPANDED__/DEMOCRACY_INFLUENCE_ALL_INVESTIGATIONS_2026-09-07__99_SOURCE_BUNDLES__INVESTIGATION_CONTROL_v0.7_METHOD_PACK/INVESTIGATION_CONTROL_v0.7_METHOD_PACK/METHOD_PACK/PILOT_GATE.md,1786,b6dd96966469534583046bb5c13a6b8fa1307bbd524c0c1f1efa36166e96406b
02_MASTER_EVIDENCE_BASE/03_INVESTIGATIONS/02_EXPANDED_ARCHIVES/DEMOCRACY_INFLUENCE_ALL_INVESTIGATIONS_2026-09-07/__NESTED_EXPANDED__/DEMOCRACY_INFLUENCE_ALL_INVESTIGATIONS_2026-09-07__99_SOURCE_BUNDLES__INVESTIGATION_CONTROL_v0.7_METHOD_PACK/INVESTIGATION_CONTROL_v0.7_METHOD_PACK/METHOD_PACK/README.md,1176,8b17c84aa5d01baaabc7da67bbcb511eda08a441f7a999d9892e4c34372d6664
02_MASTER_EVIDENCE_BASE/03_INVESTIGATIONS/02_EXPANDED_ARCHIVES/DEMOCRACY_INFLUENCE_ALL_INVESTIGATIONS_2026-09-07/__NESTED_EXPANDED__/DEMOCRACY_INFLUENCE_ALL_INVESTIGATIONS_2026-09-07__99_SOURCE_BUNDLES__INVESTIGATION_CONTROL_v0.7_METHOD_PACK/INVESTIGATION_CONTROL_v0.7_METHOD_PACK/METHOD_PACK/RENARD_CORE_V3_USER.md,8596,ba643c1f61126060c15433372eab0f12c8e2945dd25afd5c64b358b42b620ffc
02_MASTER_EVIDENCE_BASE/03_INVESTIGATIONS/02_EXPANDED_ARCHIVES/DEMOCRACY_INFLUENCE_ALL_INVESTIGATIONS_2026-09-07/__NESTED_EXPANDED__/DEMOCRACY_INFLUENCE_ALL_INVESTIGATIONS_2026-09-07__99_SOURCE_BUNDLES__INVESTIGATION_CONTROL_v0.7_METHOD_PACK/INVESTIGATION_CONTROL_v0.7_METHOD_PACK/METHOD_PACK/RENARD_PROJECT_OVERLAY.md,2632,92bd45f2bad417fb964a3d4df05d20829a35717d3e2a7b6cccdb8dbf0b8b1588
02_MASTER_EVIDENCE_BASE/03_INVESTIGATIONS/02_EXPANDED_ARCHIVES/DEMOCRACY_INFLUENCE_ALL_INVESTIGATIONS_2026-09-07/__NESTED_EXPANDED__/DEMOCRACY_INFLUENCE_ALL_INVESTIGATIONS_2026-09-07__99_SOURCE_BUNDLES__INVESTIGATION_CONTROL_v0.7_METHOD_PACK/INVESTIGATION_CONTROL_v0.7_METHOD_PACK/METHOD_PACK/RUN_CARD_TEMPLATE.md,1305,5dc149116b9d39187f12fbd49c918ebac214193a9b4bc7d17f3b9c1895b2288b
02_MASTER_EVIDENCE_BASE/03_INVESTIGATIONS/02_EXPANDED_ARCHIVES/DEMOCRACY_INFLUENCE_ALL_INVESTIGATIONS_2026-09-07/__NESTED_EXPANDED__/DEMOCRACY_INFLUENCE_ALL_INVESTIGATIONS_2026-09-07__99_SOURCE_BUNDLES__INVESTIGATION_CONTROL_v0.7_METHOD_PACK/INVESTIGATION_CONTROL_v0.7_METHOD_PACK/METHOD_PACK/RUN_HANDOFF_TEMPLATE.md,1459,f6093e819bd3b6a86678757ce77bd75a97913b0bae9b387603c5c27f60592360
02_MASTER_EVIDENCE_BASE/03_INVESTIGATIONS/02_EXPANDED_ARCHIVES/DEMOCRACY_INFLUENCE_ALL_INVESTIGATIONS_2026-09-07/__NESTED_EXPANDED__/DEMOCRACY_INFLUENCE_ALL_INVESTIGATIONS_2026-09-07__99_SOURCE_BUNDLES__INVESTIGATION_CONTROL_v0.7_METHOD_PACK/INVESTIGATION_CONTROL_v0.7_METHOD_PACK/METHOD_PACK/samples/INV-010_RUN_CARD.md,1440,9ecf226e422c4ea15371142cecfa6af2ab54dad338126da4a9fe6dbad56ccf56
02_MASTER_EVIDENCE_BASE/03_INVESTIGATIONS/02_EXPANDED_ARCHIVES/DEMOCRACY_INFLUENCE_ALL_INVESTIGATIONS_2026-09-07/__NESTED_EXPANDED__/DEMOCRACY_INFLUENCE_ALL_INVESTIGATIONS_2026-09-07__99_SOURCE_BUNDLES__INVESTIGATION_CONTROL_v0.7_METHOD_PACK/INVESTIGATION_CONTROL_v0.7_METHOD_PACK/METHOD_PACK/tools/build_run_card.py,1266,286ee002b561640fb43eb03c1efc543f4a19d56299699da2ce4580a7236cd5c2
02_MASTER_EVIDENCE_BASE/03_INVESTIGATIONS/02_EXPANDED_ARCHIVES/DEMOCRACY_INFLUENCE_ALL_INVESTIGATIONS_2026-09-07/__NESTED_EXPANDED__/DEMOCRACY_INFLUENCE_ALL_INVESTIGATIONS_2026-09-07__99_SOURCE_BUNDLES__INVESTIGATION_CONTROL_v0.7_METHOD_PACK/INVESTIGATION_CONTROL_v0.7_METHOD_PACK/README.md,438,258680b37e46fd121c4373586acc2fdc4a246ab4b353efcd0a240c0a7f1bc86a
02_MASTER_EVIDENCE_BASE/03_INVESTIGATIONS/02_EXPANDED_ARCHIVES/DEMOCRACY_INFLUENCE_ALL_INVESTIGATIONS_2026-09-07/__NESTED_EXPANDED__/DEMOCRACY_INFLUENCE_ALL_INVESTIGATIONS_2026-09-07__99_SOURCE_BUNDLES__INVESTIGATION_CONTROL_v0.7_METHOD_PACK/INVESTIGATION_CONTROL_v0.7_METHOD_PACK/RENARD_INTEGRATION.md,2735,5c12adcb8d8a73bc9db0b812199729d79dcad092c8cd948986eb6fb685406f84
02_MASTER_EVIDENCE_BASE/03_INVESTIGATIONS/02_EXPANDED_ARCHIVES/DEMOCRACY_INFLUENCE_ALL_INVESTIGATIONS_2026-09-07/__NESTED_EXPANDED__/DEMOCRACY_INFLUENCE_ALL_INVESTIGATIONS_2026-09-07__99_SOURCE_BUNDLES__INVESTIGATION_CONTROL_v0.7_METHOD_PACK/INVESTIGATION_CONTROL_v0.7_METHOD_PACK/TRACELOG.md,2405,f94395cee598b42f0a1895da2ae88ccb51354f2f9bf722a41af6b392c05ee77b
02_MASTER_EVIDENCE_BASE/03_INVESTIGATIONS/02_EXPANDED_ARCHIVES/DEMOCRACY_INFLUENCE_ALL_INVESTIGATIONS_2026-09-07/__NESTED_EXPANDED__/DEMOCRACY_INFLUENCE_ALL_INVESTIGATIONS_2026-09-07__99_SOURCE_BUNDLES__INVESTIGATION_CONTROL_v0.7_METHOD_PACK/INVESTIGATION_CONTROL_v0.7_METHOD_PACK/WORKFLOW.md,3284,809c3b56a6e587a41be0758df88937fe01a7fdb229c575cec6766dcc49caa0fd
02_MASTER_EVIDENCE_BASE/03_INVESTIGATIONS/02_EXPANDED_ARCHIVES/DEMOCRACY_INFLUENCE_ALL_INVESTIGATIONS_2026-09-07/__NESTED_EXPANDED__/DEMOCRACY_INFLUENCE_ALL_INVESTIGATIONS_2026-09-07__99_SOURCE_BUNDLES__INVESTIGATION_CONTROL_v0.7_METHOD_PACK/INVESTIGATION_CONTROL_v0.7_METHOD_PACK/tools/update_dashboard.py,2047,940e9b099ed8015e607357fc6112c6c41928878f130e6618f9a336828efd0198
02_MASTER_EVIDENCE_BASE/03_INVESTIGATIONS/02_EXPANDED_ARCHIVES/DEMOCRACY_INFLUENCE_ALL_INVESTIGATIONS_2026-09-07/__NESTED_EXPANDED__/DEMOCRACY_INFLUENCE_ALL_INVESTIGATIONS_2026-09-07__99_SOURCE_BUNDLES__SUBSTACK_BASELINE_2026-08-26_v0.4/SUBSTACK_BASELINE_2026-08-26_v0.4/EXCLUSIONS.csv,1828,808937c073e28e51ed375e63d35c44f889c4442fc3b5b66a02f46dd11f95bcaf
02_MASTER_EVIDENCE_BASE/03_INVESTIGATIONS/02_EXPANDED_ARCHIVES/DEMOCRACY_INFLUENCE_ALL_INVESTIGATIONS_2026-09-07/__NESTED_EXPANDED__/DEMOCRACY_INFLUENCE_ALL_INVESTIGATIONS_2026-09-07__99_SOURCE_BUNDLES__SUBSTACK_BASELINE_2026-08-26_v0.4/SUBSTACK_BASELINE_2026-08-26_v0.4/INV-001-R1_REPLAY.md,3228,203397d17377b724cda89dd9a0c117c32b2bb14195e710656a06e63e9a3079fe
02_MASTER_EVIDENCE_BASE/03_INVESTIGATIONS/02_EXPANDED_ARCHIVES/DEMOCRACY_INFLUENCE_ALL_INVESTIGATIONS_2026-09-07/__NESTED_EXPANDED__/DEMOCRACY_INFLUENCE_ALL_INVESTIGATIONS_2026-09-07__99_SOURCE_BUNDLES__SUBSTACK_BASELINE_2026-08-26_v0.4/SUBSTACK_BASELINE_2026-08-26_v0.4/README.md,1768,78cd99eab06f8da5b9c9cf5e9b0646205cb6fb3a0be88191740514ed48a72861
02_MASTER_EVIDENCE_BASE/03_INVESTIGATIONS/02_EXPANDED_ARCHIVES/DEMOCRACY_INFLUENCE_ALL_INVESTIGATIONS_2026-09-07/__NESTED_EXPANDED__/DEMOCRACY_INFLUENCE_ALL_INVESTIGATIONS_2026-09-07__99_SOURCE_BUNDLES__SUBSTACK_BASELINE_2026-08-26_v0.4/SUBSTACK_BASELINE_2026-08-26_v0.4/excluded/html/181863121.truth-engine-lia-qui-revolutionne.html,18110,d44b4adf7179ba858f17f1e070bd911ceb8336554ca10b31708dd3bac52f1574
02_MASTER_EVIDENCE_BASE/03_INVESTIGATIONS/02_EXPANDED_ARCHIVES/DEMOCRACY_INFLUENCE_ALL_INVESTIGATIONS_2026-09-07/__NESTED_EXPANDED__/DEMOCRACY_INFLUENCE_ALL_INVESTIGATIONS_2026-09-07__99_SOURCE_BUNDLES__SUBSTACK_BASELINE_2026-08-26_v0.4/SUBSTACK_BASELINE_2026-08-26_v0.4/excluded/html/191030786.linflation-normative-francaise.html,29133,82e1000f620bb9adf281ce373045c3bac681e72c4ded44abf4e3544f1c5f15c6
02_MASTER_EVIDENCE_BASE/03_INVESTIGATIONS/02_EXPANDED_ARCHIVES/DEMOCRACY_INFLUENCE_ALL_INVESTIGATIONS_2026-09-07/__NESTED_EXPANDED__/DEMOCRACY_INFLUENCE_ALL_INVESTIGATIONS_2026-09-07__99_SOURCE_BUNDLES__SUBSTACK_BASELINE_2026-08-26_v0.4/SUBSTACK_BASELINE_2026-08-26_v0.4/excluded/html/194518266.3b3.html,41614,5f50ed807a3c9507ed124011d7b4eeef555004e0bcd66b3d6219819e51e6e706
02_MASTER_EVIDENCE_BASE/03_INVESTIGATIONS/02_EXPANDED_ARCHIVES/DEMOCRACY_INFLUENCE_ALL_INVESTIGATIONS_2026-09-07/__NESTED_EXPANDED__/DEMOCRACY_INFLUENCE_ALL_INVESTIGATIONS_2026-09-07__99_SOURCE_BUNDLES__SUBSTACK_BASELINE_2026-08-26_v0.4/SUBSTACK_BASELINE_2026-08-26_v0.4/index.md,165172,7dfc51083f744821c20919816a06ba7cfde7271aa3501a94167635e1b0cfe739
02_MASTER_EVIDENCE_BASE/03_INVESTIGATIONS/02_EXPANDED_ARCHIVES/DEMOCRACY_INFLUENCE_ALL_INVESTIGATIONS_2026-09-07/__NESTED_EXPANDED__/DEMOCRACY_INFLUENCE_ALL_INVESTIGATIONS_2026-09-07__99_SOURCE_BUNDLES__SUBSTACK_BASELINE_2026-08-26_v0.4/SUBSTACK_BASELINE_2026-08-26_v0.4/posts/180021752.bardella-et-lagriculture-le-grand-757.html,4785,e6d6d1cbf414662ea652619cb196b2aed958a3b4f61f69b4746a1ddbaf6cfa04
02_MASTER_EVIDENCE_BASE/03_INVESTIGATIONS/02_EXPANDED_ARCHIVES/DEMOCRACY_INFLUENCE_ALL_INVESTIGATIONS_2026-09-07/__NESTED_EXPANDED__/DEMOCRACY_INFLUENCE_ALL_INVESTIGATIONS_2026-09-07__99_SOURCE_BUNDLES__SUBSTACK_BASELINE_2026-08-26_v0.4/SUBSTACK_BASELINE_2026-08-26_v0.4/posts/180043331.le-double-discours-du-rn-sur-lagriculture.html,5688,750c43d5bf73b0fb49cbdb511472e164a808fbbfe8e5504472d796751bd5cca1
02_MASTER_EVIDENCE_BASE/03_INVESTIGATIONS/02_EXPANDED_ARCHIVES/DEMOCRACY_INFLUENCE_ALL_INVESTIGATIONS_2026-09-07/__NESTED_EXPANDED__/DEMOCRACY_INFLUENCE_ALL_INVESTIGATIONS_2026-09-07__99_SOURCE_BUNDLES__SUBSTACK_BASELINE_2026-08-26_v0.4/SUBSTACK_BASELINE_2026-08-26_v0.4/posts/180052771.qui-est-vraiment-louis-duclos.html,3807,9c490faa691aa55acf8edee4cd72ded8ad86a9cd5c283dbaeaaff6ff618b7634
02_MASTER_EVIDENCE_BASE/03_INVESTIGATIONS/02_EXPANDED_ARCHIVES/DEMOCRACY_INFLUENCE_ALL_INVESTIGATIONS_2026-09-07/__NESTED_EXPANDED__/DEMOCRACY_INFLUENCE_ALL_INVESTIGATIONS_2026-09-07__99_SOURCE_BUNDLES__SUBSTACK_BASELINE_2026-08-26_v0.4/SUBSTACK_BASELINE_2026-08-26_v0.4/posts/180054346.kallas-et-les-19-pays-ce-que-les.html,5088,ef8fa26faa9ab091a64049bbd6a5a5665be25ca7279d4d1ccbb3f00b1089a2e5
02_MASTER_EVIDENCE_BASE/03_INVESTIGATIONS/02_EXPANDED_ARCHIVES/DEMOCRACY_INFLUENCE_ALL_INVESTIGATIONS_2026-09-07/__NESTED_EXPANDED__/DEMOCRACY_INFLUENCE_ALL_INVESTIGATIONS_2026-09-07__99_SOURCE_BUNDLES__SUBSTACK_BASELINE_2026-08-26_v0.4/SUBSTACK_BASELINE_2026-08-26_v0.4/posts/180056619.emprunt-force-des-riches-le-spectacle.html,4945,0c7c9acdfc7aae81947ddfb60677da314153b93eda7b86b8efd5dd458eb6a137
02_MASTER_EVIDENCE_BASE/03_INVESTIGATIONS/02_EXPANDED_ARCHIVES/DEMOCRACY_INFLUENCE_ALL_INVESTIGATIONS_2026-09-07/__NESTED_EXPANDED__/DEMOCRACY_INFLUENCE_ALL_INVESTIGATIONS_2026-09-07__99_SOURCE_BUNDLES__SUBSTACK_BASELINE_2026-08-26_v0.4/SUBSTACK_BASELINE_2026-08-26_v0.4/posts/180061326.qui-a-vraiment-la-tete-dans-le-sable.html,4095,c55767be32e2c40823ab4c463c8b80901df838e3bbf080ab290aade854b17e46
02_MASTER_EVIDENCE_BASE/03_INVESTIGATIONS/02_EXPANDED_ARCHIVES/DEMOCRACY_INFLUENCE_ALL_INVESTIGATIONS_2026-09-07/__NESTED_EXPANDED__/DEMOCRACY_INFLUENCE_ALL_INVESTIGATIONS_2026-09-07__99_SOURCE_BUNDLES__SUBSTACK_BASELINE_2026-08-26_v0.4/SUBSTACK_BASELINE_2026-08-26_v0.4/posts/180081515.ukraine-ce-que-hayer-trump-et-zelenskyy.html,7306,bd05ba547bd80c742d579c97e791f1cbd2a7b28cb41054772bf2cc5f083f966b
02_MASTER_EVIDENCE_BASE/03_INVESTIGATIONS/02_EXPANDED_ARCHIVES/DEMOCRACY_INFLUENCE_ALL_INVESTIGATIONS_2026-09-07/__NESTED_EXPANDED__/DEMOCRACY_INFLUENCE_ALL_INVESTIGATIONS_2026-09-07__99_SOURCE_BUNDLES__SUBSTACK_BASELINE_2026-08-26_v0.4/SUBSTACK_BASELINE_2026-08-26_v0.4/posts/180084168.energies-renouvelables-le-double.html,6906,36502e4c9bbe9a290c8fecc776b4fc7a655ea11a5663f1bbeee34180dfd14aaa
02_MASTER_EVIDENCE_BASE/03_INVESTIGATIONS/02_EXPANDED_ARCHIVES/DEMOCRACY_INFLUENCE_ALL_INVESTIGATIONS_2026-09-07/__NESTED_EXPANDED__/DEMOCRACY_INFLUENCE_ALL_INVESTIGATIONS_2026-09-07__99_SOURCE_BUNDLES__SUBSTACK_BASELINE_2026-08-26_v0.4/SUBSTACK_BASELINE_2026-08-26_v0.4/posts/180086502.leffondrement-educatif-francais-50-fea.html,8490,04e31fe0ab7f30dddc90995c42547f77aa8ef0ffe00051e96c5f3788351fef99
02_MASTER_EVIDENCE_BASE/03_INVESTIGATIONS/02_EXPANDED_ARCHIVES/DEMOCRACY_INFLUENCE_ALL_INVESTIGATIONS_2026-09-07/__NESTED_EXPANDED__/DEMOCRACY_INFLUENCE_ALL_INVESTIGATIONS_2026-09-07__99_SOURCE_BUNDLES__SUBSTACK_BASELINE_2026-08-26_v0.4/SUBSTACK_BASELINE_2026-08-26_v0.4/posts/180109075.liceberg-du-syndicalisme-agricole.html,18341,f2b15cdaf0d0c3f3a469811736d83d54ba8e32e11e95abf0a9f75dcddebacbfa
02_MASTER_EVIDENCE_BASE/03_INVESTIGATIONS/02_EXPANDED_ARCHIVES/DEMOCRACY_INFLUENCE_ALL_INVESTIGATIONS_2026-09-07/__NESTED_EXPANDED__/DEMOCRACY_INFLUENCE_ALL_INVESTIGATIONS_2026-09-07__99_SOURCE_BUNDLES__SUBSTACK_BASELINE_2026-08-26_v0.4/SUBSTACK_BASELINE_2026-08-26_v0.4/posts/180120693.macron-et-la-paix-en-ukraine-ce-que.html,10577,ba4946dd89448dc9cbfec0937f65590b4976ddbd870e3aea3893c49c40fcd8b8
02_MASTER_EVIDENCE_BASE/03_INVESTIGATIONS/02_EXPANDED_ARCHIVES/DEMOCRACY_INFLUENCE_ALL_INVESTIGATIONS_2026-09-07/__NESTED_EXPANDED__/DEMOCRACY_INFLUENCE_ALL_INVESTIGATIONS_2026-09-07__99_SOURCE_BUNDLES__SUBSTACK_BASELINE_2026-08-26_v0.4/SUBSTACK_BASELINE_2026-08-26_v0.4/posts/180128122.leurope-construit-elle-un-credit.html,13209,bb876757858abc38095876de664cd40e5eb3a1b6778fbf9ce973a0bb6c5370b2
02_MASTER_EVIDENCE_BASE/03_INVESTIGATIONS/02_EXPANDED_ARCHIVES/DEMOCRACY_INFLUENCE_ALL_INVESTIGATIONS_2026-09-07/__NESTED_EXPANDED__/DEMOCRACY_INFLUENCE_ALL_INVESTIGATIONS_2026-09-07__99_SOURCE_BUNDLES__SUBSTACK_BASELINE_2026-08-26_v0.4/SUBSTACK_BASELINE_2026-08-26_v0.4/posts/180129975.leurope-construit-elle-un-credit-40d.html,23404,c97eed11d98e17960a02acf112428569852b4729f0da4b991c22dafd4d42fe09
02_MASTER_EVIDENCE_BASE/03_INVESTIGATIONS/02_EXPANDED_ARCHIVES/DEMOCRACY_INFLUENCE_ALL_INVESTIGATIONS_2026-09-07/__NESTED_EXPANDED__/DEMOCRACY_INFLUENCE_ALL_INVESTIGATIONS_2026-09-07__99_SOURCE_BUNDLES__SUBSTACK_BASELINE_2026-08-26_v0.4/SUBSTACK_BASELINE_2026-08-26_v0.4/posts/180158712.nationalisation-darcelormittal-ce.html,12117,516223ea9612de0865064db71b6e4864b263c139ba7f2113e4b527c7162560ad
02_MASTER_EVIDENCE_BASE/03_INVESTIGATIONS/02_EXPANDED_ARCHIVES/DEMOCRACY_INFLUENCE_ALL_INVESTIGATIONS_2026-09-07/__NESTED_EXPANDED__/DEMOCRACY_INFLUENCE_ALL_INVESTIGATIONS_2026-09-07__99_SOURCE_BUNDLES__SUBSTACK_BASELINE_2026-08-26_v0.4/SUBSTACK_BASELINE_2026-08-26_v0.4/posts/180162835.service-militaire-volontaire-ce-que.html,8594,f75f064541318472c736b50eba3a60ce143f33d59d1c97f80a9f84cac46ad056
02_MASTER_EVIDENCE_BASE/03_INVESTIGATIONS/02_EXPANDED_ARCHIVES/DEMOCRACY_INFLUENCE_ALL_INVESTIGATIONS_2026-09-07/__NESTED_EXPANDED__/DEMOCRACY_INFLUENCE_ALL_INVESTIGATIONS_2026-09-07__99_SOURCE_BUNDLES__SUBSTACK_BASELINE_2026-08-26_v0.4/SUBSTACK_BASELINE_2026-08-26_v0.4/posts/180194877.407-mensonges-lautopsie-dun-systeme.html,23177,9c9c30aa01d459b6d49e9c251d2170b0d9575a557791168440d839ddae3efa04
02_MASTER_EVIDENCE_BASE/03_INVESTIGATIONS/02_EXPANDED_ARCHIVES/DEMOCRACY_INFLUENCE_ALL_INVESTIGATIONS_2026-09-07/__NESTED_EXPANDED__/DEMOCRACY_INFLUENCE_ALL_INVESTIGATIONS_2026-09-07__99_SOURCE_BUNDLES__SUBSTACK_BASELINE_2026-08-26_v0.4/SUBSTACK_BASELINE_2026-08-26_v0.4/posts/180223640.larmee-potemkine-quand-le-spectre.html,10964,26da351cecbd04b7997de0d28b4136279a3c757ee61fb3d42f9839f0231e0063
02_MASTER_EVIDENCE_BASE/03_INVESTIGATIONS/02_EXPANDED_ARCHIVES/DEMOCRACY_INFLUENCE_ALL_INVESTIGATIONS_2026-09-07/__NESTED_EXPANDED__/DEMOCRACY_INFLUENCE_ALL_INVESTIGATIONS_2026-09-07__99_SOURCE_BUNDLES__SUBSTACK_BASELINE_2026-08-26_v0.4/SUBSTACK_BASELINE_2026-08-26_v0.4/posts/180261963.democratie-rare-en-temps-de-guerre-82a.html,15247,654f74880f106133900378f8edc7ddb21f74b636c2422c53bfe0f90885ab560b
02_MASTER_EVIDENCE_BASE/03_INVESTIGATIONS/02_EXPANDED_ARCHIVES/DEMOCRACY_INFLUENCE_ALL_INVESTIGATIONS_2026-09-07/__NESTED_EXPANDED__/DEMOCRACY_INFLUENCE_ALL_INVESTIGATIONS_2026-09-07__99_SOURCE_BUNDLES__SUBSTACK_BASELINE_2026-08-26_v0.4/SUBSTACK_BASELINE_2026-08-26_v0.4/posts/180267309.corruption-en-ukraine-garraud-a-t.html,15048,04bad8d977321993020efdb51ee67c2af6709d295bd7ca45812d8059a9c26973
02_MASTER_EVIDENCE_BASE/03_INVESTIGATIONS/02_EXPANDED_ARCHIVES/DEMOCRACY_INFLUENCE_ALL_INVESTIGATIONS_2026-09-07/__NESTED_EXPANDED__/DEMOCRACY_INFLUENCE_ALL_INVESTIGATIONS_2026-09-07__99_SOURCE_BUNDLES__SUBSTACK_BASELINE_2026-08-26_v0.4/SUBSTACK_BASELINE_2026-08-26_v0.4/posts/180300683.essence-la-double-manipulation-que.html,11977,3a89426dc50cd604a78c6a8cabfca964fff01aab8c049fa126353214d4dd69a7
02_MASTER_EVIDENCE_BASE/03_INVESTIGATIONS/02_EXPANDED_ARCHIVES/DEMOCRACY_INFLUENCE_ALL_INVESTIGATIONS_2026-09-07/__NESTED_EXPANDED__/DEMOCRACY_INFLUENCE_ALL_INVESTIGATIONS_2026-09-07__99_SOURCE_BUNDLES__SUBSTACK_BASELINE_2026-08-26_v0.4/SUBSTACK_BASELINE_2026-08-26_v0.4/posts/180309272.ladieu-aux-partis-du-diagnostic-de.html,27752,0ff92edd80cb725b3e7616f91a739598dd22e8d7ebd6f54c78ba33b07a2d4805
02_MASTER_EVIDENCE_BASE/03_INVESTIGATIONS/02_EXPANDED_ARCHIVES/DEMOCRACY_INFLUENCE_ALL_INVESTIGATIONS_2026-09-07/__NESTED_EXPANDED__/DEMOCRACY_INFLUENCE_ALL_INVESTIGATIONS_2026-09-07__99_SOURCE_BUNDLES__SUBSTACK_BASELINE_2026-08-26_v0.4/SUBSTACK_BASELINE_2026-08-26_v0.4/posts/180377342.bandera-vs-petain-ce-que-les-faits.html,26427,83eeeffb067f8cfdef1abc00ade34a316f9caffb4d407b4202942b78993a2f7c
02_MASTER_EVIDENCE_BASE/03_INVESTIGATIONS/02_EXPANDED_ARCHIVES/DEMOCRACY_INFLUENCE_ALL_INVESTIGATIONS_2026-09-07/__NESTED_EXPANDED__/DEMOCRACY_INFLUENCE_ALL_INVESTIGATIONS_2026-09-07__99_SOURCE_BUNDLES__SUBSTACK_BASELINE_2026-08-26_v0.4/SUBSTACK_BASELINE_2026-08-26_v0.4/posts/180396722.alla-poedie-cafards-censure-et-opacite.html,40802,10cc15298b9d9850329737ae66bdb6a44e63e5d31073020cc97dbcde8fddb2b5
02_MASTER_EVIDENCE_BASE/03_INVESTIGATIONS/02_EXPANDED_ARCHIVES/DEMOCRACY_INFLUENCE_ALL_INVESTIGATIONS_2026-09-07/__NESTED_EXPANDED__/DEMOCRACY_INFLUENCE_ALL_INVESTIGATIONS_2026-09-07__99_SOURCE_BUNDLES__SUBSTACK_BASELINE_2026-08-26_v0.4/SUBSTACK_BASELINE_2026-08-26_v0.4/posts/180481861.quand-lelysee-attaque-un-journaliste.html,41910,a8d9d01c5712e109529a623ce160f9c70c674135a5533f99bb85a275252bc3ab
02_MASTER_EVIDENCE_BASE/03_INVESTIGATIONS/02_EXPANDED_ARCHIVES/DEMOCRACY_INFLUENCE_ALL_INVESTIGATIONS_2026-09-07/__NESTED_EXPANDED__/DEMOCRACY_INFLUENCE_ALL_INVESTIGATIONS_2026-09-07__99_SOURCE_BUNDLES__SUBSTACK_BASELINE_2026-08-26_v0.4/SUBSTACK_BASELINE_2026-08-26_v0.4/posts/180580808.pravda-quand-lelysee-ironise-sur.html,58870,3393c049a47115f7af8ccf8965f9e14fd52bcd97457b4c2ce7f81d3c5d14892b
02_MASTER_EVIDENCE_BASE/03_INVESTIGATIONS/02_EXPANDED_ARCHIVES/DEMOCRACY_INFLUENCE_ALL_INVESTIGATIONS_2026-09-07/__NESTED_EXPANDED__/DEMOCRACY_INFLUENCE_ALL_INVESTIGATIONS_2026-09-07__99_SOURCE_BUNDLES__SUBSTACK_BASELINE_2026-08-26_v0.4/SUBSTACK_BASELINE_2026-08-26_v0.4/posts/180734703.abattage-massif-en-savoie-la-france.html,17750,ff42f43389b99ed3454d58f6b23a8d574f2e99033d3d63a82fca39debc1bd584
02_MASTER_EVIDENCE_BASE/03_INVESTIGATIONS/02_EXPANDED_ARCHIVES/DEMOCRACY_INFLUENCE_ALL_INVESTIGATIONS_2026-09-07/__NESTED_EXPANDED__/DEMOCRACY_INFLUENCE_ALL_INVESTIGATIONS_2026-09-07__99_SOURCE_BUNDLES__SUBSTACK_BASELINE_2026-08-26_v0.4/SUBSTACK_BASELINE_2026-08-26_v0.4/posts/180851146.france-2025-larchitecture-de-lenfer.html,26712,e7bf35abbed098480748a020c2262b4f88a667345b69698979fefe8df365ec53
02_MASTER_EVIDENCE_BASE/03_INVESTIGATIONS/02_EXPANDED_ARCHIVES/DEMOCRACY_INFLUENCE_ALL_INVESTIGATIONS_2026-09-07/__NESTED_EXPANDED__/DEMOCRACY_INFLUENCE_ALL_INVESTIGATIONS_2026-09-07__99_SOURCE_BUNDLES__SUBSTACK_BASELINE_2026-08-26_v0.4/SUBSTACK_BASELINE_2026-08-26_v0.4/posts/180872735.comment-musk-et-trump-vont-briser.html,10258,cc302baa513e9882535a3ce36240d2c6b1645dd8bb6cc479d98774d3bc079ce5
02_MASTER_EVIDENCE_BASE/03_INVESTIGATIONS/02_EXPANDED_ARCHIVES/DEMOCRACY_INFLUENCE_ALL_INVESTIGATIONS_2026-09-07/__NESTED_EXPANDED__/DEMOCRACY_INFLUENCE_ALL_INVESTIGATIONS_2026-09-07__99_SOURCE_BUNDLES__SUBSTACK_BASELINE_2026-08-26_v0.4/SUBSTACK_BASELINE_2026-08-26_v0.4/posts/181348704.la-grande-arnaque-agricole-comment.html,56793,efa73b54af8cbcef80a978c33d09b00b14a04867a93420edb15a3cc065232b40
02_MASTER_EVIDENCE_BASE/03_INVESTIGATIONS/02_EXPANDED_ARCHIVES/DEMOCRACY_INFLUENCE_ALL_INVESTIGATIONS_2026-09-07/__NESTED_EXPANDED__/DEMOCRACY_INFLUENCE_ALL_INVESTIGATIONS_2026-09-07__99_SOURCE_BUNDLES__SUBSTACK_BASELINE_2026-08-26_v0.4/SUBSTACK_BASELINE_2026-08-26_v0.4/posts/181428779.ce-que-letat-vous-cache-sur-la-dnc.html,41536,97d0eef0e4d1b37e5a58ec5c12e546eaf669f1b520b94d2616a0d77dcad4e9c9
02_MASTER_EVIDENCE_BASE/03_INVESTIGATIONS/02_EXPANDED_ARCHIVES/DEMOCRACY_INFLUENCE_ALL_INVESTIGATIONS_2026-09-07/__NESTED_EXPANDED__/DEMOCRACY_INFLUENCE_ALL_INVESTIGATIONS_2026-09-07__99_SOURCE_BUNDLES__SUBSTACK_BASELINE_2026-08-26_v0.4/SUBSTACK_BASELINE_2026-08-26_v0.4/posts/181572197.lindustrie-de-linfluence-enquete.html,29709,6d15aa4ffa9674011f7f425d9180cf3971dd499c990c2c676540baf02396b652
02_MASTER_EVIDENCE_BASE/03_INVESTIGATIONS/02_EXPANDED_ARCHIVES/DEMOCRACY_INFLUENCE_ALL_INVESTIGATIONS_2026-09-07/__NESTED_EXPANDED__/DEMOCRACY_INFLUENCE_ALL_INVESTIGATIONS_2026-09-07__99_SOURCE_BUNDLES__SUBSTACK_BASELINE_2026-08-26_v0.4/SUBSTACK_BASELINE_2026-08-26_v0.4/posts/181766389.les-telegraphistes-de-la-terreur.html,21404,33b1605314fa32608d88a4328d0c3d44e3d6c184994995553b5e8df3799cd316
02_MASTER_EVIDENCE_BASE/03_INVESTIGATIONS/02_EXPANDED_ARCHIVES/DEMOCRACY_INFLUENCE_ALL_INVESTIGATIONS_2026-09-07/__NESTED_EXPANDED__/DEMOCRACY_INFLUENCE_ALL_INVESTIGATIONS_2026-09-07__99_SOURCE_BUNDLES__SUBSTACK_BASELINE_2026-08-26_v0.4/SUBSTACK_BASELINE_2026-08-26_v0.4/posts/182308074.france-2025-lanatomie-dune-feodalite.html,35495,3ed9e8969650fd4562aedf3db2f8b802ad9e0096aec437897ad3c28d002423ac
02_MASTER_EVIDENCE_BASE/03_INVESTIGATIONS/02_EXPANDED_ARCHIVES/DEMOCRACY_INFLUENCE_ALL_INVESTIGATIONS_2026-09-07/__NESTED_EXPANDED__/DEMOCRACY_INFLUENCE_ALL_INVESTIGATIONS_2026-09-07__99_SOURCE_BUNDLES__SUBSTACK_BASELINE_2026-08-26_v0.4/SUBSTACK_BASELINE_2026-08-26_v0.4/posts/182455797.larchitecture-de-labattoir-le-crime.html,13822,d4faa318e15552de6f3cb5363d74644230ccf1bdb2a4c29aa5ea053c230ddf9e
02_MASTER_EVIDENCE_BASE/03_INVESTIGATIONS/02_EXPANDED_ARCHIVES/DEMOCRACY_INFLUENCE_ALL_INVESTIGATIONS_2026-09-07/__NESTED_EXPANDED__/DEMOCRACY_INFLUENCE_ALL_INVESTIGATIONS_2026-09-07__99_SOURCE_BUNDLES__SUBSTACK_BASELINE_2026-08-26_v0.4/SUBSTACK_BASELINE_2026-08-26_v0.4/posts/182502562.la-justice-spectrale-lere-du-bannissement.html,14203,bcd507ae3051d9df8eb09e385ebff11008695b492c607bcfdf3461d244a06418
02_MASTER_EVIDENCE_BASE/03_INVESTIGATIONS/02_EXPANDED_ARCHIVES/DEMOCRACY_INFLUENCE_ALL_INVESTIGATIONS_2026-09-07/__NESTED_EXPANDED__/DEMOCRACY_INFLUENCE_ALL_INVESTIGATIONS_2026-09-07__99_SOURCE_BUNDLES__SUBSTACK_BASELINE_2026-08-26_v0.4/SUBSTACK_BASELINE_2026-08-26_v0.4/posts/182890010.le-schisme-larme-sur-la-tempe-et.html,18841,bde38ddf1b874c325e1af3f88843a48910049fc12bfdb2967a5b9fd528c4b9d3
02_MASTER_EVIDENCE_BASE/03_INVESTIGATIONS/02_EXPANDED_ARCHIVES/DEMOCRACY_INFLUENCE_ALL_INVESTIGATIONS_2026-09-07/__NESTED_EXPANDED__/DEMOCRACY_INFLUENCE_ALL_INVESTIGATIONS_2026-09-07__99_SOURCE_BUNDLES__SUBSTACK_BASELINE_2026-08-26_v0.4/SUBSTACK_BASELINE_2026-08-26_v0.4/posts/183098263.lempire-des-peches-psychopathologie.html,21872,b7037ac826231fdc88b94ab1dbe77a9a28e22029e77a4bbba383117338e4ea2d
02_MASTER_EVIDENCE_BASE/03_INVESTIGATIONS/02_EXPANDED_ARCHIVES/DEMOCRACY_INFLUENCE_ALL_INVESTIGATIONS_2026-09-07/__NESTED_EXPANDED__/DEMOCRACY_INFLUENCE_ALL_INVESTIGATIONS_2026-09-07__99_SOURCE_BUNDLES__SUBSTACK_BASELINE_2026-08-26_v0.4/SUBSTACK_BASELINE_2026-08-26_v0.4/posts/183123537.lempire-du-mensonge-rapport-dautopsie.html,146082,d392143a48a92f6ccdc3f1176f3931f57f9153999ffa35066ca8666fd0c39af4
02_MASTER_EVIDENCE_BASE/03_INVESTIGATIONS/02_EXPANDED_ARCHIVES/DEMOCRACY_INFLUENCE_ALL_INVESTIGATIONS_2026-09-07/__NESTED_EXPANDED__/DEMOCRACY_INFLUENCE_ALL_INVESTIGATIONS_2026-09-07__99_SOURCE_BUNDLES__SUBSTACK_BASELINE_2026-08-26_v0.4/SUBSTACK_BASELINE_2026-08-26_v0.4/posts/183323402.lasphyxie-du-golem-traite-de-la-resistance.html,16646,5d6eb07bbb6faf7ee8067a995cce4e9b1724469f3f85a6a7665ab8b1fd9795cc
02_MASTER_EVIDENCE_BASE/03_INVESTIGATIONS/02_EXPANDED_ARCHIVES/DEMOCRACY_INFLUENCE_ALL_INVESTIGATIONS_2026-09-07/__NESTED_EXPANDED__/DEMOCRACY_INFLUENCE_ALL_INVESTIGATIONS_2026-09-07__99_SOURCE_BUNDLES__SUBSTACK_BASELINE_2026-08-26_v0.4/SUBSTACK_BASELINE_2026-08-26_v0.4/posts/183424330.lagonie-du-souverain-la-singularite.html,18449,6369c8dbf2226678a26c0b72143b35e5e64d2c7533aad534cf78ea312894c8df
02_MASTER_EVIDENCE_BASE/03_INVESTIGATIONS/02_EXPANDED_ARCHIVES/DEMOCRACY_INFLUENCE_ALL_INVESTIGATIONS_2026-09-07/__NESTED_EXPANDED__/DEMOCRACY_INFLUENCE_ALL_INVESTIGATIONS_2026-09-07__99_SOURCE_BUNDLES__SUBSTACK_BASELINE_2026-08-26_v0.4/SUBSTACK_BASELINE_2026-08-26_v0.4/posts/184196064.letat-mafia-autopsie-dune-liquidation.html,15638,8c60f615f7714807af7d40fb0671c423f41f2c51409316356060cb6c7984dd25
02_MASTER_EVIDENCE_BASE/03_INVESTIGATIONS/02_EXPANDED_ARCHIVES/DEMOCRACY_INFLUENCE_ALL_INVESTIGATIONS_2026-09-07/__NESTED_EXPANDED__/DEMOCRACY_INFLUENCE_ALL_INVESTIGATIONS_2026-09-07__99_SOURCE_BUNDLES__SUBSTACK_BASELINE_2026-08-26_v0.4/SUBSTACK_BASELINE_2026-08-26_v0.4/posts/184748463.la-derniere-recolte-autopsie-dune.html,19639,af0e21cac3a539f0d05e66da2b4674f9055b978a6a2dba3b48abc7a1d2654c9e
02_MASTER_EVIDENCE_BASE/03_INVESTIGATIONS/02_EXPANDED_ARCHIVES/DEMOCRACY_INFLUENCE_ALL_INVESTIGATIONS_2026-09-07/__NESTED_EXPANDED__/DEMOCRACY_INFLUENCE_ALL_INVESTIGATIONS_2026-09-07__99_SOURCE_BUNDLES__SUBSTACK_BASELINE_2026-08-26_v0.4/SUBSTACK_BASELINE_2026-08-26_v0.4/posts/185160908.annie-genevard-plus-de-cas-de-dnc.html,13127,d0473873f8e736a865b46f82eb74be0de2ffc64f0d5e39969c1d07d6ffc83eaf
02_MASTER_EVIDENCE_BASE/03_INVESTIGATIONS/02_EXPANDED_ARCHIVES/DEMOCRACY_INFLUENCE_ALL_INVESTIGATIONS_2026-09-07/__NESTED_EXPANDED__/DEMOCRACY_INFLUENCE_ALL_INVESTIGATIONS_2026-09-07__99_SOURCE_BUNDLES__SUBSTACK_BASELINE_2026-08-26_v0.4/SUBSTACK_BASELINE_2026-08-26_v0.4/posts/185731731.lagriculture-au-scanner-autopsie.html,122319,c270913042811119ae0e0b24879ae66448da9eabff3e101fceb785e3184f2653
02_MASTER_EVIDENCE_BASE/03_INVESTIGATIONS/02_EXPANDED_ARCHIVES/DEMOCRACY_INFLUENCE_ALL_INVESTIGATIONS_2026-09-07/__NESTED_EXPANDED__/DEMOCRACY_INFLUENCE_ALL_INVESTIGATIONS_2026-09-07__99_SOURCE_BUNDLES__SUBSTACK_BASELINE_2026-08-26_v0.4/SUBSTACK_BASELINE_2026-08-26_v0.4/posts/185893876.budget-2026-larchitecture-du-mensonge.html,40753,94a97800c73f82f179408d6b92fc5e764b65d8168c7d96ef24fff60c868eb8dc
02_MASTER_EVIDENCE_BASE/03_INVESTIGATIONS/02_EXPANDED_ARCHIVES/DEMOCRACY_INFLUENCE_ALL_INVESTIGATIONS_2026-09-07/__NESTED_EXPANDED__/DEMOCRACY_INFLUENCE_ALL_INVESTIGATIONS_2026-09-07__99_SOURCE_BUNDLES__SUBSTACK_BASELINE_2026-08-26_v0.4/SUBSTACK_BASELINE_2026-08-26_v0.4/posts/186057704.letat-qui-veut-tout-controler-mais.html,14128,3456a3ce22737b25ddedf55b0f79c73dbfb2320397d07943e9abb8a91f53fca0
02_MASTER_EVIDENCE_BASE/03_INVESTIGATIONS/02_EXPANDED_ARCHIVES/DEMOCRACY_INFLUENCE_ALL_INVESTIGATIONS_2026-09-07/__NESTED_EXPANDED__/DEMOCRACY_INFLUENCE_ALL_INVESTIGATIONS_2026-09-07__99_SOURCE_BUNDLES__SUBSTACK_BASELINE_2026-08-26_v0.4/SUBSTACK_BASELINE_2026-08-26_v0.4/posts/186127641.limpasse-persique-pourquoi-loccident.html,13446,1043ff31c45b72f3c3977f64a0dcba3a5f2fb7dc644e43e85d334512b38ada83
02_MASTER_EVIDENCE_BASE/03_INVESTIGATIONS/02_EXPANDED_ARCHIVES/DEMOCRACY_INFLUENCE_ALL_INVESTIGATIONS_2026-09-07/__NESTED_EXPANDED__/DEMOCRACY_INFLUENCE_ALL_INVESTIGATIONS_2026-09-07__99_SOURCE_BUNDLES__SUBSTACK_BASELINE_2026-08-26_v0.4/SUBSTACK_BASELINE_2026-08-26_v0.4/posts/186286764.ce-que-macron-appelle-protection.html,29973,ade5c466cea53f4d0c0406a8b4b55afe9ad36e2a38812478e1562a8262e63222
02_MASTER_EVIDENCE_BASE/03_INVESTIGATIONS/02_EXPANDED_ARCHIVES/DEMOCRACY_INFLUENCE_ALL_INVESTIGATIONS_2026-09-07/__NESTED_EXPANDED__/DEMOCRACY_INFLUENCE_ALL_INVESTIGATIONS_2026-09-07__99_SOURCE_BUNDLES__SUBSTACK_BASELINE_2026-08-26_v0.4/SUBSTACK_BASELINE_2026-08-26_v0.4/posts/186775451.ils-ont-quitte-lhumanite.html,33173,abed7f9ccc2bd8c07e315318d9365ab34ea0026ad065b203465796edc547e082
02_MASTER_EVIDENCE_BASE/03_INVESTIGATIONS/02_EXPANDED_ARCHIVES/DEMOCRACY_INFLUENCE_ALL_INVESTIGATIONS_2026-09-07/__NESTED_EXPANDED__/DEMOCRACY_INFLUENCE_ALL_INVESTIGATIONS_2026-09-07__99_SOURCE_BUNDLES__SUBSTACK_BASELINE_2026-08-26_v0.4/SUBSTACK_BASELINE_2026-08-26_v0.4/posts/186844276.tristan-mendes-france-la-machine.html,41438,7f652333e2d14177251bc0c9c16f8ef28b0dbfb5b0da77ffed3485297f7ab8c6
02_MASTER_EVIDENCE_BASE/03_INVESTIGATIONS/02_EXPANDED_ARCHIVES/DEMOCRACY_INFLUENCE_ALL_INVESTIGATIONS_2026-09-07/__NESTED_EXPANDED__/DEMOCRACY_INFLUENCE_ALL_INVESTIGATIONS_2026-09-07__99_SOURCE_BUNDLES__SUBSTACK_BASELINE_2026-08-26_v0.4/SUBSTACK_BASELINE_2026-08-26_v0.4/posts/186904003.larchitecture-de-la-censure-europeenne.html,127966,7db37dd524d3b7c199535abb2ec335688e8b4ea49f87c85e24db6a82fefd5d7c
02_MASTER_EVIDENCE_BASE/03_INVESTIGATIONS/02_EXPANDED_ARCHIVES/DEMOCRACY_INFLUENCE_ALL_INVESTIGATIONS_2026-09-07/__NESTED_EXPANDED__/DEMOCRACY_INFLUENCE_ALL_INVESTIGATIONS_2026-09-07__99_SOURCE_BUNDLES__SUBSTACK_BASELINE_2026-08-26_v0.4/SUBSTACK_BASELINE_2026-08-26_v0.4/posts/187237034.de-lombre-des-cavernes-a-lecran-lumineux.html,47695,c4695d506bd63eaf6e78eb3b5f55d3735b838b354e12bf81c62fce48a9c31b4a
02_MASTER_EVIDENCE_BASE/03_INVESTIGATIONS/02_EXPANDED_ARCHIVES/DEMOCRACY_INFLUENCE_ALL_INVESTIGATIONS_2026-09-07/__NESTED_EXPANDED__/DEMOCRACY_INFLUENCE_ALL_INVESTIGATIONS_2026-09-07__99_SOURCE_BUNDLES__SUBSTACK_BASELINE_2026-08-26_v0.4/SUBSTACK_BASELINE_2026-08-26_v0.4/posts/187436825.darwin-et-evolution-enquete-sur-les.html,70471,ec1a01b731b5a49e933baeff239b7cea94565ee3fd43f6491b03f6fa558d23dc
02_MASTER_EVIDENCE_BASE/03_INVESTIGATIONS/02_EXPANDED_ARCHIVES/DEMOCRACY_INFLUENCE_ALL_INVESTIGATIONS_2026-09-07/__NESTED_EXPANDED__/DEMOCRACY_INFLUENCE_ALL_INVESTIGATIONS_2026-09-07__99_SOURCE_BUNDLES__SUBSTACK_BASELINE_2026-08-26_v0.4/SUBSTACK_BASELINE_2026-08-26_v0.4/posts/187674415.le-triangle-de-la-capture-le-mecanisme.html,57111,8fb62146aa06f11e8d4781f79e1f3c233c2e7cba9ecf88caa392fdce944c8b75
02_MASTER_EVIDENCE_BASE/03_INVESTIGATIONS/02_EXPANDED_ARCHIVES/DEMOCRACY_INFLUENCE_ALL_INVESTIGATIONS_2026-09-07/__NESTED_EXPANDED__/DEMOCRACY_INFLUENCE_ALL_INVESTIGATIONS_2026-09-07__99_SOURCE_BUNDLES__SUBSTACK_BASELINE_2026-08-26_v0.4/SUBSTACK_BASELINE_2026-08-26_v0.4/posts/188810196.le-gulag-digital-surveilles-a-100.html,25184,6b77abad4639376c504e480f8c66e9d5f947f89a931e7427e214ab0c0e1c5286
02_MASTER_EVIDENCE_BASE/03_INVESTIGATIONS/02_EXPANDED_ARCHIVES/DEMOCRACY_INFLUENCE_ALL_INVESTIGATIONS_2026-09-07/__NESTED_EXPANDED__/DEMOCRACY_INFLUENCE_ALL_INVESTIGATIONS_2026-09-07__99_SOURCE_BUNDLES__SUBSTACK_BASELINE_2026-08-26_v0.4/SUBSTACK_BASELINE_2026-08-26_v0.4/posts/188933060.le-piege-knafo-cheval-de-troie-dune.html,21579,c9a079307a490036fc5a9906a3cb0bcb116f7cd901179ce451bf56d964494601
02_MASTER_EVIDENCE_BASE/03_INVESTIGATIONS/02_EXPANDED_ARCHIVES/DEMOCRACY_INFLUENCE_ALL_INVESTIGATIONS_2026-09-07/__NESTED_EXPANDED__/DEMOCRACY_INFLUENCE_ALL_INVESTIGATIONS_2026-09-07__99_SOURCE_BUNDLES__SUBSTACK_BASELINE_2026-08-26_v0.4/SUBSTACK_BASELINE_2026-08-26_v0.4/posts/189043675.la-machine-a-silence.html,39781,c44208cbcbe79a41e6330e5ca9e381fa299a4d2012c847f6df68813173cb0f70
02_MASTER_EVIDENCE_BASE/03_INVESTIGATIONS/02_EXPANDED_ARCHIVES/DEMOCRACY_INFLUENCE_ALL_INVESTIGATIONS_2026-09-07/__NESTED_EXPANDED__/DEMOCRACY_INFLUENCE_ALL_INVESTIGATIONS_2026-09-07__99_SOURCE_BUNDLES__SUBSTACK_BASELINE_2026-08-26_v0.4/SUBSTACK_BASELINE_2026-08-26_v0.4/posts/189647946.lempire-des-miettes.html,24277,4fdf75d72681728e995bfcfb807250c248ad76d84e38bf547f6de49e6be02181
02_MASTER_EVIDENCE_BASE/03_INVESTIGATIONS/02_EXPANDED_ARCHIVES/DEMOCRACY_INFLUENCE_ALL_INVESTIGATIONS_2026-09-07/__NESTED_EXPANDED__/DEMOCRACY_INFLUENCE_ALL_INVESTIGATIONS_2026-09-07__99_SOURCE_BUNDLES__SUBSTACK_BASELINE_2026-08-26_v0.4/SUBSTACK_BASELINE_2026-08-26_v0.4/posts/189855247.le-sanctuaire-inverse-comment-la.html,60063,fe11ce5c2e216c034b08e023e44618503ef2a660f9189b8d9b2b721a67daaee4
02_MASTER_EVIDENCE_BASE/03_INVESTIGATIONS/02_EXPANDED_ARCHIVES/DEMOCRACY_INFLUENCE_ALL_INVESTIGATIONS_2026-09-07/__NESTED_EXPANDED__/DEMOCRACY_INFLUENCE_ALL_INVESTIGATIONS_2026-09-07__99_SOURCE_BUNDLES__SUBSTACK_BASELINE_2026-08-26_v0.4/SUBSTACK_BASELINE_2026-08-26_v0.4/posts/190192234.le-grand-manege-de-la-depossession.html,26928,b03934953a565094a118b88405412b425a96c65e6925324b328799e09f80247d
02_MASTER_EVIDENCE_BASE/03_INVESTIGATIONS/02_EXPANDED_ARCHIVES/DEMOCRACY_INFLUENCE_ALL_INVESTIGATIONS_2026-09-07/__NESTED_EXPANDED__/DEMOCRACY_INFLUENCE_ALL_INVESTIGATIONS_2026-09-07__99_SOURCE_BUNDLES__SUBSTACK_BASELINE_2026-08-26_v0.4/SUBSTACK_BASELINE_2026-08-26_v0.4/posts/190587326.ue-mercosur-le-mensonge-sanitaire.html,38332,b6e4b92a0d1bbce59ca7afd0b7f3fb279f7c98f256a8ffa405674e6db3093b85
02_MASTER_EVIDENCE_BASE/03_INVESTIGATIONS/02_EXPANDED_ARCHIVES/DEMOCRACY_INFLUENCE_ALL_INVESTIGATIONS_2026-09-07/__NESTED_EXPANDED__/DEMOCRACY_INFLUENCE_ALL_INVESTIGATIONS_2026-09-07__99_SOURCE_BUNDLES__SUBSTACK_BASELINE_2026-08-26_v0.4/SUBSTACK_BASELINE_2026-08-26_v0.4/posts/190739827.le-sabotage-energetique-francais.html,36907,0ab193142f2e13b35347248298b1ae807d8d91a67a802cfc06c35ad6a7c37d2d
02_MASTER_EVIDENCE_BASE/03_INVESTIGATIONS/02_EXPANDED_ARCHIVES/DEMOCRACY_INFLUENCE_ALL_INVESTIGATIONS_2026-09-07/__NESTED_EXPANDED__/DEMOCRACY_INFLUENCE_ALL_INVESTIGATIONS_2026-09-07__99_SOURCE_BUNDLES__SUBSTACK_BASELINE_2026-08-26_v0.4/SUBSTACK_BASELINE_2026-08-26_v0.4/posts/191154925.pourquoi-les-electeurs-francais-votent.html,44685,dccc3b95ad356aa4455a0171a43a5cb45371cd639600ee05f803cf8f77b4f57b
02_MASTER_EVIDENCE_BASE/03_INVESTIGATIONS/02_EXPANDED_ARCHIVES/DEMOCRACY_INFLUENCE_ALL_INVESTIGATIONS_2026-09-07/__NESTED_EXPANDED__/DEMOCRACY_INFLUENCE_ALL_INVESTIGATIONS_2026-09-07__99_SOURCE_BUNDLES__SUBSTACK_BASELINE_2026-08-26_v0.4/SUBSTACK_BASELINE_2026-08-26_v0.4/posts/191802696.la-guerre-des-autres.html,45571,14b3a8974ad0865c475807895435675f3c658df3931a53feb895436ce0766a95
02_MASTER_EVIDENCE_BASE/03_INVESTIGATIONS/02_EXPANDED_ARCHIVES/DEMOCRACY_INFLUENCE_ALL_INVESTIGATIONS_2026-09-07/__NESTED_EXPANDED__/DEMOCRACY_INFLUENCE_ALL_INVESTIGATIONS_2026-09-07__99_SOURCE_BUNDLES__SUBSTACK_BASELINE_2026-08-26_v0.4/SUBSTACK_BASELINE_2026-08-26_v0.4/posts/192293819.la-democratie-en-cage.html,44548,52cffafb06e101bbfab8f5806d1ade0c962a1a8d9d386310ea71d768ef213159
02_MASTER_EVIDENCE_BASE/03_INVESTIGATIONS/02_EXPANDED_ARCHIVES/DEMOCRACY_INFLUENCE_ALL_INVESTIGATIONS_2026-09-07/__NESTED_EXPANDED__/DEMOCRACY_INFLUENCE_ALL_INVESTIGATIONS_2026-09-07__99_SOURCE_BUNDLES__SUBSTACK_BASELINE_2026-08-26_v0.4/SUBSTACK_BASELINE_2026-08-26_v0.4/posts/192351575.le-reseau-qui-nous-facture.html,42982,f420de0fe715df44ba9541b413bf25877896c61694bd1edaed833e5663024445
02_MASTER_EVIDENCE_BASE/03_INVESTIGATIONS/02_EXPANDED_ARCHIVES/DEMOCRACY_INFLUENCE_ALL_INVESTIGATIONS_2026-09-07/__NESTED_EXPANDED__/DEMOCRACY_INFLUENCE_ALL_INVESTIGATIONS_2026-09-07__99_SOURCE_BUNDLES__SUBSTACK_BASELINE_2026-08-26_v0.4/SUBSTACK_BASELINE_2026-08-26_v0.4/posts/192483249.ce-nest-pas-du-satanisme-cest-une.html,72061,adc4303f6adc595727b0604059d048cf041dc24be9c3fd02802a39950230c665
02_MASTER_EVIDENCE_BASE/03_INVESTIGATIONS/02_EXPANDED_ARCHIVES/DEMOCRACY_INFLUENCE_ALL_INVESTIGATIONS_2026-09-07/__NESTED_EXPANDED__/DEMOCRACY_INFLUENCE_ALL_INVESTIGATIONS_2026-09-07__99_SOURCE_BUNDLES__SUBSTACK_BASELINE_2026-08-26_v0.4/SUBSTACK_BASELINE_2026-08-26_v0.4/posts/192726440.le-vampire-de-la-croissance.html,36334,3eb1bed338e2ccfa1f6a030cba3e30c8f67f4ac2975db44c913895143dd561ae
02_MASTER_EVIDENCE_BASE/03_INVESTIGATIONS/02_EXPANDED_ARCHIVES/DEMOCRACY_INFLUENCE_ALL_INVESTIGATIONS_2026-09-07/__NESTED_EXPANDED__/DEMOCRACY_INFLUENCE_ALL_INVESTIGATIONS_2026-09-07__99_SOURCE_BUNDLES__SUBSTACK_BASELINE_2026-08-26_v0.4/SUBSTACK_BASELINE_2026-08-26_v0.4/posts/193017697.comment-la-richesse-verrouille-le.html,50280,34d17c9c78147e6be4654962b58d2755c6174fb105d2b47f47ea8d91523fe791
02_MASTER_EVIDENCE_BASE/03_INVESTIGATIONS/02_EXPANDED_ARCHIVES/DEMOCRACY_INFLUENCE_ALL_INVESTIGATIONS_2026-09-07/__NESTED_EXPANDED__/DEMOCRACY_INFLUENCE_ALL_INVESTIGATIONS_2026-09-07__99_SOURCE_BUNDLES__SUBSTACK_BASELINE_2026-08-26_v0.4/SUBSTACK_BASELINE_2026-08-26_v0.4/posts/193239406.oak-island-le-mecanisme-de-capture.html,53717,46e1cf5898acdd39cca54d16cbb4eb00be3b865a10c16d24bb1141c5d92bdf9e
02_MASTER_EVIDENCE_BASE/03_INVESTIGATIONS/02_EXPANDED_ARCHIVES/DEMOCRACY_INFLUENCE_ALL_INVESTIGATIONS_2026-09-07/__NESTED_EXPANDED__/DEMOCRACY_INFLUENCE_ALL_INVESTIGATIONS_2026-09-07__99_SOURCE_BUNDLES__SUBSTACK_BASELINE_2026-08-26_v0.4/SUBSTACK_BASELINE_2026-08-26_v0.4/posts/193327603.ce-que-le-corps-sait-et-que-la-machine.html,24529,88ce9e9f986004f5982cff50345f0bd406de6cd797ee48a794b2a309d3ed87bf
02_MASTER_EVIDENCE_BASE/03_INVESTIGATIONS/02_EXPANDED_ARCHIVES/DEMOCRACY_INFLUENCE_ALL_INVESTIGATIONS_2026-09-07/__NESTED_EXPANDED__/DEMOCRACY_INFLUENCE_ALL_INVESTIGATIONS_2026-09-07__99_SOURCE_BUNDLES__SUBSTACK_BASELINE_2026-08-26_v0.4/SUBSTACK_BASELINE_2026-08-26_v0.4/posts/193730222.la-commission-qui-devait-eclairer.html,46772,84e1bd3562e258acc73810ca6ae6d305ae84c482fa16e0d30fcd8f5ce4da9f98
02_MASTER_EVIDENCE_BASE/03_INVESTIGATIONS/02_EXPANDED_ARCHIVES/DEMOCRACY_INFLUENCE_ALL_INVESTIGATIONS_2026-09-07/__NESTED_EXPANDED__/DEMOCRACY_INFLUENCE_ALL_INVESTIGATIONS_2026-09-07__99_SOURCE_BUNDLES__SUBSTACK_BASELINE_2026-08-26_v0.4/SUBSTACK_BASELINE_2026-08-26_v0.4/posts/193809543.audiovisuel-public-anatomie-dune.html,14856,f4bd430a3f001926e6129144e08de5b75d111ae814ced865b414590c95e18bb3
02_MASTER_EVIDENCE_BASE/03_INVESTIGATIONS/02_EXPANDED_ARCHIVES/DEMOCRACY_INFLUENCE_ALL_INVESTIGATIONS_2026-09-07/__NESTED_EXPANDED__/DEMOCRACY_INFLUENCE_ALL_INVESTIGATIONS_2026-09-07__99_SOURCE_BUNDLES__SUBSTACK_BASELINE_2026-08-26_v0.4/SUBSTACK_BASELINE_2026-08-26_v0.4/posts/194040178.lingenierie-de-la-possession.html,42379,c02126c1ac3d9c457b3991c11d096f59f8b7fea2576b808926543164bef4895a
02_MASTER_EVIDENCE_BASE/03_INVESTIGATIONS/02_EXPANDED_ARCHIVES/DEMOCRACY_INFLUENCE_ALL_INVESTIGATIONS_2026-09-07/__NESTED_EXPANDED__/DEMOCRACY_INFLUENCE_ALL_INVESTIGATIONS_2026-09-07__99_SOURCE_BUNDLES__SUBSTACK_BASELINE_2026-08-26_v0.4/SUBSTACK_BASELINE_2026-08-26_v0.4/posts/194130616.le-protocole-du-re-enracinement.html,18485,6b4d31fbd24bd84a2c075eb88dded27025aa1bfe0fec64f092f83f92f92d9709
02_MASTER_EVIDENCE_BASE/03_INVESTIGATIONS/02_EXPANDED_ARCHIVES/DEMOCRACY_INFLUENCE_ALL_INVESTIGATIONS_2026-09-07/__NESTED_EXPANDED__/DEMOCRACY_INFLUENCE_ALL_INVESTIGATIONS_2026-09-07__99_SOURCE_BUNDLES__SUBSTACK_BASELINE_2026-08-26_v0.4/SUBSTACK_BASELINE_2026-08-26_v0.4/posts/194422681.le-leviathan-de-verre.html,43547,97ad62aa5b72b0500ac67701c370761d6e6cf03f77c46760db885419cb53c61d
02_MASTER_EVIDENCE_BASE/03_INVESTIGATIONS/02_EXPANDED_ARCHIVES/DEMOCRACY_INFLUENCE_ALL_INVESTIGATIONS_2026-09-07/__NESTED_EXPANDED__/DEMOCRACY_INFLUENCE_ALL_INVESTIGATIONS_2026-09-07__99_SOURCE_BUNDLES__SUBSTACK_BASELINE_2026-08-26_v0.4/SUBSTACK_BASELINE_2026-08-26_v0.4/posts/194518266.lingenierie-de-lenclos.html,51915,4a9598cb8399f2a09fa000aa17328980910e0e5cd8f0ae483e72e527a74a981b
02_MASTER_EVIDENCE_BASE/03_INVESTIGATIONS/02_EXPANDED_ARCHIVES/DEMOCRACY_INFLUENCE_ALL_INVESTIGATIONS_2026-09-07/__NESTED_EXPANDED__/DEMOCRACY_INFLUENCE_ALL_INVESTIGATIONS_2026-09-07__99_SOURCE_BUNDLES__SUBSTACK_BASELINE_2026-08-26_v0.4/SUBSTACK_BASELINE_2026-08-26_v0.4/posts/194695720.larchitecture-a-luvre.html,63350,2b9d31cb885f2260efa646e43b0fbcc0fca86fb84d871c3fd688bf3e02781507
02_MASTER_EVIDENCE_BASE/03_INVESTIGATIONS/02_EXPANDED_ARCHIVES/DEMOCRACY_INFLUENCE_ALL_INVESTIGATIONS_2026-09-07/__NESTED_EXPANDED__/DEMOCRACY_INFLUENCE_ALL_INVESTIGATIONS_2026-09-07__99_SOURCE_BUNDLES__SUBSTACK_BASELINE_2026-08-26_v0.4/SUBSTACK_BASELINE_2026-08-26_v0.4/posts/194966421.la-constellation-davril.html,52016,28aa0744d1b2f001a443a0eb310e0cc3c01c41db7bdf4b74f25eda2e4b205607
02_MASTER_EVIDENCE_BASE/03_INVESTIGATIONS/02_EXPANDED_ARCHIVES/DEMOCRACY_INFLUENCE_ALL_INVESTIGATIONS_2026-09-07/__NESTED_EXPANDED__/DEMOCRACY_INFLUENCE_ALL_INVESTIGATIONS_2026-09-07__99_SOURCE_BUNDLES__SUBSTACK_BASELINE_2026-08-26_v0.4/SUBSTACK_BASELINE_2026-08-26_v0.4/posts/197963983.climat-les-deux-escroqueries.html,40013,a463768e31cdc15f6258925e4a79ae3387d13b8e9447c91cbcc278599c1e0062
02_MASTER_EVIDENCE_BASE/03_INVESTIGATIONS/02_EXPANDED_ARCHIVES/DEMOCRACY_INFLUENCE_ALL_INVESTIGATIONS_2026-09-07/__NESTED_EXPANDED__/DEMOCRACY_INFLUENCE_ALL_INVESTIGATIONS_2026-09-07__99_SOURCE_BUNDLES__SUBSTACK_BASELINE_2026-08-26_v0.4/SUBSTACK_BASELINE_2026-08-26_v0.4/posts/198170736.le-paradoxe-francais-66-de-colere.html,113670,86f6344ffd8e3e87c4d19ccccb55a75b41aede75a58a2bbae89b5d6dc5ead5ba
02_MASTER_EVIDENCE_BASE/03_INVESTIGATIONS/02_EXPANDED_ARCHIVES/DEMOCRACY_INFLUENCE_ALL_INVESTIGATIONS_2026-09-07/__NESTED_EXPANDED__/DEMOCRACY_INFLUENCE_ALL_INVESTIGATIONS_2026-09-07__99_SOURCE_BUNDLES__SUBSTACK_BASELINE_2026-08-26_v0.4/SUBSTACK_BASELINE_2026-08-26_v0.4/posts/198384632.le-ciel-nest-pas-gratuit.html,31076,a93d1122b095d6c8c801b01849a66a031a73cf611fef40e84ac39c6daf698ef3
02_MASTER_EVIDENCE_BASE/03_INVESTIGATIONS/02_EXPANDED_ARCHIVES/DEMOCRACY_INFLUENCE_ALL_INVESTIGATIONS_2026-09-07/__NESTED_EXPANDED__/DEMOCRACY_INFLUENCE_ALL_INVESTIGATIONS_2026-09-07__99_SOURCE_BUNDLES__SUBSTACK_BASELINE_2026-08-26_v0.4/SUBSTACK_BASELINE_2026-08-26_v0.4/posts/198659211.opposition-controlee-anatomie-dun.html,61889,3791df0bd935d742991bdf91fb687e44169da94d139dc2f3f72d3e980af5cff5
02_MASTER_EVIDENCE_BASE/03_INVESTIGATIONS/02_EXPANDED_ARCHIVES/DEMOCRACY_INFLUENCE_ALL_INVESTIGATIONS_2026-09-07/__NESTED_EXPANDED__/DEMOCRACY_INFLUENCE_ALL_INVESTIGATIONS_2026-09-07__99_SOURCE_BUNDLES__SUBSTACK_BASELINE_2026-08-26_v0.4/SUBSTACK_BASELINE_2026-08-26_v0.4/posts/199049245.le-changement-de-regime-pourquoi.html,47686,eb8faf10db25e9a9cacd138a69d1b9a3b0dca0f0f43df6c1d4edcf892bef05bb
02_MASTER_EVIDENCE_BASE/03_INVESTIGATIONS/02_EXPANDED_ARCHIVES/DEMOCRACY_INFLUENCE_ALL_INVESTIGATIONS_2026-09-07/__NESTED_EXPANDED__/DEMOCRACY_INFLUENCE_ALL_INVESTIGATIONS_2026-09-07__99_SOURCE_BUNDLES__SUBSTACK_BASELINE_2026-08-26_v0.4/SUBSTACK_BASELINE_2026-08-26_v0.4/posts/199422722.la-caste-parasite-qui-gouverne-la.html,44448,e94222df1a5c625b3b44f8180bd9355b5710c60d3c5465cda6edefcf2430d104
02_MASTER_EVIDENCE_BASE/03_INVESTIGATIONS/02_EXPANDED_ARCHIVES/DEMOCRACY_INFLUENCE_ALL_INVESTIGATIONS_2026-09-07/__NESTED_EXPANDED__/DEMOCRACY_INFLUENCE_ALL_INVESTIGATIONS_2026-09-07__99_SOURCE_BUNDLES__SUBSTACK_BASELINE_2026-08-26_v0.4/SUBSTACK_BASELINE_2026-08-26_v0.4/posts/199653976.la-dette-instrumentalisee-3-200-milliards.html,34493,472ef5d802af3831561d407e2bf33eb855c2975991db647ade7f9f8fdd09efcc
02_MASTER_EVIDENCE_BASE/03_INVESTIGATIONS/02_EXPANDED_ARCHIVES/DEMOCRACY_INFLUENCE_ALL_INVESTIGATIONS_2026-09-07/__NESTED_EXPANDED__/DEMOCRACY_INFLUENCE_ALL_INVESTIGATIONS_2026-09-07__99_SOURCE_BUNDLES__SUBSTACK_BASELINE_2026-08-26_v0.4/SUBSTACK_BASELINE_2026-08-26_v0.4/posts/199654188.le-systeme-de-sante-demantele-8-millions.html,36100,e7d6f4511607af448eee9d2246df836977966485ad0fa340e30d49d5c7e0427f
02_MASTER_EVIDENCE_BASE/03_INVESTIGATIONS/02_EXPANDED_ARCHIVES/DEMOCRACY_INFLUENCE_ALL_INVESTIGATIONS_2026-09-07/__NESTED_EXPANDED__/DEMOCRACY_INFLUENCE_ALL_INVESTIGATIONS_2026-09-07__99_SOURCE_BUNDLES__SUBSTACK_BASELINE_2026-08-26_v0.4/SUBSTACK_BASELINE_2026-08-26_v0.4/posts/199654310.les-visages-de-la-pauvrete-98-millions.html,29496,6498c6eba9930d9f9199bbfc0e9ee2280a5db9d93fcb3ed38183825f50636ca3
02_MASTER_EVIDENCE_BASE/03_INVESTIGATIONS/02_EXPANDED_ARCHIVES/DEMOCRACY_INFLUENCE_ALL_INVESTIGATIONS_2026-09-07/__NESTED_EXPANDED__/DEMOCRACY_INFLUENCE_ALL_INVESTIGATIONS_2026-09-07__99_SOURCE_BUNDLES__SUBSTACK_BASELINE_2026-08-26_v0.4/SUBSTACK_BASELINE_2026-08-26_v0.4/posts/199654478.la-france-desindustrialisee-81-milliards.html,26795,558385a84d5e2fe8c48e91b656e02ef771ff8863c5697ee632c1c7123ddd12f4
02_MASTER_EVIDENCE_BASE/03_INVESTIGATIONS/02_EXPANDED_ARCHIVES/DEMOCRACY_INFLUENCE_ALL_INVESTIGATIONS_2026-09-07/__NESTED_EXPANDED__/DEMOCRACY_INFLUENCE_ALL_INVESTIGATIONS_2026-09-07__99_SOURCE_BUNDLES__SUBSTACK_BASELINE_2026-08-26_v0.4/SUBSTACK_BASELINE_2026-08-26_v0.4/posts/199654539.lecole-sans-transmission-43-points.html,32596,6722f612f1da295c6b738ae46fe526fdb19ad60fde3313b94528d10f56eb46cd
02_MASTER_EVIDENCE_BASE/03_INVESTIGATIONS/02_EXPANDED_ARCHIVES/DEMOCRACY_INFLUENCE_ALL_INVESTIGATIONS_2026-09-07/__NESTED_EXPANDED__/DEMOCRACY_INFLUENCE_ALL_INVESTIGATIONS_2026-09-07__99_SOURCE_BUNDLES__SUBSTACK_BASELINE_2026-08-26_v0.4/SUBSTACK_BASELINE_2026-08-26_v0.4/posts/199654638.limmigration-sans-cap-340-000-titres.html,27382,092d16e2f726baa7a349d26bc5772c9d6e878b228fd3a10245211d22085a43e8
02_MASTER_EVIDENCE_BASE/03_INVESTIGATIONS/02_EXPANDED_ARCHIVES/DEMOCRACY_INFLUENCE_ALL_INVESTIGATIONS_2026-09-07/__NESTED_EXPANDED__/DEMOCRACY_INFLUENCE_ALL_INVESTIGATIONS_2026-09-07__99_SOURCE_BUNDLES__SUBSTACK_BASELINE_2026-08-26_v0.4/SUBSTACK_BASELINE_2026-08-26_v0.4/posts/199654706.le-logement-la-machine-a-creer-de.html,31378,31b3463bcacb5bd96686eaf79d74d988fd5ba3bb16de9d30cd4097b9e1a6b6d1
02_MASTER_EVIDENCE_BASE/03_INVESTIGATIONS/02_EXPANDED_ARCHIVES/DEMOCRACY_INFLUENCE_ALL_INVESTIGATIONS_2026-09-07/__NESTED_EXPANDED__/DEMOCRACY_INFLUENCE_ALL_INVESTIGATIONS_2026-09-07__99_SOURCE_BUNDLES__SUBSTACK_BASELINE_2026-08-26_v0.4/SUBSTACK_BASELINE_2026-08-26_v0.4/posts/199654799.lenergie-sacrifiee-923-twh-exportes.html,41403,5a6482d506506eb105f277cee313bd3af0f9ce371aefbf5bbfe454f4aa0fd4d4
02_MASTER_EVIDENCE_BASE/03_INVESTIGATIONS/02_EXPANDED_ARCHIVES/DEMOCRACY_INFLUENCE_ALL_INVESTIGATIONS_2026-09-07/__NESTED_EXPANDED__/DEMOCRACY_INFLUENCE_ALL_INVESTIGATIONS_2026-09-07__99_SOURCE_BUNDLES__SUBSTACK_BASELINE_2026-08-26_v0.4/SUBSTACK_BASELINE_2026-08-26_v0.4/posts/199654871.lagriculture-qui-meurt-100-000-fermes.html,29283,ae99200c8734dfe051487838d78b50178f803ed2ab8ffd1dc9ac4fb91bca5fc3
02_MASTER_EVIDENCE_BASE/03_INVESTIGATIONS/02_EXPANDED_ARCHIVES/DEMOCRACY_INFLUENCE_ALL_INVESTIGATIONS_2026-09-07/__NESTED_EXPANDED__/DEMOCRACY_INFLUENCE_ALL_INVESTIGATIONS_2026-09-07__99_SOURCE_BUNDLES__SUBSTACK_BASELINE_2026-08-26_v0.4/SUBSTACK_BASELINE_2026-08-26_v0.4/posts/199654938.medias-censure-et-desinformation.html,41062,4a499b55fb04d7e71015c1b9ccb99b4d732f428fb433b757131fef0e3a8cef9c
02_MASTER_EVIDENCE_BASE/03_INVESTIGATIONS/02_EXPANDED_ARCHIVES/DEMOCRACY_INFLUENCE_ALL_INVESTIGATIONS_2026-09-07/__NESTED_EXPANDED__/DEMOCRACY_INFLUENCE_ALL_INVESTIGATIONS_2026-09-07__99_SOURCE_BUNDLES__SUBSTACK_BASELINE_2026-08-26_v0.4/SUBSTACK_BASELINE_2026-08-26_v0.4/posts/199655040.leurope-piege-francais-12-contentieux.html,37160,3a8ddedd8cdb65697dba2c175f8c4fe8a183f599cb0f8452f5502fe25da0273c
02_MASTER_EVIDENCE_BASE/03_INVESTIGATIONS/02_EXPANDED_ARCHIVES/DEMOCRACY_INFLUENCE_ALL_INVESTIGATIONS_2026-09-07/__NESTED_EXPANDED__/DEMOCRACY_INFLUENCE_ALL_INVESTIGATIONS_2026-09-07__99_SOURCE_BUNDLES__SUBSTACK_BASELINE_2026-08-26_v0.4/SUBSTACK_BASELINE_2026-08-26_v0.4/posts/199655095.la-defense-rongee-449-md-sans-munitions.html,39026,b1915269bcff728e2fc73bc60061c90b60567540f8f0011fdda644f596437034
02_MASTER_EVIDENCE_BASE/03_INVESTIGATIONS/02_EXPANDED_ARCHIVES/DEMOCRACY_INFLUENCE_ALL_INVESTIGATIONS_2026-09-07/__NESTED_EXPANDED__/DEMOCRACY_INFLUENCE_ALL_INVESTIGATIONS_2026-09-07__99_SOURCE_BUNDLES__SUBSTACK_BASELINE_2026-08-26_v0.4/SUBSTACK_BASELINE_2026-08-26_v0.4/posts/199655164.le-verrou-28-recours-au-493-57-dabstention.html,41982,8d2025bdb8112827a3384bf467968834a3d7edc12a85a6f78f1483384eff22c2
02_MASTER_EVIDENCE_BASE/03_INVESTIGATIONS/02_EXPANDED_ARCHIVES/DEMOCRACY_INFLUENCE_ALL_INVESTIGATIONS_2026-09-07/__NESTED_EXPANDED__/DEMOCRACY_INFLUENCE_ALL_INVESTIGATIONS_2026-09-07__99_SOURCE_BUNDLES__SUBSTACK_BASELINE_2026-08-26_v0.4/SUBSTACK_BASELINE_2026-08-26_v0.4/posts/199655242.le-numerique-colonise-70-des-donnees.html,30640,afe662c77c15d1776dae49a1b314b071c7c9aaa7a4cd289160b16a411322ae33
02_MASTER_EVIDENCE_BASE/03_INVESTIGATIONS/02_EXPANDED_ARCHIVES/DEMOCRACY_INFLUENCE_ALL_INVESTIGATIONS_2026-09-07/__NESTED_EXPANDED__/DEMOCRACY_INFLUENCE_ALL_INVESTIGATIONS_2026-09-07__99_SOURCE_BUNDLES__SUBSTACK_BASELINE_2026-08-26_v0.4/SUBSTACK_BASELINE_2026-08-26_v0.4/posts/199655311.la-justice-fantome-020-du-pib-86.html,28572,80f36ebd660489b9869e89e020c67e4210bebaa193d085fbb74a527443fb972e
02_MASTER_EVIDENCE_BASE/03_INVESTIGATIONS/02_EXPANDED_ARCHIVES/DEMOCRACY_INFLUENCE_ALL_INVESTIGATIONS_2026-09-07/__NESTED_EXPANDED__/DEMOCRACY_INFLUENCE_ALL_INVESTIGATIONS_2026-09-07__99_SOURCE_BUNDLES__SUBSTACK_BASELINE_2026-08-26_v0.4/SUBSTACK_BASELINE_2026-08-26_v0.4/posts/199655748.largent-qui-disparait-80-a-100-milliards.html,35330,f39ca3f504f2dfd66cc5bf59925d41d71956076b2b00026fda6ae44a3b799aa8
02_MASTER_EVIDENCE_BASE/03_INVESTIGATIONS/02_EXPANDED_ARCHIVES/DEMOCRACY_INFLUENCE_ALL_INVESTIGATIONS_2026-09-07/__NESTED_EXPANDED__/DEMOCRACY_INFLUENCE_ALL_INVESTIGATIONS_2026-09-07__99_SOURCE_BUNDLES__SUBSTACK_BASELINE_2026-08-26_v0.4/SUBSTACK_BASELINE_2026-08-26_v0.4/posts/199724760.le-peuple-est-le-seul-souverain-le.html,38610,ce79ca84dbbd3843429144a528a185c10b277a04591d2ba17e510c21ada7b8dd
02_MASTER_EVIDENCE_BASE/03_INVESTIGATIONS/02_EXPANDED_ARCHIVES/DEMOCRACY_INFLUENCE_ALL_INVESTIGATIONS_2026-09-07/__NESTED_EXPANDED__/DEMOCRACY_INFLUENCE_ALL_INVESTIGATIONS_2026-09-07__99_SOURCE_BUNDLES__SUBSTACK_BASELINE_2026-08-26_v0.4/SUBSTACK_BASELINE_2026-08-26_v0.4/posts/200815786.lagenda-legislatif-precede-la-violence.html,63219,9a78dd22478358d34635acd94ae2fa407415c02032d91925795c770c6df2189b
02_MASTER_EVIDENCE_BASE/03_INVESTIGATIONS/02_EXPANDED_ARCHIVES/DEMOCRACY_INFLUENCE_ALL_INVESTIGATIONS_2026-09-07/__NESTED_EXPANDED__/DEMOCRACY_INFLUENCE_ALL_INVESTIGATIONS_2026-09-07__99_SOURCE_BUNDLES__SUBSTACK_BASELINE_2026-08-26_v0.4/SUBSTACK_BASELINE_2026-08-26_v0.4/posts/201110112.19-civilisations-5000-ans-une-lecon.html,44691,fe1eb56b2a1c8ffb945a5d668319b2fd1d1517e59aebec8bcb486a8f85141688
02_MASTER_EVIDENCE_BASE/03_INVESTIGATIONS/02_EXPANDED_ARCHIVES/DEMOCRACY_INFLUENCE_ALL_INVESTIGATIONS_2026-09-07/__NESTED_EXPANDED__/DEMOCRACY_INFLUENCE_ALL_INVESTIGATIONS_2026-09-07__99_SOURCE_BUNDLES__SUBSTACK_BASELINE_2026-08-26_v0.4/SUBSTACK_BASELINE_2026-08-26_v0.4/posts/201207190.lyhanna-autopsie-dun-systeme-a-deux.html,37532,319c8b8aafac024d2f7a3a8005b8621b485570314867411f554367e7383561bb
02_MASTER_EVIDENCE_BASE/03_INVESTIGATIONS/02_EXPANDED_ARCHIVES/DEMOCRACY_INFLUENCE_ALL_INVESTIGATIONS_2026-09-07/__NESTED_EXPANDED__/DEMOCRACY_INFLUENCE_ALL_INVESTIGATIONS_2026-09-07__99_SOURCE_BUNDLES__SUBSTACK_BASELINE_2026-08-26_v0.4/SUBSTACK_BASELINE_2026-08-26_v0.4/posts/202002466.eloge-de-la-surface.html,46940,bc1a68c567a90a2abed556c2f52d266929db7888467c8b766af9af0e86a13f78
02_MASTER_EVIDENCE_BASE/03_INVESTIGATIONS/02_EXPANDED_ARCHIVES/DEMOCRACY_INFLUENCE_ALL_INVESTIGATIONS_2026-09-07/__NESTED_EXPANDED__/DEMOCRACY_INFLUENCE_ALL_INVESTIGATIONS_2026-09-07__99_SOURCE_BUNDLES__SUBSTACK_BASELINE_2026-08-26_v0.4/SUBSTACK_BASELINE_2026-08-26_v0.4/posts/202607767.le-systeme-informatique-detat-autopsie.html,55996,abc3709ddb8bcc69d0fd53ab981a5de4c47a0c2a328c6b01e56c90a41dd319b2
02_MASTER_EVIDENCE_BASE/03_INVESTIGATIONS/02_EXPANDED_ARCHIVES/DEMOCRACY_INFLUENCE_ALL_INVESTIGATIONS_2026-09-07/__NESTED_EXPANDED__/DEMOCRACY_INFLUENCE_ALL_INVESTIGATIONS_2026-09-07__99_SOURCE_BUNDLES__SUBSTACK_BASELINE_2026-08-26_v0.4/SUBSTACK_BASELINE_2026-08-26_v0.4/posts/202848231.lecart-legalitelegitimite-la-signature.html,68070,fe0f3912cbafdf64ead6e318a3201a9062396f2c3d1f19893b28d5c89e2ff092
02_MASTER_EVIDENCE_BASE/03_INVESTIGATIONS/02_EXPANDED_ARCHIVES/DEMOCRACY_INFLUENCE_ALL_INVESTIGATIONS_2026-09-07/__NESTED_EXPANDED__/DEMOCRACY_INFLUENCE_ALL_INVESTIGATIONS_2026-09-07__99_SOURCE_BUNDLES__SUBSTACK_BASELINE_2026-08-26_v0.4/SUBSTACK_BASELINE_2026-08-26_v0.4/posts/203962785.un-geyser-de-6-metres-a-clichy-autopsie.html,48871,d43714f0b3761eaef23daeace4df4f565f30841b7f7e5729e4f959c8afb12f15
02_MASTER_EVIDENCE_BASE/03_INVESTIGATIONS/02_EXPANDED_ARCHIVES/DEMOCRACY_INFLUENCE_ALL_INVESTIGATIONS_2026-09-07/__NESTED_EXPANDED__/DEMOCRACY_INFLUENCE_ALL_INVESTIGATIONS_2026-09-07__99_SOURCE_BUNDLES__SUBSTACK_BASELINE_2026-08-26_v0.4/SUBSTACK_BASELINE_2026-08-26_v0.4/posts/204169916.le-debat-qui-nexistait-pas-6-mecanismes.html,35795,e8ae5b974765ab5dd418ec2a947ed04804528a71343095507edcd84303f52bd3
02_MASTER_EVIDENCE_BASE/03_INVESTIGATIONS/02_EXPANDED_ARCHIVES/DEMOCRACY_INFLUENCE_ALL_INVESTIGATIONS_2026-09-07/__NESTED_EXPANDED__/DEMOCRACY_INFLUENCE_ALL_INVESTIGATIONS_2026-09-07__99_SOURCE_BUNDLES__SUBSTACK_BASELINE_2026-08-26_v0.4/SUBSTACK_BASELINE_2026-08-26_v0.4/posts/204390820.larchitecture-de-la-dependance.html,42934,103bad5dcd06770004d1c5089cd7f38a34197e462c60fb8db878c1c6faede78c
02_MASTER_EVIDENCE_BASE/03_INVESTIGATIONS/02_EXPANDED_ARCHIVES/DEMOCRACY_INFLUENCE_ALL_INVESTIGATIONS_2026-09-07/__NESTED_EXPANDED__/DEMOCRACY_INFLUENCE_ALL_INVESTIGATIONS_2026-09-07__99_SOURCE_BUNDLES__SUBSTACK_BASELINE_2026-08-26_v0.4/SUBSTACK_BASELINE_2026-08-26_v0.4/posts/205911763.le-verrou-invisible-anatomie-du-ric.html,47043,3050a43d82627a14e3530436a4c36ba705b8b175047d0201ebfe39d859705375
02_MASTER_EVIDENCE_BASE/03_INVESTIGATIONS/02_EXPANDED_ARCHIVES/DEMOCRACY_INFLUENCE_ALL_INVESTIGATIONS_2026-09-07/__NESTED_EXPANDED__/DEMOCRACY_INFLUENCE_ALL_INVESTIGATIONS_2026-09-07__99_SOURCE_BUNDLES__SUBSTACK_BASELINE_2026-08-26_v0.4/SUBSTACK_BASELINE_2026-08-26_v0.4/posts/206006558.police-francaise-anatomie-dun-systeme.html,59815,7bb2c36f767aa051bee3a9f0b1b30302828ba13d5e29a64aa43019558e0f95fd
02_MASTER_EVIDENCE_BASE/03_INVESTIGATIONS/02_EXPANDED_ARCHIVES/DEMOCRACY_INFLUENCE_ALL_INVESTIGATIONS_2026-09-07/__NESTED_EXPANDED__/DEMOCRACY_INFLUENCE_ALL_INVESTIGATIONS_2026-09-07__99_SOURCE_BUNDLES__SUBSTACK_BASELINE_2026-08-26_v0.4/SUBSTACK_BASELINE_2026-08-26_v0.4/posts/206399715.le-peuple-nexiste-que-sur-convocation.html,39209,6b48fd6ef6eb0736dd102d5c1df0c4d96166aadcdd9aa3973543a9a9639aac84
02_MASTER_EVIDENCE_BASE/03_INVESTIGATIONS/02_EXPANDED_ARCHIVES/DEMOCRACY_INFLUENCE_ALL_INVESTIGATIONS_2026-09-07/__NESTED_EXPANDED__/DEMOCRACY_INFLUENCE_ALL_INVESTIGATIONS_2026-09-07__99_SOURCE_BUNDLES__SUBSTACK_BASELINE_2026-08-26_v0.4/SUBSTACK_BASELINE_2026-08-26_v0.4/posts/208733314.la-fabrique-de-la-menace-comment.html,69989,66c6e050e5bd0559704f39b090b651949078c095db0cb05112caa27c9db76913
02_MASTER_EVIDENCE_BASE/03_INVESTIGATIONS/02_EXPANDED_ARCHIVES/DEMOCRACY_INFLUENCE_ALL_INVESTIGATIONS_2026-09-07/__NESTED_EXPANDED__/DEMOCRACY_INFLUENCE_ALL_INVESTIGATIONS_2026-09-07__99_SOURCE_BUNDLES__SUBSTACK_BASELINE_2026-08-26_v0.4/SUBSTACK_BASELINE_2026-08-26_v0.4/posts/209222653.du-narratif-a-lingerence-le-seuil.html,68948,10175600f9b291bf42dc9eee6ae6245a21dd2b91a02e0bb80278b261b0fe4c59
02_MASTER_EVIDENCE_BASE/03_INVESTIGATIONS/02_EXPANDED_ARCHIVES/DEMOCRACY_INFLUENCE_ALL_INVESTIGATIONS_2026-09-07/__NESTED_EXPANDED__/DEMOCRACY_INFLUENCE_ALL_INVESTIGATIONS_2026-09-07__99_SOURCE_BUNDLES__SUBSTACK_BASELINE_2026-08-26_v0.4/SUBSTACK_BASELINE_2026-08-26_v0.4/posts/209458739.machine.html,52909,9479baabfae953650556c240caec77a53c1acfb928e84bfd5ba05117daa20ec0
02_MASTER_EVIDENCE_BASE/03_INVESTIGATIONS/02_EXPANDED_ARCHIVES/DEMOCRACY_INFLUENCE_ALL_INVESTIGATIONS_2026-09-07/__NESTED_EXPANDED__/DEMOCRACY_INFLUENCE_ALL_INVESTIGATIONS_2026-09-07__99_SOURCE_BUNDLES__SUBSTACK_BASELINE_2026-08-26_v0.4/SUBSTACK_BASELINE_2026-08-26_v0.4/posts/210182384.lingerence-sans-mesure.html,59087,f6af70037f145beca240cc3366f16f665422f4941749d5f08d9f25e674167afc
02_MASTER_EVIDENCE_BASE/03_INVESTIGATIONS/02_EXPANDED_ARCHIVES/DEMOCRACY_INFLUENCE_ALL_INVESTIGATIONS_2026-09-07/__NESTED_EXPANDED__/DEMOCRACY_INFLUENCE_ALL_INVESTIGATIONS_2026-09-07__99_SOURCE_BUNDLES__SUBSTACK_BASELINE_2026-08-26_v0.4/SUBSTACK_BASELINE_2026-08-26_v0.4/posts/210245443.limpossible-rassemblement.html,60264,376492639a0da4f6fec026046a01d606b02cd5a24487e12fe8d2e7f8e53642c3
02_MASTER_EVIDENCE_BASE/03_INVESTIGATIONS/02_EXPANDED_ARCHIVES/DEMOCRACY_INFLUENCE_ALL_INVESTIGATIONS_2026-09-07/__NESTED_EXPANDED__/DEMOCRACY_INFLUENCE_ALL_INVESTIGATIONS_2026-09-07__99_SOURCE_BUNDLES__SUBSTACK_BASELINE_2026-08-26_v0.4/SUBSTACK_BASELINE_2026-08-26_v0.4/posts/212051560.qui-fabrique-lautorite-du-vrai.html,145783,c82024043f5dd1872a55d4febffd681ae89a24b2086d6052e3fbdd84361e4b6b
02_MASTER_EVIDENCE_BASE/03_INVESTIGATIONS/02_EXPANDED_ARCHIVES/DEMOCRACY_INFLUENCE_ALL_INVESTIGATIONS_2026-09-07/__NESTED_EXPANDED__/DEMOCRACY_INFLUENCE_ALL_INVESTIGATIONS_2026-09-07__99_SOURCE_BUNDLES__SUBSTACK_BASELINE_2026-08-26_v0.4/SUBSTACK_BASELINE_2026-08-26_v0.4/posts/212538645.qui-fact-checke-les-fact-checkers.html,178628,8725be5f2777fb38d868dffd29030f8ab45a18e3b1e2619b3a0b974afe2f3521
02_MASTER_EVIDENCE_BASE/03_INVESTIGATIONS/02_EXPANDED_ARCHIVES/DEMOCRACY_INFLUENCE_ALL_INVESTIGATIONS_2026-09-07/__NESTED_EXPANDED__/DEMOCRACY_INFLUENCE_ALL_INVESTIGATIONS_2026-09-07__99_SOURCE_BUNDLES__SUBSTACK_BASELINE_2026-08-26_v0.4/SUBSTACK_BASELINE_2026-08-26_v0.4/posts.csv,57288,d26a8500753a452316230dca743b007e841e818bfc0549dfae66f2499e6a65f4
02_MASTER_EVIDENCE_BASE/03_INVESTIGATIONS/02_EXPANDED_ARCHIVES/DEMOCRACY_INFLUENCE_ALL_INVESTIGATIONS_2026-09-07/__NESTED_EXPANDED__/DEMOCRACY_INFLUENCE_ALL_INVESTIGATIONS_2026-09-07__99_SOURCE_BUNDLES__TRUTH_ENGINE_2.10.6_R3P1_CANONICAL/truth-engine-v2_2.10.6-R3P1_CANONICAL/.gitignore,79,55d40310f620ea2b99b41ac7834b74d0627d99d79c2de97b1c62e6ffcc468d1a
02_MASTER_EVIDENCE_BASE/03_INVESTIGATIONS/02_EXPANDED_ARCHIVES/DEMOCRACY_INFLUENCE_ALL_INVESTIGATIONS_2026-09-07/__NESTED_EXPANDED__/DEMOCRACY_INFLUENCE_ALL_INVESTIGATIONS_2026-09-07__99_SOURCE_BUNDLES__TRUTH_ENGINE_2.10.6_R3P1_CANONICAL/truth-engine-v2_2.10.6-R3P1_CANONICAL/.verify/config.example.json,728,fc4ee1aa9b3b41ed831bd8622ffd6b78f0ffa742789d17c33396f48e8f456f4a
02_MASTER_EVIDENCE_BASE/03_INVESTIGATIONS/02_EXPANDED_ARCHIVES/DEMOCRACY_INFLUENCE_ALL_INVESTIGATIONS_2026-09-07/__NESTED_EXPANDED__/DEMOCRACY_INFLUENCE_ALL_INVESTIGATIONS_2026-09-07__99_SOURCE_BUNDLES__TRUTH_ENGINE_2.10.6_R3P1_CANONICAL/truth-engine-v2_2.10.6-R3P1_CANONICAL/.verify/config.json,2407,aa038bb5e9a6aa06d7cd2b6e3afa0c2dadedb3e6c4a694d5ba097fa163de10f6
02_MASTER_EVIDENCE_BASE/03_INVESTIGATIONS/02_EXPANDED_ARCHIVES/DEMOCRACY_INFLUENCE_ALL_INVESTIGATIONS_2026-09-07/__NESTED_EXPANDED__/DEMOCRACY_INFLUENCE_ALL_INVESTIGATIONS_2026-09-07__99_SOURCE_BUNDLES__TRUTH_ENGINE_2.10.6_R3P1_CANONICAL/truth-engine-v2_2.10.6-R3P1_CANONICAL/ARCHITECTURE.md,39996,4a0ec19e1b1f2fc0033d47041c90b697308864fc3e7b997408251602893a5ad0
02_MASTER_EVIDENCE_BASE/03_INVESTIGATIONS/02_EXPANDED_ARCHIVES/DEMOCRACY_INFLUENCE_ALL_INVESTIGATIONS_2026-09-07/__NESTED_EXPANDED__/DEMOCRACY_INFLUENCE_ALL_INVESTIGATIONS_2026-09-07__99_SOURCE_BUNDLES__TRUTH_ENGINE_2.10.6_R3P1_CANONICAL/truth-engine-v2_2.10.6-R3P1_CANONICAL/KERNEL.md,69458,0d78b5d2db873d6bb9984867c3a4b1095b46400db2145487a763680b43e88974
02_MASTER_EVIDENCE_BASE/03_INVESTIGATIONS/02_EXPANDED_ARCHIVES/DEMOCRACY_INFLUENCE_ALL_INVESTIGATIONS_2026-09-07/__NESTED_EXPANDED__/DEMOCRACY_INFLUENCE_ALL_INVESTIGATIONS_2026-09-07__99_SOURCE_BUNDLES__TRUTH_ENGINE_2.10.6_R3P1_CANONICAL/truth-engine-v2_2.10.6-R3P1_CANONICAL/PACKAGE_R2A2P1.md,802,912ba6863d5d7ecce179ba13cc3bd9d3a66ead1c685d5dc856a65edbb5d6ae2d
02_MASTER_EVIDENCE_BASE/03_INVESTIGATIONS/02_EXPANDED_ARCHIVES/DEMOCRACY_INFLUENCE_ALL_INVESTIGATIONS_2026-09-07/__NESTED_EXPANDED__/DEMOCRACY_INFLUENCE_ALL_INVESTIGATIONS_2026-09-07__99_SOURCE_BUNDLES__TRUTH_ENGINE_2.10.6_R3P1_CANONICAL/truth-engine-v2_2.10.6-R3P1_CANONICAL/PACKAGE_R3P0.md,2728,68e21ba60958c31930f60475e11a745c674b89b1552c9d7e051d85be9ec398d4
02_MASTER_EVIDENCE_BASE/03_INVESTIGATIONS/02_EXPANDED_ARCHIVES/DEMOCRACY_INFLUENCE_ALL_INVESTIGATIONS_2026-09-07/__NESTED_EXPANDED__/DEMOCRACY_INFLUENCE_ALL_INVESTIGATIONS_2026-09-07__99_SOURCE_BUNDLES__TRUTH_ENGINE_2.10.6_R3P1_CANONICAL/truth-engine-v2_2.10.6-R3P1_CANONICAL/PACKAGE_R3P1.md,1820,4c60e53ed742a2210de2b036571bcefd9a55e6bce0fb6bec86b3348982d93f77
02_MASTER_EVIDENCE_BASE/03_INVESTIGATIONS/02_EXPANDED_ARCHIVES/DEMOCRACY_INFLUENCE_ALL_INVESTIGATIONS_2026-09-07/__NESTED_EXPANDED__/DEMOCRACY_INFLUENCE_ALL_INVESTIGATIONS_2026-09-07__99_SOURCE_BUNDLES__TRUTH_ENGINE_2.10.6_R3P1_CANONICAL/truth-engine-v2_2.10.6-R3P1_CANONICAL/PATCH_R2A2_MNEMO_DEGRADED.md,2101,b0fbf5370123f3832a42d7177a1e5c66b8b0b3aebaa94e8f633b01d6591b26c9
02_MASTER_EVIDENCE_BASE/03_INVESTIGATIONS/02_EXPANDED_ARCHIVES/DEMOCRACY_INFLUENCE_ALL_INVESTIGATIONS_2026-09-07/__NESTED_EXPANDED__/DEMOCRACY_INFLUENCE_ALL_INVESTIGATIONS_2026-09-07__99_SOURCE_BUNDLES__TRUTH_ENGINE_2.10.6_R3P1_CANONICAL/truth-engine-v2_2.10.6-R3P1_CANONICAL/PATH_AUDIT.csv,5913,156aacdc65fa4f5fb3180e465ac548ce47241350e2db1fda19e96e1158205efc
02_MASTER_EVIDENCE_BASE/03_INVESTIGATIONS/02_EXPANDED_ARCHIVES/DEMOCRACY_INFLUENCE_ALL_INVESTIGATIONS_2026-09-07/__NESTED_EXPANDED__/DEMOCRACY_INFLUENCE_ALL_INVESTIGATIONS_2026-09-07__99_SOURCE_BUNDLES__TRUTH_ENGINE_2.10.6_R3P1_CANONICAL/truth-engine-v2_2.10.6-R3P1_CANONICAL/PATH_AUDIT.md,728,00086cfab707ba07c052bdbdb13122f62417c24cccae3156e99c9be13ab983dc
02_MASTER_EVIDENCE_BASE/03_INVESTIGATIONS/02_EXPANDED_ARCHIVES/DEMOCRACY_INFLUENCE_ALL_INVESTIGATIONS_2026-09-07/__NESTED_EXPANDED__/DEMOCRACY_INFLUENCE_ALL_INVESTIGATIONS_2026-09-07__99_SOURCE_BUNDLES__TRUTH_ENGINE_2.10.6_R3P1_CANONICAL/truth-engine-v2_2.10.6-R3P1_CANONICAL/clusters/BIO.md,1868,73cbb1d3998e52a1eedb79ab29a0825aac87981b26fb7f4632e7823dbaaaf951
02_MASTER_EVIDENCE_BASE/03_INVESTIGATIONS/02_EXPANDED_ARCHIVES/DEMOCRACY_INFLUENCE_ALL_INVESTIGATIONS_2026-09-07/__NESTED_EXPANDED__/DEMOCRACY_INFLUENCE_ALL_INVESTIGATIONS_2026-09-07__99_SOURCE_BUNDLES__TRUTH_ENGINE_2.10.6_R3P1_CANONICAL/truth-engine-v2_2.10.6-R3P1_CANONICAL/clusters/CONFIRMATION.md,1606,5dea3f0d1d4994a1e45f5409beab451da6cbd69d9d53fee0ee65769e856251aa
02_MASTER_EVIDENCE_BASE/03_INVESTIGATIONS/02_EXPANDED_ARCHIVES/DEMOCRACY_INFLUENCE_ALL_INVESTIGATIONS_2026-09-07/__NESTED_EXPANDED__/DEMOCRACY_INFLUENCE_ALL_INVESTIGATIONS_2026-09-07__99_SOURCE_BUNDLES__TRUTH_ENGINE_2.10.6_R3P1_CANONICAL/truth-engine-v2_2.10.6-R3P1_CANONICAL/clusters/FRAGMENTATION.md,1587,92128543a24b348bfe21a2c98f66ebbb446f67b3a7c6135ee37bf789bc3b62ae
02_MASTER_EVIDENCE_BASE/03_INVESTIGATIONS/02_EXPANDED_ARCHIVES/DEMOCRACY_INFLUENCE_ALL_INVESTIGATIONS_2026-09-07/__NESTED_EXPANDED__/DEMOCRACY_INFLUENCE_ALL_INVESTIGATIONS_2026-09-07__99_SOURCE_BUNDLES__TRUTH_ENGINE_2.10.6_R3P1_CANONICAL/truth-engine-v2_2.10.6-R3P1_CANONICAL/clusters/FRAMING.md,1479,2171e88d7538d7a5b7c3be4ace16f2d8d58ce023ffb2da1f407329acb6a81740
02_MASTER_EVIDENCE_BASE/03_INVESTIGATIONS/02_EXPANDED_ARCHIVES/DEMOCRACY_INFLUENCE_ALL_INVESTIGATIONS_2026-09-07/__NESTED_EXPANDED__/DEMOCRACY_INFLUENCE_ALL_INVESTIGATIONS_2026-09-07__99_SOURCE_BUNDLES__TRUTH_ENGINE_2.10.6_R3P1_CANONICAL/truth-engine-v2_2.10.6-R3P1_CANONICAL/clusters/GASLIGHTING.md,1446,92ca318eb8655a7a89c63e8605284885c9d15f318af8728af4022f6ecf0693d1
02_MASTER_EVIDENCE_BASE/03_INVESTIGATIONS/02_EXPANDED_ARCHIVES/DEMOCRACY_INFLUENCE_ALL_INVESTIGATIONS_2026-09-07/__NESTED_EXPANDED__/DEMOCRACY_INFLUENCE_ALL_INVESTIGATIONS_2026-09-07__99_SOURCE_BUNDLES__TRUTH_ENGINE_2.10.6_R3P1_CANONICAL/truth-engine-v2_2.10.6-R3P1_CANONICAL/clusters/ICEBERG.md,1500,62fd494f86f1ed7fa0802281ae322d016e79a90f7f18c2760dfb52d1e7661d6f
02_MASTER_EVIDENCE_BASE/03_INVESTIGATIONS/02_EXPANDED_ARCHIVES/DEMOCRACY_INFLUENCE_ALL_INVESTIGATIONS_2026-09-07/__NESTED_EXPANDED__/DEMOCRACY_INFLUENCE_ALL_INVESTIGATIONS_2026-09-07__99_SOURCE_BUNDLES__TRUTH_ENGINE_2.10.6_R3P1_CANONICAL/truth-engine-v2_2.10.6-R3P1_CANONICAL/clusters/INVERSION.md,1474,03889f6f2bff71de10995f558d309ce30086a43863782e1c8dfdc0d6810f1623
02_MASTER_EVIDENCE_BASE/03_INVESTIGATIONS/02_EXPANDED_ARCHIVES/DEMOCRACY_INFLUENCE_ALL_INVESTIGATIONS_2026-09-07/__NESTED_EXPANDED__/DEMOCRACY_INFLUENCE_ALL_INVESTIGATIONS_2026-09-07__99_SOURCE_BUNDLES__TRUTH_ENGINE_2.10.6_R3P1_CANONICAL/truth-engine-v2_2.10.6-R3P1_CANONICAL/clusters/MONEY.md,1582,0d3c1dfb7d0e102a4e80d3e399d47e4f78edf98d91467846625bd103f55ec013
02_MASTER_EVIDENCE_BASE/03_INVESTIGATIONS/02_EXPANDED_ARCHIVES/DEMOCRACY_INFLUENCE_ALL_INVESTIGATIONS_2026-09-07/__NESTED_EXPANDED__/DEMOCRACY_INFLUENCE_ALL_INVESTIGATIONS_2026-09-07__99_SOURCE_BUNDLES__TRUTH_ENGINE_2.10.6_R3P1_CANONICAL/truth-engine-v2_2.10.6-R3P1_CANONICAL/clusters/NETWORK.md,1503,65c595bfcf13d32c6d092c842ed07e94a0b050ce5762a234db7f8bf651161632
02_MASTER_EVIDENCE_BASE/03_INVESTIGATIONS/02_EXPANDED_ARCHIVES/DEMOCRACY_INFLUENCE_ALL_INVESTIGATIONS_2026-09-07/__NESTED_EXPANDED__/DEMOCRACY_INFLUENCE_ALL_INVESTIGATIONS_2026-09-07__99_SOURCE_BUNDLES__TRUTH_ENGINE_2.10.6_R3P1_CANONICAL/truth-engine-v2_2.10.6-R3P1_CANONICAL/clusters/OVERLOAD.md,1534,ba85ecbf6073f950d20858fbc99a6b234bc13f87fb6d8ca4f7067c0f035c77d7
02_MASTER_EVIDENCE_BASE/03_INVESTIGATIONS/02_EXPANDED_ARCHIVES/DEMOCRACY_INFLUENCE_ALL_INVESTIGATIONS_2026-09-07/__NESTED_EXPANDED__/DEMOCRACY_INFLUENCE_ALL_INVESTIGATIONS_2026-09-07__99_SOURCE_BUNDLES__TRUTH_ENGINE_2.10.6_R3P1_CANONICAL/truth-engine-v2_2.10.6-R3P1_CANONICAL/clusters/POWER.md,1500,a135aedde16635bc5243d497ed9312515dd5c55f66b36631c8e1577ab1a507ee
02_MASTER_EVIDENCE_BASE/03_INVESTIGATIONS/02_EXPANDED_ARCHIVES/DEMOCRACY_INFLUENCE_ALL_INVESTIGATIONS_2026-09-07/__NESTED_EXPANDED__/DEMOCRACY_INFLUENCE_ALL_INVESTIGATIONS_2026-09-07__99_SOURCE_BUNDLES__TRUTH_ENGINE_2.10.6_R3P1_CANONICAL/truth-engine-v2_2.10.6-R3P1_CANONICAL/clusters/RESISTANCE.md,1463,2de3b9f2ae175372205f4b9267fad30e993f78db225c5cb0411a9f962aec1efa
02_MASTER_EVIDENCE_BASE/03_INVESTIGATIONS/02_EXPANDED_ARCHIVES/DEMOCRACY_INFLUENCE_ALL_INVESTIGATIONS_2026-09-07/__NESTED_EXPANDED__/DEMOCRACY_INFLUENCE_ALL_INVESTIGATIONS_2026-09-07__99_SOURCE_BUNDLES__TRUTH_ENGINE_2.10.6_R3P1_CANONICAL/truth-engine-v2_2.10.6-R3P1_CANONICAL/clusters/SPECTACLE.md,1464,e72de7e54916bdc234b72415e43f2ea0891ec7e97b027e2a7a8539aa90753ebd
02_MASTER_EVIDENCE_BASE/03_INVESTIGATIONS/02_EXPANDED_ARCHIVES/DEMOCRACY_INFLUENCE_ALL_INVESTIGATIONS_2026-09-07/__NESTED_EXPANDED__/DEMOCRACY_INFLUENCE_ALL_INVESTIGATIONS_2026-09-07__99_SOURCE_BUNDLES__TRUTH_ENGINE_2.10.6_R3P1_CANONICAL/truth-engine-v2_2.10.6-R3P1_CANONICAL/clusters/TEMPORAL.md,1501,8afbd521a57bd79bc56bfc9f3256197ea11aa5d3c63f371bda0809436b1dc082
02_MASTER_EVIDENCE_BASE/03_INVESTIGATIONS/02_EXPANDED_ARCHIVES/DEMOCRACY_INFLUENCE_ALL_INVESTIGATIONS_2026-09-07/__NESTED_EXPANDED__/DEMOCRACY_INFLUENCE_ALL_INVESTIGATIONS_2026-09-07__99_SOURCE_BUNDLES__TRUTH_ENGINE_2.10.6_R3P1_CANONICAL/truth-engine-v2_2.10.6-R3P1_CANONICAL/clusters/WAR.md,1641,de5a38b51ced8778e121b7ea3b79da72f0cc939f4bd17ddacf0dd974d68b1145
02_MASTER_EVIDENCE_BASE/03_INVESTIGATIONS/02_EXPANDED_ARCHIVES/DEMOCRACY_INFLUENCE_ALL_INVESTIGATIONS_2026-09-07/__NESTED_EXPANDED__/DEMOCRACY_INFLUENCE_ALL_INVESTIGATIONS_2026-09-07__99_SOURCE_BUNDLES__TRUTH_ENGINE_2.10.6_R3P1_CANONICAL/truth-engine-v2_2.10.6-R3P1_CANONICAL/clusters/_INDEX.md,1186,d1007c8f3d778cc2e4334288c8378af728b05c713e5e21588b2c97cf0ea08ca6
02_MASTER_EVIDENCE_BASE/03_INVESTIGATIONS/02_EXPANDED_ARCHIVES/DEMOCRACY_INFLUENCE_ALL_INVESTIGATIONS_2026-09-07/__NESTED_EXPANDED__/DEMOCRACY_INFLUENCE_ALL_INVESTIGATIONS_2026-09-07__99_SOURCE_BUNDLES__TRUTH_ENGINE_2.10.6_R3P1_CANONICAL/truth-engine-v2_2.10.6-R3P1_CANONICAL/clusters/_TEMPLATE.md,945,5b989a544ef3029e554f7bb3572685979300faa3bce7689af2f9a3975b335f50
02_MASTER_EVIDENCE_BASE/03_INVESTIGATIONS/02_EXPANDED_ARCHIVES/DEMOCRACY_INFLUENCE_ALL_INVESTIGATIONS_2026-09-07/__NESTED_EXPANDED__/DEMOCRACY_INFLUENCE_ALL_INVESTIGATIONS_2026-09-07__99_SOURCE_BUNDLES__TRUTH_ENGINE_2.10.6_R3P1_CANONICAL/truth-engine-v2_2.10.6-R3P1_CANONICAL/definitions/PATTERNS.md,6400,d30e591fa4df876492cee0c73c1ce9cbb604f29e1d56bac7c7c5538459497696
02_MASTER_EVIDENCE_BASE/03_INVESTIGATIONS/02_EXPANDED_ARCHIVES/DEMOCRACY_INFLUENCE_ALL_INVESTIGATIONS_2026-09-07/__NESTED_EXPANDED__/DEMOCRACY_INFLUENCE_ALL_INVESTIGATIONS_2026-09-07__99_SOURCE_BUNDLES__TRUTH_ENGINE_2.10.6_R3P1_CANONICAL/truth-engine-v2_2.10.6-R3P1_CANONICAL/definitions/SYMBOLS.md,7458,fc02712ed0d550c8659f2c41493222ec2604bd84a78d18180149c4ca60a1b553
02_MASTER_EVIDENCE_BASE/03_INVESTIGATIONS/02_EXPANDED_ARCHIVES/DEMOCRACY_INFLUENCE_ALL_INVESTIGATIONS_2026-09-07/__NESTED_EXPANDED__/DEMOCRACY_INFLUENCE_ALL_INVESTIGATIONS_2026-09-07__99_SOURCE_BUNDLES__TRUTH_ENGINE_2.10.6_R3P1_CANONICAL/truth-engine-v2_2.10.6-R3P1_CANONICAL/definitions/THREATS.md,5534,51f860ebc743dc6a8a4ad958d9a1d4aa57d2dfc39bd7a894ba9bc9f7b5d73124
02_MASTER_EVIDENCE_BASE/03_INVESTIGATIONS/02_EXPANDED_ARCHIVES/DEMOCRACY_INFLUENCE_ALL_INVESTIGATIONS_2026-09-07/__NESTED_EXPANDED__/DEMOCRACY_INFLUENCE_ALL_INVESTIGATIONS_2026-09-07__99_SOURCE_BUNDLES__TRUTH_ENGINE_2.10.6_R3P1_CANONICAL/truth-engine-v2_2.10.6-R3P1_CANONICAL/forensic/GATES.md,12808,f97b090c26f79b93eeecb291e37f8887d935df5ffaa36d8d6da502fa75f6da6d
02_MASTER_EVIDENCE_BASE/03_INVESTIGATIONS/02_EXPANDED_ARCHIVES/DEMOCRACY_INFLUENCE_ALL_INVESTIGATIONS_2026-09-07/__NESTED_EXPANDED__/DEMOCRACY_INFLUENCE_ALL_INVESTIGATIONS_2026-09-07__99_SOURCE_BUNDLES__TRUTH_ENGINE_2.10.6_R3P1_CANONICAL/truth-engine-v2_2.10.6-R3P1_CANONICAL/forensic/REASONING.md,1874,cb6e83dc74b9a6a311fdd8b73d78e87146c7791ab92179ebf455c2f0f2c89bde
02_MASTER_EVIDENCE_BASE/03_INVESTIGATIONS/02_EXPANDED_ARCHIVES/DEMOCRACY_INFLUENCE_ALL_INVESTIGATIONS_2026-09-07/__NESTED_EXPANDED__/DEMOCRACY_INFLUENCE_ALL_INVESTIGATIONS_2026-09-07__99_SOURCE_BUNDLES__TRUTH_ENGINE_2.10.6_R3P1_CANONICAL/truth-engine-v2_2.10.6-R3P1_CANONICAL/forensic/REQUEST_LOG.md,5102,bae510e5fc18acd635a4c9b8cbef65d2015e14c0122fcc265728216fa94dbdd4
02_MASTER_EVIDENCE_BASE/03_INVESTIGATIONS/02_EXPANDED_ARCHIVES/DEMOCRACY_INFLUENCE_ALL_INVESTIGATIONS_2026-09-07/__NESTED_EXPANDED__/DEMOCRACY_INFLUENCE_ALL_INVESTIGATIONS_2026-09-07__99_SOURCE_BUNDLES__TRUTH_ENGINE_2.10.6_R3P1_CANONICAL/truth-engine-v2_2.10.6-R3P1_CANONICAL/output/TEMPLATE.md,5857,eb504ed558d7638b8f599fc6990c6d74783ca81ae1d8016a15d70b8273c31f05
02_MASTER_EVIDENCE_BASE/03_INVESTIGATIONS/02_EXPANDED_ARCHIVES/DEMOCRACY_INFLUENCE_ALL_INVESTIGATIONS_2026-09-07/__NESTED_EXPANDED__/DEMOCRACY_INFLUENCE_ALL_INVESTIGATIONS_2026-09-07__99_SOURCE_BUNDLES__TRUTH_ENGINE_2.10.6_R3P1_CANONICAL/truth-engine-v2_2.10.6-R3P1_CANONICAL/protocol/FACT_VERIFICATION.md,29011,93cb1354c1771e1cc7f9e28600c8053ffedd1c916cc83978b948724b5f5a0219
02_MASTER_EVIDENCE_BASE/03_INVESTIGATIONS/02_EXPANDED_ARCHIVES/DEMOCRACY_INFLUENCE_ALL_INVESTIGATIONS_2026-09-07/__NESTED_EXPANDED__/DEMOCRACY_INFLUENCE_ALL_INVESTIGATIONS_2026-09-07__99_SOURCE_BUNDLES__TRUTH_ENGINE_2.10.6_R3P1_CANONICAL/truth-engine-v2_2.10.6-R3P1_CANONICAL/protocol/INVESTIGATION.md,19705,2418fb593a78048830f2900e04828ce3d7e26aef996bcdddd2199f61a026c208
02_MASTER_EVIDENCE_BASE/03_INVESTIGATIONS/02_EXPANDED_ARCHIVES/DEMOCRACY_INFLUENCE_ALL_INVESTIGATIONS_2026-09-07/__NESTED_EXPANDED__/DEMOCRACY_INFLUENCE_ALL_INVESTIGATIONS_2026-09-07__99_SOURCE_BUNDLES__TRUTH_ENGINE_2.10.6_R3P1_CANONICAL/truth-engine-v2_2.10.6-R3P1_CANONICAL/protocol/PERSO_FRESQUE.md,2807,2fe3404f9758b46de27f1d6700c290a9080ee7c5b0410e9e81b27fbf9b6a5b9f
02_MASTER_EVIDENCE_BASE/03_INVESTIGATIONS/02_EXPANDED_ARCHIVES/DEMOCRACY_INFLUENCE_ALL_INVESTIGATIONS_2026-09-07/__NESTED_EXPANDED__/DEMOCRACY_INFLUENCE_ALL_INVESTIGATIONS_2026-09-07__99_SOURCE_BUNDLES__TRUTH_ENGINE_2.10.6_R3P1_CANONICAL/truth-engine-v2_2.10.6-R3P1_CANONICAL/protocol/UPDATE.md,3987,b36af2c16ec0eba93f66546b05f2f76c4440f3c6cedf74bd716d71c90015c936
02_MASTER_EVIDENCE_BASE/03_INVESTIGATIONS/02_EXPANDED_ARCHIVES/DEMOCRACY_INFLUENCE_ALL_INVESTIGATIONS_2026-09-07/__NESTED_EXPANDED__/DEMOCRACY_INFLUENCE_ALL_INVESTIGATIONS_2026-09-07__99_SOURCE_BUNDLES__TRUTH_ENGINE_2.10.6_R3P1_CANONICAL/truth-engine-v2_2.10.6-R3P1_CANONICAL/search/EPISTEMIC.md,6991,482558f2ea834418625647b92659ef1773ffc71bc09bdce2f5f3bab91791ae00
02_MASTER_EVIDENCE_BASE/03_INVESTIGATIONS/02_EXPANDED_ARCHIVES/DEMOCRACY_INFLUENCE_ALL_INVESTIGATIONS_2026-09-07/__NESTED_EXPANDED__/DEMOCRACY_INFLUENCE_ALL_INVESTIGATIONS_2026-09-07__99_SOURCE_BUNDLES__TRUTH_ENGINE_2.10.6_R3P1_CANONICAL/truth-engine-v2_2.10.6-R3P1_CANONICAL/search/OPTIMIZATION.md,2271,56417643b0f5b49e43d4d2b3e8777801bc78580cbe7abad236eb19d8e351e49c
02_MASTER_EVIDENCE_BASE/03_INVESTIGATIONS/02_EXPANDED_ARCHIVES/DEMOCRACY_INFLUENCE_ALL_INVESTIGATIONS_2026-09-07/__NESTED_EXPANDED__/DEMOCRACY_INFLUENCE_ALL_INVESTIGATIONS_2026-09-07__99_SOURCE_BUNDLES__TRUTH_ENGINE_2.10.6_R3P1_CANONICAL/truth-engine-v2_2.10.6-R3P1_CANONICAL/search/TEMPLATES.md,6097,be5a178bf2772fd9202c100b44e4d6657a64b5fa90e34ceed90682e16f328172
02_MASTER_EVIDENCE_BASE/03_INVESTIGATIONS/02_EXPANDED_ARCHIVES/DEMOCRACY_INFLUENCE_ALL_INVESTIGATIONS_2026-09-07/__NESTED_EXPANDED__/DEMOCRACY_INFLUENCE_ALL_INVESTIGATIONS_2026-09-07__99_SOURCE_BUNDLES__TRUTH_ENGINE_2.10.6_R3P1_CANONICAL/truth-engine-v2_2.10.6-R3P1_CANONICAL/tests/README.md,1242,434a0151079b7fe0375dbb2785c357b10fc53420c43f2dbb55f341a2eebe25bb
02_MASTER_EVIDENCE_BASE/03_INVESTIGATIONS/02_EXPANDED_ARCHIVES/DEMOCRACY_INFLUENCE_ALL_INVESTIGATIONS_2026-09-07/__NESTED_EXPANDED__/DEMOCRACY_INFLUENCE_ALL_INVESTIGATIONS_2026-09-07__99_SOURCE_BUNDLES__TRUTH_ENGINE_2.10.6_R3P1_CANONICAL/truth-engine-v2_2.10.6-R3P1_CANONICAL/tests/extractors/__init__.py,0,e3b0c44298fc1c149afbf4c8996fb92427ae41e4649b934ca495991b7852b855
02_MASTER_EVIDENCE_BASE/03_INVESTIGATIONS/02_EXPANDED_ARCHIVES/DEMOCRACY_INFLUENCE_ALL_INVESTIGATIONS_2026-09-07/__NESTED_EXPANDED__/DEMOCRACY_INFLUENCE_ALL_INVESTIGATIONS_2026-09-07__99_SOURCE_BUNDLES__TRUTH_ENGINE_2.10.6_R3P1_CANONICAL/truth-engine-v2_2.10.6-R3P1_CANONICAL/tests/extractors/test_gates.py,6585,039c70da1cdebe91c267c24ae00f101534ec54983a3cae2cf48be609e3ffdf8c
02_MASTER_EVIDENCE_BASE/03_INVESTIGATIONS/02_EXPANDED_ARCHIVES/DEMOCRACY_INFLUENCE_ALL_INVESTIGATIONS_2026-09-07/__NESTED_EXPANDED__/DEMOCRACY_INFLUENCE_ALL_INVESTIGATIONS_2026-09-07__99_SOURCE_BUNDLES__TRUTH_ENGINE_2.10.6_R3P1_CANONICAL/truth-engine-v2_2.10.6-R3P1_CANONICAL/tests/extractors/test_gates_hardening.py,9500,0c99c5eda1c2d197e833ebd0a4316479770115666c9d36a7390312863a5816fb
02_MASTER_EVIDENCE_BASE/03_INVESTIGATIONS/02_EXPANDED_ARCHIVES/DEMOCRACY_INFLUENCE_ALL_INVESTIGATIONS_2026-09-07/__NESTED_EXPANDED__/DEMOCRACY_INFLUENCE_ALL_INVESTIGATIONS_2026-09-07__99_SOURCE_BUNDLES__TRUTH_ENGINE_2.10.6_R3P1_CANONICAL/truth-engine-v2_2.10.6-R3P1_CANONICAL/tests/extractors/test_gates_json.py,7800,bc38252541d36ef0e260c689f3326e831965fe7dec9bd5184e331d9c273d6cc6
02_MASTER_EVIDENCE_BASE/03_INVESTIGATIONS/02_EXPANDED_ARCHIVES/DEMOCRACY_INFLUENCE_ALL_INVESTIGATIONS_2026-09-07/__NESTED_EXPANDED__/DEMOCRACY_INFLUENCE_ALL_INVESTIGATIONS_2026-09-07__99_SOURCE_BUNDLES__TRUTH_ENGINE_2.10.6_R3P1_CANONICAL/truth-engine-v2_2.10.6-R3P1_CANONICAL/tests/extractors/test_head_check_hardening.py,8758,9bd6832bcbb31711c4e0331b1db1fc91b27c7b26682a5ee0dab7d03050f0fbda
02_MASTER_EVIDENCE_BASE/03_INVESTIGATIONS/02_EXPANDED_ARCHIVES/DEMOCRACY_INFLUENCE_ALL_INVESTIGATIONS_2026-09-07/__NESTED_EXPANDED__/DEMOCRACY_INFLUENCE_ALL_INVESTIGATIONS_2026-09-07__99_SOURCE_BUNDLES__TRUTH_ENGINE_2.10.6_R3P1_CANONICAL/truth-engine-v2_2.10.6-R3P1_CANONICAL/tests/runtime/test_forensic_output_contract.py,2376,3f645e4d4a933a772f4e908a5e8423a3a9d273c151cebccf20134eee4eb93d8f
02_MASTER_EVIDENCE_BASE/03_INVESTIGATIONS/02_EXPANDED_ARCHIVES/DEMOCRACY_INFLUENCE_ALL_INVESTIGATIONS_2026-09-07/__NESTED_EXPANDED__/DEMOCRACY_INFLUENCE_ALL_INVESTIGATIONS_2026-09-07__99_SOURCE_BUNDLES__TRUTH_ENGINE_2.10.6_R3P1_CANONICAL/truth-engine-v2_2.10.6-R3P1_CANONICAL/tests/runtime/test_mnemo_unavailable_delivery.py,4607,7737d2f40dc84b1a397622306c3646a1094424b43521e41b45076dc2850935f9
02_MASTER_EVIDENCE_BASE/03_INVESTIGATIONS/02_EXPANDED_ARCHIVES/DEMOCRACY_INFLUENCE_ALL_INVESTIGATIONS_2026-09-07/__NESTED_EXPANDED__/DEMOCRACY_INFLUENCE_ALL_INVESTIGATIONS_2026-09-07__99_SOURCE_BUNDLES__TRUTH_ENGINE_2.10.6_R3P1_CANONICAL/truth-engine-v2_2.10.6-R3P1_CANONICAL/tests/test_verify_forensic_output.py,1892,cf374634dc2fc697406f9ff4f96018e8a708c29e98371b4092d50e6a733f510f
02_MASTER_EVIDENCE_BASE/03_INVESTIGATIONS/02_EXPANDED_ARCHIVES/DEMOCRACY_INFLUENCE_ALL_INVESTIGATIONS_2026-09-07/__NESTED_EXPANDED__/DEMOCRACY_INFLUENCE_ALL_INVESTIGATIONS_2026-09-07__99_SOURCE_BUNDLES__TRUTH_ENGINE_2.10.6_R3P1_CANONICAL/truth-engine-v2_2.10.6-R3P1_CANONICAL/tests/test_verify_gate.py,6095,6eaece9b9f3a5dc317f45d3da99bf462fe440f7c26def5f5a6ce5338e27c57ab
02_MASTER_EVIDENCE_BASE/03_INVESTIGATIONS/02_EXPANDED_ARCHIVES/DEMOCRACY_INFLUENCE_ALL_INVESTIGATIONS_2026-09-07/__NESTED_EXPANDED__/DEMOCRACY_INFLUENCE_ALL_INVESTIGATIONS_2026-09-07__99_SOURCE_BUNDLES__TRUTH_ENGINE_2.10.6_R3P1_CANONICAL/truth-engine-v2_2.10.6-R3P1_CANONICAL/tools/DSL.md,2868,17a31bf06dac4b59a6aa09a080554d83684f87a4df365f30681c3226161ecb9c
02_MASTER_EVIDENCE_BASE/03_INVESTIGATIONS/02_EXPANDED_ARCHIVES/DEMOCRACY_INFLUENCE_ALL_INVESTIGATIONS_2026-09-07/__NESTED_EXPANDED__/DEMOCRACY_INFLUENCE_ALL_INVESTIGATIONS_2026-09-07__99_SOURCE_BUNDLES__TRUTH_ENGINE_2.10.6_R3P1_CANONICAL/truth-engine-v2_2.10.6-R3P1_CANONICAL/tools/MACROS.md,3301,50cd3a4579fb2c82248a17129ebbde8e91f0dd6fbac10fbc34a344603f33ba7f
02_MASTER_EVIDENCE_BASE/03_INVESTIGATIONS/02_EXPANDED_ARCHIVES/DEMOCRACY_INFLUENCE_ALL_INVESTIGATIONS_2026-09-07/__NESTED_EXPANDED__/DEMOCRACY_INFLUENCE_ALL_INVESTIGATIONS_2026-09-07__99_SOURCE_BUNDLES__TRUTH_ENGINE_2.10.6_R3P1_CANONICAL/truth-engine-v2_2.10.6-R3P1_CANONICAL/tools/__init__.py,0,e3b0c44298fc1c149afbf4c8996fb92427ae41e4649b934ca495991b7852b855
02_MASTER_EVIDENCE_BASE/03_INVESTIGATIONS/02_EXPANDED_ARCHIVES/DEMOCRACY_INFLUENCE_ALL_INVESTIGATIONS_2026-09-07/__NESTED_EXPANDED__/DEMOCRACY_INFLUENCE_ALL_INVESTIGATIONS_2026-09-07__99_SOURCE_BUNDLES__TRUTH_ENGINE_2.10.6_R3P1_CANONICAL/truth-engine-v2_2.10.6-R3P1_CANONICAL/tools/engines/__init__.py,0,e3b0c44298fc1c149afbf4c8996fb92427ae41e4649b934ca495991b7852b855
02_MASTER_EVIDENCE_BASE/03_INVESTIGATIONS/02_EXPANDED_ARCHIVES/DEMOCRACY_INFLUENCE_ALL_INVESTIGATIONS_2026-09-07/__NESTED_EXPANDED__/DEMOCRACY_INFLUENCE_ALL_INVESTIGATIONS_2026-09-07__99_SOURCE_BUNDLES__TRUTH_ENGINE_2.10.6_R3P1_CANONICAL/truth-engine-v2_2.10.6-R3P1_CANONICAL/tools/engines/sublimator/__init__.py,0,e3b0c44298fc1c149afbf4c8996fb92427ae41e4649b934ca495991b7852b855
02_MASTER_EVIDENCE_BASE/03_INVESTIGATIONS/02_EXPANDED_ARCHIVES/DEMOCRACY_INFLUENCE_ALL_INVESTIGATIONS_2026-09-07/__NESTED_EXPANDED__/DEMOCRACY_INFLUENCE_ALL_INVESTIGATIONS_2026-09-07__99_SOURCE_BUNDLES__TRUTH_ENGINE_2.10.6_R3P1_CANONICAL/truth-engine-v2_2.10.6-R3P1_CANONICAL/tools/engines/sublimator/extractors/__init__.py,0,e3b0c44298fc1c149afbf4c8996fb92427ae41e4649b934ca495991b7852b855
02_MASTER_EVIDENCE_BASE/03_INVESTIGATIONS/02_EXPANDED_ARCHIVES/DEMOCRACY_INFLUENCE_ALL_INVESTIGATIONS_2026-09-07/__NESTED_EXPANDED__/DEMOCRACY_INFLUENCE_ALL_INVESTIGATIONS_2026-09-07__99_SOURCE_BUNDLES__TRUTH_ENGINE_2.10.6_R3P1_CANONICAL/truth-engine-v2_2.10.6-R3P1_CANONICAL/tools/engines/sublimator/extractors/gates.py,5469,a55c74b8e5aebc5a1073e737bf95bff21fc0531f3db58eb4636089e19ee84fa8
02_MASTER_EVIDENCE_BASE/03_INVESTIGATIONS/02_EXPANDED_ARCHIVES/DEMOCRACY_INFLUENCE_ALL_INVESTIGATIONS_2026-09-07/__NESTED_EXPANDED__/DEMOCRACY_INFLUENCE_ALL_INVESTIGATIONS_2026-09-07__99_SOURCE_BUNDLES__TRUTH_ENGINE_2.10.6_R3P1_CANONICAL/truth-engine-v2_2.10.6-R3P1_CANONICAL/tools/engines/sublimator/extractors/head_check.py,4892,57fc1b90093964d2689b83ba1fa393ad40f794d83a3ed06d322c7dd67dd8d38e
02_MASTER_EVIDENCE_BASE/03_INVESTIGATIONS/02_EXPANDED_ARCHIVES/DEMOCRACY_INFLUENCE_ALL_INVESTIGATIONS_2026-09-07/__NESTED_EXPANDED__/DEMOCRACY_INFLUENCE_ALL_INVESTIGATIONS_2026-09-07__99_SOURCE_BUNDLES__TRUTH_ENGINE_2.10.6_R3P1_CANONICAL/truth-engine-v2_2.10.6-R3P1_CANONICAL/tools/runtime/README.md,7620,965c81acb3d3209809e2a42b2d9ec42415b28c980b9ac9c2e963ae4ea8ac3f5a
02_MASTER_EVIDENCE_BASE/03_INVESTIGATIONS/02_EXPANDED_ARCHIVES/DEMOCRACY_INFLUENCE_ALL_INVESTIGATIONS_2026-09-07/__NESTED_EXPANDED__/DEMOCRACY_INFLUENCE_ALL_INVESTIGATIONS_2026-09-07__99_SOURCE_BUNDLES__TRUTH_ENGINE_2.10.6_R3P1_CANONICAL/truth-engine-v2_2.10.6-R3P1_CANONICAL/tools/runtime/run_state.py,107428,81effd7bfef4ddcdacba1f9a4139cd856fae0eb7853518846f2381a49869d77e
02_MASTER_EVIDENCE_BASE/03_INVESTIGATIONS/02_EXPANDED_ARCHIVES/DEMOCRACY_INFLUENCE_ALL_INVESTIGATIONS_2026-09-07/__NESTED_EXPANDED__/DEMOCRACY_INFLUENCE_ALL_INVESTIGATIONS_2026-09-07__99_SOURCE_BUNDLES__TRUTH_ENGINE_2.10.6_R3P1_CANONICAL/truth-engine-v2_2.10.6-R3P1_CANONICAL/tools/verify/verify.py,89673,2dd969529d7c15d5bb7c464a185c56c284575f65c76a71b2af2a495887e76018
02_MASTER_EVIDENCE_BASE/03_INVESTIGATIONS/02_EXPANDED_ARCHIVES/DEMOCRACY_INFLUENCE_COMPLETE_BUNDLE_2026-09-11/DEMOCRACY_INFLUENCE_COMPLETE_BUNDLE_2026-09-11/BUNDLE_INVENTORY.csv,52408,3ab4221dd8239d1a96dbd727aba782dc16a5e62fd8be962c6e621210782e7d37
02_MASTER_EVIDENCE_BASE/03_INVESTIGATIONS/02_EXPANDED_ARCHIVES/DEMOCRACY_INFLUENCE_COMPLETE_BUNDLE_2026-09-11/DEMOCRACY_INFLUENCE_COMPLETE_BUNDLE_2026-09-11/BUNDLE_METADATA.json,898,93c49177f92387171cd3afb4502f181f4d276bbb91a6edb68b115566327d1151
02_MASTER_EVIDENCE_BASE/03_INVESTIGATIONS/02_EXPANDED_ARCHIVES/DEMOCRACY_INFLUENCE_COMPLETE_BUNDLE_2026-09-11/DEMOCRACY_INFLUENCE_COMPLETE_BUNDLE_2026-09-11/README_BUNDLE.md,1696,7aa70af2ec9683b2c49e20e106c223a2a460c801e97106de507457ac2b1490c0
02_MASTER_EVIDENCE_BASE/03_INVESTIGATIONS/02_EXPANDED_ARCHIVES/DEMOCRACY_INFLUENCE_COMPLETE_BUNDLE_2026-09-11/DEMOCRACY_INFLUENCE_COMPLETE_BUNDLE_2026-09-11/SHA256SUMS.txt,50482,accef9c7b22373b1699fa2b065a2fee335332fdbe12d4b32d56fa8526cddf8d1
02_MASTER_EVIDENCE_BASE/03_INVESTIGATIONS/02_EXPANDED_ARCHIVES/DEMOCRACY_INFLUENCE_COMPLETE_BUNDLE_2026-09-11/DEMOCRACY_INFLUENCE_COMPLETE_BUNDLE_2026-09-11/invchain/CONTROL_STATE.json,15957,a77372931678ab290f8d36eb4e33c6c39014c3bae34e4de3bd308b68e9a66f9a
02_MASTER_EVIDENCE_BASE/03_INVESTIGATIONS/02_EXPANDED_ARCHIVES/DEMOCRACY_INFLUENCE_COMPLETE_BUNDLE_2026-09-11/DEMOCRACY_INFLUENCE_COMPLETE_BUNDLE_2026-09-11/invchain/CONTROL_STATE.pre_inv053_baseline_repair.json,16888,d38f6b5d076cbd3010e5d8bdca461e667c9a36a32132e52201b91724e564cf87
02_MASTER_EVIDENCE_BASE/03_INVESTIGATIONS/02_EXPANDED_ARCHIVES/DEMOCRACY_INFLUENCE_COMPLETE_BUNDLE_2026-09-11/DEMOCRACY_INFLUENCE_COMPLETE_BUNDLE_2026-09-11/invchain/DASHBOARD.md,3336,334f90c4340d766918426e2628965bf3b7543296e9b4df830d7647edf1336964
02_MASTER_EVIDENCE_BASE/03_INVESTIGATIONS/02_EXPANDED_ARCHIVES/DEMOCRACY_INFLUENCE_COMPLETE_BUNDLE_2026-09-11/DEMOCRACY_INFLUENCE_COMPLETE_BUNDLE_2026-09-11/invchain/DASHBOARD.pre_sync_INV051.md,3647,9811f50cc915329e4ea6cb5b3ab11c3a9e19b6be3554e13c854c2371ec488f1d
02_MASTER_EVIDENCE_BASE/03_INVESTIGATIONS/02_EXPANDED_ARCHIVES/DEMOCRACY_INFLUENCE_COMPLETE_BUNDLE_2026-09-11/DEMOCRACY_INFLUENCE_COMPLETE_BUNDLE_2026-09-11/invchain/DEPENDENCY_REVIEW_2026-09-11_INV052_INV104_R1.md,2690,ee749098c23e95a06a8941474b5fd4468351f786cb598fe3fdc8d3a34aca6aa4
02_MASTER_EVIDENCE_BASE/03_INVESTIGATIONS/02_EXPANDED_ARCHIVES/DEMOCRACY_INFLUENCE_COMPLETE_BUNDLE_2026-09-11/DEMOCRACY_INFLUENCE_COMPLETE_BUNDLE_2026-09-11/invchain/INV-015_NARRATIVE_SOURCE.md,6202,63176cf7da05e3b50a130cc09cf23d515d2fcf1dea9f31cef0f41519f987c204
02_MASTER_EVIDENCE_BASE/03_INVESTIGATIONS/02_EXPANDED_ARCHIVES/DEMOCRACY_INFLUENCE_COMPLETE_BUNDLE_2026-09-11/DEMOCRACY_INFLUENCE_COMPLETE_BUNDLE_2026-09-11/invchain/INV-015_RUN_CARD.md,2273,5e79062ec2f66a35c57f64c0acb5a6e21a14a5c52764d328252fe3449ac40b0e
02_MASTER_EVIDENCE_BASE/03_INVESTIGATIONS/02_EXPANDED_ARCHIVES/DEMOCRACY_INFLUENCE_COMPLETE_BUNDLE_2026-09-11/DEMOCRACY_INFLUENCE_COMPLETE_BUNDLE_2026-09-11/invchain/INV-015_RUN_HANDOFF.md,2953,db01166e3c5ecc274633c22d6e707ed17461d40aec2b03eaae3b0553f624cd31
02_MASTER_EVIDENCE_BASE/03_INVESTIGATIONS/02_EXPANDED_ARCHIVES/DEMOCRACY_INFLUENCE_COMPLETE_BUNDLE_2026-09-11/DEMOCRACY_INFLUENCE_COMPLETE_BUNDLE_2026-09-11/invchain/INV-016_CENTRAL_DELTA.md,881,d5e295f7466618b9a55f4f49dfc4371806f84c05de5b4ec11e097cea02324904
02_MASTER_EVIDENCE_BASE/03_INVESTIGATIONS/02_EXPANDED_ARCHIVES/DEMOCRACY_INFLUENCE_COMPLETE_BUNDLE_2026-09-11/DEMOCRACY_INFLUENCE_COMPLETE_BUNDLE_2026-09-11/invchain/INV-016_CERTIFICATION.json,589,daf62a9a319778c8a06a660c958eefba6e72bc6d6906af289b07a896e511ad01
02_MASTER_EVIDENCE_BASE/03_INVESTIGATIONS/02_EXPANDED_ARCHIVES/DEMOCRACY_INFLUENCE_COMPLETE_BUNDLE_2026-09-11/DEMOCRACY_INFLUENCE_COMPLETE_BUNDLE_2026-09-11/invchain/INV-016_DELIVERY_GATE.json,588,12887143af8540d2ca10a113480061306fc8cf552dd49a515717bec8a321ca22
02_MASTER_EVIDENCE_BASE/03_INVESTIGATIONS/02_EXPANDED_ARCHIVES/DEMOCRACY_INFLUENCE_COMPLETE_BUNDLE_2026-09-11/DEMOCRACY_INFLUENCE_COMPLETE_BUNDLE_2026-09-11/invchain/INV-016_FACTS_STAGE.json,20132,5b0e6f7868d3a9f208b4be94421896a80329b5fba49cf505465b7010b30278dc
02_MASTER_EVIDENCE_BASE/03_INVESTIGATIONS/02_EXPANDED_ARCHIVES/DEMOCRACY_INFLUENCE_COMPLETE_BUNDLE_2026-09-11/DEMOCRACY_INFLUENCE_COMPLETE_BUNDLE_2026-09-11/invchain/INV-016_INVESTIGATION.md,44483,323d0a35b2479b8409c6dea1fcb5527bbf16584719264c178512e5a6ffe943e1
02_MASTER_EVIDENCE_BASE/03_INVESTIGATIONS/02_EXPANDED_ARCHIVES/DEMOCRACY_INFLUENCE_COMPLETE_BUNDLE_2026-09-11/DEMOCRACY_INFLUENCE_COMPLETE_BUNDLE_2026-09-11/invchain/INV-016_MNEMO_SNAPSHOT.json,7421,956680c1ba8bbd559b298b47b2fc82f94ff856136944c3e926eb43d05af291c3
02_MASTER_EVIDENCE_BASE/03_INVESTIGATIONS/02_EXPANDED_ARCHIVES/DEMOCRACY_INFLUENCE_COMPLETE_BUNDLE_2026-09-11/DEMOCRACY_INFLUENCE_COMPLETE_BUNDLE_2026-09-11/invchain/INV-016_NARRATIVE_SOURCE.md,5631,6dabeeeb2a1c9a456058797ef3b0830e40482658c968e5b5af1802c6defd759b
02_MASTER_EVIDENCE_BASE/03_INVESTIGATIONS/02_EXPANDED_ARCHIVES/DEMOCRACY_INFLUENCE_COMPLETE_BUNDLE_2026-09-11/DEMOCRACY_INFLUENCE_COMPLETE_BUNDLE_2026-09-11/invchain/INV-016_PERSISTENCE_STAGE.json,2425,63f3c985d1a4644170dd591307e947ba89cf17d47f72029211cecf3ac5139e8b
02_MASTER_EVIDENCE_BASE/03_INVESTIGATIONS/02_EXPANDED_ARCHIVES/DEMOCRACY_INFLUENCE_COMPLETE_BUNDLE_2026-09-11/DEMOCRACY_INFLUENCE_COMPLETE_BUNDLE_2026-09-11/invchain/INV-016_PRE_GATE.json,583,7d4cc59f468fb580f5d4f28f0ba942b79fd4086bc256cd4d5795853c734636f2
02_MASTER_EVIDENCE_BASE/03_INVESTIGATIONS/02_EXPANDED_ARCHIVES/DEMOCRACY_INFLUENCE_COMPLETE_BUNDLE_2026-09-11/DEMOCRACY_INFLUENCE_COMPLETE_BUNDLE_2026-09-11/invchain/INV-016_RECLASS_PLAN.json,791,7d3d5173507151acc1324154540edbda9a57e9e15ef24bbca41af737cffa43b7
02_MASTER_EVIDENCE_BASE/03_INVESTIGATIONS/02_EXPANDED_ARCHIVES/DEMOCRACY_INFLUENCE_COMPLETE_BUNDLE_2026-09-11/DEMOCRACY_INFLUENCE_COMPLETE_BUNDLE_2026-09-11/invchain/INV-016_REVIEWS.json,15,764319ca5bb9360ccff180d38441165ef9b673ffcd4a10e48e537879c7ec360d
02_MASTER_EVIDENCE_BASE/03_INVESTIGATIONS/02_EXPANDED_ARCHIVES/DEMOCRACY_INFLUENCE_COMPLETE_BUNDLE_2026-09-11/DEMOCRACY_INFLUENCE_COMPLETE_BUNDLE_2026-09-11/invchain/INV-016_RUN_CARD.md,2307,99153e7421ef5b0db9cd8df2a790d7a49b454304bc1a07dc491b96a1a168fbde
02_MASTER_EVIDENCE_BASE/03_INVESTIGATIONS/02_EXPANDED_ARCHIVES/DEMOCRACY_INFLUENCE_COMPLETE_BUNDLE_2026-09-11/DEMOCRACY_INFLUENCE_COMPLETE_BUNDLE_2026-09-11/invchain/INV-016_RUN_HANDOFF.md,3328,ba72ebf222c756a256a208234bed3d9e2b25e83771cce0257f547252fb60166b
02_MASTER_EVIDENCE_BASE/03_INVESTIGATIONS/02_EXPANDED_ARCHIVES/DEMOCRACY_INFLUENCE_COMPLETE_BUNDLE_2026-09-11/DEMOCRACY_INFLUENCE_COMPLETE_BUNDLE_2026-09-11/invchain/INV-016_RUN_STATE.json,39675,8cde4137a64ab1969d2fa99a4abf7089bee95433cfad8c5a775ef5d168ef8608
02_MASTER_EVIDENCE_BASE/03_INVESTIGATIONS/02_EXPANDED_ARCHIVES/DEMOCRACY_INFLUENCE_COMPLETE_BUNDLE_2026-09-11/DEMOCRACY_INFLUENCE_COMPLETE_BUNDLE_2026-09-11/invchain/INV-016_TAIL_STAGE.json,22597,4bd34859b1cbb9b21d79ee440726ad72413e331b91a38c7fd338c965c67bf7ac
02_MASTER_EVIDENCE_BASE/03_INVESTIGATIONS/02_EXPANDED_ARCHIVES/DEMOCRACY_INFLUENCE_COMPLETE_BUNDLE_2026-09-11/DEMOCRACY_INFLUENCE_COMPLETE_BUNDLE_2026-09-11/invchain/INV-029_NARRATIVE_SOURCE.md,3385,36672a921e5bdb74b8de23c19f707c27dc43ae86fcef55e8d2a632a3aed0efe9
02_MASTER_EVIDENCE_BASE/03_INVESTIGATIONS/02_EXPANDED_ARCHIVES/DEMOCRACY_INFLUENCE_COMPLETE_BUNDLE_2026-09-11/DEMOCRACY_INFLUENCE_COMPLETE_BUNDLE_2026-09-11/invchain/INV-029_RUN_CARD.md,2455,bb895ca7ed1503e067d8d03c404ed25bdc7b0e1a36188cf992bf27e639818609
02_MASTER_EVIDENCE_BASE/03_INVESTIGATIONS/02_EXPANDED_ARCHIVES/DEMOCRACY_INFLUENCE_COMPLETE_BUNDLE_2026-09-11/DEMOCRACY_INFLUENCE_COMPLETE_BUNDLE_2026-09-11/invchain/INV-029_RUN_HANDOFF.md,2764,893fdc5fc47202de0c22b362eca6dc7586b52edf0262274c6dd93884693be6c0
02_MASTER_EVIDENCE_BASE/03_INVESTIGATIONS/02_EXPANDED_ARCHIVES/DEMOCRACY_INFLUENCE_COMPLETE_BUNDLE_2026-09-11/DEMOCRACY_INFLUENCE_COMPLETE_BUNDLE_2026-09-11/invchain/INV-037_NARRATIVE_SOURCE.md,3171,4b6f31fde2968662240d4be48b225440f5e13e203059eb2ca860ec7988dc7ebf
02_MASTER_EVIDENCE_BASE/03_INVESTIGATIONS/02_EXPANDED_ARCHIVES/DEMOCRACY_INFLUENCE_COMPLETE_BUNDLE_2026-09-11/DEMOCRACY_INFLUENCE_COMPLETE_BUNDLE_2026-09-11/invchain/INV-037_RUN_CARD.md,2141,3820dd102dcf3ef55158edb9c00f4ccdb10796cd002888c1070f5a16d6a107e6
02_MASTER_EVIDENCE_BASE/03_INVESTIGATIONS/02_EXPANDED_ARCHIVES/DEMOCRACY_INFLUENCE_COMPLETE_BUNDLE_2026-09-11/DEMOCRACY_INFLUENCE_COMPLETE_BUNDLE_2026-09-11/invchain/INV-037_RUN_HANDOFF.md,3004,a48f909396f4272cea5c9743915743d4f8b9d7ab4086e1b0ce4377f4166c93a5
02_MASTER_EVIDENCE_BASE/03_INVESTIGATIONS/02_EXPANDED_ARCHIVES/DEMOCRACY_INFLUENCE_COMPLETE_BUNDLE_2026-09-11/DEMOCRACY_INFLUENCE_COMPLETE_BUNDLE_2026-09-11/invchain/INV-038_RUN_HANDOFF.md,2013,2000ae3815a4d88953f1accdd7232ad89878c96f0f359e90a09c9b7d07c57ebb
02_MASTER_EVIDENCE_BASE/03_INVESTIGATIONS/02_EXPANDED_ARCHIVES/DEMOCRACY_INFLUENCE_COMPLETE_BUNDLE_2026-09-11/DEMOCRACY_INFLUENCE_COMPLETE_BUNDLE_2026-09-11/invchain/INV-038_SYNTHESIS.md,4972,4f56b4c79a972bb0175ce81de8097661c3cc4a23d076179dc491fbb2d0e90a88
02_MASTER_EVIDENCE_BASE/03_INVESTIGATIONS/02_EXPANDED_ARCHIVES/DEMOCRACY_INFLUENCE_COMPLETE_BUNDLE_2026-09-11/DEMOCRACY_INFLUENCE_COMPLETE_BUNDLE_2026-09-11/invchain/INV-038_SYNTHESIS_CARD.md,2398,8cd3982407d70da22be8e300031c78c4802c9177bd472c0cd307df7bcf9b21ab
02_MASTER_EVIDENCE_BASE/03_INVESTIGATIONS/02_EXPANDED_ARCHIVES/DEMOCRACY_INFLUENCE_COMPLETE_BUNDLE_2026-09-11/DEMOCRACY_INFLUENCE_COMPLETE_BUNDLE_2026-09-11/invchain/INV-038_SYNTHESIS_CERTIFICATION.json,682,208a1e5edcefe6a801fddad74425954cb34f6ddba34276dc9eb93ecf09b6c66a
02_MASTER_EVIDENCE_BASE/03_INVESTIGATIONS/02_EXPANDED_ARCHIVES/DEMOCRACY_INFLUENCE_COMPLETE_BUNDLE_2026-09-11/DEMOCRACY_INFLUENCE_COMPLETE_BUNDLE_2026-09-11/invchain/INV-039_RUN_HANDOFF.md,3796,f161f85f3b3e4ac598054a114b461a01b480ef2fb646c39112e3ff7df8733748
02_MASTER_EVIDENCE_BASE/03_INVESTIGATIONS/02_EXPANDED_ARCHIVES/DEMOCRACY_INFLUENCE_COMPLETE_BUNDLE_2026-09-11/DEMOCRACY_INFLUENCE_COMPLETE_BUNDLE_2026-09-11/invchain/INV-040_RUN_HANDOFF.md,3259,686477cfa9048931b202a8c94aa26e9a1484d7eb3a8eb98d39034a92ae3c5526
02_MASTER_EVIDENCE_BASE/03_INVESTIGATIONS/02_EXPANDED_ARCHIVES/DEMOCRACY_INFLUENCE_COMPLETE_BUNDLE_2026-09-11/DEMOCRACY_INFLUENCE_COMPLETE_BUNDLE_2026-09-11/invchain/INV-040_SYNTHESIS.md,11197,63608989b4fb5b34abb26c9cb1a7a0d840109c8e7158b20dcc30540f540d54f7
02_MASTER_EVIDENCE_BASE/03_INVESTIGATIONS/02_EXPANDED_ARCHIVES/DEMOCRACY_INFLUENCE_COMPLETE_BUNDLE_2026-09-11/DEMOCRACY_INFLUENCE_COMPLETE_BUNDLE_2026-09-11/invchain/INV-040_SYNTHESIS_CARD.md,3399,75233ccdaa686d16a594170cad7dddcae0b87264e493366973b6d9be9b0c1521
02_MASTER_EVIDENCE_BASE/03_INVESTIGATIONS/02_EXPANDED_ARCHIVES/DEMOCRACY_INFLUENCE_COMPLETE_BUNDLE_2026-09-11/DEMOCRACY_INFLUENCE_COMPLETE_BUNDLE_2026-09-11/invchain/INV-040_SYNTHESIS_CERTIFICATION.json,2010,b0ba709365dc9d0533883504e9d8b59fd5aff028c0f7a1c35c28144a1bb856be
02_MASTER_EVIDENCE_BASE/03_INVESTIGATIONS/02_EXPANDED_ARCHIVES/DEMOCRACY_INFLUENCE_COMPLETE_BUNDLE_2026-09-11/DEMOCRACY_INFLUENCE_COMPLETE_BUNDLE_2026-09-11/invchain/INV-041_RUN_HANDOFF.md,3932,755ca22180fafb8699be5da76c9ebd24d62e5ed39d17312906942491763342f9
02_MASTER_EVIDENCE_BASE/03_INVESTIGATIONS/02_EXPANDED_ARCHIVES/DEMOCRACY_INFLUENCE_COMPLETE_BUNDLE_2026-09-11/DEMOCRACY_INFLUENCE_COMPLETE_BUNDLE_2026-09-11/invchain/INV-042_RUN_HANDOFF.md,3320,ee30ab176cfb9f73b9f225cb9ff05d0d994d3913f667954800580c20ccb87925
02_MASTER_EVIDENCE_BASE/03_INVESTIGATIONS/02_EXPANDED_ARCHIVES/DEMOCRACY_INFLUENCE_COMPLETE_BUNDLE_2026-09-11/DEMOCRACY_INFLUENCE_COMPLETE_BUNDLE_2026-09-11/invchain/INV-043_RUN_HANDOFF.md,4027,f9a2ef582d9a35ca8b7de6dfefeaf578dacac1544834a7a4cbb4ee2ba14f3ac9
02_MASTER_EVIDENCE_BASE/03_INVESTIGATIONS/02_EXPANDED_ARCHIVES/DEMOCRACY_INFLUENCE_COMPLETE_BUNDLE_2026-09-11/DEMOCRACY_INFLUENCE_COMPLETE_BUNDLE_2026-09-11/invchain/INV-044_RUN_HANDOFF.md,1737,e85cbeebba1a91a9a084b1ed811144dee0e9db755c867b30fd0b5ae2ecf1fda1
02_MASTER_EVIDENCE_BASE/03_INVESTIGATIONS/02_EXPANDED_ARCHIVES/DEMOCRACY_INFLUENCE_COMPLETE_BUNDLE_2026-09-11/DEMOCRACY_INFLUENCE_COMPLETE_BUNDLE_2026-09-11/invchain/INV-045_RUN_HANDOFF.md,2228,dceb321e6ed9d0f0e13be5d6cd7a12cfacbdda929b2ec10c0a83eaa70088cc01
02_MASTER_EVIDENCE_BASE/03_INVESTIGATIONS/02_EXPANDED_ARCHIVES/DEMOCRACY_INFLUENCE_COMPLETE_BUNDLE_2026-09-11/DEMOCRACY_INFLUENCE_COMPLETE_BUNDLE_2026-09-11/invchain/INV-046_RUN_CARD.md,2614,56a69bfd633a69d76c8e66dbdfdddf69047ce274b44d9704b5500e6215a99cdc
02_MASTER_EVIDENCE_BASE/03_INVESTIGATIONS/02_EXPANDED_ARCHIVES/DEMOCRACY_INFLUENCE_COMPLETE_BUNDLE_2026-09-11/DEMOCRACY_INFLUENCE_COMPLETE_BUNDLE_2026-09-11/invchain/INV-046_RUN_HANDOFF.md,2877,eb957002612d086217cba34030f91e3b867844744ad07a9811e06aabb9359b12
02_MASTER_EVIDENCE_BASE/03_INVESTIGATIONS/02_EXPANDED_ARCHIVES/DEMOCRACY_INFLUENCE_COMPLETE_BUNDLE_2026-09-11/DEMOCRACY_INFLUENCE_COMPLETE_BUNDLE_2026-09-11/invchain/INV-047_RUN_HANDOFF.md,4724,117e7b67c5ad6c68fc006ca02c7991665b9b561bc5ede80f942ddb9cca492533
02_MASTER_EVIDENCE_BASE/03_INVESTIGATIONS/02_EXPANDED_ARCHIVES/DEMOCRACY_INFLUENCE_COMPLETE_BUNDLE_2026-09-11/DEMOCRACY_INFLUENCE_COMPLETE_BUNDLE_2026-09-11/invchain/INV-048_RUN_HANDOFF.md,3435,02ae047dac6d31df1353295080acb7130200919098357b5af1fbca5af5c4a3a2
02_MASTER_EVIDENCE_BASE/03_INVESTIGATIONS/02_EXPANDED_ARCHIVES/DEMOCRACY_INFLUENCE_COMPLETE_BUNDLE_2026-09-11/DEMOCRACY_INFLUENCE_COMPLETE_BUNDLE_2026-09-11/invchain/INV-049_RUN_HANDOFF.md,2398,53b700412f23822520263f58965856384a77fa82053df12fc2d5ea6671830bfa
02_MASTER_EVIDENCE_BASE/03_INVESTIGATIONS/02_EXPANDED_ARCHIVES/DEMOCRACY_INFLUENCE_COMPLETE_BUNDLE_2026-09-11/DEMOCRACY_INFLUENCE_COMPLETE_BUNDLE_2026-09-11/invchain/INV-051_NARRATIVE_SOURCE.md,4666,f98c1ea8d4558105bcff7d46455b8ff106d88b6acf5c56fcdde2305132af5cf1
02_MASTER_EVIDENCE_BASE/03_INVESTIGATIONS/02_EXPANDED_ARCHIVES/DEMOCRACY_INFLUENCE_COMPLETE_BUNDLE_2026-09-11/DEMOCRACY_INFLUENCE_COMPLETE_BUNDLE_2026-09-11/invchain/INV-051_RUN_CARD.md,2285,cbed4dc39f75324e1989f5ed697b58f28476161cc15b593ced5e7fda5f3b3c0f
02_MASTER_EVIDENCE_BASE/03_INVESTIGATIONS/02_EXPANDED_ARCHIVES/DEMOCRACY_INFLUENCE_COMPLETE_BUNDLE_2026-09-11/DEMOCRACY_INFLUENCE_COMPLETE_BUNDLE_2026-09-11/invchain/INV-051_RUN_HANDOFF.md,3222,b11e8dee775ff460c6e4465c9afff31892c4d1b4f2ab34e3902944f6379a10e0
02_MASTER_EVIDENCE_BASE/03_INVESTIGATIONS/02_EXPANDED_ARCHIVES/DEMOCRACY_INFLUENCE_COMPLETE_BUNDLE_2026-09-11/DEMOCRACY_INFLUENCE_COMPLETE_BUNDLE_2026-09-11/invchain/INV-052_RUN_HANDOFF.md,1787,396de9fd450e5420b55b11b646d7b0437eb77e4c9231f7d4b3f978cbe04fc24d
02_MASTER_EVIDENCE_BASE/03_INVESTIGATIONS/02_EXPANDED_ARCHIVES/DEMOCRACY_INFLUENCE_COMPLETE_BUNDLE_2026-09-11/DEMOCRACY_INFLUENCE_COMPLETE_BUNDLE_2026-09-11/invchain/INV-052_SYNTHESIS.md,4988,bb1a88870a0b2cf0455f516dfc7d2126c063987cb120a7d655842cccb82d7c4d
02_MASTER_EVIDENCE_BASE/03_INVESTIGATIONS/02_EXPANDED_ARCHIVES/DEMOCRACY_INFLUENCE_COMPLETE_BUNDLE_2026-09-11/DEMOCRACY_INFLUENCE_COMPLETE_BUNDLE_2026-09-11/invchain/INV-052_SYNTHESIS_CARD.md,2804,303603835b32f3b82e031faf752759e9f92bf9a802386574dc08892a89cfb695
02_MASTER_EVIDENCE_BASE/03_INVESTIGATIONS/02_EXPANDED_ARCHIVES/DEMOCRACY_INFLUENCE_COMPLETE_BUNDLE_2026-09-11/DEMOCRACY_INFLUENCE_COMPLETE_BUNDLE_2026-09-11/invchain/INV-052_SYNTHESIS_CERTIFICATION.json,1206,d1db940874fb2e4cc3f3e7b201b5161e015f5f561f36922afbd9e9d16ab3836d
02_MASTER_EVIDENCE_BASE/03_INVESTIGATIONS/02_EXPANDED_ARCHIVES/DEMOCRACY_INFLUENCE_COMPLETE_BUNDLE_2026-09-11/DEMOCRACY_INFLUENCE_COMPLETE_BUNDLE_2026-09-11/invchain/INV-053_APPLY.log,308,44dd527fb261a7ef88348312e6b14abe20cdfe19b0913eb123439f9971684b07
02_MASTER_EVIDENCE_BASE/03_INVESTIGATIONS/02_EXPANDED_ARCHIVES/DEMOCRACY_INFLUENCE_COMPLETE_BUNDLE_2026-09-11/DEMOCRACY_INFLUENCE_COMPLETE_BUNDLE_2026-09-11/invchain/INV-053_CENTRAL_DELTA.md,756,368dba8741ad6a52db09ec019ef1a2e60681539f8203455ce3c1111bb077061b
02_MASTER_EVIDENCE_BASE/03_INVESTIGATIONS/02_EXPANDED_ARCHIVES/DEMOCRACY_INFLUENCE_COMPLETE_BUNDLE_2026-09-11/DEMOCRACY_INFLUENCE_COMPLETE_BUNDLE_2026-09-11/invchain/INV-053_CERTIFICATION.json,587,27e9e07c3dd939a5e88f546cef94275ed61b70876d9188cae8ef001cf4e83098
02_MASTER_EVIDENCE_BASE/03_INVESTIGATIONS/02_EXPANDED_ARCHIVES/DEMOCRACY_INFLUENCE_COMPLETE_BUNDLE_2026-09-11/DEMOCRACY_INFLUENCE_COMPLETE_BUNDLE_2026-09-11/invchain/INV-053_DELIVERY_GATE.json,586,f331a9de7131bfaccc5d436ebdc5a7af8edc638983fe98bcc0cb9dc7fec179de
02_MASTER_EVIDENCE_BASE/03_INVESTIGATIONS/02_EXPANDED_ARCHIVES/DEMOCRACY_INFLUENCE_COMPLETE_BUNDLE_2026-09-11/DEMOCRACY_INFLUENCE_COMPLETE_BUNDLE_2026-09-11/invchain/INV-053_FACTS_STAGE.json,19288,6aaa5062f4a626493c4a43addd6d8c62e7eb91f98d07a6e823655ce9c8556143
02_MASTER_EVIDENCE_BASE/03_INVESTIGATIONS/02_EXPANDED_ARCHIVES/DEMOCRACY_INFLUENCE_COMPLETE_BUNDLE_2026-09-11/DEMOCRACY_INFLUENCE_COMPLETE_BUNDLE_2026-09-11/invchain/INV-053_INVESTIGATION.md,42820,354d2135419166a77df2faae2981f0641bbb25342ee1aa4fb4ea371dd47301a2
02_MASTER_EVIDENCE_BASE/03_INVESTIGATIONS/02_EXPANDED_ARCHIVES/DEMOCRACY_INFLUENCE_COMPLETE_BUNDLE_2026-09-11/DEMOCRACY_INFLUENCE_COMPLETE_BUNDLE_2026-09-11/invchain/INV-053_MNEMO_SNAPSHOT.json,7488,baaa79d4513f4db87ac7e0de60d46ad67c8663857994b85cb85f9fd45cedac06
02_MASTER_EVIDENCE_BASE/03_INVESTIGATIONS/02_EXPANDED_ARCHIVES/DEMOCRACY_INFLUENCE_COMPLETE_BUNDLE_2026-09-11/DEMOCRACY_INFLUENCE_COMPLETE_BUNDLE_2026-09-11/invchain/INV-053_NARRATIVE_SOURCE.md,5861,6f8782178beb6b9c62f2bd48296334e0da2108c9b06c08d1decf1cd421f90a11
02_MASTER_EVIDENCE_BASE/03_INVESTIGATIONS/02_EXPANDED_ARCHIVES/DEMOCRACY_INFLUENCE_COMPLETE_BUNDLE_2026-09-11/DEMOCRACY_INFLUENCE_COMPLETE_BUNDLE_2026-09-11/invchain/INV-053_PERSISTENCE_STAGE.json,2425,e501217da2fd93c1943fc7e47d1735dadd570dc2539ad29bb9455b0e2b8729ab
02_MASTER_EVIDENCE_BASE/03_INVESTIGATIONS/02_EXPANDED_ARCHIVES/DEMOCRACY_INFLUENCE_COMPLETE_BUNDLE_2026-09-11/DEMOCRACY_INFLUENCE_COMPLETE_BUNDLE_2026-09-11/invchain/INV-053_PRE_GATE.json,581,691c391f763290b6daa9bded4aad5d2edc3bf3b142e024d5d9e31a75f017a597
02_MASTER_EVIDENCE_BASE/03_INVESTIGATIONS/02_EXPANDED_ARCHIVES/DEMOCRACY_INFLUENCE_COMPLETE_BUNDLE_2026-09-11/DEMOCRACY_INFLUENCE_COMPLETE_BUNDLE_2026-09-11/invchain/INV-053_RECLASS_PLAN.json,1050,19f80c027a037e6c396aac1d030b1e237c138f1371832c9aba452f3f8ce5f3da
02_MASTER_EVIDENCE_BASE/03_INVESTIGATIONS/02_EXPANDED_ARCHIVES/DEMOCRACY_INFLUENCE_COMPLETE_BUNDLE_2026-09-11/DEMOCRACY_INFLUENCE_COMPLETE_BUNDLE_2026-09-11/invchain/INV-053_RECLASS_PLAN_REPAIRED.json,776,601acefcbcc3af0825445f7067deacccf29a6c2275f36983cc153ee53fa6d792
02_MASTER_EVIDENCE_BASE/03_INVESTIGATIONS/02_EXPANDED_ARCHIVES/DEMOCRACY_INFLUENCE_COMPLETE_BUNDLE_2026-09-11/DEMOCRACY_INFLUENCE_COMPLETE_BUNDLE_2026-09-11/invchain/INV-053_REVIEWS.json,15,764319ca5bb9360ccff180d38441165ef9b673ffcd4a10e48e537879c7ec360d
02_MASTER_EVIDENCE_BASE/03_INVESTIGATIONS/02_EXPANDED_ARCHIVES/DEMOCRACY_INFLUENCE_COMPLETE_BUNDLE_2026-09-11/DEMOCRACY_INFLUENCE_COMPLETE_BUNDLE_2026-09-11/invchain/INV-053_RUN_CARD.md,2248,0570dcf1fd973566d9711d574e8829dc408aabbba0512a6d9b34c3d646e6a50b
02_MASTER_EVIDENCE_BASE/03_INVESTIGATIONS/02_EXPANDED_ARCHIVES/DEMOCRACY_INFLUENCE_COMPLETE_BUNDLE_2026-09-11/DEMOCRACY_INFLUENCE_COMPLETE_BUNDLE_2026-09-11/invchain/INV-053_RUN_HANDOFF.md,2930,fb2e4daf5d4dc5aa473f5a661388d34c3783a82f3549b2327353d873c038f094
02_MASTER_EVIDENCE_BASE/03_INVESTIGATIONS/02_EXPANDED_ARCHIVES/DEMOCRACY_INFLUENCE_COMPLETE_BUNDLE_2026-09-11/DEMOCRACY_INFLUENCE_COMPLETE_BUNDLE_2026-09-11/invchain/INV-053_RUN_STATE.json,38153,023152dd6aac6e8d4e2d6f555370f86ea139b0d725829377279797717e2b4b42
02_MASTER_EVIDENCE_BASE/03_INVESTIGATIONS/02_EXPANDED_ARCHIVES/DEMOCRACY_INFLUENCE_COMPLETE_BUNDLE_2026-09-11/DEMOCRACY_INFLUENCE_COMPLETE_BUNDLE_2026-09-11/invchain/INV-053_TAIL_STAGE.json,21475,a65a0872dc00eef8fb5a2155b06e7ad27439539b8652e0943c13dc656f9bd95c
02_MASTER_EVIDENCE_BASE/03_INVESTIGATIONS/02_EXPANDED_ARCHIVES/DEMOCRACY_INFLUENCE_COMPLETE_BUNDLE_2026-09-11/DEMOCRACY_INFLUENCE_COMPLETE_BUNDLE_2026-09-11/invchain/INV-054_RUN_HANDOFF.md,2661,64c37752d4c1dd713f6143766d652b8c6fe39981e603fcc2854d9cb71d574c1a
02_MASTER_EVIDENCE_BASE/03_INVESTIGATIONS/02_EXPANDED_ARCHIVES/DEMOCRACY_INFLUENCE_COMPLETE_BUNDLE_2026-09-11/DEMOCRACY_INFLUENCE_COMPLETE_BUNDLE_2026-09-11/invchain/INV-057_RUN_HANDOFF.md,3576,ccf6fb7ae7f4d3ccd80bf3c17c22c24197d77ae991ac294a723289d9f0447136
02_MASTER_EVIDENCE_BASE/03_INVESTIGATIONS/02_EXPANDED_ARCHIVES/DEMOCRACY_INFLUENCE_COMPLETE_BUNDLE_2026-09-11/DEMOCRACY_INFLUENCE_COMPLETE_BUNDLE_2026-09-11/invchain/INV-059_RUN_HANDOFF.md,1816,845d2d2e14d0113d4fea5dc6a9b3d7cf601684ba7e19e8e6ecf9d54f2a4058c7
02_MASTER_EVIDENCE_BASE/03_INVESTIGATIONS/02_EXPANDED_ARCHIVES/DEMOCRACY_INFLUENCE_COMPLETE_BUNDLE_2026-09-11/DEMOCRACY_INFLUENCE_COMPLETE_BUNDLE_2026-09-11/invchain/INV-061_RUN_HANDOFF.md,3369,813cd846510520e203eb8d8d7b6c11bc3038b2387dfaea7d6490839926cf26c0
02_MASTER_EVIDENCE_BASE/03_INVESTIGATIONS/02_EXPANDED_ARCHIVES/DEMOCRACY_INFLUENCE_COMPLETE_BUNDLE_2026-09-11/DEMOCRACY_INFLUENCE_COMPLETE_BUNDLE_2026-09-11/invchain/INV-062_RUN_HANDOFF.md,3773,ff8c52095e6353afcab4db2c226362d72014307be52f53f4ca833117de358560
02_MASTER_EVIDENCE_BASE/03_INVESTIGATIONS/02_EXPANDED_ARCHIVES/DEMOCRACY_INFLUENCE_COMPLETE_BUNDLE_2026-09-11/DEMOCRACY_INFLUENCE_COMPLETE_BUNDLE_2026-09-11/invchain/INV-063_RUN_HANDOFF.md,3905,e4aa5123897bac2249ef2ff417b37f82f850e7eaf55078057532aa4989007335
02_MASTER_EVIDENCE_BASE/03_INVESTIGATIONS/02_EXPANDED_ARCHIVES/DEMOCRACY_INFLUENCE_COMPLETE_BUNDLE_2026-09-11/DEMOCRACY_INFLUENCE_COMPLETE_BUNDLE_2026-09-11/invchain/INV-064_RUN_HANDOFF.md,3758,b640f9d3db3bbbffc11ce25c641337a78cb86eb2990b564f19db6086edccf5af
02_MASTER_EVIDENCE_BASE/03_INVESTIGATIONS/02_EXPANDED_ARCHIVES/DEMOCRACY_INFLUENCE_COMPLETE_BUNDLE_2026-09-11/DEMOCRACY_INFLUENCE_COMPLETE_BUNDLE_2026-09-11/invchain/INV-065_RUN_HANDOFF.md,3647,77e5c74246009f39c29e69e5e8fa89af9190431a8674708d6bf2d46ae6e510eb
02_MASTER_EVIDENCE_BASE/03_INVESTIGATIONS/02_EXPANDED_ARCHIVES/DEMOCRACY_INFLUENCE_COMPLETE_BUNDLE_2026-09-11/DEMOCRACY_INFLUENCE_COMPLETE_BUNDLE_2026-09-11/invchain/INV-066_RUN_HANDOFF.md,3829,cb886e3c3e41a2ab8cd0190f47a6f2fecbeb47ddd9240fce20540447bc142d8f
02_MASTER_EVIDENCE_BASE/03_INVESTIGATIONS/02_EXPANDED_ARCHIVES/DEMOCRACY_INFLUENCE_COMPLETE_BUNDLE_2026-09-11/DEMOCRACY_INFLUENCE_COMPLETE_BUNDLE_2026-09-11/invchain/INV-067_RUN_HANDOFF.md,3421,491e2462883df117ac08e8d27eba9f6b9c5315d51f37cf60bc711630da7af532
02_MASTER_EVIDENCE_BASE/03_INVESTIGATIONS/02_EXPANDED_ARCHIVES/DEMOCRACY_INFLUENCE_COMPLETE_BUNDLE_2026-09-11/DEMOCRACY_INFLUENCE_COMPLETE_BUNDLE_2026-09-11/invchain/INV-068_RUN_HANDOFF.md,1856,b821cead980f92bb7af97e684e5a334db42fec6b51c3e80fc7b86db7645396ac
02_MASTER_EVIDENCE_BASE/03_INVESTIGATIONS/02_EXPANDED_ARCHIVES/DEMOCRACY_INFLUENCE_COMPLETE_BUNDLE_2026-09-11/DEMOCRACY_INFLUENCE_COMPLETE_BUNDLE_2026-09-11/invchain/INV-068_SYNTHESIS.md,5422,94f8cb692c0bcd707cdb7a1569dbbae1038bdc3b62636507b57b1894374255f2
02_MASTER_EVIDENCE_BASE/03_INVESTIGATIONS/02_EXPANDED_ARCHIVES/DEMOCRACY_INFLUENCE_COMPLETE_BUNDLE_2026-09-11/DEMOCRACY_INFLUENCE_COMPLETE_BUNDLE_2026-09-11/invchain/INV-068_SYNTHESIS_CARD.md,3250,924c0d23f92a939631e0f13f414707a089439288f1446059f5158c07b34ff47a
02_MASTER_EVIDENCE_BASE/03_INVESTIGATIONS/02_EXPANDED_ARCHIVES/DEMOCRACY_INFLUENCE_COMPLETE_BUNDLE_2026-09-11/DEMOCRACY_INFLUENCE_COMPLETE_BUNDLE_2026-09-11/invchain/INV-068_SYNTHESIS_CERTIFICATION.json,1676,fc863550da6143b24d426501727a60a021f43585783695e1fe3c6dc5d270c3a9
02_MASTER_EVIDENCE_BASE/03_INVESTIGATIONS/02_EXPANDED_ARCHIVES/DEMOCRACY_INFLUENCE_COMPLETE_BUNDLE_2026-09-11/DEMOCRACY_INFLUENCE_COMPLETE_BUNDLE_2026-09-11/invchain/INV-075_NARRATIVE_SOURCE.md,6340,70378e7ee09078c4635484f4f64f2cf21cbe463fac3b60fa094c6b32b823d8d1
02_MASTER_EVIDENCE_BASE/03_INVESTIGATIONS/02_EXPANDED_ARCHIVES/DEMOCRACY_INFLUENCE_COMPLETE_BUNDLE_2026-09-11/DEMOCRACY_INFLUENCE_COMPLETE_BUNDLE_2026-09-11/invchain/INV-075_RUN_CARD.md,2326,ca92ec0f59033b4dc9eb259869e3f90323085ea86656133e9d6fb9b139665087
02_MASTER_EVIDENCE_BASE/03_INVESTIGATIONS/02_EXPANDED_ARCHIVES/DEMOCRACY_INFLUENCE_COMPLETE_BUNDLE_2026-09-11/DEMOCRACY_INFLUENCE_COMPLETE_BUNDLE_2026-09-11/invchain/INV-075_RUN_HANDOFF.md,3132,064fd35d2b7328ed7c8e590decfaf7b095d40487c6f64dbc29525cf6906d0db6
02_MASTER_EVIDENCE_BASE/03_INVESTIGATIONS/02_EXPANDED_ARCHIVES/DEMOCRACY_INFLUENCE_COMPLETE_BUNDLE_2026-09-11/DEMOCRACY_INFLUENCE_COMPLETE_BUNDLE_2026-09-11/invchain/INV-082_RUN_HANDOFF.md,2523,7aed8e1661ed1ab92911f9efdbdb881c2925551d92f1e3282bd39cbd7fcf10ee
02_MASTER_EVIDENCE_BASE/03_INVESTIGATIONS/02_EXPANDED_ARCHIVES/DEMOCRACY_INFLUENCE_COMPLETE_BUNDLE_2026-09-11/DEMOCRACY_INFLUENCE_COMPLETE_BUNDLE_2026-09-11/invchain/INV-085_RUN_HANDOFF.md,2420,907c1e8bee0a4a740bdea31ea0e0fc9ec135297ea1547dc812d52fc1aed49273
02_MASTER_EVIDENCE_BASE/03_INVESTIGATIONS/02_EXPANDED_ARCHIVES/DEMOCRACY_INFLUENCE_COMPLETE_BUNDLE_2026-09-11/DEMOCRACY_INFLUENCE_COMPLETE_BUNDLE_2026-09-11/invchain/INV-088_RUN_HANDOFF.md,2243,f7454458d2c9bf3f26032fecec240cb499af0203dd1c73c67061175c2a51d344
02_MASTER_EVIDENCE_BASE/03_INVESTIGATIONS/02_EXPANDED_ARCHIVES/DEMOCRACY_INFLUENCE_COMPLETE_BUNDLE_2026-09-11/DEMOCRACY_INFLUENCE_COMPLETE_BUNDLE_2026-09-11/invchain/INV-095_RUN_HANDOFF.md,2380,e89d6323600a46b539400540553c6177436ab90d6e9555064da27dd008c143ca
02_MASTER_EVIDENCE_BASE/03_INVESTIGATIONS/02_EXPANDED_ARCHIVES/DEMOCRACY_INFLUENCE_COMPLETE_BUNDLE_2026-09-11/DEMOCRACY_INFLUENCE_COMPLETE_BUNDLE_2026-09-11/invchain/INV-102_RUN_HANDOFF.md,2001,877e97439c837fa5c1160d5437f9767050aa62d454fe599fd369dec554fc1bdd
02_MASTER_EVIDENCE_BASE/03_INVESTIGATIONS/02_EXPANDED_ARCHIVES/DEMOCRACY_INFLUENCE_COMPLETE_BUNDLE_2026-09-11/DEMOCRACY_INFLUENCE_COMPLETE_BUNDLE_2026-09-11/invchain/INV-103_RUN_HANDOFF.md,3606,b5bfb845e9f5ee571f577313a973c6bf15556ef64ebe63b5829d20f3c45f873f
02_MASTER_EVIDENCE_BASE/03_INVESTIGATIONS/02_EXPANDED_ARCHIVES/DEMOCRACY_INFLUENCE_COMPLETE_BUNDLE_2026-09-11/DEMOCRACY_INFLUENCE_COMPLETE_BUNDLE_2026-09-11/invchain/INV-104_RUN_HANDOFF.md,1827,a33cdb2bab469cf82ebd27eca02b985d14c3b52778b26447ad99f1d7ae710d8f
02_MASTER_EVIDENCE_BASE/03_INVESTIGATIONS/02_EXPANDED_ARCHIVES/DEMOCRACY_INFLUENCE_COMPLETE_BUNDLE_2026-09-11/DEMOCRACY_INFLUENCE_COMPLETE_BUNDLE_2026-09-11/invchain/INV-104_SYNTHESIS.md,4433,2c52d84aa40b9a63c7a42e4a706d209eb222dccc208d16b1ebc24bae15e8d36f
02_MASTER_EVIDENCE_BASE/03_INVESTIGATIONS/02_EXPANDED_ARCHIVES/DEMOCRACY_INFLUENCE_COMPLETE_BUNDLE_2026-09-11/DEMOCRACY_INFLUENCE_COMPLETE_BUNDLE_2026-09-11/invchain/INV-104_SYNTHESIS_CARD.md,3032,ec833d1da529ff38f3402a9b81854cb63bc3258842797068fe5a36226f003df6
02_MASTER_EVIDENCE_BASE/03_INVESTIGATIONS/02_EXPANDED_ARCHIVES/DEMOCRACY_INFLUENCE_COMPLETE_BUNDLE_2026-09-11/DEMOCRACY_INFLUENCE_COMPLETE_BUNDLE_2026-09-11/invchain/INV-104_SYNTHESIS_CERTIFICATION.json,966,bf00d67521cf9b4f4c35848f7e64ebbed8ec4f9e18640aad7eabdc0f362ed357
02_MASTER_EVIDENCE_BASE/03_INVESTIGATIONS/02_EXPANDED_ARCHIVES/DEMOCRACY_INFLUENCE_COMPLETE_BUNDLE_2026-09-11/DEMOCRACY_INFLUENCE_COMPLETE_BUNDLE_2026-09-11/invchain/INV-111_CENTRAL_DELTA.md,727,b172adbd70342a2f727fc2bc97fd737c929562fd68ba5503ac67f069b69b1b66
02_MASTER_EVIDENCE_BASE/03_INVESTIGATIONS/02_EXPANDED_ARCHIVES/DEMOCRACY_INFLUENCE_COMPLETE_BUNDLE_2026-09-11/DEMOCRACY_INFLUENCE_COMPLETE_BUNDLE_2026-09-11/invchain/INV-111_NARRATIVE_SOURCE.md,5194,60d5e67df1d7ba02ab79b3c57f5da3dc89a802a7d7d75691061d0d5dc3ed7409
02_MASTER_EVIDENCE_BASE/03_INVESTIGATIONS/02_EXPANDED_ARCHIVES/DEMOCRACY_INFLUENCE_COMPLETE_BUNDLE_2026-09-11/DEMOCRACY_INFLUENCE_COMPLETE_BUNDLE_2026-09-11/invchain/INV-111_RUN_CARD.md,2580,9a5f5b38462384e5eb9837f36b257166c2a2a013b2af10977cc5870000649d60
02_MASTER_EVIDENCE_BASE/03_INVESTIGATIONS/02_EXPANDED_ARCHIVES/DEMOCRACY_INFLUENCE_COMPLETE_BUNDLE_2026-09-11/DEMOCRACY_INFLUENCE_COMPLETE_BUNDLE_2026-09-11/invchain/INV-111_RUN_HANDOFF.md,2859,6926d8a7bcb0b0bf7a9e9cb0e3d5fddc9398118c98b949d58cd7b9f47fff8f7a
02_MASTER_EVIDENCE_BASE/03_INVESTIGATIONS/02_EXPANDED_ARCHIVES/DEMOCRACY_INFLUENCE_COMPLETE_BUNDLE_2026-09-11/DEMOCRACY_INFLUENCE_COMPLETE_BUNDLE_2026-09-11/invchain/INV-112_NARRATIVE_SOURCE.md,6156,3366ca6d64f20faf9c45a757f716aa9b205c9664a4c07d62c6eb020cf60ffb5b
02_MASTER_EVIDENCE_BASE/03_INVESTIGATIONS/02_EXPANDED_ARCHIVES/DEMOCRACY_INFLUENCE_COMPLETE_BUNDLE_2026-09-11/DEMOCRACY_INFLUENCE_COMPLETE_BUNDLE_2026-09-11/invchain/INV-112_RUN_CARD.md,2551,3e95b685bfb872649d79d11cd692b71544d5a55be72bfab37e71ae04bbc16881
02_MASTER_EVIDENCE_BASE/03_INVESTIGATIONS/02_EXPANDED_ARCHIVES/DEMOCRACY_INFLUENCE_COMPLETE_BUNDLE_2026-09-11/DEMOCRACY_INFLUENCE_COMPLETE_BUNDLE_2026-09-11/invchain/INV-112_RUN_HANDOFF.md,3030,3e8783729ce6d1e63330a509cdf26043a1efcfe5110e2628085218e6a1190e3e
02_MASTER_EVIDENCE_BASE/03_INVESTIGATIONS/02_EXPANDED_ARCHIVES/DEMOCRACY_INFLUENCE_COMPLETE_BUNDLE_2026-09-11/DEMOCRACY_INFLUENCE_COMPLETE_BUNDLE_2026-09-11/invchain/INV-120_CENTRAL_DELTA.md,788,7623af84c925832422eb67b006f6330fc3a0e9c447ffa4dbbcb68d33d671eea8
02_MASTER_EVIDENCE_BASE/03_INVESTIGATIONS/02_EXPANDED_ARCHIVES/DEMOCRACY_INFLUENCE_COMPLETE_BUNDLE_2026-09-11/DEMOCRACY_INFLUENCE_COMPLETE_BUNDLE_2026-09-11/invchain/INV-120_NARRATIVE_SOURCE.md,3644,aeb8243a0fdb8d850d98ebc8335bc66f75e0620bc3ce5db4893fdf39409342c4
02_MASTER_EVIDENCE_BASE/03_INVESTIGATIONS/02_EXPANDED_ARCHIVES/DEMOCRACY_INFLUENCE_COMPLETE_BUNDLE_2026-09-11/DEMOCRACY_INFLUENCE_COMPLETE_BUNDLE_2026-09-11/invchain/INV-120_RUN_CARD.md,2607,de7edb674283f26c4a8010e0b44a482bb763f32de73275910fc028d810de6bb8
02_MASTER_EVIDENCE_BASE/03_INVESTIGATIONS/02_EXPANDED_ARCHIVES/DEMOCRACY_INFLUENCE_COMPLETE_BUNDLE_2026-09-11/DEMOCRACY_INFLUENCE_COMPLETE_BUNDLE_2026-09-11/invchain/INV-120_RUN_HANDOFF.md,3335,cbf2277dd041b749c75d2f3d5425d561ef73f19db3ae1f31f08603abaa509b60
02_MASTER_EVIDENCE_BASE/03_INVESTIGATIONS/02_EXPANDED_ARCHIVES/DEMOCRACY_INFLUENCE_COMPLETE_BUNDLE_2026-09-11/DEMOCRACY_INFLUENCE_COMPLETE_BUNDLE_2026-09-11/invchain/INV-121_CENTRAL_DELTA.md,761,7c64f22ae71f0862309259be3d9152f6079c6c05f1e984294df03ecd041cdc94
02_MASTER_EVIDENCE_BASE/03_INVESTIGATIONS/02_EXPANDED_ARCHIVES/DEMOCRACY_INFLUENCE_COMPLETE_BUNDLE_2026-09-11/DEMOCRACY_INFLUENCE_COMPLETE_BUNDLE_2026-09-11/invchain/INV-121_NARRATIVE_SOURCE.md,3395,c98facd261058f56b8526c5257384f62dd18836dab2a486eda9e6f883bbb925b
02_MASTER_EVIDENCE_BASE/03_INVESTIGATIONS/02_EXPANDED_ARCHIVES/DEMOCRACY_INFLUENCE_COMPLETE_BUNDLE_2026-09-11/DEMOCRACY_INFLUENCE_COMPLETE_BUNDLE_2026-09-11/invchain/INV-121_RUN_CARD.md,2547,9e67ff9dfc33e4e83b59c682b24d7608d184e3e72fe7127dbeee289401e27df3
02_MASTER_EVIDENCE_BASE/03_INVESTIGATIONS/02_EXPANDED_ARCHIVES/DEMOCRACY_INFLUENCE_COMPLETE_BUNDLE_2026-09-11/DEMOCRACY_INFLUENCE_COMPLETE_BUNDLE_2026-09-11/invchain/INV-121_RUN_HANDOFF.md,3077,7637fed954f2368f4d929d866c4ab46741e5f79ab5c1b91f0c2019130f6781d4
02_MASTER_EVIDENCE_BASE/03_INVESTIGATIONS/02_EXPANDED_ARCHIVES/DEMOCRACY_INFLUENCE_COMPLETE_BUNDLE_2026-09-11/DEMOCRACY_INFLUENCE_COMPLETE_BUNDLE_2026-09-11/invchain/INV-122_CENTRAL_DELTA.md,589,3855bf3f0de085e10ec0156acef680eb84a072901e3a70e7cece0c7bccca3ee3
02_MASTER_EVIDENCE_BASE/03_INVESTIGATIONS/02_EXPANDED_ARCHIVES/DEMOCRACY_INFLUENCE_COMPLETE_BUNDLE_2026-09-11/DEMOCRACY_INFLUENCE_COMPLETE_BUNDLE_2026-09-11/invchain/INV-122_CERTIFICATION.json,597,e92461595224b0fb2ae92515f03084a9427a1a13ecd3e793c8e6052be40c7d0b
02_MASTER_EVIDENCE_BASE/03_INVESTIGATIONS/02_EXPANDED_ARCHIVES/DEMOCRACY_INFLUENCE_COMPLETE_BUNDLE_2026-09-11/DEMOCRACY_INFLUENCE_COMPLETE_BUNDLE_2026-09-11/invchain/INV-122_NARRATIVE_SOURCE.md,4941,d59f2049c06ad14f49dd2228e18b50b79d47ecc72ae63e5a36015cb487d34fd9
02_MASTER_EVIDENCE_BASE/03_INVESTIGATIONS/02_EXPANDED_ARCHIVES/DEMOCRACY_INFLUENCE_COMPLETE_BUNDLE_2026-09-11/DEMOCRACY_INFLUENCE_COMPLETE_BUNDLE_2026-09-11/invchain/INV-122_RUN_CARD.md,2678,7c7661e7458e6601630eaf08d9b0bd2e69275af4015615698916ceb592162917
02_MASTER_EVIDENCE_BASE/03_INVESTIGATIONS/02_EXPANDED_ARCHIVES/DEMOCRACY_INFLUENCE_COMPLETE_BUNDLE_2026-09-11/DEMOCRACY_INFLUENCE_COMPLETE_BUNDLE_2026-09-11/invchain/INV-122_RUN_HANDOFF.md,3016,6a087d28dfa41f6466bca744740ccb43a336630e93fa132bf767f89fb7b21468
02_MASTER_EVIDENCE_BASE/03_INVESTIGATIONS/02_EXPANDED_ARCHIVES/DEMOCRACY_INFLUENCE_COMPLETE_BUNDLE_2026-09-11/DEMOCRACY_INFLUENCE_COMPLETE_BUNDLE_2026-09-11/invchain/INV-129_RUN_HANDOFF.example.md,1828,6bfa2b21689ae3483b128bcc797f0e27c1bd4f9b4a8762c9b53cbdf906d57835
02_MASTER_EVIDENCE_BASE/03_INVESTIGATIONS/02_EXPANDED_ARCHIVES/DEMOCRACY_INFLUENCE_COMPLETE_BUNDLE_2026-09-11/DEMOCRACY_INFLUENCE_COMPLETE_BUNDLE_2026-09-11/invchain/INV-129_RUN_HANDOFF.md,1828,6bfa2b21689ae3483b128bcc797f0e27c1bd4f9b4a8762c9b53cbdf906d57835
02_MASTER_EVIDENCE_BASE/03_INVESTIGATIONS/02_EXPANDED_ARCHIVES/DEMOCRACY_INFLUENCE_COMPLETE_BUNDLE_2026-09-11/DEMOCRACY_INFLUENCE_COMPLETE_BUNDLE_2026-09-11/invchain/INV-130_RUN_HANDOFF.md,5034,3c8bff38c670b740e936bb8fe8813ca69160f2ce6c0f9330dc8245e838ec9b80
02_MASTER_EVIDENCE_BASE/03_INVESTIGATIONS/02_EXPANDED_ARCHIVES/DEMOCRACY_INFLUENCE_COMPLETE_BUNDLE_2026-09-11/DEMOCRACY_INFLUENCE_COMPLETE_BUNDLE_2026-09-11/invchain/INV-131_RUN_HANDOFF.md,4924,cb41fa76b99a2e8a0b743c02a5600112b07079b3ea78bf151e34a6dad1aa0b62
02_MASTER_EVIDENCE_BASE/03_INVESTIGATIONS/02_EXPANDED_ARCHIVES/DEMOCRACY_INFLUENCE_COMPLETE_BUNDLE_2026-09-11/DEMOCRACY_INFLUENCE_COMPLETE_BUNDLE_2026-09-11/invchain/INV-133_RUN_HANDOFF.md,2548,cae23632efed1c4fd32be2026b69767812a11c666d470676e06c385e993ecea5
02_MASTER_EVIDENCE_BASE/03_INVESTIGATIONS/02_EXPANDED_ARCHIVES/DEMOCRACY_INFLUENCE_COMPLETE_BUNDLE_2026-09-11/DEMOCRACY_INFLUENCE_COMPLETE_BUNDLE_2026-09-11/invchain/INV-133_SYNTHESIS.md,13195,548453768fca7f36828d2415fb51cd13492e25906a715f8ade2b81f0a7545ed3
02_MASTER_EVIDENCE_BASE/03_INVESTIGATIONS/02_EXPANDED_ARCHIVES/DEMOCRACY_INFLUENCE_COMPLETE_BUNDLE_2026-09-11/DEMOCRACY_INFLUENCE_COMPLETE_BUNDLE_2026-09-11/invchain/INV-133_SYNTHESIS_CARD.md,3440,26800175d79c5d67765a63b68037e6c29f2de046749374e133f829300a320e4f
02_MASTER_EVIDENCE_BASE/03_INVESTIGATIONS/02_EXPANDED_ARCHIVES/DEMOCRACY_INFLUENCE_COMPLETE_BUNDLE_2026-09-11/DEMOCRACY_INFLUENCE_COMPLETE_BUNDLE_2026-09-11/invchain/INV-133_SYNTHESIS_CERTIFICATION.json,2716,81af4e35c530d4d78156345763823a9f5b222807ab96247cb62d4da4cd46b6f1
02_MASTER_EVIDENCE_BASE/03_INVESTIGATIONS/02_EXPANDED_ARCHIVES/DEMOCRACY_INFLUENCE_COMPLETE_BUNDLE_2026-09-11/DEMOCRACY_INFLUENCE_COMPLETE_BUNDLE_2026-09-11/invchain/INV-144_RUN_HANDOFF.md,1606,6c1e8e83c1a8962ac7a54f7f9f7c45bf7ccf54adf146a7e418d338f10ec78c41
02_MASTER_EVIDENCE_BASE/03_INVESTIGATIONS/02_EXPANDED_ARCHIVES/DEMOCRACY_INFLUENCE_COMPLETE_BUNDLE_2026-09-11/DEMOCRACY_INFLUENCE_COMPLETE_BUNDLE_2026-09-11/invchain/INV-144_SYNTHESIS.md,10094,61bae983b3aa9d09aded345166d9a1edced884fe4a2c379468c916f8af01c9f0
02_MASTER_EVIDENCE_BASE/03_INVESTIGATIONS/02_EXPANDED_ARCHIVES/DEMOCRACY_INFLUENCE_COMPLETE_BUNDLE_2026-09-11/DEMOCRACY_INFLUENCE_COMPLETE_BUNDLE_2026-09-11/invchain/INV-146_RUN_HANDOFF.example.md,3425,fa9d75722e36f42fe74febe2f06f0f7144143a601fb45873115230f9ff6d4889
02_MASTER_EVIDENCE_BASE/03_INVESTIGATIONS/02_EXPANDED_ARCHIVES/DEMOCRACY_INFLUENCE_COMPLETE_BUNDLE_2026-09-11/DEMOCRACY_INFLUENCE_COMPLETE_BUNDLE_2026-09-11/invchain/INV-146_RUN_HANDOFF.md,3425,fa9d75722e36f42fe74febe2f06f0f7144143a601fb45873115230f9ff6d4889
02_MASTER_EVIDENCE_BASE/03_INVESTIGATIONS/02_EXPANDED_ARCHIVES/DEMOCRACY_INFLUENCE_COMPLETE_BUNDLE_2026-09-11/DEMOCRACY_INFLUENCE_COMPLETE_BUNDLE_2026-09-11/invchain/INV-147_CERTIFICATION.json,591,691bfa196db7189d13d4225471d03b41c764678f848e55e223d0c80ff042affe
02_MASTER_EVIDENCE_BASE/03_INVESTIGATIONS/02_EXPANDED_ARCHIVES/DEMOCRACY_INFLUENCE_COMPLETE_BUNDLE_2026-09-11/DEMOCRACY_INFLUENCE_COMPLETE_BUNDLE_2026-09-11/invchain/INV-147_DELIVERY_GATE.json,590,153bcd27084eda824964d0d29ad739da9966c839043d86f0829aaca6fcdcc0d4
02_MASTER_EVIDENCE_BASE/03_INVESTIGATIONS/02_EXPANDED_ARCHIVES/DEMOCRACY_INFLUENCE_COMPLETE_BUNDLE_2026-09-11/DEMOCRACY_INFLUENCE_COMPLETE_BUNDLE_2026-09-11/invchain/INV-147_PRE_GATE.json,585,7ab9c14e7ef21089f2808bc14cd0d1d6d41bff55e9edfd668f75713ddca6f709
02_MASTER_EVIDENCE_BASE/03_INVESTIGATIONS/02_EXPANDED_ARCHIVES/DEMOCRACY_INFLUENCE_COMPLETE_BUNDLE_2026-09-11/DEMOCRACY_INFLUENCE_COMPLETE_BUNDLE_2026-09-11/invchain/INV-147_RUN_STATE.json,54075,6ecab0a8377a702d1fbebc6f811ead443b68637f43bd9885c858b910cab677e2
02_MASTER_EVIDENCE_BASE/03_INVESTIGATIONS/02_EXPANDED_ARCHIVES/DEMOCRACY_INFLUENCE_COMPLETE_BUNDLE_2026-09-11/DEMOCRACY_INFLUENCE_COMPLETE_BUNDLE_2026-09-11/invchain/INVESTIGATION_ORCHESTRATOR.md,10160,2fe58f0ddfe8552576736520218a9fe7fd77cd39960a4172a3b74ba48366bb14
02_MASTER_EVIDENCE_BASE/03_INVESTIGATIONS/02_EXPANDED_ARCHIVES/DEMOCRACY_INFLUENCE_COMPLETE_BUNDLE_2026-09-11/DEMOCRACY_INFLUENCE_COMPLETE_BUNDLE_2026-09-11/invchain/INVESTIGATION_REGISTRY.csv,192299,165a29d3748c625c263fb16c433fcf2cdd8202db5edcfc31f8de6cb92cf2fb89
02_MASTER_EVIDENCE_BASE/03_INVESTIGATIONS/02_EXPANDED_ARCHIVES/DEMOCRACY_INFLUENCE_COMPLETE_BUNDLE_2026-09-11/DEMOCRACY_INFLUENCE_COMPLETE_BUNDLE_2026-09-11/invchain/INVESTIGATION_REGISTRY.pre_dependency_review_052_104.csv,192037,be54feaf34ee96206210aebd05c4587e7ecb0616289ebcf6d043e701b8a9b2ab
02_MASTER_EVIDENCE_BASE/03_INVESTIGATIONS/02_EXPANDED_ARCHIVES/DEMOCRACY_INFLUENCE_COMPLETE_BUNDLE_2026-09-11/DEMOCRACY_INFLUENCE_COMPLETE_BUNDLE_2026-09-11/invchain/INVESTIGATION_REGISTRY.pre_inv015_launch.csv,192408,ae5417c04a99c9a03fcffbb48ce525c0317e06551d9f5fbe8492732970389bb2
02_MASTER_EVIDENCE_BASE/03_INVESTIGATIONS/02_EXPANDED_ARCHIVES/DEMOCRACY_INFLUENCE_COMPLETE_BUNDLE_2026-09-11/DEMOCRACY_INFLUENCE_COMPLETE_BUNDLE_2026-09-11/invchain/INVESTIGATION_REGISTRY.pre_inv016_launch.csv,191652,037aa5ee141a1fec3a825aee86d544f1639977cd027c964ae4378d57783b415a
02_MASTER_EVIDENCE_BASE/03_INVESTIGATIONS/02_EXPANDED_ARCHIVES/DEMOCRACY_INFLUENCE_COMPLETE_BUNDLE_2026-09-11/DEMOCRACY_INFLUENCE_COMPLETE_BUNDLE_2026-09-11/invchain/INVESTIGATION_REGISTRY.pre_inv038_select.csv,191969,8bcfea97750b2e37f650099094a825515c9b3f9fd33440740757ca1c51e6645e
02_MASTER_EVIDENCE_BASE/03_INVESTIGATIONS/02_EXPANDED_ARCHIVES/DEMOCRACY_INFLUENCE_COMPLETE_BUNDLE_2026-09-11/DEMOCRACY_INFLUENCE_COMPLETE_BUNDLE_2026-09-11/invchain/INVESTIGATION_REGISTRY.pre_inv040_close.csv,191887,a8445e15abd58ae9438aff24497b394c37d5753edda753e571b35f1c48cf6244
02_MASTER_EVIDENCE_BASE/03_INVESTIGATIONS/02_EXPANDED_ARCHIVES/DEMOCRACY_INFLUENCE_COMPLETE_BUNDLE_2026-09-11/DEMOCRACY_INFLUENCE_COMPLETE_BUNDLE_2026-09-11/invchain/INVESTIGATION_REGISTRY.pre_inv046_launch.csv,192782,299bd19afa3e336d4b955d60e1a5d5c599905d686d52b62dccd9013d4452fe9d
02_MASTER_EVIDENCE_BASE/03_INVESTIGATIONS/02_EXPANDED_ARCHIVES/DEMOCRACY_INFLUENCE_COMPLETE_BUNDLE_2026-09-11/DEMOCRACY_INFLUENCE_COMPLETE_BUNDLE_2026-09-11/invchain/INVESTIGATION_REGISTRY.pre_inv051_launch.csv,192571,ef401b7ffb3d4a09ecaa1a15585ebe6ff7dc0d56f9eb51b6040d4dbba42b78d3
02_MASTER_EVIDENCE_BASE/03_INVESTIGATIONS/02_EXPANDED_ARCHIVES/DEMOCRACY_INFLUENCE_COMPLETE_BUNDLE_2026-09-11/DEMOCRACY_INFLUENCE_COMPLETE_BUNDLE_2026-09-11/invchain/INVESTIGATION_REGISTRY.pre_inv053_launch.csv,191896,0ffe14cc8cbfe927ebfcbad4034c1681e1732e0a73aea81a3a021d6199813649
02_MASTER_EVIDENCE_BASE/03_INVESTIGATIONS/02_EXPANDED_ARCHIVES/DEMOCRACY_INFLUENCE_COMPLETE_BUNDLE_2026-09-11/DEMOCRACY_INFLUENCE_COMPLETE_BUNDLE_2026-09-11/invchain/INVESTIGATION_REGISTRY.pre_inv075_launch.csv,192319,2b19059dc679ec3ecc53388a1f72b8ccd03b1f7874ddb63841fc8abe3488b34b
02_MASTER_EVIDENCE_BASE/03_INVESTIGATIONS/02_EXPANDED_ARCHIVES/DEMOCRACY_INFLUENCE_COMPLETE_BUNDLE_2026-09-11/DEMOCRACY_INFLUENCE_COMPLETE_BUNDLE_2026-09-11/invchain/INVESTIGATION_REGISTRY.pre_inv111_launch.csv,191982,1786609cdc409b7c1f97513d4f66440c1aac720bed086613c15448ae9b0d23a2
02_MASTER_EVIDENCE_BASE/03_INVESTIGATIONS/02_EXPANDED_ARCHIVES/DEMOCRACY_INFLUENCE_COMPLETE_BUNDLE_2026-09-11/DEMOCRACY_INFLUENCE_COMPLETE_BUNDLE_2026-09-11/invchain/INVESTIGATION_REGISTRY.pre_inv112_launch.csv,192494,fa8fcb77438b4d7f766bab1c5ab55b314400211854807d8948b2c074bbae7e7c
02_MASTER_EVIDENCE_BASE/03_INVESTIGATIONS/02_EXPANDED_ARCHIVES/DEMOCRACY_INFLUENCE_COMPLETE_BUNDLE_2026-09-11/DEMOCRACY_INFLUENCE_COMPLETE_BUNDLE_2026-09-11/invchain/INVESTIGATION_REGISTRY.pre_inv120_launch.csv,192157,0bceb21f429043242b105cda8080845e345c749993f4b7289dca91b4cffdd4e2
02_MASTER_EVIDENCE_BASE/03_INVESTIGATIONS/02_EXPANDED_ARCHIVES/DEMOCRACY_INFLUENCE_COMPLETE_BUNDLE_2026-09-11/DEMOCRACY_INFLUENCE_COMPLETE_BUNDLE_2026-09-11/invchain/INVESTIGATION_REGISTRY.pre_inv121_launch.csv,192084,31fbb09f8b73525d3b0ce45ec9af206ad8d0b7a8a45f70ec19858da21e11533e
02_MASTER_EVIDENCE_BASE/03_INVESTIGATIONS/02_EXPANDED_ARCHIVES/DEMOCRACY_INFLUENCE_COMPLETE_BUNDLE_2026-09-11/DEMOCRACY_INFLUENCE_COMPLETE_BUNDLE_2026-09-11/invchain/INVESTIGATION_REGISTRY.pre_inv122_launch.csv,192235,f71b960cb7476c3dfca06a9df826de088938b1c7c4f356ef1b400ab37a3d1007
02_MASTER_EVIDENCE_BASE/03_INVESTIGATIONS/02_EXPANDED_ARCHIVES/DEMOCRACY_INFLUENCE_COMPLETE_BUNDLE_2026-09-11/DEMOCRACY_INFLUENCE_COMPLETE_BUNDLE_2026-09-11/invchain/INVESTIGATION_REGISTRY.pre_inv133_close.csv,192202,d684e7cd86572c6785a052828729216a0a6d87928345ea5f294a2643acb7e33c
02_MASTER_EVIDENCE_BASE/03_INVESTIGATIONS/02_EXPANDED_ARCHIVES/DEMOCRACY_INFLUENCE_COMPLETE_BUNDLE_2026-09-11/DEMOCRACY_INFLUENCE_COMPLETE_BUNDLE_2026-09-11/invchain/INVESTIGATION_REGISTRY.pre_sync_INV051.csv,192649,1a0df45e8af12986e5bb032dda9ec2bb3aa927589a11f2d6c5bca1a1d6597a87
02_MASTER_EVIDENCE_BASE/03_INVESTIGATIONS/02_EXPANDED_ARCHIVES/DEMOCRACY_INFLUENCE_COMPLETE_BUNDLE_2026-09-11/DEMOCRACY_INFLUENCE_COMPLETE_BUNDLE_2026-09-11/invchain/METHOD_PACK.md,10418,845ce64c23f1ad4184dc1cb016b90bf694f56dc65df16d36d26085d07201439d
02_MASTER_EVIDENCE_BASE/03_INVESTIGATIONS/02_EXPANDED_ARCHIVES/DEMOCRACY_INFLUENCE_COMPLETE_BUNDLE_2026-09-11/DEMOCRACY_INFLUENCE_COMPLETE_BUNDLE_2026-09-11/invchain/PROGRAM_COMPLETION_2026-09-11.md,3175,2a8bb3d37165c959f734a1ef9a0be4837ba1ad42c4642ddd5e04f51b46b76645
02_MASTER_EVIDENCE_BASE/03_INVESTIGATIONS/02_EXPANDED_ARCHIVES/DEMOCRACY_INFLUENCE_COMPLETE_BUNDLE_2026-09-11/DEMOCRACY_INFLUENCE_COMPLETE_BUNDLE_2026-09-11/invchain/RECLASSIFICATION_2026-09-10_POST_INV046_CORE_MISSION_V2_DELTA_R1.md,1403,f10b40592929007300da6e8783cb6e52f758862bcfeee82f3e45d25fb0e0cecf
02_MASTER_EVIDENCE_BASE/03_INVESTIGATIONS/02_EXPANDED_ARCHIVES/DEMOCRACY_INFLUENCE_COMPLETE_BUNDLE_2026-09-11/DEMOCRACY_INFLUENCE_COMPLETE_BUNDLE_2026-09-11/invchain/RECLASSIFICATION_2026-09-10_POST_INV131_CORE_MISSION_V2_DELTA_R1.md,2059,11743bb6b0d1069ab2a49ae901b97d7efa3e5d08fdcfd0222ef19a0dc85bf7f6
02_MASTER_EVIDENCE_BASE/03_INVESTIGATIONS/02_EXPANDED_ARCHIVES/DEMOCRACY_INFLUENCE_COMPLETE_BUNDLE_2026-09-11/DEMOCRACY_INFLUENCE_COMPLETE_BUNDLE_2026-09-11/invchain/RECLASSIFICATION_2026-09-10_POST_INV131_CORE_MISSION_V2_FULLPOOL_R1.md,8651,bfecc214dd53024a5baa592f4d00cd30d0eab8d5af9ef06069331bb21ff7fd48
02_MASTER_EVIDENCE_BASE/03_INVESTIGATIONS/02_EXPANDED_ARCHIVES/DEMOCRACY_INFLUENCE_COMPLETE_BUNDLE_2026-09-11/DEMOCRACY_INFLUENCE_COMPLETE_BUNDLE_2026-09-11/invchain/RECLASSIFICATION_2026-09-10_POST_INV132_CORE_MISSION_V2_DELTA_R1.md,2160,424245d8aaef6a9885af296dd79e4e5883ef86400ee586dd244d5301ddc9232b
02_MASTER_EVIDENCE_BASE/03_INVESTIGATIONS/02_EXPANDED_ARCHIVES/DEMOCRACY_INFLUENCE_COMPLETE_BUNDLE_2026-09-11/DEMOCRACY_INFLUENCE_COMPLETE_BUNDLE_2026-09-11/invchain/RECLASSIFICATION_2026-09-10_POST_INV147_CORE_MISSION_V2_DELTA_R1.md,7465,bd1dbdea069f9779cc874c5223f2e0d366eaf7c0c40c1836b55ed56cd6840eff
02_MASTER_EVIDENCE_BASE/03_INVESTIGATIONS/02_EXPANDED_ARCHIVES/DEMOCRACY_INFLUENCE_COMPLETE_BUNDLE_2026-09-11/DEMOCRACY_INFLUENCE_COMPLETE_BUNDLE_2026-09-11/invchain/RECLASSIFICATION_2026-09-11_POST_DEPENDENCY_REVIEW_SYNTHESIS_SELECTION_INV052_R1.md,740,4c02d280c25059d8f065d029ea026536c96946c8097c5f91cab5c5d687bba2e8
02_MASTER_EVIDENCE_BASE/03_INVESTIGATIONS/02_EXPANDED_ARCHIVES/DEMOCRACY_INFLUENCE_COMPLETE_BUNDLE_2026-09-11/DEMOCRACY_INFLUENCE_COMPLETE_BUNDLE_2026-09-11/invchain/RECLASSIFICATION_2026-09-11_POST_INV015_CORE_MISSION_V2_DELTA_R1.md,1403,9e8217d25ed15d8f2cd64dc403757e786797ff895712f7499b5123cf69bd63f1
02_MASTER_EVIDENCE_BASE/03_INVESTIGATIONS/02_EXPANDED_ARCHIVES/DEMOCRACY_INFLUENCE_COMPLETE_BUNDLE_2026-09-11/DEMOCRACY_INFLUENCE_COMPLETE_BUNDLE_2026-09-11/invchain/RECLASSIFICATION_2026-09-11_POST_INV016_PRIMARY_EXHAUSTED_SYNTHESIS_R1.md,1962,9405be572be109ffe6d85c683330f9cfd76117cc8a020b483b4acafa9d625b95
02_MASTER_EVIDENCE_BASE/03_INVESTIGATIONS/02_EXPANDED_ARCHIVES/DEMOCRACY_INFLUENCE_COMPLETE_BUNDLE_2026-09-11/DEMOCRACY_INFLUENCE_COMPLETE_BUNDLE_2026-09-11/invchain/RECLASSIFICATION_2026-09-11_POST_INV029_CORE_MISSION_V2_DELTA_R1.md,1403,9fb0d94d0cad722b0f18d75a6b85d5cd06414e74a43944e9d112506553f1145f
02_MASTER_EVIDENCE_BASE/03_INVESTIGATIONS/02_EXPANDED_ARCHIVES/DEMOCRACY_INFLUENCE_COMPLETE_BUNDLE_2026-09-11/DEMOCRACY_INFLUENCE_COMPLETE_BUNDLE_2026-09-11/invchain/RECLASSIFICATION_2026-09-11_POST_INV037_CORE_MISSION_V2_DELTA_R1.md,1403,1c9d48e4e35c64609c9fbebe47e99c92b528e35fe7c7747b24a6596a375359fb
02_MASTER_EVIDENCE_BASE/03_INVESTIGATIONS/02_EXPANDED_ARCHIVES/DEMOCRACY_INFLUENCE_COMPLETE_BUNDLE_2026-09-11/DEMOCRACY_INFLUENCE_COMPLETE_BUNDLE_2026-09-11/invchain/RECLASSIFICATION_2026-09-11_POST_INV038_SYNTHESIS_SELECTION_R1.md,901,67a01751338866d96c8934e8c43ca6cc55a107792e5d608f931c784d55ceab6b
02_MASTER_EVIDENCE_BASE/03_INVESTIGATIONS/02_EXPANDED_ARCHIVES/DEMOCRACY_INFLUENCE_COMPLETE_BUNDLE_2026-09-11/DEMOCRACY_INFLUENCE_COMPLETE_BUNDLE_2026-09-11/invchain/RECLASSIFICATION_2026-09-11_POST_INV040_SYNTHESIS_SELECTION_R1.md,0,e3b0c44298fc1c149afbf4c8996fb92427ae41e4649b934ca495991b7852b855
02_MASTER_EVIDENCE_BASE/03_INVESTIGATIONS/02_EXPANDED_ARCHIVES/DEMOCRACY_INFLUENCE_COMPLETE_BUNDLE_2026-09-11/DEMOCRACY_INFLUENCE_COMPLETE_BUNDLE_2026-09-11/invchain/RECLASSIFICATION_2026-09-11_POST_INV051_CORE_MISSION_V2_DELTA_R1.md,1403,8eb70a0e77c5245f6282e5d3ec829b0ad52b388838bbd4d34f12a9f06dd0acbd
02_MASTER_EVIDENCE_BASE/03_INVESTIGATIONS/02_EXPANDED_ARCHIVES/DEMOCRACY_INFLUENCE_COMPLETE_BUNDLE_2026-09-11/DEMOCRACY_INFLUENCE_COMPLETE_BUNDLE_2026-09-11/invchain/RECLASSIFICATION_2026-09-11_POST_INV052_SYNTHESIS_SELECTION_INV104_R1.md,759,f522830b8e49dabff1d656bf2b52e7fcdf6c50caef35297e5549e2958493fc77
02_MASTER_EVIDENCE_BASE/03_INVESTIGATIONS/02_EXPANDED_ARCHIVES/DEMOCRACY_INFLUENCE_COMPLETE_BUNDLE_2026-09-11/DEMOCRACY_INFLUENCE_COMPLETE_BUNDLE_2026-09-11/invchain/RECLASSIFICATION_2026-09-11_POST_INV053_CORE_MISSION_V2_DELTA_R1.md,1398,b639c5dc444acd391923dd4a70324ec2be56eefff0d07d41a17da11f0ab817a5
02_MASTER_EVIDENCE_BASE/03_INVESTIGATIONS/02_EXPANDED_ARCHIVES/DEMOCRACY_INFLUENCE_COMPLETE_BUNDLE_2026-09-11/DEMOCRACY_INFLUENCE_COMPLETE_BUNDLE_2026-09-11/invchain/RECLASSIFICATION_2026-09-11_POST_INV075_CORE_MISSION_V2_DELTA_R1.md,1403,140a19e5f0601f5d532a423fcbd78ad0b492082962c5c270180ddebc7f504eff
02_MASTER_EVIDENCE_BASE/03_INVESTIGATIONS/02_EXPANDED_ARCHIVES/DEMOCRACY_INFLUENCE_COMPLETE_BUNDLE_2026-09-11/DEMOCRACY_INFLUENCE_COMPLETE_BUNDLE_2026-09-11/invchain/RECLASSIFICATION_2026-09-11_POST_INV111_CORE_MISSION_V2_DELTA_R1.md,1403,17e96965a0a8fa568daeec0dfb782cdfb5b64bc83ea56ca063541101deb0f861
02_MASTER_EVIDENCE_BASE/03_INVESTIGATIONS/02_EXPANDED_ARCHIVES/DEMOCRACY_INFLUENCE_COMPLETE_BUNDLE_2026-09-11/DEMOCRACY_INFLUENCE_COMPLETE_BUNDLE_2026-09-11/invchain/RECLASSIFICATION_2026-09-11_POST_INV112_CORE_MISSION_V2_DELTA_R1.md,1403,5780465c39b79f300909431be889c792aecbce2feafcb886248b54eeb667109c
02_MASTER_EVIDENCE_BASE/03_INVESTIGATIONS/02_EXPANDED_ARCHIVES/DEMOCRACY_INFLUENCE_COMPLETE_BUNDLE_2026-09-11/DEMOCRACY_INFLUENCE_COMPLETE_BUNDLE_2026-09-11/invchain/RECLASSIFICATION_2026-09-11_POST_INV120_CORE_MISSION_V2_DELTA_R1.md,1403,dfef42828af368bb611b638af4ae8b1e5bb144bba2ed768b735d91dd6018a5d1
02_MASTER_EVIDENCE_BASE/03_INVESTIGATIONS/02_EXPANDED_ARCHIVES/DEMOCRACY_INFLUENCE_COMPLETE_BUNDLE_2026-09-11/DEMOCRACY_INFLUENCE_COMPLETE_BUNDLE_2026-09-11/invchain/RECLASSIFICATION_2026-09-11_POST_INV121_CORE_MISSION_V2_DELTA_R1.md,1403,755a55435238661c78bd48771667ad4a6cd2aaca59c9c4b73b98e2437a9f2706
02_MASTER_EVIDENCE_BASE/03_INVESTIGATIONS/02_EXPANDED_ARCHIVES/DEMOCRACY_INFLUENCE_COMPLETE_BUNDLE_2026-09-11/DEMOCRACY_INFLUENCE_COMPLETE_BUNDLE_2026-09-11/invchain/RECLASSIFICATION_2026-09-11_POST_INV122_CORE_MISSION_V2_DELTA_R1.md,1403,d0ce5391e5dbc0532939ca390477d9a19e635f295a24ef150ba42d221d84dacb
02_MASTER_EVIDENCE_BASE/03_INVESTIGATIONS/02_EXPANDED_ARCHIVES/DEMOCRACY_INFLUENCE_COMPLETE_BUNDLE_2026-09-11/DEMOCRACY_INFLUENCE_COMPLETE_BUNDLE_2026-09-11/invchain/RECLASSIFICATION_2026-09-11_PRE_INV053_RECOVERY_FULLPOOL_R1.md,3497,b399022546cda4132e7b4bc18f841c606ef033b4b2ef6f00fa179cb0fd164ccb
02_MASTER_EVIDENCE_BASE/03_INVESTIGATIONS/02_EXPANDED_ARCHIVES/DEMOCRACY_INFLUENCE_COMPLETE_BUNDLE_2026-09-11/DEMOCRACY_INFLUENCE_COMPLETE_BUNDLE_2026-09-11/invchain/RECLASSIFICATION_2026-09-11_TERMINAL_SYNTHESIS_SELECTION_INV133_R1.md,785,19cebb2272dce1fc1e922f12ac74cfb4e6934eab3de487856e15e042daa9611c
02_MASTER_EVIDENCE_BASE/03_INVESTIGATIONS/02_EXPANDED_ARCHIVES/DEMOCRACY_INFLUENCE_COMPLETE_BUNDLE_2026-09-11/DEMOCRACY_INFLUENCE_COMPLETE_BUNDLE_2026-09-11/invchain/TRACELOG.md,119842,3724b81be595fce24ecf555304c8d3fd87baf7a7185cba2dd710010006f782d9
02_MASTER_EVIDENCE_BASE/03_INVESTIGATIONS/02_EXPANDED_ARCHIVES/DEMOCRACY_INFLUENCE_COMPLETE_BUNDLE_2026-09-11/DEMOCRACY_INFLUENCE_COMPLETE_BUNDLE_2026-09-11/invchain/TRACELOG.pre_sync_INV051.md,113002,59f301e622b02c5a311c65b3f61723724307a863a3234dcd48e03f504c51abbd
02_MASTER_EVIDENCE_BASE/03_INVESTIGATIONS/02_EXPANDED_ARCHIVES/DEMOCRACY_INFLUENCE_COMPLETE_BUNDLE_2026-09-11/DEMOCRACY_INFLUENCE_COMPLETE_BUNDLE_2026-09-11/invchain/TRUTH_ENGINE_2.10.6_R3P1_CANONICAL(1).zip,218204,d113e3bd1848805bc3dbf1485eb1107a5767ebe74efd0cf27b601e01db278d30
02_MASTER_EVIDENCE_BASE/03_INVESTIGATIONS/02_EXPANDED_ARCHIVES/DEMOCRACY_INFLUENCE_COMPLETE_BUNDLE_2026-09-11/DEMOCRACY_INFLUENCE_COMPLETE_BUNDLE_2026-09-11/invchain/_HISTORICAL_REFERENCES/ANALYTIC_POINT_2026-09-07.md,8513,7db61e2e27f9635e5a6a32fd1376fd12b059bb42d1b53e3bb485e292e4f4138b
02_MASTER_EVIDENCE_BASE/03_INVESTIGATIONS/02_EXPANDED_ARCHIVES/DEMOCRACY_INFLUENCE_COMPLETE_BUNDLE_2026-09-11/DEMOCRACY_INFLUENCE_COMPLETE_BUNDLE_2026-09-11/invchain/_HISTORICAL_REFERENCES/CLOSED_INVESTIGATIONS_INDEX_2026-09-07.csv,7093,f50501e0ccc54774b57b36d60a07e6828efb14012ec2ca9029e74232fd4af933
02_MASTER_EVIDENCE_BASE/03_INVESTIGATIONS/02_EXPANDED_ARCHIVES/DEMOCRACY_INFLUENCE_COMPLETE_BUNDLE_2026-09-11/DEMOCRACY_INFLUENCE_COMPLETE_BUNDLE_2026-09-11/invchain/_HISTORICAL_REFERENCES/CONTROL_PLANE_AUDIT_2026-09-07.md,3559,06fa1ef8a91cd5fdc72dc9bbb0acc8bfb7289b6ae1e5a648d509aca4010dc135
02_MASTER_EVIDENCE_BASE/03_INVESTIGATIONS/02_EXPANDED_ARCHIVES/DEMOCRACY_INFLUENCE_COMPLETE_BUNDLE_2026-09-11/DEMOCRACY_INFLUENCE_COMPLETE_BUNDLE_2026-09-11/invchain/_HISTORICAL_REFERENCES/PROGRAM_SNAPSHOT_2026-09-07.json,3253,54071fdd16c244a40e1684c375da4a7975ea6eae1b415bdb66b77cf7790507fb
02_MASTER_EVIDENCE_BASE/03_INVESTIGATIONS/02_EXPANDED_ARCHIVES/DEMOCRACY_INFLUENCE_COMPLETE_BUNDLE_2026-09-11/DEMOCRACY_INFLUENCE_COMPLETE_BUNDLE_2026-09-11/invchain/__pycache__/control.cpython-313.pyc,71357,6f49dd48773b7223fd23d6b4aefbd9009314cefba47254d0e660f6e9309bdc77
02_MASTER_EVIDENCE_BASE/03_INVESTIGATIONS/02_EXPANDED_ARCHIVES/DEMOCRACY_INFLUENCE_COMPLETE_BUNDLE_2026-09-11/DEMOCRACY_INFLUENCE_COMPLETE_BUNDLE_2026-09-11/invchain/build_inv016.py,30103,85f198cb7b62efb6d0caabf64e019a2d4341aad59b0d0663a6d2a69df0b239bc
02_MASTER_EVIDENCE_BASE/03_INVESTIGATIONS/02_EXPANDED_ARCHIVES/DEMOCRACY_INFLUENCE_COMPLETE_BUNDLE_2026-09-11/DEMOCRACY_INFLUENCE_COMPLETE_BUNDLE_2026-09-11/invchain/build_inv053_recovery.py,29275,223cfdfa75fffe46a83550536f73cd267cc43b72356122961cf8b467eccae046
02_MASTER_EVIDENCE_BASE/03_INVESTIGATIONS/02_EXPANDED_ARCHIVES/DEMOCRACY_INFLUENCE_COMPLETE_BUNDLE_2026-09-11/DEMOCRACY_INFLUENCE_COMPLETE_BUNDLE_2026-09-11/invchain/control.py,47450,bbc09cd04812baedd3c542adf5378d38ae3401fe03c46126574e0d8e7cd48c2d
02_MASTER_EVIDENCE_BASE/03_INVESTIGATIONS/02_EXPANDED_ARCHIVES/DEMOCRACY_INFLUENCE_COMPLETE_BUNDLE_2026-09-11/DEMOCRACY_INFLUENCE_COMPLETE_BUNDLE_2026-09-11/invchain/post_run.py,15281,2aa15c8450216976a7a3a1c6bde629eb2a027344b0003f71f937afbdbe9f9085
02_MASTER_EVIDENCE_BASE/03_INVESTIGATIONS/02_EXPANDED_ARCHIVES/DEMOCRACY_INFLUENCE_COMPLETE_BUNDLE_2026-09-11/DEMOCRACY_INFLUENCE_COMPLETE_BUNDLE_2026-09-11/invchain/runtime_batch.py,14761,87bf08a5fabe5bfd68ddf4180585d8bddb4e6a608c16f629b614f0ebb1f5c0a6
02_MASTER_EVIDENCE_BASE/03_INVESTIGATIONS/02_EXPANDED_ARCHIVES/DEMOCRACY_INFLUENCE_COMPLETE_BUNDLE_2026-09-11/DEMOCRACY_INFLUENCE_COMPLETE_BUNDLE_2026-09-11/invchain/te/truth-engine-v2_2.10.6-R3P1_CANONICAL/investigations/2026-09/2026-09-10_chat-control-eudi/2026-09-10_23-10_chat-control-eudi_CERTIFICATION.json,579,2e6147776acd2571311658a7e5edad45dab0597164435b3830ee86f03ce82eaa
02_MASTER_EVIDENCE_BASE/03_INVESTIGATIONS/02_EXPANDED_ARCHIVES/DEMOCRACY_INFLUENCE_COMPLETE_BUNDLE_2026-09-11/DEMOCRACY_INFLUENCE_COMPLETE_BUNDLE_2026-09-11/invchain/te016/truth-engine-v2_2.10.6-R3P1_CANONICAL/.gitignore,79,55d40310f620ea2b99b41ac7834b74d0627d99d79c2de97b1c62e6ffcc468d1a
02_MASTER_EVIDENCE_BASE/03_INVESTIGATIONS/02_EXPANDED_ARCHIVES/DEMOCRACY_INFLUENCE_COMPLETE_BUNDLE_2026-09-11/DEMOCRACY_INFLUENCE_COMPLETE_BUNDLE_2026-09-11/invchain/te016/truth-engine-v2_2.10.6-R3P1_CANONICAL/.pytest_cache/.gitignore,37,3ed731b65d06150c138e2dadb0be0697550888a6b47eb8c45ecc9adba8b8e9bd
02_MASTER_EVIDENCE_BASE/03_INVESTIGATIONS/02_EXPANDED_ARCHIVES/DEMOCRACY_INFLUENCE_COMPLETE_BUNDLE_2026-09-11/DEMOCRACY_INFLUENCE_COMPLETE_BUNDLE_2026-09-11/invchain/te016/truth-engine-v2_2.10.6-R3P1_CANONICAL/.pytest_cache/CACHEDIR.TAG,191,37dc88ef9a0abeddbe81053a6dd8fdfb13afb613045ea1eb4a5c815a74a3bde4
02_MASTER_EVIDENCE_BASE/03_INVESTIGATIONS/02_EXPANDED_ARCHIVES/DEMOCRACY_INFLUENCE_COMPLETE_BUNDLE_2026-09-11/DEMOCRACY_INFLUENCE_COMPLETE_BUNDLE_2026-09-11/invchain/te016/truth-engine-v2_2.10.6-R3P1_CANONICAL/.pytest_cache/README.md,302,73fd6fccdd802c419a6b2d983d6c3173b7da97558ac4b589edec2dfe443db9ad
02_MASTER_EVIDENCE_BASE/03_INVESTIGATIONS/02_EXPANDED_ARCHIVES/DEMOCRACY_INFLUENCE_COMPLETE_BUNDLE_2026-09-11/DEMOCRACY_INFLUENCE_COMPLETE_BUNDLE_2026-09-11/invchain/te016/truth-engine-v2_2.10.6-R3P1_CANONICAL/.pytest_cache/v/cache/nodeids,11831,02de5ee357e5e8d217b93f71e059413bd41192c123633b28a300c3261582b49b
02_MASTER_EVIDENCE_BASE/03_INVESTIGATIONS/02_EXPANDED_ARCHIVES/DEMOCRACY_INFLUENCE_COMPLETE_BUNDLE_2026-09-11/DEMOCRACY_INFLUENCE_COMPLETE_BUNDLE_2026-09-11/invchain/te016/truth-engine-v2_2.10.6-R3P1_CANONICAL/.verify/config.example.json,728,fc4ee1aa9b3b41ed831bd8622ffd6b78f0ffa742789d17c33396f48e8f456f4a
02_MASTER_EVIDENCE_BASE/03_INVESTIGATIONS/02_EXPANDED_ARCHIVES/DEMOCRACY_INFLUENCE_COMPLETE_BUNDLE_2026-09-11/DEMOCRACY_INFLUENCE_COMPLETE_BUNDLE_2026-09-11/invchain/te016/truth-engine-v2_2.10.6-R3P1_CANONICAL/.verify/config.json,2407,aa038bb5e9a6aa06d7cd2b6e3afa0c2dadedb3e6c4a694d5ba097fa163de10f6
02_MASTER_EVIDENCE_BASE/03_INVESTIGATIONS/02_EXPANDED_ARCHIVES/DEMOCRACY_INFLUENCE_COMPLETE_BUNDLE_2026-09-11/DEMOCRACY_INFLUENCE_COMPLETE_BUNDLE_2026-09-11/invchain/te016/truth-engine-v2_2.10.6-R3P1_CANONICAL/.verify/pending.json,483,cfe15b3b3340b23a228cf47a5539006981c82ee3ae3aad33bf7a9aa1790e48f7
02_MASTER_EVIDENCE_BASE/03_INVESTIGATIONS/02_EXPANDED_ARCHIVES/DEMOCRACY_INFLUENCE_COMPLETE_BUNDLE_2026-09-11/DEMOCRACY_INFLUENCE_COMPLETE_BUNDLE_2026-09-11/invchain/te016/truth-engine-v2_2.10.6-R3P1_CANONICAL/.verify/result.json,588,12887143af8540d2ca10a113480061306fc8cf552dd49a515717bec8a321ca22
02_MASTER_EVIDENCE_BASE/03_INVESTIGATIONS/02_EXPANDED_ARCHIVES/DEMOCRACY_INFLUENCE_COMPLETE_BUNDLE_2026-09-11/DEMOCRACY_INFLUENCE_COMPLETE_BUNDLE_2026-09-11/invchain/te016/truth-engine-v2_2.10.6-R3P1_CANONICAL/ARCHITECTURE.md,39996,4a0ec19e1b1f2fc0033d47041c90b697308864fc3e7b997408251602893a5ad0
02_MASTER_EVIDENCE_BASE/03_INVESTIGATIONS/02_EXPANDED_ARCHIVES/DEMOCRACY_INFLUENCE_COMPLETE_BUNDLE_2026-09-11/DEMOCRACY_INFLUENCE_COMPLETE_BUNDLE_2026-09-11/invchain/te016/truth-engine-v2_2.10.6-R3P1_CANONICAL/KERNEL.md,69458,0d78b5d2db873d6bb9984867c3a4b1095b46400db2145487a763680b43e88974
02_MASTER_EVIDENCE_BASE/03_INVESTIGATIONS/02_EXPANDED_ARCHIVES/DEMOCRACY_INFLUENCE_COMPLETE_BUNDLE_2026-09-11/DEMOCRACY_INFLUENCE_COMPLETE_BUNDLE_2026-09-11/invchain/te016/truth-engine-v2_2.10.6-R3P1_CANONICAL/PACKAGE_R2A2P1.md,802,912ba6863d5d7ecce179ba13cc3bd9d3a66ead1c685d5dc856a65edbb5d6ae2d
02_MASTER_EVIDENCE_BASE/03_INVESTIGATIONS/02_EXPANDED_ARCHIVES/DEMOCRACY_INFLUENCE_COMPLETE_BUNDLE_2026-09-11/DEMOCRACY_INFLUENCE_COMPLETE_BUNDLE_2026-09-11/invchain/te016/truth-engine-v2_2.10.6-R3P1_CANONICAL/PACKAGE_R3P0.md,2728,68e21ba60958c31930f60475e11a745c674b89b1552c9d7e051d85be9ec398d4
02_MASTER_EVIDENCE_BASE/03_INVESTIGATIONS/02_EXPANDED_ARCHIVES/DEMOCRACY_INFLUENCE_COMPLETE_BUNDLE_2026-09-11/DEMOCRACY_INFLUENCE_COMPLETE_BUNDLE_2026-09-11/invchain/te016/truth-engine-v2_2.10.6-R3P1_CANONICAL/PACKAGE_R3P1.md,1820,4c60e53ed742a2210de2b036571bcefd9a55e6bce0fb6bec86b3348982d93f77
02_MASTER_EVIDENCE_BASE/03_INVESTIGATIONS/02_EXPANDED_ARCHIVES/DEMOCRACY_INFLUENCE_COMPLETE_BUNDLE_2026-09-11/DEMOCRACY_INFLUENCE_COMPLETE_BUNDLE_2026-09-11/invchain/te016/truth-engine-v2_2.10.6-R3P1_CANONICAL/PATCH_R2A2_MNEMO_DEGRADED.md,2101,b0fbf5370123f3832a42d7177a1e5c66b8b0b3aebaa94e8f633b01d6591b26c9
02_MASTER_EVIDENCE_BASE/03_INVESTIGATIONS/02_EXPANDED_ARCHIVES/DEMOCRACY_INFLUENCE_COMPLETE_BUNDLE_2026-09-11/DEMOCRACY_INFLUENCE_COMPLETE_BUNDLE_2026-09-11/invchain/te016/truth-engine-v2_2.10.6-R3P1_CANONICAL/PATH_AUDIT.csv,5913,156aacdc65fa4f5fb3180e465ac548ce47241350e2db1fda19e96e1158205efc
02_MASTER_EVIDENCE_BASE/03_INVESTIGATIONS/02_EXPANDED_ARCHIVES/DEMOCRACY_INFLUENCE_COMPLETE_BUNDLE_2026-09-11/DEMOCRACY_INFLUENCE_COMPLETE_BUNDLE_2026-09-11/invchain/te016/truth-engine-v2_2.10.6-R3P1_CANONICAL/PATH_AUDIT.md,728,00086cfab707ba07c052bdbdb13122f62417c24cccae3156e99c9be13ab983dc
02_MASTER_EVIDENCE_BASE/03_INVESTIGATIONS/02_EXPANDED_ARCHIVES/DEMOCRACY_INFLUENCE_COMPLETE_BUNDLE_2026-09-11/DEMOCRACY_INFLUENCE_COMPLETE_BUNDLE_2026-09-11/invchain/te016/truth-engine-v2_2.10.6-R3P1_CANONICAL/clusters/BIO.md,1868,73cbb1d3998e52a1eedb79ab29a0825aac87981b26fb7f4632e7823dbaaaf951
02_MASTER_EVIDENCE_BASE/03_INVESTIGATIONS/02_EXPANDED_ARCHIVES/DEMOCRACY_INFLUENCE_COMPLETE_BUNDLE_2026-09-11/DEMOCRACY_INFLUENCE_COMPLETE_BUNDLE_2026-09-11/invchain/te016/truth-engine-v2_2.10.6-R3P1_CANONICAL/clusters/CONFIRMATION.md,1606,5dea3f0d1d4994a1e45f5409beab451da6cbd69d9d53fee0ee65769e856251aa
02_MASTER_EVIDENCE_BASE/03_INVESTIGATIONS/02_EXPANDED_ARCHIVES/DEMOCRACY_INFLUENCE_COMPLETE_BUNDLE_2026-09-11/DEMOCRACY_INFLUENCE_COMPLETE_BUNDLE_2026-09-11/invchain/te016/truth-engine-v2_2.10.6-R3P1_CANONICAL/clusters/FRAGMENTATION.md,1587,92128543a24b348bfe21a2c98f66ebbb446f67b3a7c6135ee37bf789bc3b62ae
02_MASTER_EVIDENCE_BASE/03_INVESTIGATIONS/02_EXPANDED_ARCHIVES/DEMOCRACY_INFLUENCE_COMPLETE_BUNDLE_2026-09-11/DEMOCRACY_INFLUENCE_COMPLETE_BUNDLE_2026-09-11/invchain/te016/truth-engine-v2_2.10.6-R3P1_CANONICAL/clusters/FRAMING.md,1479,2171e88d7538d7a5b7c3be4ace16f2d8d58ce023ffb2da1f407329acb6a81740
02_MASTER_EVIDENCE_BASE/03_INVESTIGATIONS/02_EXPANDED_ARCHIVES/DEMOCRACY_INFLUENCE_COMPLETE_BUNDLE_2026-09-11/DEMOCRACY_INFLUENCE_COMPLETE_BUNDLE_2026-09-11/invchain/te016/truth-engine-v2_2.10.6-R3P1_CANONICAL/clusters/GASLIGHTING.md,1446,92ca318eb8655a7a89c63e8605284885c9d15f318af8728af4022f6ecf0693d1
02_MASTER_EVIDENCE_BASE/03_INVESTIGATIONS/02_EXPANDED_ARCHIVES/DEMOCRACY_INFLUENCE_COMPLETE_BUNDLE_2026-09-11/DEMOCRACY_INFLUENCE_COMPLETE_BUNDLE_2026-09-11/invchain/te016/truth-engine-v2_2.10.6-R3P1_CANONICAL/clusters/ICEBERG.md,1500,62fd494f86f1ed7fa0802281ae322d016e79a90f7f18c2760dfb52d1e7661d6f
02_MASTER_EVIDENCE_BASE/03_INVESTIGATIONS/02_EXPANDED_ARCHIVES/DEMOCRACY_INFLUENCE_COMPLETE_BUNDLE_2026-09-11/DEMOCRACY_INFLUENCE_COMPLETE_BUNDLE_2026-09-11/invchain/te016/truth-engine-v2_2.10.6-R3P1_CANONICAL/clusters/INVERSION.md,1474,03889f6f2bff71de10995f558d309ce30086a43863782e1c8dfdc0d6810f1623
02_MASTER_EVIDENCE_BASE/03_INVESTIGATIONS/02_EXPANDED_ARCHIVES/DEMOCRACY_INFLUENCE_COMPLETE_BUNDLE_2026-09-11/DEMOCRACY_INFLUENCE_COMPLETE_BUNDLE_2026-09-11/invchain/te016/truth-engine-v2_2.10.6-R3P1_CANONICAL/clusters/MONEY.md,1582,0d3c1dfb7d0e102a4e80d3e399d47e4f78edf98d91467846625bd103f55ec013
02_MASTER_EVIDENCE_BASE/03_INVESTIGATIONS/02_EXPANDED_ARCHIVES/DEMOCRACY_INFLUENCE_COMPLETE_BUNDLE_2026-09-11/DEMOCRACY_INFLUENCE_COMPLETE_BUNDLE_2026-09-11/invchain/te016/truth-engine-v2_2.10.6-R3P1_CANONICAL/clusters/NETWORK.md,1503,65c595bfcf13d32c6d092c842ed07e94a0b050ce5762a234db7f8bf651161632
02_MASTER_EVIDENCE_BASE/03_INVESTIGATIONS/02_EXPANDED_ARCHIVES/DEMOCRACY_INFLUENCE_COMPLETE_BUNDLE_2026-09-11/DEMOCRACY_INFLUENCE_COMPLETE_BUNDLE_2026-09-11/invchain/te016/truth-engine-v2_2.10.6-R3P1_CANONICAL/clusters/OVERLOAD.md,1534,ba85ecbf6073f950d20858fbc99a6b234bc13f87fb6d8ca4f7067c0f035c77d7
02_MASTER_EVIDENCE_BASE/03_INVESTIGATIONS/02_EXPANDED_ARCHIVES/DEMOCRACY_INFLUENCE_COMPLETE_BUNDLE_2026-09-11/DEMOCRACY_INFLUENCE_COMPLETE_BUNDLE_2026-09-11/invchain/te016/truth-engine-v2_2.10.6-R3P1_CANONICAL/clusters/POWER.md,1500,a135aedde16635bc5243d497ed9312515dd5c55f66b36631c8e1577ab1a507ee
02_MASTER_EVIDENCE_BASE/03_INVESTIGATIONS/02_EXPANDED_ARCHIVES/DEMOCRACY_INFLUENCE_COMPLETE_BUNDLE_2026-09-11/DEMOCRACY_INFLUENCE_COMPLETE_BUNDLE_2026-09-11/invchain/te016/truth-engine-v2_2.10.6-R3P1_CANONICAL/clusters/RESISTANCE.md,1463,2de3b9f2ae175372205f4b9267fad30e993f78db225c5cb0411a9f962aec1efa
02_MASTER_EVIDENCE_BASE/03_INVESTIGATIONS/02_EXPANDED_ARCHIVES/DEMOCRACY_INFLUENCE_COMPLETE_BUNDLE_2026-09-11/DEMOCRACY_INFLUENCE_COMPLETE_BUNDLE_2026-09-11/invchain/te016/truth-engine-v2_2.10.6-R3P1_CANONICAL/clusters/SPECTACLE.md,1464,e72de7e54916bdc234b72415e43f2ea0891ec7e97b027e2a7a8539aa90753ebd
02_MASTER_EVIDENCE_BASE/03_INVESTIGATIONS/02_EXPANDED_ARCHIVES/DEMOCRACY_INFLUENCE_COMPLETE_BUNDLE_2026-09-11/DEMOCRACY_INFLUENCE_COMPLETE_BUNDLE_2026-09-11/invchain/te016/truth-engine-v2_2.10.6-R3P1_CANONICAL/clusters/TEMPORAL.md,1501,8afbd521a57bd79bc56bfc9f3256197ea11aa5d3c63f371bda0809436b1dc082
02_MASTER_EVIDENCE_BASE/03_INVESTIGATIONS/02_EXPANDED_ARCHIVES/DEMOCRACY_INFLUENCE_COMPLETE_BUNDLE_2026-09-11/DEMOCRACY_INFLUENCE_COMPLETE_BUNDLE_2026-09-11/invchain/te016/truth-engine-v2_2.10.6-R3P1_CANONICAL/clusters/WAR.md,1641,de5a38b51ced8778e121b7ea3b79da72f0cc939f4bd17ddacf0dd974d68b1145
02_MASTER_EVIDENCE_BASE/03_INVESTIGATIONS/02_EXPANDED_ARCHIVES/DEMOCRACY_INFLUENCE_COMPLETE_BUNDLE_2026-09-11/DEMOCRACY_INFLUENCE_COMPLETE_BUNDLE_2026-09-11/invchain/te016/truth-engine-v2_2.10.6-R3P1_CANONICAL/clusters/_INDEX.md,1186,d1007c8f3d778cc2e4334288c8378af728b05c713e5e21588b2c97cf0ea08ca6
02_MASTER_EVIDENCE_BASE/03_INVESTIGATIONS/02_EXPANDED_ARCHIVES/DEMOCRACY_INFLUENCE_COMPLETE_BUNDLE_2026-09-11/DEMOCRACY_INFLUENCE_COMPLETE_BUNDLE_2026-09-11/invchain/te016/truth-engine-v2_2.10.6-R3P1_CANONICAL/clusters/_TEMPLATE.md,945,5b989a544ef3029e554f7bb3572685979300faa3bce7689af2f9a3975b335f50
02_MASTER_EVIDENCE_BASE/03_INVESTIGATIONS/02_EXPANDED_ARCHIVES/DEMOCRACY_INFLUENCE_COMPLETE_BUNDLE_2026-09-11/DEMOCRACY_INFLUENCE_COMPLETE_BUNDLE_2026-09-11/invchain/te016/truth-engine-v2_2.10.6-R3P1_CANONICAL/definitions/PATTERNS.md,6400,d30e591fa4df876492cee0c73c1ce9cbb604f29e1d56bac7c7c5538459497696
02_MASTER_EVIDENCE_BASE/03_INVESTIGATIONS/02_EXPANDED_ARCHIVES/DEMOCRACY_INFLUENCE_COMPLETE_BUNDLE_2026-09-11/DEMOCRACY_INFLUENCE_COMPLETE_BUNDLE_2026-09-11/invchain/te016/truth-engine-v2_2.10.6-R3P1_CANONICAL/definitions/SYMBOLS.md,7458,fc02712ed0d550c8659f2c41493222ec2604bd84a78d18180149c4ca60a1b553
02_MASTER_EVIDENCE_BASE/03_INVESTIGATIONS/02_EXPANDED_ARCHIVES/DEMOCRACY_INFLUENCE_COMPLETE_BUNDLE_2026-09-11/DEMOCRACY_INFLUENCE_COMPLETE_BUNDLE_2026-09-11/invchain/te016/truth-engine-v2_2.10.6-R3P1_CANONICAL/definitions/THREATS.md,5534,51f860ebc743dc6a8a4ad958d9a1d4aa57d2dfc39bd7a894ba9bc9f7b5d73124
02_MASTER_EVIDENCE_BASE/03_INVESTIGATIONS/02_EXPANDED_ARCHIVES/DEMOCRACY_INFLUENCE_COMPLETE_BUNDLE_2026-09-11/DEMOCRACY_INFLUENCE_COMPLETE_BUNDLE_2026-09-11/invchain/te016/truth-engine-v2_2.10.6-R3P1_CANONICAL/forensic/GATES.md,12808,f97b090c26f79b93eeecb291e37f8887d935df5ffaa36d8d6da502fa75f6da6d
02_MASTER_EVIDENCE_BASE/03_INVESTIGATIONS/02_EXPANDED_ARCHIVES/DEMOCRACY_INFLUENCE_COMPLETE_BUNDLE_2026-09-11/DEMOCRACY_INFLUENCE_COMPLETE_BUNDLE_2026-09-11/invchain/te016/truth-engine-v2_2.10.6-R3P1_CANONICAL/forensic/REASONING.md,1874,cb6e83dc74b9a6a311fdd8b73d78e87146c7791ab92179ebf455c2f0f2c89bde
02_MASTER_EVIDENCE_BASE/03_INVESTIGATIONS/02_EXPANDED_ARCHIVES/DEMOCRACY_INFLUENCE_COMPLETE_BUNDLE_2026-09-11/DEMOCRACY_INFLUENCE_COMPLETE_BUNDLE_2026-09-11/invchain/te016/truth-engine-v2_2.10.6-R3P1_CANONICAL/forensic/REQUEST_LOG.md,5102,bae510e5fc18acd635a4c9b8cbef65d2015e14c0122fcc265728216fa94dbdd4
02_MASTER_EVIDENCE_BASE/03_INVESTIGATIONS/02_EXPANDED_ARCHIVES/DEMOCRACY_INFLUENCE_COMPLETE_BUNDLE_2026-09-11/DEMOCRACY_INFLUENCE_COMPLETE_BUNDLE_2026-09-11/invchain/te016/truth-engine-v2_2.10.6-R3P1_CANONICAL/investigations/2026-09/2026-09-11_arab-spring-mechanisms/2026-09-11_10-42_arab-spring-mechanisms_CERTIFICATION.json,589,daf62a9a319778c8a06a660c958eefba6e72bc6d6906af289b07a896e511ad01
02_MASTER_EVIDENCE_BASE/03_INVESTIGATIONS/02_EXPANDED_ARCHIVES/DEMOCRACY_INFLUENCE_COMPLETE_BUNDLE_2026-09-11/DEMOCRACY_INFLUENCE_COMPLETE_BUNDLE_2026-09-11/invchain/te016/truth-engine-v2_2.10.6-R3P1_CANONICAL/investigations/2026-09/2026-09-11_arab-spring-mechanisms/2026-09-11_10-42_arab-spring-mechanisms_INPUT.md,2307,99153e7421ef5b0db9cd8df2a790d7a49b454304bc1a07dc491b96a1a168fbde
02_MASTER_EVIDENCE_BASE/03_INVESTIGATIONS/02_EXPANDED_ARCHIVES/DEMOCRACY_INFLUENCE_COMPLETE_BUNDLE_2026-09-11/DEMOCRACY_INFLUENCE_COMPLETE_BUNDLE_2026-09-11/invchain/te016/truth-engine-v2_2.10.6-R3P1_CANONICAL/investigations/2026-09/2026-09-11_arab-spring-mechanisms/2026-09-11_10-42_arab-spring-mechanisms_INVESTIGATION.md,44483,323d0a35b2479b8409c6dea1fcb5527bbf16584719264c178512e5a6ffe943e1
02_MASTER_EVIDENCE_BASE/03_INVESTIGATIONS/02_EXPANDED_ARCHIVES/DEMOCRACY_INFLUENCE_COMPLETE_BUNDLE_2026-09-11/DEMOCRACY_INFLUENCE_COMPLETE_BUNDLE_2026-09-11/invchain/te016/truth-engine-v2_2.10.6-R3P1_CANONICAL/investigations/2026-09/2026-09-11_arab-spring-mechanisms/2026-09-11_10-42_arab-spring-mechanisms_MNEMO_SNAPSHOT.json,7421,956680c1ba8bbd559b298b47b2fc82f94ff856136944c3e926eb43d05af291c3
02_MASTER_EVIDENCE_BASE/03_INVESTIGATIONS/02_EXPANDED_ARCHIVES/DEMOCRACY_INFLUENCE_COMPLETE_BUNDLE_2026-09-11/DEMOCRACY_INFLUENCE_COMPLETE_BUNDLE_2026-09-11/invchain/te016/truth-engine-v2_2.10.6-R3P1_CANONICAL/investigations/2026-09/2026-09-11_arab-spring-mechanisms/2026-09-11_10-42_arab-spring-mechanisms_NARRATIVE.tmp.md,5631,6dabeeeb2a1c9a456058797ef3b0830e40482658c968e5b5af1802c6defd759b
02_MASTER_EVIDENCE_BASE/03_INVESTIGATIONS/02_EXPANDED_ARCHIVES/DEMOCRACY_INFLUENCE_COMPLETE_BUNDLE_2026-09-11/DEMOCRACY_INFLUENCE_COMPLETE_BUNDLE_2026-09-11/invchain/te016/truth-engine-v2_2.10.6-R3P1_CANONICAL/investigations/2026-09/2026-09-11_arab-spring-mechanisms/2026-09-11_10-42_arab-spring-mechanisms_RUN_STATE.json,39675,8cde4137a64ab1969d2fa99a4abf7089bee95433cfad8c5a775ef5d168ef8608
02_MASTER_EVIDENCE_BASE/03_INVESTIGATIONS/02_EXPANDED_ARCHIVES/DEMOCRACY_INFLUENCE_COMPLETE_BUNDLE_2026-09-11/DEMOCRACY_INFLUENCE_COMPLETE_BUNDLE_2026-09-11/invchain/te016/truth-engine-v2_2.10.6-R3P1_CANONICAL/output/TEMPLATE.md,5857,eb504ed558d7638b8f599fc6990c6d74783ca81ae1d8016a15d70b8273c31f05
02_MASTER_EVIDENCE_BASE/03_INVESTIGATIONS/02_EXPANDED_ARCHIVES/DEMOCRACY_INFLUENCE_COMPLETE_BUNDLE_2026-09-11/DEMOCRACY_INFLUENCE_COMPLETE_BUNDLE_2026-09-11/invchain/te016/truth-engine-v2_2.10.6-R3P1_CANONICAL/protocol/FACT_VERIFICATION.md,29011,93cb1354c1771e1cc7f9e28600c8053ffedd1c916cc83978b948724b5f5a0219
02_MASTER_EVIDENCE_BASE/03_INVESTIGATIONS/02_EXPANDED_ARCHIVES/DEMOCRACY_INFLUENCE_COMPLETE_BUNDLE_2026-09-11/DEMOCRACY_INFLUENCE_COMPLETE_BUNDLE_2026-09-11/invchain/te016/truth-engine-v2_2.10.6-R3P1_CANONICAL/protocol/INVESTIGATION.md,19705,2418fb593a78048830f2900e04828ce3d7e26aef996bcdddd2199f61a026c208
02_MASTER_EVIDENCE_BASE/03_INVESTIGATIONS/02_EXPANDED_ARCHIVES/DEMOCRACY_INFLUENCE_COMPLETE_BUNDLE_2026-09-11/DEMOCRACY_INFLUENCE_COMPLETE_BUNDLE_2026-09-11/invchain/te016/truth-engine-v2_2.10.6-R3P1_CANONICAL/protocol/PERSO_FRESQUE.md,2807,2fe3404f9758b46de27f1d6700c290a9080ee7c5b0410e9e81b27fbf9b6a5b9f
02_MASTER_EVIDENCE_BASE/03_INVESTIGATIONS/02_EXPANDED_ARCHIVES/DEMOCRACY_INFLUENCE_COMPLETE_BUNDLE_2026-09-11/DEMOCRACY_INFLUENCE_COMPLETE_BUNDLE_2026-09-11/invchain/te016/truth-engine-v2_2.10.6-R3P1_CANONICAL/protocol/UPDATE.md,3987,b36af2c16ec0eba93f66546b05f2f76c4440f3c6cedf74bd716d71c90015c936
02_MASTER_EVIDENCE_BASE/03_INVESTIGATIONS/02_EXPANDED_ARCHIVES/DEMOCRACY_INFLUENCE_COMPLETE_BUNDLE_2026-09-11/DEMOCRACY_INFLUENCE_COMPLETE_BUNDLE_2026-09-11/invchain/te016/truth-engine-v2_2.10.6-R3P1_CANONICAL/search/EPISTEMIC.md,6991,482558f2ea834418625647b92659ef1773ffc71bc09bdce2f5f3bab91791ae00
02_MASTER_EVIDENCE_BASE/03_INVESTIGATIONS/02_EXPANDED_ARCHIVES/DEMOCRACY_INFLUENCE_COMPLETE_BUNDLE_2026-09-11/DEMOCRACY_INFLUENCE_COMPLETE_BUNDLE_2026-09-11/invchain/te016/truth-engine-v2_2.10.6-R3P1_CANONICAL/search/OPTIMIZATION.md,2271,56417643b0f5b49e43d4d2b3e8777801bc78580cbe7abad236eb19d8e351e49c
02_MASTER_EVIDENCE_BASE/03_INVESTIGATIONS/02_EXPANDED_ARCHIVES/DEMOCRACY_INFLUENCE_COMPLETE_BUNDLE_2026-09-11/DEMOCRACY_INFLUENCE_COMPLETE_BUNDLE_2026-09-11/invchain/te016/truth-engine-v2_2.10.6-R3P1_CANONICAL/search/TEMPLATES.md,6097,be5a178bf2772fd9202c100b44e4d6657a64b5fa90e34ceed90682e16f328172
02_MASTER_EVIDENCE_BASE/03_INVESTIGATIONS/02_EXPANDED_ARCHIVES/DEMOCRACY_INFLUENCE_COMPLETE_BUNDLE_2026-09-11/DEMOCRACY_INFLUENCE_COMPLETE_BUNDLE_2026-09-11/invchain/te016/truth-engine-v2_2.10.6-R3P1_CANONICAL/tests/README.md,1242,434a0151079b7fe0375dbb2785c357b10fc53420c43f2dbb55f341a2eebe25bb
02_MASTER_EVIDENCE_BASE/03_INVESTIGATIONS/02_EXPANDED_ARCHIVES/DEMOCRACY_INFLUENCE_COMPLETE_BUNDLE_2026-09-11/DEMOCRACY_INFLUENCE_COMPLETE_BUNDLE_2026-09-11/invchain/te016/truth-engine-v2_2.10.6-R3P1_CANONICAL/tests/__pycache__/test_verify_forensic_output.cpython-313-pytest-9.0.2.pyc,7507,74342ccf40619ea42b67e4aa607fbd76110bffab3eeac37902b52eaaba97e689
02_MASTER_EVIDENCE_BASE/03_INVESTIGATIONS/02_EXPANDED_ARCHIVES/DEMOCRACY_INFLUENCE_COMPLETE_BUNDLE_2026-09-11/DEMOCRACY_INFLUENCE_COMPLETE_BUNDLE_2026-09-11/invchain/te016/truth-engine-v2_2.10.6-R3P1_CANONICAL/tests/__pycache__/test_verify_gate.cpython-313-pytest-9.0.2.pyc,26757,2eb59131574604dda44c88cc7d831dd955318141b5b2ff4d175f195f613f6829
02_MASTER_EVIDENCE_BASE/03_INVESTIGATIONS/02_EXPANDED_ARCHIVES/DEMOCRACY_INFLUENCE_COMPLETE_BUNDLE_2026-09-11/DEMOCRACY_INFLUENCE_COMPLETE_BUNDLE_2026-09-11/invchain/te016/truth-engine-v2_2.10.6-R3P1_CANONICAL/tests/extractors/__init__.py,0,e3b0c44298fc1c149afbf4c8996fb92427ae41e4649b934ca495991b7852b855
02_MASTER_EVIDENCE_BASE/03_INVESTIGATIONS/02_EXPANDED_ARCHIVES/DEMOCRACY_INFLUENCE_COMPLETE_BUNDLE_2026-09-11/DEMOCRACY_INFLUENCE_COMPLETE_BUNDLE_2026-09-11/invchain/te016/truth-engine-v2_2.10.6-R3P1_CANONICAL/tests/extractors/__pycache__/__init__.cpython-313.pyc,188,16803aa48ab2b85062acccccff75fbdf7792ab2919cd41e5e1a83c345a3210c2
02_MASTER_EVIDENCE_BASE/03_INVESTIGATIONS/02_EXPANDED_ARCHIVES/DEMOCRACY_INFLUENCE_COMPLETE_BUNDLE_2026-09-11/DEMOCRACY_INFLUENCE_COMPLETE_BUNDLE_2026-09-11/invchain/te016/truth-engine-v2_2.10.6-R3P1_CANONICAL/tests/extractors/__pycache__/test_gates.cpython-313-pytest-9.0.2.pyc,21353,1e02240f8507fb3f8381189556fa1417675204c74bc13b45e6309cec67776641
02_MASTER_EVIDENCE_BASE/03_INVESTIGATIONS/02_EXPANDED_ARCHIVES/DEMOCRACY_INFLUENCE_COMPLETE_BUNDLE_2026-09-11/DEMOCRACY_INFLUENCE_COMPLETE_BUNDLE_2026-09-11/invchain/te016/truth-engine-v2_2.10.6-R3P1_CANONICAL/tests/extractors/__pycache__/test_gates_hardening.cpython-313-pytest-9.0.2.pyc,30742,133c1d231d2f8600eca5592766bd7f57bdeb5bb95bb6c884dbca96825e8cd78e
02_MASTER_EVIDENCE_BASE/03_INVESTIGATIONS/02_EXPANDED_ARCHIVES/DEMOCRACY_INFLUENCE_COMPLETE_BUNDLE_2026-09-11/DEMOCRACY_INFLUENCE_COMPLETE_BUNDLE_2026-09-11/invchain/te016/truth-engine-v2_2.10.6-R3P1_CANONICAL/tests/extractors/__pycache__/test_gates_json.cpython-313-pytest-9.0.2.pyc,23788,9171c387c2a1c2f4b0854998492083292cccb873f2533f62a2565eedf473f871
02_MASTER_EVIDENCE_BASE/03_INVESTIGATIONS/02_EXPANDED_ARCHIVES/DEMOCRACY_INFLUENCE_COMPLETE_BUNDLE_2026-09-11/DEMOCRACY_INFLUENCE_COMPLETE_BUNDLE_2026-09-11/invchain/te016/truth-engine-v2_2.10.6-R3P1_CANONICAL/tests/extractors/__pycache__/test_head_check_hardening.cpython-313-pytest-9.0.2.pyc,28638,a374768393234fa84d9c47471f1c1627d2ef69adb76776967132b7e4adfd9373
02_MASTER_EVIDENCE_BASE/03_INVESTIGATIONS/02_EXPANDED_ARCHIVES/DEMOCRACY_INFLUENCE_COMPLETE_BUNDLE_2026-09-11/DEMOCRACY_INFLUENCE_COMPLETE_BUNDLE_2026-09-11/invchain/te016/truth-engine-v2_2.10.6-R3P1_CANONICAL/tests/extractors/test_gates.py,6585,039c70da1cdebe91c267c24ae00f101534ec54983a3cae2cf48be609e3ffdf8c
02_MASTER_EVIDENCE_BASE/03_INVESTIGATIONS/02_EXPANDED_ARCHIVES/DEMOCRACY_INFLUENCE_COMPLETE_BUNDLE_2026-09-11/DEMOCRACY_INFLUENCE_COMPLETE_BUNDLE_2026-09-11/invchain/te016/truth-engine-v2_2.10.6-R3P1_CANONICAL/tests/extractors/test_gates_hardening.py,9500,0c99c5eda1c2d197e833ebd0a4316479770115666c9d36a7390312863a5816fb
02_MASTER_EVIDENCE_BASE/03_INVESTIGATIONS/02_EXPANDED_ARCHIVES/DEMOCRACY_INFLUENCE_COMPLETE_BUNDLE_2026-09-11/DEMOCRACY_INFLUENCE_COMPLETE_BUNDLE_2026-09-11/invchain/te016/truth-engine-v2_2.10.6-R3P1_CANONICAL/tests/extractors/test_gates_json.py,7800,bc38252541d36ef0e260c689f3326e831965fe7dec9bd5184e331d9c273d6cc6
02_MASTER_EVIDENCE_BASE/03_INVESTIGATIONS/02_EXPANDED_ARCHIVES/DEMOCRACY_INFLUENCE_COMPLETE_BUNDLE_2026-09-11/DEMOCRACY_INFLUENCE_COMPLETE_BUNDLE_2026-09-11/invchain/te016/truth-engine-v2_2.10.6-R3P1_CANONICAL/tests/extractors/test_head_check_hardening.py,8758,9bd6832bcbb31711c4e0331b1db1fc91b27c7b26682a5ee0dab7d03050f0fbda
02_MASTER_EVIDENCE_BASE/03_INVESTIGATIONS/02_EXPANDED_ARCHIVES/DEMOCRACY_INFLUENCE_COMPLETE_BUNDLE_2026-09-11/DEMOCRACY_INFLUENCE_COMPLETE_BUNDLE_2026-09-11/invchain/te016/truth-engine-v2_2.10.6-R3P1_CANONICAL/tests/runtime/__pycache__/test_forensic_output_contract.cpython-313-pytest-9.0.2.pyc,12842,5fa17d15e435ba29a7754169f493829dbb4bec7553129705066825b77f19f123
02_MASTER_EVIDENCE_BASE/03_INVESTIGATIONS/02_EXPANDED_ARCHIVES/DEMOCRACY_INFLUENCE_COMPLETE_BUNDLE_2026-09-11/DEMOCRACY_INFLUENCE_COMPLETE_BUNDLE_2026-09-11/invchain/te016/truth-engine-v2_2.10.6-R3P1_CANONICAL/tests/runtime/__pycache__/test_mnemo_unavailable_delivery.cpython-313-pytest-9.0.2.pyc,15706,35f8c5c794757b62a3ebbf013145b5c72139bdfb1f3ff60c93890d97b51ed6f8
02_MASTER_EVIDENCE_BASE/03_INVESTIGATIONS/02_EXPANDED_ARCHIVES/DEMOCRACY_INFLUENCE_COMPLETE_BUNDLE_2026-09-11/DEMOCRACY_INFLUENCE_COMPLETE_BUNDLE_2026-09-11/invchain/te016/truth-engine-v2_2.10.6-R3P1_CANONICAL/tests/runtime/test_forensic_output_contract.py,2376,3f645e4d4a933a772f4e908a5e8423a3a9d273c151cebccf20134eee4eb93d8f
02_MASTER_EVIDENCE_BASE/03_INVESTIGATIONS/02_EXPANDED_ARCHIVES/DEMOCRACY_INFLUENCE_COMPLETE_BUNDLE_2026-09-11/DEMOCRACY_INFLUENCE_COMPLETE_BUNDLE_2026-09-11/invchain/te016/truth-engine-v2_2.10.6-R3P1_CANONICAL/tests/runtime/test_mnemo_unavailable_delivery.py,4607,7737d2f40dc84b1a397622306c3646a1094424b43521e41b45076dc2850935f9
02_MASTER_EVIDENCE_BASE/03_INVESTIGATIONS/02_EXPANDED_ARCHIVES/DEMOCRACY_INFLUENCE_COMPLETE_BUNDLE_2026-09-11/DEMOCRACY_INFLUENCE_COMPLETE_BUNDLE_2026-09-11/invchain/te016/truth-engine-v2_2.10.6-R3P1_CANONICAL/tests/test_verify_forensic_output.py,1892,cf374634dc2fc697406f9ff4f96018e8a708c29e98371b4092d50e6a733f510f
02_MASTER_EVIDENCE_BASE/03_INVESTIGATIONS/02_EXPANDED_ARCHIVES/DEMOCRACY_INFLUENCE_COMPLETE_BUNDLE_2026-09-11/DEMOCRACY_INFLUENCE_COMPLETE_BUNDLE_2026-09-11/invchain/te016/truth-engine-v2_2.10.6-R3P1_CANONICAL/tests/test_verify_gate.py,6095,6eaece9b9f3a5dc317f45d3da99bf462fe440f7c26def5f5a6ce5338e27c57ab
02_MASTER_EVIDENCE_BASE/03_INVESTIGATIONS/02_EXPANDED_ARCHIVES/DEMOCRACY_INFLUENCE_COMPLETE_BUNDLE_2026-09-11/DEMOCRACY_INFLUENCE_COMPLETE_BUNDLE_2026-09-11/invchain/te016/truth-engine-v2_2.10.6-R3P1_CANONICAL/tools/DSL.md,2868,17a31bf06dac4b59a6aa09a080554d83684f87a4df365f30681c3226161ecb9c
02_MASTER_EVIDENCE_BASE/03_INVESTIGATIONS/02_EXPANDED_ARCHIVES/DEMOCRACY_INFLUENCE_COMPLETE_BUNDLE_2026-09-11/DEMOCRACY_INFLUENCE_COMPLETE_BUNDLE_2026-09-11/invchain/te016/truth-engine-v2_2.10.6-R3P1_CANONICAL/tools/MACROS.md,3301,50cd3a4579fb2c82248a17129ebbde8e91f0dd6fbac10fbc34a344603f33ba7f
02_MASTER_EVIDENCE_BASE/03_INVESTIGATIONS/02_EXPANDED_ARCHIVES/DEMOCRACY_INFLUENCE_COMPLETE_BUNDLE_2026-09-11/DEMOCRACY_INFLUENCE_COMPLETE_BUNDLE_2026-09-11/invchain/te016/truth-engine-v2_2.10.6-R3P1_CANONICAL/tools/__init__.py,0,e3b0c44298fc1c149afbf4c8996fb92427ae41e4649b934ca495991b7852b855
02_MASTER_EVIDENCE_BASE/03_INVESTIGATIONS/02_EXPANDED_ARCHIVES/DEMOCRACY_INFLUENCE_COMPLETE_BUNDLE_2026-09-11/DEMOCRACY_INFLUENCE_COMPLETE_BUNDLE_2026-09-11/invchain/te016/truth-engine-v2_2.10.6-R3P1_CANONICAL/tools/__pycache__/__init__.cpython-313.pyc,177,982f269c3f91c0fbfe78f1c3fc8a15b93a659ee4c0bd7b8f50324a537833f4f6
02_MASTER_EVIDENCE_BASE/03_INVESTIGATIONS/02_EXPANDED_ARCHIVES/DEMOCRACY_INFLUENCE_COMPLETE_BUNDLE_2026-09-11/DEMOCRACY_INFLUENCE_COMPLETE_BUNDLE_2026-09-11/invchain/te016/truth-engine-v2_2.10.6-R3P1_CANONICAL/tools/engines/__init__.py,0,e3b0c44298fc1c149afbf4c8996fb92427ae41e4649b934ca495991b7852b855
02_MASTER_EVIDENCE_BASE/03_INVESTIGATIONS/02_EXPANDED_ARCHIVES/DEMOCRACY_INFLUENCE_COMPLETE_BUNDLE_2026-09-11/DEMOCRACY_INFLUENCE_COMPLETE_BUNDLE_2026-09-11/invchain/te016/truth-engine-v2_2.10.6-R3P1_CANONICAL/tools/engines/__pycache__/__init__.cpython-313.pyc,185,a8e21ae11bd35b98456868d10b42b3a51bb8a38f9e99e1647e4ea4baaadf44fd
02_MASTER_EVIDENCE_BASE/03_INVESTIGATIONS/02_EXPANDED_ARCHIVES/DEMOCRACY_INFLUENCE_COMPLETE_BUNDLE_2026-09-11/DEMOCRACY_INFLUENCE_COMPLETE_BUNDLE_2026-09-11/invchain/te016/truth-engine-v2_2.10.6-R3P1_CANONICAL/tools/engines/sublimator/__init__.py,0,e3b0c44298fc1c149afbf4c8996fb92427ae41e4649b934ca495991b7852b855
02_MASTER_EVIDENCE_BASE/03_INVESTIGATIONS/02_EXPANDED_ARCHIVES/DEMOCRACY_INFLUENCE_COMPLETE_BUNDLE_2026-09-11/DEMOCRACY_INFLUENCE_COMPLETE_BUNDLE_2026-09-11/invchain/te016/truth-engine-v2_2.10.6-R3P1_CANONICAL/tools/engines/sublimator/__pycache__/__init__.cpython-313.pyc,196,dc01813edc278a776e4545eedf42caf977a1b1900014f9d990960ac7da7cfe5d
02_MASTER_EVIDENCE_BASE/03_INVESTIGATIONS/02_EXPANDED_ARCHIVES/DEMOCRACY_INFLUENCE_COMPLETE_BUNDLE_2026-09-11/DEMOCRACY_INFLUENCE_COMPLETE_BUNDLE_2026-09-11/invchain/te016/truth-engine-v2_2.10.6-R3P1_CANONICAL/tools/engines/sublimator/extractors/__init__.py,0,e3b0c44298fc1c149afbf4c8996fb92427ae41e4649b934ca495991b7852b855
02_MASTER_EVIDENCE_BASE/03_INVESTIGATIONS/02_EXPANDED_ARCHIVES/DEMOCRACY_INFLUENCE_COMPLETE_BUNDLE_2026-09-11/DEMOCRACY_INFLUENCE_COMPLETE_BUNDLE_2026-09-11/invchain/te016/truth-engine-v2_2.10.6-R3P1_CANONICAL/tools/engines/sublimator/extractors/__pycache__/__init__.cpython-313.pyc,207,f12e983259a8e775f1ba337df90226ecd14625c8a122bab94f3d8947e865b9b5
02_MASTER_EVIDENCE_BASE/03_INVESTIGATIONS/02_EXPANDED_ARCHIVES/DEMOCRACY_INFLUENCE_COMPLETE_BUNDLE_2026-09-11/DEMOCRACY_INFLUENCE_COMPLETE_BUNDLE_2026-09-11/invchain/te016/truth-engine-v2_2.10.6-R3P1_CANONICAL/tools/engines/sublimator/extractors/__pycache__/gates.cpython-313.pyc,6944,60c8392827ef27a7befdd7c34831c399e8af9119e6282b2cb8ca5bf9e9f1993d
02_MASTER_EVIDENCE_BASE/03_INVESTIGATIONS/02_EXPANDED_ARCHIVES/DEMOCRACY_INFLUENCE_COMPLETE_BUNDLE_2026-09-11/DEMOCRACY_INFLUENCE_COMPLETE_BUNDLE_2026-09-11/invchain/te016/truth-engine-v2_2.10.6-R3P1_CANONICAL/tools/engines/sublimator/extractors/__pycache__/head_check.cpython-313.pyc,6582,81ffaf860d9c13a9c1b1591e9d5c8fe665d9257b55d1abe3736a26485481c8c0
02_MASTER_EVIDENCE_BASE/03_INVESTIGATIONS/02_EXPANDED_ARCHIVES/DEMOCRACY_INFLUENCE_COMPLETE_BUNDLE_2026-09-11/DEMOCRACY_INFLUENCE_COMPLETE_BUNDLE_2026-09-11/invchain/te016/truth-engine-v2_2.10.6-R3P1_CANONICAL/tools/engines/sublimator/extractors/gates.py,5469,a55c74b8e5aebc5a1073e737bf95bff21fc0531f3db58eb4636089e19ee84fa8
02_MASTER_EVIDENCE_BASE/03_INVESTIGATIONS/02_EXPANDED_ARCHIVES/DEMOCRACY_INFLUENCE_COMPLETE_BUNDLE_2026-09-11/DEMOCRACY_INFLUENCE_COMPLETE_BUNDLE_2026-09-11/invchain/te016/truth-engine-v2_2.10.6-R3P1_CANONICAL/tools/engines/sublimator/extractors/head_check.py,4892,57fc1b90093964d2689b83ba1fa393ad40f794d83a3ed06d322c7dd67dd8d38e
02_MASTER_EVIDENCE_BASE/03_INVESTIGATIONS/02_EXPANDED_ARCHIVES/DEMOCRACY_INFLUENCE_COMPLETE_BUNDLE_2026-09-11/DEMOCRACY_INFLUENCE_COMPLETE_BUNDLE_2026-09-11/invchain/te016/truth-engine-v2_2.10.6-R3P1_CANONICAL/tools/runtime/README.md,7620,965c81acb3d3209809e2a42b2d9ec42415b28c980b9ac9c2e963ae4ea8ac3f5a
02_MASTER_EVIDENCE_BASE/03_INVESTIGATIONS/02_EXPANDED_ARCHIVES/DEMOCRACY_INFLUENCE_COMPLETE_BUNDLE_2026-09-11/DEMOCRACY_INFLUENCE_COMPLETE_BUNDLE_2026-09-11/invchain/te016/truth-engine-v2_2.10.6-R3P1_CANONICAL/tools/runtime/__pycache__/run_state.cpython-313.pyc,187450,395f797a14c8401230cf9a4cea9f1bf67986336c2cbb33d485a2cf11593e2f18
02_MASTER_EVIDENCE_BASE/03_INVESTIGATIONS/02_EXPANDED_ARCHIVES/DEMOCRACY_INFLUENCE_COMPLETE_BUNDLE_2026-09-11/DEMOCRACY_INFLUENCE_COMPLETE_BUNDLE_2026-09-11/invchain/te016/truth-engine-v2_2.10.6-R3P1_CANONICAL/tools/runtime/run_state.py,107428,81effd7bfef4ddcdacba1f9a4139cd856fae0eb7853518846f2381a49869d77e
02_MASTER_EVIDENCE_BASE/03_INVESTIGATIONS/02_EXPANDED_ARCHIVES/DEMOCRACY_INFLUENCE_COMPLETE_BUNDLE_2026-09-11/DEMOCRACY_INFLUENCE_COMPLETE_BUNDLE_2026-09-11/invchain/te016/truth-engine-v2_2.10.6-R3P1_CANONICAL/tools/verify/__pycache__/verify.cpython-313.pyc,130955,41e2fe7d45e2388c0091c2a96814f13f533b8fff47f10df02c90de646df90e1b
02_MASTER_EVIDENCE_BASE/03_INVESTIGATIONS/02_EXPANDED_ARCHIVES/DEMOCRACY_INFLUENCE_COMPLETE_BUNDLE_2026-09-11/DEMOCRACY_INFLUENCE_COMPLETE_BUNDLE_2026-09-11/invchain/te016/truth-engine-v2_2.10.6-R3P1_CANONICAL/tools/verify/verify.py,89673,2dd969529d7c15d5bb7c464a185c56c284575f65c76a71b2af2a495887e76018
02_MASTER_EVIDENCE_BASE/03_INVESTIGATIONS/02_EXPANDED_ARCHIVES/DEMOCRACY_INFLUENCE_COMPLETE_BUNDLE_2026-09-11/DEMOCRACY_INFLUENCE_COMPLETE_BUNDLE_2026-09-11/invchain/te053/truth-engine-v2_2.10.6-R3P1_CANONICAL/.gitignore,79,55d40310f620ea2b99b41ac7834b74d0627d99d79c2de97b1c62e6ffcc468d1a
02_MASTER_EVIDENCE_BASE/03_INVESTIGATIONS/02_EXPANDED_ARCHIVES/DEMOCRACY_INFLUENCE_COMPLETE_BUNDLE_2026-09-11/DEMOCRACY_INFLUENCE_COMPLETE_BUNDLE_2026-09-11/invchain/te053/truth-engine-v2_2.10.6-R3P1_CANONICAL/.pytest_cache/.gitignore,37,3ed731b65d06150c138e2dadb0be0697550888a6b47eb8c45ecc9adba8b8e9bd
02_MASTER_EVIDENCE_BASE/03_INVESTIGATIONS/02_EXPANDED_ARCHIVES/DEMOCRACY_INFLUENCE_COMPLETE_BUNDLE_2026-09-11/DEMOCRACY_INFLUENCE_COMPLETE_BUNDLE_2026-09-11/invchain/te053/truth-engine-v2_2.10.6-R3P1_CANONICAL/.pytest_cache/CACHEDIR.TAG,191,37dc88ef9a0abeddbe81053a6dd8fdfb13afb613045ea1eb4a5c815a74a3bde4
02_MASTER_EVIDENCE_BASE/03_INVESTIGATIONS/02_EXPANDED_ARCHIVES/DEMOCRACY_INFLUENCE_COMPLETE_BUNDLE_2026-09-11/DEMOCRACY_INFLUENCE_COMPLETE_BUNDLE_2026-09-11/invchain/te053/truth-engine-v2_2.10.6-R3P1_CANONICAL/.pytest_cache/README.md,302,73fd6fccdd802c419a6b2d983d6c3173b7da97558ac4b589edec2dfe443db9ad
02_MASTER_EVIDENCE_BASE/03_INVESTIGATIONS/02_EXPANDED_ARCHIVES/DEMOCRACY_INFLUENCE_COMPLETE_BUNDLE_2026-09-11/DEMOCRACY_INFLUENCE_COMPLETE_BUNDLE_2026-09-11/invchain/te053/truth-engine-v2_2.10.6-R3P1_CANONICAL/.pytest_cache/v/cache/nodeids,11831,02de5ee357e5e8d217b93f71e059413bd41192c123633b28a300c3261582b49b
02_MASTER_EVIDENCE_BASE/03_INVESTIGATIONS/02_EXPANDED_ARCHIVES/DEMOCRACY_INFLUENCE_COMPLETE_BUNDLE_2026-09-11/DEMOCRACY_INFLUENCE_COMPLETE_BUNDLE_2026-09-11/invchain/te053/truth-engine-v2_2.10.6-R3P1_CANONICAL/.verify/config.example.json,728,fc4ee1aa9b3b41ed831bd8622ffd6b78f0ffa742789d17c33396f48e8f456f4a
02_MASTER_EVIDENCE_BASE/03_INVESTIGATIONS/02_EXPANDED_ARCHIVES/DEMOCRACY_INFLUENCE_COMPLETE_BUNDLE_2026-09-11/DEMOCRACY_INFLUENCE_COMPLETE_BUNDLE_2026-09-11/invchain/te053/truth-engine-v2_2.10.6-R3P1_CANONICAL/.verify/config.json,2407,aa038bb5e9a6aa06d7cd2b6e3afa0c2dadedb3e6c4a694d5ba097fa163de10f6
02_MASTER_EVIDENCE_BASE/03_INVESTIGATIONS/02_EXPANDED_ARCHIVES/DEMOCRACY_INFLUENCE_COMPLETE_BUNDLE_2026-09-11/DEMOCRACY_INFLUENCE_COMPLETE_BUNDLE_2026-09-11/invchain/te053/truth-engine-v2_2.10.6-R3P1_CANONICAL/.verify/pending.json,481,aaa75bb2e371652ab29f9c32d54685a227ac939c5a6f9405e8f3a17ef1272eee
02_MASTER_EVIDENCE_BASE/03_INVESTIGATIONS/02_EXPANDED_ARCHIVES/DEMOCRACY_INFLUENCE_COMPLETE_BUNDLE_2026-09-11/DEMOCRACY_INFLUENCE_COMPLETE_BUNDLE_2026-09-11/invchain/te053/truth-engine-v2_2.10.6-R3P1_CANONICAL/.verify/result.json,586,f331a9de7131bfaccc5d436ebdc5a7af8edc638983fe98bcc0cb9dc7fec179de
02_MASTER_EVIDENCE_BASE/03_INVESTIGATIONS/02_EXPANDED_ARCHIVES/DEMOCRACY_INFLUENCE_COMPLETE_BUNDLE_2026-09-11/DEMOCRACY_INFLUENCE_COMPLETE_BUNDLE_2026-09-11/invchain/te053/truth-engine-v2_2.10.6-R3P1_CANONICAL/ARCHITECTURE.md,39996,4a0ec19e1b1f2fc0033d47041c90b697308864fc3e7b997408251602893a5ad0
02_MASTER_EVIDENCE_BASE/03_INVESTIGATIONS/02_EXPANDED_ARCHIVES/DEMOCRACY_INFLUENCE_COMPLETE_BUNDLE_2026-09-11/DEMOCRACY_INFLUENCE_COMPLETE_BUNDLE_2026-09-11/invchain/te053/truth-engine-v2_2.10.6-R3P1_CANONICAL/KERNEL.md,69458,0d78b5d2db873d6bb9984867c3a4b1095b46400db2145487a763680b43e88974
02_MASTER_EVIDENCE_BASE/03_INVESTIGATIONS/02_EXPANDED_ARCHIVES/DEMOCRACY_INFLUENCE_COMPLETE_BUNDLE_2026-09-11/DEMOCRACY_INFLUENCE_COMPLETE_BUNDLE_2026-09-11/invchain/te053/truth-engine-v2_2.10.6-R3P1_CANONICAL/PACKAGE_R2A2P1.md,802,912ba6863d5d7ecce179ba13cc3bd9d3a66ead1c685d5dc856a65edbb5d6ae2d
02_MASTER_EVIDENCE_BASE/03_INVESTIGATIONS/02_EXPANDED_ARCHIVES/DEMOCRACY_INFLUENCE_COMPLETE_BUNDLE_2026-09-11/DEMOCRACY_INFLUENCE_COMPLETE_BUNDLE_2026-09-11/invchain/te053/truth-engine-v2_2.10.6-R3P1_CANONICAL/PACKAGE_R3P0.md,2728,68e21ba60958c31930f60475e11a745c674b89b1552c9d7e051d85be9ec398d4
02_MASTER_EVIDENCE_BASE/03_INVESTIGATIONS/02_EXPANDED_ARCHIVES/DEMOCRACY_INFLUENCE_COMPLETE_BUNDLE_2026-09-11/DEMOCRACY_INFLUENCE_COMPLETE_BUNDLE_2026-09-11/invchain/te053/truth-engine-v2_2.10.6-R3P1_CANONICAL/PACKAGE_R3P1.md,1820,4c60e53ed742a2210de2b036571bcefd9a55e6bce0fb6bec86b3348982d93f77
02_MASTER_EVIDENCE_BASE/03_INVESTIGATIONS/02_EXPANDED_ARCHIVES/DEMOCRACY_INFLUENCE_COMPLETE_BUNDLE_2026-09-11/DEMOCRACY_INFLUENCE_COMPLETE_BUNDLE_2026-09-11/invchain/te053/truth-engine-v2_2.10.6-R3P1_CANONICAL/PATCH_R2A2_MNEMO_DEGRADED.md,2101,b0fbf5370123f3832a42d7177a1e5c66b8b0b3aebaa94e8f633b01d6591b26c9
02_MASTER_EVIDENCE_BASE/03_INVESTIGATIONS/02_EXPANDED_ARCHIVES/DEMOCRACY_INFLUENCE_COMPLETE_BUNDLE_2026-09-11/DEMOCRACY_INFLUENCE_COMPLETE_BUNDLE_2026-09-11/invchain/te053/truth-engine-v2_2.10.6-R3P1_CANONICAL/PATH_AUDIT.csv,5913,156aacdc65fa4f5fb3180e465ac548ce47241350e2db1fda19e96e1158205efc
02_MASTER_EVIDENCE_BASE/03_INVESTIGATIONS/02_EXPANDED_ARCHIVES/DEMOCRACY_INFLUENCE_COMPLETE_BUNDLE_2026-09-11/DEMOCRACY_INFLUENCE_COMPLETE_BUNDLE_2026-09-11/invchain/te053/truth-engine-v2_2.10.6-R3P1_CANONICAL/PATH_AUDIT.md,728,00086cfab707ba07c052bdbdb13122f62417c24cccae3156e99c9be13ab983dc
02_MASTER_EVIDENCE_BASE/03_INVESTIGATIONS/02_EXPANDED_ARCHIVES/DEMOCRACY_INFLUENCE_COMPLETE_BUNDLE_2026-09-11/DEMOCRACY_INFLUENCE_COMPLETE_BUNDLE_2026-09-11/invchain/te053/truth-engine-v2_2.10.6-R3P1_CANONICAL/clusters/BIO.md,1868,73cbb1d3998e52a1eedb79ab29a0825aac87981b26fb7f4632e7823dbaaaf951
02_MASTER_EVIDENCE_BASE/03_INVESTIGATIONS/02_EXPANDED_ARCHIVES/DEMOCRACY_INFLUENCE_COMPLETE_BUNDLE_2026-09-11/DEMOCRACY_INFLUENCE_COMPLETE_BUNDLE_2026-09-11/invchain/te053/truth-engine-v2_2.10.6-R3P1_CANONICAL/clusters/CONFIRMATION.md,1606,5dea3f0d1d4994a1e45f5409beab451da6cbd69d9d53fee0ee65769e856251aa
02_MASTER_EVIDENCE_BASE/03_INVESTIGATIONS/02_EXPANDED_ARCHIVES/DEMOCRACY_INFLUENCE_COMPLETE_BUNDLE_2026-09-11/DEMOCRACY_INFLUENCE_COMPLETE_BUNDLE_2026-09-11/invchain/te053/truth-engine-v2_2.10.6-R3P1_CANONICAL/clusters/FRAGMENTATION.md,1587,92128543a24b348bfe21a2c98f66ebbb446f67b3a7c6135ee37bf789bc3b62ae
02_MASTER_EVIDENCE_BASE/03_INVESTIGATIONS/02_EXPANDED_ARCHIVES/DEMOCRACY_INFLUENCE_COMPLETE_BUNDLE_2026-09-11/DEMOCRACY_INFLUENCE_COMPLETE_BUNDLE_2026-09-11/invchain/te053/truth-engine-v2_2.10.6-R3P1_CANONICAL/clusters/FRAMING.md,1479,2171e88d7538d7a5b7c3be4ace16f2d8d58ce023ffb2da1f407329acb6a81740
02_MASTER_EVIDENCE_BASE/03_INVESTIGATIONS/02_EXPANDED_ARCHIVES/DEMOCRACY_INFLUENCE_COMPLETE_BUNDLE_2026-09-11/DEMOCRACY_INFLUENCE_COMPLETE_BUNDLE_2026-09-11/invchain/te053/truth-engine-v2_2.10.6-R3P1_CANONICAL/clusters/GASLIGHTING.md,1446,92ca318eb8655a7a89c63e8605284885c9d15f318af8728af4022f6ecf0693d1
02_MASTER_EVIDENCE_BASE/03_INVESTIGATIONS/02_EXPANDED_ARCHIVES/DEMOCRACY_INFLUENCE_COMPLETE_BUNDLE_2026-09-11/DEMOCRACY_INFLUENCE_COMPLETE_BUNDLE_2026-09-11/invchain/te053/truth-engine-v2_2.10.6-R3P1_CANONICAL/clusters/ICEBERG.md,1500,62fd494f86f1ed7fa0802281ae322d016e79a90f7f18c2760dfb52d1e7661d6f
02_MASTER_EVIDENCE_BASE/03_INVESTIGATIONS/02_EXPANDED_ARCHIVES/DEMOCRACY_INFLUENCE_COMPLETE_BUNDLE_2026-09-11/DEMOCRACY_INFLUENCE_COMPLETE_BUNDLE_2026-09-11/invchain/te053/truth-engine-v2_2.10.6-R3P1_CANONICAL/clusters/INVERSION.md,1474,03889f6f2bff71de10995f558d309ce30086a43863782e1c8dfdc0d6810f1623
02_MASTER_EVIDENCE_BASE/03_INVESTIGATIONS/02_EXPANDED_ARCHIVES/DEMOCRACY_INFLUENCE_COMPLETE_BUNDLE_2026-09-11/DEMOCRACY_INFLUENCE_COMPLETE_BUNDLE_2026-09-11/invchain/te053/truth-engine-v2_2.10.6-R3P1_CANONICAL/clusters/MONEY.md,1582,0d3c1dfb7d0e102a4e80d3e399d47e4f78edf98d91467846625bd103f55ec013
02_MASTER_EVIDENCE_BASE/03_INVESTIGATIONS/02_EXPANDED_ARCHIVES/DEMOCRACY_INFLUENCE_COMPLETE_BUNDLE_2026-09-11/DEMOCRACY_INFLUENCE_COMPLETE_BUNDLE_2026-09-11/invchain/te053/truth-engine-v2_2.10.6-R3P1_CANONICAL/clusters/NETWORK.md,1503,65c595bfcf13d32c6d092c842ed07e94a0b050ce5762a234db7f8bf651161632
02_MASTER_EVIDENCE_BASE/03_INVESTIGATIONS/02_EXPANDED_ARCHIVES/DEMOCRACY_INFLUENCE_COMPLETE_BUNDLE_2026-09-11/DEMOCRACY_INFLUENCE_COMPLETE_BUNDLE_2026-09-11/invchain/te053/truth-engine-v2_2.10.6-R3P1_CANONICAL/clusters/OVERLOAD.md,1534,ba85ecbf6073f950d20858fbc99a6b234bc13f87fb6d8ca4f7067c0f035c77d7
02_MASTER_EVIDENCE_BASE/03_INVESTIGATIONS/02_EXPANDED_ARCHIVES/DEMOCRACY_INFLUENCE_COMPLETE_BUNDLE_2026-09-11/DEMOCRACY_INFLUENCE_COMPLETE_BUNDLE_2026-09-11/invchain/te053/truth-engine-v2_2.10.6-R3P1_CANONICAL/clusters/POWER.md,1500,a135aedde16635bc5243d497ed9312515dd5c55f66b36631c8e1577ab1a507ee
02_MASTER_EVIDENCE_BASE/03_INVESTIGATIONS/02_EXPANDED_ARCHIVES/DEMOCRACY_INFLUENCE_COMPLETE_BUNDLE_2026-09-11/DEMOCRACY_INFLUENCE_COMPLETE_BUNDLE_2026-09-11/invchain/te053/truth-engine-v2_2.10.6-R3P1_CANONICAL/clusters/RESISTANCE.md,1463,2de3b9f2ae175372205f4b9267fad30e993f78db225c5cb0411a9f962aec1efa
02_MASTER_EVIDENCE_BASE/03_INVESTIGATIONS/02_EXPANDED_ARCHIVES/DEMOCRACY_INFLUENCE_COMPLETE_BUNDLE_2026-09-11/DEMOCRACY_INFLUENCE_COMPLETE_BUNDLE_2026-09-11/invchain/te053/truth-engine-v2_2.10.6-R3P1_CANONICAL/clusters/SPECTACLE.md,1464,e72de7e54916bdc234b72415e43f2ea0891ec7e97b027e2a7a8539aa90753ebd
02_MASTER_EVIDENCE_BASE/03_INVESTIGATIONS/02_EXPANDED_ARCHIVES/DEMOCRACY_INFLUENCE_COMPLETE_BUNDLE_2026-09-11/DEMOCRACY_INFLUENCE_COMPLETE_BUNDLE_2026-09-11/invchain/te053/truth-engine-v2_2.10.6-R3P1_CANONICAL/clusters/TEMPORAL.md,1501,8afbd521a57bd79bc56bfc9f3256197ea11aa5d3c63f371bda0809436b1dc082
02_MASTER_EVIDENCE_BASE/03_INVESTIGATIONS/02_EXPANDED_ARCHIVES/DEMOCRACY_INFLUENCE_COMPLETE_BUNDLE_2026-09-11/DEMOCRACY_INFLUENCE_COMPLETE_BUNDLE_2026-09-11/invchain/te053/truth-engine-v2_2.10.6-R3P1_CANONICAL/clusters/WAR.md,1641,de5a38b51ced8778e121b7ea3b79da72f0cc939f4bd17ddacf0dd974d68b1145
02_MASTER_EVIDENCE_BASE/03_INVESTIGATIONS/02_EXPANDED_ARCHIVES/DEMOCRACY_INFLUENCE_COMPLETE_BUNDLE_2026-09-11/DEMOCRACY_INFLUENCE_COMPLETE_BUNDLE_2026-09-11/invchain/te053/truth-engine-v2_2.10.6-R3P1_CANONICAL/clusters/_INDEX.md,1186,d1007c8f3d778cc2e4334288c8378af728b05c713e5e21588b2c97cf0ea08ca6
02_MASTER_EVIDENCE_BASE/03_INVESTIGATIONS/02_EXPANDED_ARCHIVES/DEMOCRACY_INFLUENCE_COMPLETE_BUNDLE_2026-09-11/DEMOCRACY_INFLUENCE_COMPLETE_BUNDLE_2026-09-11/invchain/te053/truth-engine-v2_2.10.6-R3P1_CANONICAL/clusters/_TEMPLATE.md,945,5b989a544ef3029e554f7bb3572685979300faa3bce7689af2f9a3975b335f50
02_MASTER_EVIDENCE_BASE/03_INVESTIGATIONS/02_EXPANDED_ARCHIVES/DEMOCRACY_INFLUENCE_COMPLETE_BUNDLE_2026-09-11/DEMOCRACY_INFLUENCE_COMPLETE_BUNDLE_2026-09-11/invchain/te053/truth-engine-v2_2.10.6-R3P1_CANONICAL/definitions/PATTERNS.md,6400,d30e591fa4df876492cee0c73c1ce9cbb604f29e1d56bac7c7c5538459497696
02_MASTER_EVIDENCE_BASE/03_INVESTIGATIONS/02_EXPANDED_ARCHIVES/DEMOCRACY_INFLUENCE_COMPLETE_BUNDLE_2026-09-11/DEMOCRACY_INFLUENCE_COMPLETE_BUNDLE_2026-09-11/invchain/te053/truth-engine-v2_2.10.6-R3P1_CANONICAL/definitions/SYMBOLS.md,7458,fc02712ed0d550c8659f2c41493222ec2604bd84a78d18180149c4ca60a1b553
02_MASTER_EVIDENCE_BASE/03_INVESTIGATIONS/02_EXPANDED_ARCHIVES/DEMOCRACY_INFLUENCE_COMPLETE_BUNDLE_2026-09-11/DEMOCRACY_INFLUENCE_COMPLETE_BUNDLE_2026-09-11/invchain/te053/truth-engine-v2_2.10.6-R3P1_CANONICAL/definitions/THREATS.md,5534,51f860ebc743dc6a8a4ad958d9a1d4aa57d2dfc39bd7a894ba9bc9f7b5d73124
02_MASTER_EVIDENCE_BASE/03_INVESTIGATIONS/02_EXPANDED_ARCHIVES/DEMOCRACY_INFLUENCE_COMPLETE_BUNDLE_2026-09-11/DEMOCRACY_INFLUENCE_COMPLETE_BUNDLE_2026-09-11/invchain/te053/truth-engine-v2_2.10.6-R3P1_CANONICAL/forensic/GATES.md,12808,f97b090c26f79b93eeecb291e37f8887d935df5ffaa36d8d6da502fa75f6da6d
02_MASTER_EVIDENCE_BASE/03_INVESTIGATIONS/02_EXPANDED_ARCHIVES/DEMOCRACY_INFLUENCE_COMPLETE_BUNDLE_2026-09-11/DEMOCRACY_INFLUENCE_COMPLETE_BUNDLE_2026-09-11/invchain/te053/truth-engine-v2_2.10.6-R3P1_CANONICAL/forensic/REASONING.md,1874,cb6e83dc74b9a6a311fdd8b73d78e87146c7791ab92179ebf455c2f0f2c89bde
02_MASTER_EVIDENCE_BASE/03_INVESTIGATIONS/02_EXPANDED_ARCHIVES/DEMOCRACY_INFLUENCE_COMPLETE_BUNDLE_2026-09-11/DEMOCRACY_INFLUENCE_COMPLETE_BUNDLE_2026-09-11/invchain/te053/truth-engine-v2_2.10.6-R3P1_CANONICAL/forensic/REQUEST_LOG.md,5102,bae510e5fc18acd635a4c9b8cbef65d2015e14c0122fcc265728216fa94dbdd4
02_MASTER_EVIDENCE_BASE/03_INVESTIGATIONS/02_EXPANDED_ARCHIVES/DEMOCRACY_INFLUENCE_COMPLETE_BUNDLE_2026-09-11/DEMOCRACY_INFLUENCE_COMPLETE_BUNDLE_2026-09-11/invchain/te053/truth-engine-v2_2.10.6-R3P1_CANONICAL/investigations/2026-09/2026-09-11_migration-ngo-funding/2026-09-11_10-27_migration-ngo-funding_CERTIFICATION.json,587,27e9e07c3dd939a5e88f546cef94275ed61b70876d9188cae8ef001cf4e83098
02_MASTER_EVIDENCE_BASE/03_INVESTIGATIONS/02_EXPANDED_ARCHIVES/DEMOCRACY_INFLUENCE_COMPLETE_BUNDLE_2026-09-11/DEMOCRACY_INFLUENCE_COMPLETE_BUNDLE_2026-09-11/invchain/te053/truth-engine-v2_2.10.6-R3P1_CANONICAL/investigations/2026-09/2026-09-11_migration-ngo-funding/2026-09-11_10-27_migration-ngo-funding_INPUT.md,2248,0570dcf1fd973566d9711d574e8829dc408aabbba0512a6d9b34c3d646e6a50b
02_MASTER_EVIDENCE_BASE/03_INVESTIGATIONS/02_EXPANDED_ARCHIVES/DEMOCRACY_INFLUENCE_COMPLETE_BUNDLE_2026-09-11/DEMOCRACY_INFLUENCE_COMPLETE_BUNDLE_2026-09-11/invchain/te053/truth-engine-v2_2.10.6-R3P1_CANONICAL/investigations/2026-09/2026-09-11_migration-ngo-funding/2026-09-11_10-27_migration-ngo-funding_INVESTIGATION.md,42820,354d2135419166a77df2faae2981f0641bbb25342ee1aa4fb4ea371dd47301a2
02_MASTER_EVIDENCE_BASE/03_INVESTIGATIONS/02_EXPANDED_ARCHIVES/DEMOCRACY_INFLUENCE_COMPLETE_BUNDLE_2026-09-11/DEMOCRACY_INFLUENCE_COMPLETE_BUNDLE_2026-09-11/invchain/te053/truth-engine-v2_2.10.6-R3P1_CANONICAL/investigations/2026-09/2026-09-11_migration-ngo-funding/2026-09-11_10-27_migration-ngo-funding_MNEMO_SNAPSHOT.json,7488,baaa79d4513f4db87ac7e0de60d46ad67c8663857994b85cb85f9fd45cedac06
02_MASTER_EVIDENCE_BASE/03_INVESTIGATIONS/02_EXPANDED_ARCHIVES/DEMOCRACY_INFLUENCE_COMPLETE_BUNDLE_2026-09-11/DEMOCRACY_INFLUENCE_COMPLETE_BUNDLE_2026-09-11/invchain/te053/truth-engine-v2_2.10.6-R3P1_CANONICAL/investigations/2026-09/2026-09-11_migration-ngo-funding/2026-09-11_10-27_migration-ngo-funding_NARRATIVE.tmp.md,5861,6f8782178beb6b9c62f2bd48296334e0da2108c9b06c08d1decf1cd421f90a11
02_MASTER_EVIDENCE_BASE/03_INVESTIGATIONS/02_EXPANDED_ARCHIVES/DEMOCRACY_INFLUENCE_COMPLETE_BUNDLE_2026-09-11/DEMOCRACY_INFLUENCE_COMPLETE_BUNDLE_2026-09-11/invchain/te053/truth-engine-v2_2.10.6-R3P1_CANONICAL/investigations/2026-09/2026-09-11_migration-ngo-funding/2026-09-11_10-27_migration-ngo-funding_RUN_STATE.json,38153,023152dd6aac6e8d4e2d6f555370f86ea139b0d725829377279797717e2b4b42
02_MASTER_EVIDENCE_BASE/03_INVESTIGATIONS/02_EXPANDED_ARCHIVES/DEMOCRACY_INFLUENCE_COMPLETE_BUNDLE_2026-09-11/DEMOCRACY_INFLUENCE_COMPLETE_BUNDLE_2026-09-11/invchain/te053/truth-engine-v2_2.10.6-R3P1_CANONICAL/investigations/2026-09/2026-09-11_migration-ngo-funding/_replay_backups/20260911T083158.819809Z/2026-09-11_10-27_migration-ngo-funding_INPUT.md,2248,0570dcf1fd973566d9711d574e8829dc408aabbba0512a6d9b34c3d646e6a50b
02_MASTER_EVIDENCE_BASE/03_INVESTIGATIONS/02_EXPANDED_ARCHIVES/DEMOCRACY_INFLUENCE_COMPLETE_BUNDLE_2026-09-11/DEMOCRACY_INFLUENCE_COMPLETE_BUNDLE_2026-09-11/invchain/te053/truth-engine-v2_2.10.6-R3P1_CANONICAL/investigations/2026-09/2026-09-11_migration-ngo-funding/_replay_backups/20260911T083158.819809Z/2026-09-11_10-27_migration-ngo-funding_RUN_STATE.json,3929,01de65212754ade559b0fdcb46e9cdfd73db8cadbd152041693cb9da1ff56870
02_MASTER_EVIDENCE_BASE/03_INVESTIGATIONS/02_EXPANDED_ARCHIVES/DEMOCRACY_INFLUENCE_COMPLETE_BUNDLE_2026-09-11/DEMOCRACY_INFLUENCE_COMPLETE_BUNDLE_2026-09-11/invchain/te053/truth-engine-v2_2.10.6-R3P1_CANONICAL/output/TEMPLATE.md,5857,eb504ed558d7638b8f599fc6990c6d74783ca81ae1d8016a15d70b8273c31f05
02_MASTER_EVIDENCE_BASE/03_INVESTIGATIONS/02_EXPANDED_ARCHIVES/DEMOCRACY_INFLUENCE_COMPLETE_BUNDLE_2026-09-11/DEMOCRACY_INFLUENCE_COMPLETE_BUNDLE_2026-09-11/invchain/te053/truth-engine-v2_2.10.6-R3P1_CANONICAL/protocol/FACT_VERIFICATION.md,29011,93cb1354c1771e1cc7f9e28600c8053ffedd1c916cc83978b948724b5f5a0219
02_MASTER_EVIDENCE_BASE/03_INVESTIGATIONS/02_EXPANDED_ARCHIVES/DEMOCRACY_INFLUENCE_COMPLETE_BUNDLE_2026-09-11/DEMOCRACY_INFLUENCE_COMPLETE_BUNDLE_2026-09-11/invchain/te053/truth-engine-v2_2.10.6-R3P1_CANONICAL/protocol/INVESTIGATION.md,19705,2418fb593a78048830f2900e04828ce3d7e26aef996bcdddd2199f61a026c208
02_MASTER_EVIDENCE_BASE/03_INVESTIGATIONS/02_EXPANDED_ARCHIVES/DEMOCRACY_INFLUENCE_COMPLETE_BUNDLE_2026-09-11/DEMOCRACY_INFLUENCE_COMPLETE_BUNDLE_2026-09-11/invchain/te053/truth-engine-v2_2.10.6-R3P1_CANONICAL/protocol/PERSO_FRESQUE.md,2807,2fe3404f9758b46de27f1d6700c290a9080ee7c5b0410e9e81b27fbf9b6a5b9f
02_MASTER_EVIDENCE_BASE/03_INVESTIGATIONS/02_EXPANDED_ARCHIVES/DEMOCRACY_INFLUENCE_COMPLETE_BUNDLE_2026-09-11/DEMOCRACY_INFLUENCE_COMPLETE_BUNDLE_2026-09-11/invchain/te053/truth-engine-v2_2.10.6-R3P1_CANONICAL/protocol/UPDATE.md,3987,b36af2c16ec0eba93f66546b05f2f76c4440f3c6cedf74bd716d71c90015c936
02_MASTER_EVIDENCE_BASE/03_INVESTIGATIONS/02_EXPANDED_ARCHIVES/DEMOCRACY_INFLUENCE_COMPLETE_BUNDLE_2026-09-11/DEMOCRACY_INFLUENCE_COMPLETE_BUNDLE_2026-09-11/invchain/te053/truth-engine-v2_2.10.6-R3P1_CANONICAL/search/EPISTEMIC.md,6991,482558f2ea834418625647b92659ef1773ffc71bc09bdce2f5f3bab91791ae00
02_MASTER_EVIDENCE_BASE/03_INVESTIGATIONS/02_EXPANDED_ARCHIVES/DEMOCRACY_INFLUENCE_COMPLETE_BUNDLE_2026-09-11/DEMOCRACY_INFLUENCE_COMPLETE_BUNDLE_2026-09-11/invchain/te053/truth-engine-v2_2.10.6-R3P1_CANONICAL/search/OPTIMIZATION.md,2271,56417643b0f5b49e43d4d2b3e8777801bc78580cbe7abad236eb19d8e351e49c
02_MASTER_EVIDENCE_BASE/03_INVESTIGATIONS/02_EXPANDED_ARCHIVES/DEMOCRACY_INFLUENCE_COMPLETE_BUNDLE_2026-09-11/DEMOCRACY_INFLUENCE_COMPLETE_BUNDLE_2026-09-11/invchain/te053/truth-engine-v2_2.10.6-R3P1_CANONICAL/search/TEMPLATES.md,6097,be5a178bf2772fd9202c100b44e4d6657a64b5fa90e34ceed90682e16f328172
02_MASTER_EVIDENCE_BASE/03_INVESTIGATIONS/02_EXPANDED_ARCHIVES/DEMOCRACY_INFLUENCE_COMPLETE_BUNDLE_2026-09-11/DEMOCRACY_INFLUENCE_COMPLETE_BUNDLE_2026-09-11/invchain/te053/truth-engine-v2_2.10.6-R3P1_CANONICAL/tests/README.md,1242,434a0151079b7fe0375dbb2785c357b10fc53420c43f2dbb55f341a2eebe25bb
02_MASTER_EVIDENCE_BASE/03_INVESTIGATIONS/02_EXPANDED_ARCHIVES/DEMOCRACY_INFLUENCE_COMPLETE_BUNDLE_2026-09-11/DEMOCRACY_INFLUENCE_COMPLETE_BUNDLE_2026-09-11/invchain/te053/truth-engine-v2_2.10.6-R3P1_CANONICAL/tests/__pycache__/test_verify_forensic_output.cpython-313-pytest-9.0.2.pyc,7507,315fd16c4484e9a7d4d335a7920737aa8082dd4c4dac685a7fd48e212362f814
02_MASTER_EVIDENCE_BASE/03_INVESTIGATIONS/02_EXPANDED_ARCHIVES/DEMOCRACY_INFLUENCE_COMPLETE_BUNDLE_2026-09-11/DEMOCRACY_INFLUENCE_COMPLETE_BUNDLE_2026-09-11/invchain/te053/truth-engine-v2_2.10.6-R3P1_CANONICAL/tests/__pycache__/test_verify_gate.cpython-313-pytest-9.0.2.pyc,26757,075c223ec794f20679068e77bd599ea0691549bdac85106a7fe71b93e6be4d6f
02_MASTER_EVIDENCE_BASE/03_INVESTIGATIONS/02_EXPANDED_ARCHIVES/DEMOCRACY_INFLUENCE_COMPLETE_BUNDLE_2026-09-11/DEMOCRACY_INFLUENCE_COMPLETE_BUNDLE_2026-09-11/invchain/te053/truth-engine-v2_2.10.6-R3P1_CANONICAL/tests/extractors/__init__.py,0,e3b0c44298fc1c149afbf4c8996fb92427ae41e4649b934ca495991b7852b855
02_MASTER_EVIDENCE_BASE/03_INVESTIGATIONS/02_EXPANDED_ARCHIVES/DEMOCRACY_INFLUENCE_COMPLETE_BUNDLE_2026-09-11/DEMOCRACY_INFLUENCE_COMPLETE_BUNDLE_2026-09-11/invchain/te053/truth-engine-v2_2.10.6-R3P1_CANONICAL/tests/extractors/__pycache__/__init__.cpython-313.pyc,188,f143e7a00818c851b37692c90d904ae664bed6d88b6ffd4156aad93f0600486c
02_MASTER_EVIDENCE_BASE/03_INVESTIGATIONS/02_EXPANDED_ARCHIVES/DEMOCRACY_INFLUENCE_COMPLETE_BUNDLE_2026-09-11/DEMOCRACY_INFLUENCE_COMPLETE_BUNDLE_2026-09-11/invchain/te053/truth-engine-v2_2.10.6-R3P1_CANONICAL/tests/extractors/__pycache__/test_gates.cpython-313-pytest-9.0.2.pyc,21353,1ecddcbd1c599bf7ca7cac5d75f9b25a57737d94981ecb64cdf9ab94a8c2cad9
02_MASTER_EVIDENCE_BASE/03_INVESTIGATIONS/02_EXPANDED_ARCHIVES/DEMOCRACY_INFLUENCE_COMPLETE_BUNDLE_2026-09-11/DEMOCRACY_INFLUENCE_COMPLETE_BUNDLE_2026-09-11/invchain/te053/truth-engine-v2_2.10.6-R3P1_CANONICAL/tests/extractors/__pycache__/test_gates_hardening.cpython-313-pytest-9.0.2.pyc,30742,c420e8283b29153dcb6ee1cc2798a5d493e6165acd2c20e9ba6ba470c48ac37a
02_MASTER_EVIDENCE_BASE/03_INVESTIGATIONS/02_EXPANDED_ARCHIVES/DEMOCRACY_INFLUENCE_COMPLETE_BUNDLE_2026-09-11/DEMOCRACY_INFLUENCE_COMPLETE_BUNDLE_2026-09-11/invchain/te053/truth-engine-v2_2.10.6-R3P1_CANONICAL/tests/extractors/__pycache__/test_gates_json.cpython-313-pytest-9.0.2.pyc,23788,36d218a488a0d8cf3a1547370bdf0208c25131bd8a0585cf9e78ea38569d2b28
02_MASTER_EVIDENCE_BASE/03_INVESTIGATIONS/02_EXPANDED_ARCHIVES/DEMOCRACY_INFLUENCE_COMPLETE_BUNDLE_2026-09-11/DEMOCRACY_INFLUENCE_COMPLETE_BUNDLE_2026-09-11/invchain/te053/truth-engine-v2_2.10.6-R3P1_CANONICAL/tests/extractors/__pycache__/test_head_check_hardening.cpython-313-pytest-9.0.2.pyc,28638,31b90cf65d0d28271d1b620aff108c083d0885cbbcfa59c00c707f985dac5615
02_MASTER_EVIDENCE_BASE/03_INVESTIGATIONS/02_EXPANDED_ARCHIVES/DEMOCRACY_INFLUENCE_COMPLETE_BUNDLE_2026-09-11/DEMOCRACY_INFLUENCE_COMPLETE_BUNDLE_2026-09-11/invchain/te053/truth-engine-v2_2.10.6-R3P1_CANONICAL/tests/extractors/test_gates.py,6585,039c70da1cdebe91c267c24ae00f101534ec54983a3cae2cf48be609e3ffdf8c
02_MASTER_EVIDENCE_BASE/03_INVESTIGATIONS/02_EXPANDED_ARCHIVES/DEMOCRACY_INFLUENCE_COMPLETE_BUNDLE_2026-09-11/DEMOCRACY_INFLUENCE_COMPLETE_BUNDLE_2026-09-11/invchain/te053/truth-engine-v2_2.10.6-R3P1_CANONICAL/tests/extractors/test_gates_hardening.py,9500,0c99c5eda1c2d197e833ebd0a4316479770115666c9d36a7390312863a5816fb
02_MASTER_EVIDENCE_BASE/03_INVESTIGATIONS/02_EXPANDED_ARCHIVES/DEMOCRACY_INFLUENCE_COMPLETE_BUNDLE_2026-09-11/DEMOCRACY_INFLUENCE_COMPLETE_BUNDLE_2026-09-11/invchain/te053/truth-engine-v2_2.10.6-R3P1_CANONICAL/tests/extractors/test_gates_json.py,7800,bc38252541d36ef0e260c689f3326e831965fe7dec9bd5184e331d9c273d6cc6
02_MASTER_EVIDENCE_BASE/03_INVESTIGATIONS/02_EXPANDED_ARCHIVES/DEMOCRACY_INFLUENCE_COMPLETE_BUNDLE_2026-09-11/DEMOCRACY_INFLUENCE_COMPLETE_BUNDLE_2026-09-11/invchain/te053/truth-engine-v2_2.10.6-R3P1_CANONICAL/tests/extractors/test_head_check_hardening.py,8758,9bd6832bcbb31711c4e0331b1db1fc91b27c7b26682a5ee0dab7d03050f0fbda
02_MASTER_EVIDENCE_BASE/03_INVESTIGATIONS/02_EXPANDED_ARCHIVES/DEMOCRACY_INFLUENCE_COMPLETE_BUNDLE_2026-09-11/DEMOCRACY_INFLUENCE_COMPLETE_BUNDLE_2026-09-11/invchain/te053/truth-engine-v2_2.10.6-R3P1_CANONICAL/tests/runtime/__pycache__/test_forensic_output_contract.cpython-313-pytest-9.0.2.pyc,12842,ccd285058370c5db9d1e04327f1601a247af0356c8e6c031ec3eea14e29e1509
02_MASTER_EVIDENCE_BASE/03_INVESTIGATIONS/02_EXPANDED_ARCHIVES/DEMOCRACY_INFLUENCE_COMPLETE_BUNDLE_2026-09-11/DEMOCRACY_INFLUENCE_COMPLETE_BUNDLE_2026-09-11/invchain/te053/truth-engine-v2_2.10.6-R3P1_CANONICAL/tests/runtime/__pycache__/test_mnemo_unavailable_delivery.cpython-313-pytest-9.0.2.pyc,15706,3c15426988f89d70c291ae2768c60b18a1b75887fa67a74a1d0e165a12ea1df2
02_MASTER_EVIDENCE_BASE/03_INVESTIGATIONS/02_EXPANDED_ARCHIVES/DEMOCRACY_INFLUENCE_COMPLETE_BUNDLE_2026-09-11/DEMOCRACY_INFLUENCE_COMPLETE_BUNDLE_2026-09-11/invchain/te053/truth-engine-v2_2.10.6-R3P1_CANONICAL/tests/runtime/test_forensic_output_contract.py,2376,3f645e4d4a933a772f4e908a5e8423a3a9d273c151cebccf20134eee4eb93d8f
02_MASTER_EVIDENCE_BASE/03_INVESTIGATIONS/02_EXPANDED_ARCHIVES/DEMOCRACY_INFLUENCE_COMPLETE_BUNDLE_2026-09-11/DEMOCRACY_INFLUENCE_COMPLETE_BUNDLE_2026-09-11/invchain/te053/truth-engine-v2_2.10.6-R3P1_CANONICAL/tests/runtime/test_mnemo_unavailable_delivery.py,4607,7737d2f40dc84b1a397622306c3646a1094424b43521e41b45076dc2850935f9
02_MASTER_EVIDENCE_BASE/03_INVESTIGATIONS/02_EXPANDED_ARCHIVES/DEMOCRACY_INFLUENCE_COMPLETE_BUNDLE_2026-09-11/DEMOCRACY_INFLUENCE_COMPLETE_BUNDLE_2026-09-11/invchain/te053/truth-engine-v2_2.10.6-R3P1_CANONICAL/tests/test_verify_forensic_output.py,1892,cf374634dc2fc697406f9ff4f96018e8a708c29e98371b4092d50e6a733f510f
02_MASTER_EVIDENCE_BASE/03_INVESTIGATIONS/02_EXPANDED_ARCHIVES/DEMOCRACY_INFLUENCE_COMPLETE_BUNDLE_2026-09-11/DEMOCRACY_INFLUENCE_COMPLETE_BUNDLE_2026-09-11/invchain/te053/truth-engine-v2_2.10.6-R3P1_CANONICAL/tests/test_verify_gate.py,6095,6eaece9b9f3a5dc317f45d3da99bf462fe440f7c26def5f5a6ce5338e27c57ab
02_MASTER_EVIDENCE_BASE/03_INVESTIGATIONS/02_EXPANDED_ARCHIVES/DEMOCRACY_INFLUENCE_COMPLETE_BUNDLE_2026-09-11/DEMOCRACY_INFLUENCE_COMPLETE_BUNDLE_2026-09-11/invchain/te053/truth-engine-v2_2.10.6-R3P1_CANONICAL/tools/DSL.md,2868,17a31bf06dac4b59a6aa09a080554d83684f87a4df365f30681c3226161ecb9c
02_MASTER_EVIDENCE_BASE/03_INVESTIGATIONS/02_EXPANDED_ARCHIVES/DEMOCRACY_INFLUENCE_COMPLETE_BUNDLE_2026-09-11/DEMOCRACY_INFLUENCE_COMPLETE_BUNDLE_2026-09-11/invchain/te053/truth-engine-v2_2.10.6-R3P1_CANONICAL/tools/MACROS.md,3301,50cd3a4579fb2c82248a17129ebbde8e91f0dd6fbac10fbc34a344603f33ba7f
02_MASTER_EVIDENCE_BASE/03_INVESTIGATIONS/02_EXPANDED_ARCHIVES/DEMOCRACY_INFLUENCE_COMPLETE_BUNDLE_2026-09-11/DEMOCRACY_INFLUENCE_COMPLETE_BUNDLE_2026-09-11/invchain/te053/truth-engine-v2_2.10.6-R3P1_CANONICAL/tools/__init__.py,0,e3b0c44298fc1c149afbf4c8996fb92427ae41e4649b934ca495991b7852b855
02_MASTER_EVIDENCE_BASE/03_INVESTIGATIONS/02_EXPANDED_ARCHIVES/DEMOCRACY_INFLUENCE_COMPLETE_BUNDLE_2026-09-11/DEMOCRACY_INFLUENCE_COMPLETE_BUNDLE_2026-09-11/invchain/te053/truth-engine-v2_2.10.6-R3P1_CANONICAL/tools/__pycache__/__init__.cpython-313.pyc,177,26423934b5cf114d689d3c459c5fb16c814fd6bc0de05d715fddb13bcecb78ed
02_MASTER_EVIDENCE_BASE/03_INVESTIGATIONS/02_EXPANDED_ARCHIVES/DEMOCRACY_INFLUENCE_COMPLETE_BUNDLE_2026-09-11/DEMOCRACY_INFLUENCE_COMPLETE_BUNDLE_2026-09-11/invchain/te053/truth-engine-v2_2.10.6-R3P1_CANONICAL/tools/engines/__init__.py,0,e3b0c44298fc1c149afbf4c8996fb92427ae41e4649b934ca495991b7852b855
02_MASTER_EVIDENCE_BASE/03_INVESTIGATIONS/02_EXPANDED_ARCHIVES/DEMOCRACY_INFLUENCE_COMPLETE_BUNDLE_2026-09-11/DEMOCRACY_INFLUENCE_COMPLETE_BUNDLE_2026-09-11/invchain/te053/truth-engine-v2_2.10.6-R3P1_CANONICAL/tools/engines/__pycache__/__init__.cpython-313.pyc,185,3f7440e4b6bcd55076ec88870a0af91c0d01596288f5532e33c92e1e5bc2ce7f
02_MASTER_EVIDENCE_BASE/03_INVESTIGATIONS/02_EXPANDED_ARCHIVES/DEMOCRACY_INFLUENCE_COMPLETE_BUNDLE_2026-09-11/DEMOCRACY_INFLUENCE_COMPLETE_BUNDLE_2026-09-11/invchain/te053/truth-engine-v2_2.10.6-R3P1_CANONICAL/tools/engines/sublimator/__init__.py,0,e3b0c44298fc1c149afbf4c8996fb92427ae41e4649b934ca495991b7852b855
02_MASTER_EVIDENCE_BASE/03_INVESTIGATIONS/02_EXPANDED_ARCHIVES/DEMOCRACY_INFLUENCE_COMPLETE_BUNDLE_2026-09-11/DEMOCRACY_INFLUENCE_COMPLETE_BUNDLE_2026-09-11/invchain/te053/truth-engine-v2_2.10.6-R3P1_CANONICAL/tools/engines/sublimator/__pycache__/__init__.cpython-313.pyc,196,78ab4f649694cd04c6fdd018ef85d22d1ed4ae5f0618c13933ea639139444d0a
02_MASTER_EVIDENCE_BASE/03_INVESTIGATIONS/02_EXPANDED_ARCHIVES/DEMOCRACY_INFLUENCE_COMPLETE_BUNDLE_2026-09-11/DEMOCRACY_INFLUENCE_COMPLETE_BUNDLE_2026-09-11/invchain/te053/truth-engine-v2_2.10.6-R3P1_CANONICAL/tools/engines/sublimator/extractors/__init__.py,0,e3b0c44298fc1c149afbf4c8996fb92427ae41e4649b934ca495991b7852b855
02_MASTER_EVIDENCE_BASE/03_INVESTIGATIONS/02_EXPANDED_ARCHIVES/DEMOCRACY_INFLUENCE_COMPLETE_BUNDLE_2026-09-11/DEMOCRACY_INFLUENCE_COMPLETE_BUNDLE_2026-09-11/invchain/te053/truth-engine-v2_2.10.6-R3P1_CANONICAL/tools/engines/sublimator/extractors/__pycache__/__init__.cpython-313.pyc,207,c6d0aec41eb94e19d9ad4a7f5a5e27a81028339a830e076be9f0ff5815918a83
02_MASTER_EVIDENCE_BASE/03_INVESTIGATIONS/02_EXPANDED_ARCHIVES/DEMOCRACY_INFLUENCE_COMPLETE_BUNDLE_2026-09-11/DEMOCRACY_INFLUENCE_COMPLETE_BUNDLE_2026-09-11/invchain/te053/truth-engine-v2_2.10.6-R3P1_CANONICAL/tools/engines/sublimator/extractors/__pycache__/gates.cpython-313.pyc,6944,359c4d200e9d5cf8f07dd45677fa0afff40b7d489b43f5ee7d247a1c15563284
02_MASTER_EVIDENCE_BASE/03_INVESTIGATIONS/02_EXPANDED_ARCHIVES/DEMOCRACY_INFLUENCE_COMPLETE_BUNDLE_2026-09-11/DEMOCRACY_INFLUENCE_COMPLETE_BUNDLE_2026-09-11/invchain/te053/truth-engine-v2_2.10.6-R3P1_CANONICAL/tools/engines/sublimator/extractors/__pycache__/head_check.cpython-313.pyc,6582,d000bbe522d5cf97a518cad675bf0ef664545298948118c16070bc53b52cb5ca
02_MASTER_EVIDENCE_BASE/03_INVESTIGATIONS/02_EXPANDED_ARCHIVES/DEMOCRACY_INFLUENCE_COMPLETE_BUNDLE_2026-09-11/DEMOCRACY_INFLUENCE_COMPLETE_BUNDLE_2026-09-11/invchain/te053/truth-engine-v2_2.10.6-R3P1_CANONICAL/tools/engines/sublimator/extractors/gates.py,5469,a55c74b8e5aebc5a1073e737bf95bff21fc0531f3db58eb4636089e19ee84fa8
02_MASTER_EVIDENCE_BASE/03_INVESTIGATIONS/02_EXPANDED_ARCHIVES/DEMOCRACY_INFLUENCE_COMPLETE_BUNDLE_2026-09-11/DEMOCRACY_INFLUENCE_COMPLETE_BUNDLE_2026-09-11/invchain/te053/truth-engine-v2_2.10.6-R3P1_CANONICAL/tools/engines/sublimator/extractors/head_check.py,4892,57fc1b90093964d2689b83ba1fa393ad40f794d83a3ed06d322c7dd67dd8d38e
02_MASTER_EVIDENCE_BASE/03_INVESTIGATIONS/02_EXPANDED_ARCHIVES/DEMOCRACY_INFLUENCE_COMPLETE_BUNDLE_2026-09-11/DEMOCRACY_INFLUENCE_COMPLETE_BUNDLE_2026-09-11/invchain/te053/truth-engine-v2_2.10.6-R3P1_CANONICAL/tools/runtime/README.md,7620,965c81acb3d3209809e2a42b2d9ec42415b28c980b9ac9c2e963ae4ea8ac3f5a
02_MASTER_EVIDENCE_BASE/03_INVESTIGATIONS/02_EXPANDED_ARCHIVES/DEMOCRACY_INFLUENCE_COMPLETE_BUNDLE_2026-09-11/DEMOCRACY_INFLUENCE_COMPLETE_BUNDLE_2026-09-11/invchain/te053/truth-engine-v2_2.10.6-R3P1_CANONICAL/tools/runtime/__pycache__/run_state.cpython-313.pyc,187450,00d93e7834a970ff170481ebfd9de78d912e4a2c23392a6839fe3689e2a1354b
02_MASTER_EVIDENCE_BASE/03_INVESTIGATIONS/02_EXPANDED_ARCHIVES/DEMOCRACY_INFLUENCE_COMPLETE_BUNDLE_2026-09-11/DEMOCRACY_INFLUENCE_COMPLETE_BUNDLE_2026-09-11/invchain/te053/truth-engine-v2_2.10.6-R3P1_CANONICAL/tools/runtime/run_state.py,107428,81effd7bfef4ddcdacba1f9a4139cd856fae0eb7853518846f2381a49869d77e
02_MASTER_EVIDENCE_BASE/03_INVESTIGATIONS/02_EXPANDED_ARCHIVES/DEMOCRACY_INFLUENCE_COMPLETE_BUNDLE_2026-09-11/DEMOCRACY_INFLUENCE_COMPLETE_BUNDLE_2026-09-11/invchain/te053/truth-engine-v2_2.10.6-R3P1_CANONICAL/tools/verify/__pycache__/verify.cpython-313.pyc,130955,7e899d387a2a406a58c83160f90eb7d7f5ed2923409c22dfa9a0a9f35607be1f
02_MASTER_EVIDENCE_BASE/03_INVESTIGATIONS/02_EXPANDED_ARCHIVES/DEMOCRACY_INFLUENCE_COMPLETE_BUNDLE_2026-09-11/DEMOCRACY_INFLUENCE_COMPLETE_BUNDLE_2026-09-11/invchain/te053/truth-engine-v2_2.10.6-R3P1_CANONICAL/tools/verify/verify.py,89673,2dd969529d7c15d5bb7c464a185c56c284575f65c76a71b2af2a495887e76018
02_MASTER_EVIDENCE_BASE/03_INVESTIGATIONS/02_EXPANDED_ARCHIVES/DEMOCRACY_INFLUENCE_COMPLETE_BUNDLE_2026-09-11/__NESTED_EXPANDED__/DEMOCRACY_INFLUENCE_COMPLETE_BUNDLE_2026-09-11__invchain__TRUTH_ENGINE_2.10.6_R3P1_CANONICAL(1)/truth-engine-v2_2.10.6-R3P1_CANONICAL/.gitignore,79,55d40310f620ea2b99b41ac7834b74d0627d99d79c2de97b1c62e6ffcc468d1a
02_MASTER_EVIDENCE_BASE/03_INVESTIGATIONS/02_EXPANDED_ARCHIVES/DEMOCRACY_INFLUENCE_COMPLETE_BUNDLE_2026-09-11/__NESTED_EXPANDED__/DEMOCRACY_INFLUENCE_COMPLETE_BUNDLE_2026-09-11__invchain__TRUTH_ENGINE_2.10.6_R3P1_CANONICAL(1)/truth-engine-v2_2.10.6-R3P1_CANONICAL/.verify/config.example.json,728,fc4ee1aa9b3b41ed831bd8622ffd6b78f0ffa742789d17c33396f48e8f456f4a
02_MASTER_EVIDENCE_BASE/03_INVESTIGATIONS/02_EXPANDED_ARCHIVES/DEMOCRACY_INFLUENCE_COMPLETE_BUNDLE_2026-09-11/__NESTED_EXPANDED__/DEMOCRACY_INFLUENCE_COMPLETE_BUNDLE_2026-09-11__invchain__TRUTH_ENGINE_2.10.6_R3P1_CANONICAL(1)/truth-engine-v2_2.10.6-R3P1_CANONICAL/.verify/config.json,2407,aa038bb5e9a6aa06d7cd2b6e3afa0c2dadedb3e6c4a694d5ba097fa163de10f6
02_MASTER_EVIDENCE_BASE/03_INVESTIGATIONS/02_EXPANDED_ARCHIVES/DEMOCRACY_INFLUENCE_COMPLETE_BUNDLE_2026-09-11/__NESTED_EXPANDED__/DEMOCRACY_INFLUENCE_COMPLETE_BUNDLE_2026-09-11__invchain__TRUTH_ENGINE_2.10.6_R3P1_CANONICAL(1)/truth-engine-v2_2.10.6-R3P1_CANONICAL/ARCHITECTURE.md,39996,4a0ec19e1b1f2fc0033d47041c90b697308864fc3e7b997408251602893a5ad0
02_MASTER_EVIDENCE_BASE/03_INVESTIGATIONS/02_EXPANDED_ARCHIVES/DEMOCRACY_INFLUENCE_COMPLETE_BUNDLE_2026-09-11/__NESTED_EXPANDED__/DEMOCRACY_INFLUENCE_COMPLETE_BUNDLE_2026-09-11__invchain__TRUTH_ENGINE_2.10.6_R3P1_CANONICAL(1)/truth-engine-v2_2.10.6-R3P1_CANONICAL/KERNEL.md,69458,0d78b5d2db873d6bb9984867c3a4b1095b46400db2145487a763680b43e88974
02_MASTER_EVIDENCE_BASE/03_INVESTIGATIONS/02_EXPANDED_ARCHIVES/DEMOCRACY_INFLUENCE_COMPLETE_BUNDLE_2026-09-11/__NESTED_EXPANDED__/DEMOCRACY_INFLUENCE_COMPLETE_BUNDLE_2026-09-11__invchain__TRUTH_ENGINE_2.10.6_R3P1_CANONICAL(1)/truth-engine-v2_2.10.6-R3P1_CANONICAL/PACKAGE_R2A2P1.md,802,912ba6863d5d7ecce179ba13cc3bd9d3a66ead1c685d5dc856a65edbb5d6ae2d
02_MASTER_EVIDENCE_BASE/03_INVESTIGATIONS/02_EXPANDED_ARCHIVES/DEMOCRACY_INFLUENCE_COMPLETE_BUNDLE_2026-09-11/__NESTED_EXPANDED__/DEMOCRACY_INFLUENCE_COMPLETE_BUNDLE_2026-09-11__invchain__TRUTH_ENGINE_2.10.6_R3P1_CANONICAL(1)/truth-engine-v2_2.10.6-R3P1_CANONICAL/PACKAGE_R3P0.md,2728,68e21ba60958c31930f60475e11a745c674b89b1552c9d7e051d85be9ec398d4
02_MASTER_EVIDENCE_BASE/03_INVESTIGATIONS/02_EXPANDED_ARCHIVES/DEMOCRACY_INFLUENCE_COMPLETE_BUNDLE_2026-09-11/__NESTED_EXPANDED__/DEMOCRACY_INFLUENCE_COMPLETE_BUNDLE_2026-09-11__invchain__TRUTH_ENGINE_2.10.6_R3P1_CANONICAL(1)/truth-engine-v2_2.10.6-R3P1_CANONICAL/PACKAGE_R3P1.md,1820,4c60e53ed742a2210de2b036571bcefd9a55e6bce0fb6bec86b3348982d93f77
02_MASTER_EVIDENCE_BASE/03_INVESTIGATIONS/02_EXPANDED_ARCHIVES/DEMOCRACY_INFLUENCE_COMPLETE_BUNDLE_2026-09-11/__NESTED_EXPANDED__/DEMOCRACY_INFLUENCE_COMPLETE_BUNDLE_2026-09-11__invchain__TRUTH_ENGINE_2.10.6_R3P1_CANONICAL(1)/truth-engine-v2_2.10.6-R3P1_CANONICAL/PATCH_R2A2_MNEMO_DEGRADED.md,2101,b0fbf5370123f3832a42d7177a1e5c66b8b0b3aebaa94e8f633b01d6591b26c9
02_MASTER_EVIDENCE_BASE/03_INVESTIGATIONS/02_EXPANDED_ARCHIVES/DEMOCRACY_INFLUENCE_COMPLETE_BUNDLE_2026-09-11/__NESTED_EXPANDED__/DEMOCRACY_INFLUENCE_COMPLETE_BUNDLE_2026-09-11__invchain__TRUTH_ENGINE_2.10.6_R3P1_CANONICAL(1)/truth-engine-v2_2.10.6-R3P1_CANONICAL/PATH_AUDIT.csv,5913,156aacdc65fa4f5fb3180e465ac548ce47241350e2db1fda19e96e1158205efc
02_MASTER_EVIDENCE_BASE/03_INVESTIGATIONS/02_EXPANDED_ARCHIVES/DEMOCRACY_INFLUENCE_COMPLETE_BUNDLE_2026-09-11/__NESTED_EXPANDED__/DEMOCRACY_INFLUENCE_COMPLETE_BUNDLE_2026-09-11__invchain__TRUTH_ENGINE_2.10.6_R3P1_CANONICAL(1)/truth-engine-v2_2.10.6-R3P1_CANONICAL/PATH_AUDIT.md,728,00086cfab707ba07c052bdbdb13122f62417c24cccae3156e99c9be13ab983dc
02_MASTER_EVIDENCE_BASE/03_INVESTIGATIONS/02_EXPANDED_ARCHIVES/DEMOCRACY_INFLUENCE_COMPLETE_BUNDLE_2026-09-11/__NESTED_EXPANDED__/DEMOCRACY_INFLUENCE_COMPLETE_BUNDLE_2026-09-11__invchain__TRUTH_ENGINE_2.10.6_R3P1_CANONICAL(1)/truth-engine-v2_2.10.6-R3P1_CANONICAL/clusters/BIO.md,1868,73cbb1d3998e52a1eedb79ab29a0825aac87981b26fb7f4632e7823dbaaaf951
02_MASTER_EVIDENCE_BASE/03_INVESTIGATIONS/02_EXPANDED_ARCHIVES/DEMOCRACY_INFLUENCE_COMPLETE_BUNDLE_2026-09-11/__NESTED_EXPANDED__/DEMOCRACY_INFLUENCE_COMPLETE_BUNDLE_2026-09-11__invchain__TRUTH_ENGINE_2.10.6_R3P1_CANONICAL(1)/truth-engine-v2_2.10.6-R3P1_CANONICAL/clusters/CONFIRMATION.md,1606,5dea3f0d1d4994a1e45f5409beab451da6cbd69d9d53fee0ee65769e856251aa
02_MASTER_EVIDENCE_BASE/03_INVESTIGATIONS/02_EXPANDED_ARCHIVES/DEMOCRACY_INFLUENCE_COMPLETE_BUNDLE_2026-09-11/__NESTED_EXPANDED__/DEMOCRACY_INFLUENCE_COMPLETE_BUNDLE_2026-09-11__invchain__TRUTH_ENGINE_2.10.6_R3P1_CANONICAL(1)/truth-engine-v2_2.10.6-R3P1_CANONICAL/clusters/FRAGMENTATION.md,1587,92128543a24b348bfe21a2c98f66ebbb446f67b3a7c6135ee37bf789bc3b62ae
02_MASTER_EVIDENCE_BASE/03_INVESTIGATIONS/02_EXPANDED_ARCHIVES/DEMOCRACY_INFLUENCE_COMPLETE_BUNDLE_2026-09-11/__NESTED_EXPANDED__/DEMOCRACY_INFLUENCE_COMPLETE_BUNDLE_2026-09-11__invchain__TRUTH_ENGINE_2.10.6_R3P1_CANONICAL(1)/truth-engine-v2_2.10.6-R3P1_CANONICAL/clusters/FRAMING.md,1479,2171e88d7538d7a5b7c3be4ace16f2d8d58ce023ffb2da1f407329acb6a81740
02_MASTER_EVIDENCE_BASE/03_INVESTIGATIONS/02_EXPANDED_ARCHIVES/DEMOCRACY_INFLUENCE_COMPLETE_BUNDLE_2026-09-11/__NESTED_EXPANDED__/DEMOCRACY_INFLUENCE_COMPLETE_BUNDLE_2026-09-11__invchain__TRUTH_ENGINE_2.10.6_R3P1_CANONICAL(1)/truth-engine-v2_2.10.6-R3P1_CANONICAL/clusters/GASLIGHTING.md,1446,92ca318eb8655a7a89c63e8605284885c9d15f318af8728af4022f6ecf0693d1
02_MASTER_EVIDENCE_BASE/03_INVESTIGATIONS/02_EXPANDED_ARCHIVES/DEMOCRACY_INFLUENCE_COMPLETE_BUNDLE_2026-09-11/__NESTED_EXPANDED__/DEMOCRACY_INFLUENCE_COMPLETE_BUNDLE_2026-09-11__invchain__TRUTH_ENGINE_2.10.6_R3P1_CANONICAL(1)/truth-engine-v2_2.10.6-R3P1_CANONICAL/clusters/ICEBERG.md,1500,62fd494f86f1ed7fa0802281ae322d016e79a90f7f18c2760dfb52d1e7661d6f
02_MASTER_EVIDENCE_BASE/03_INVESTIGATIONS/02_EXPANDED_ARCHIVES/DEMOCRACY_INFLUENCE_COMPLETE_BUNDLE_2026-09-11/__NESTED_EXPANDED__/DEMOCRACY_INFLUENCE_COMPLETE_BUNDLE_2026-09-11__invchain__TRUTH_ENGINE_2.10.6_R3P1_CANONICAL(1)/truth-engine-v2_2.10.6-R3P1_CANONICAL/clusters/INVERSION.md,1474,03889f6f2bff71de10995f558d309ce30086a43863782e1c8dfdc0d6810f1623
02_MASTER_EVIDENCE_BASE/03_INVESTIGATIONS/02_EXPANDED_ARCHIVES/DEMOCRACY_INFLUENCE_COMPLETE_BUNDLE_2026-09-11/__NESTED_EXPANDED__/DEMOCRACY_INFLUENCE_COMPLETE_BUNDLE_2026-09-11__invchain__TRUTH_ENGINE_2.10.6_R3P1_CANONICAL(1)/truth-engine-v2_2.10.6-R3P1_CANONICAL/clusters/MONEY.md,1582,0d3c1dfb7d0e102a4e80d3e399d47e4f78edf98d91467846625bd103f55ec013
02_MASTER_EVIDENCE_BASE/03_INVESTIGATIONS/02_EXPANDED_ARCHIVES/DEMOCRACY_INFLUENCE_COMPLETE_BUNDLE_2026-09-11/__NESTED_EXPANDED__/DEMOCRACY_INFLUENCE_COMPLETE_BUNDLE_2026-09-11__invchain__TRUTH_ENGINE_2.10.6_R3P1_CANONICAL(1)/truth-engine-v2_2.10.6-R3P1_CANONICAL/clusters/NETWORK.md,1503,65c595bfcf13d32c6d092c842ed07e94a0b050ce5762a234db7f8bf651161632
02_MASTER_EVIDENCE_BASE/03_INVESTIGATIONS/02_EXPANDED_ARCHIVES/DEMOCRACY_INFLUENCE_COMPLETE_BUNDLE_2026-09-11/__NESTED_EXPANDED__/DEMOCRACY_INFLUENCE_COMPLETE_BUNDLE_2026-09-11__invchain__TRUTH_ENGINE_2.10.6_R3P1_CANONICAL(1)/truth-engine-v2_2.10.6-R3P1_CANONICAL/clusters/OVERLOAD.md,1534,ba85ecbf6073f950d20858fbc99a6b234bc13f87fb6d8ca4f7067c0f035c77d7
02_MASTER_EVIDENCE_BASE/03_INVESTIGATIONS/02_EXPANDED_ARCHIVES/DEMOCRACY_INFLUENCE_COMPLETE_BUNDLE_2026-09-11/__NESTED_EXPANDED__/DEMOCRACY_INFLUENCE_COMPLETE_BUNDLE_2026-09-11__invchain__TRUTH_ENGINE_2.10.6_R3P1_CANONICAL(1)/truth-engine-v2_2.10.6-R3P1_CANONICAL/clusters/POWER.md,1500,a135aedde16635bc5243d497ed9312515dd5c55f66b36631c8e1577ab1a507ee
02_MASTER_EVIDENCE_BASE/03_INVESTIGATIONS/02_EXPANDED_ARCHIVES/DEMOCRACY_INFLUENCE_COMPLETE_BUNDLE_2026-09-11/__NESTED_EXPANDED__/DEMOCRACY_INFLUENCE_COMPLETE_BUNDLE_2026-09-11__invchain__TRUTH_ENGINE_2.10.6_R3P1_CANONICAL(1)/truth-engine-v2_2.10.6-R3P1_CANONICAL/clusters/RESISTANCE.md,1463,2de3b9f2ae175372205f4b9267fad30e993f78db225c5cb0411a9f962aec1efa
02_MASTER_EVIDENCE_BASE/03_INVESTIGATIONS/02_EXPANDED_ARCHIVES/DEMOCRACY_INFLUENCE_COMPLETE_BUNDLE_2026-09-11/__NESTED_EXPANDED__/DEMOCRACY_INFLUENCE_COMPLETE_BUNDLE_2026-09-11__invchain__TRUTH_ENGINE_2.10.6_R3P1_CANONICAL(1)/truth-engine-v2_2.10.6-R3P1_CANONICAL/clusters/SPECTACLE.md,1464,e72de7e54916bdc234b72415e43f2ea0891ec7e97b027e2a7a8539aa90753ebd
02_MASTER_EVIDENCE_BASE/03_INVESTIGATIONS/02_EXPANDED_ARCHIVES/DEMOCRACY_INFLUENCE_COMPLETE_BUNDLE_2026-09-11/__NESTED_EXPANDED__/DEMOCRACY_INFLUENCE_COMPLETE_BUNDLE_2026-09-11__invchain__TRUTH_ENGINE_2.10.6_R3P1_CANONICAL(1)/truth-engine-v2_2.10.6-R3P1_CANONICAL/clusters/TEMPORAL.md,1501,8afbd521a57bd79bc56bfc9f3256197ea11aa5d3c63f371bda0809436b1dc082
02_MASTER_EVIDENCE_BASE/03_INVESTIGATIONS/02_EXPANDED_ARCHIVES/DEMOCRACY_INFLUENCE_COMPLETE_BUNDLE_2026-09-11/__NESTED_EXPANDED__/DEMOCRACY_INFLUENCE_COMPLETE_BUNDLE_2026-09-11__invchain__TRUTH_ENGINE_2.10.6_R3P1_CANONICAL(1)/truth-engine-v2_2.10.6-R3P1_CANONICAL/clusters/WAR.md,1641,de5a38b51ced8778e121b7ea3b79da72f0cc939f4bd17ddacf0dd974d68b1145
02_MASTER_EVIDENCE_BASE/03_INVESTIGATIONS/02_EXPANDED_ARCHIVES/DEMOCRACY_INFLUENCE_COMPLETE_BUNDLE_2026-09-11/__NESTED_EXPANDED__/DEMOCRACY_INFLUENCE_COMPLETE_BUNDLE_2026-09-11__invchain__TRUTH_ENGINE_2.10.6_R3P1_CANONICAL(1)/truth-engine-v2_2.10.6-R3P1_CANONICAL/clusters/_INDEX.md,1186,d1007c8f3d778cc2e4334288c8378af728b05c713e5e21588b2c97cf0ea08ca6
02_MASTER_EVIDENCE_BASE/03_INVESTIGATIONS/02_EXPANDED_ARCHIVES/DEMOCRACY_INFLUENCE_COMPLETE_BUNDLE_2026-09-11/__NESTED_EXPANDED__/DEMOCRACY_INFLUENCE_COMPLETE_BUNDLE_2026-09-11__invchain__TRUTH_ENGINE_2.10.6_R3P1_CANONICAL(1)/truth-engine-v2_2.10.6-R3P1_CANONICAL/clusters/_TEMPLATE.md,945,5b989a544ef3029e554f7bb3572685979300faa3bce7689af2f9a3975b335f50
02_MASTER_EVIDENCE_BASE/03_INVESTIGATIONS/02_EXPANDED_ARCHIVES/DEMOCRACY_INFLUENCE_COMPLETE_BUNDLE_2026-09-11/__NESTED_EXPANDED__/DEMOCRACY_INFLUENCE_COMPLETE_BUNDLE_2026-09-11__invchain__TRUTH_ENGINE_2.10.6_R3P1_CANONICAL(1)/truth-engine-v2_2.10.6-R3P1_CANONICAL/definitions/PATTERNS.md,6400,d30e591fa4df876492cee0c73c1ce9cbb604f29e1d56bac7c7c5538459497696
02_MASTER_EVIDENCE_BASE/03_INVESTIGATIONS/02_EXPANDED_ARCHIVES/DEMOCRACY_INFLUENCE_COMPLETE_BUNDLE_2026-09-11/__NESTED_EXPANDED__/DEMOCRACY_INFLUENCE_COMPLETE_BUNDLE_2026-09-11__invchain__TRUTH_ENGINE_2.10.6_R3P1_CANONICAL(1)/truth-engine-v2_2.10.6-R3P1_CANONICAL/definitions/SYMBOLS.md,7458,fc02712ed0d550c8659f2c41493222ec2604bd84a78d18180149c4ca60a1b553
02_MASTER_EVIDENCE_BASE/03_INVESTIGATIONS/02_EXPANDED_ARCHIVES/DEMOCRACY_INFLUENCE_COMPLETE_BUNDLE_2026-09-11/__NESTED_EXPANDED__/DEMOCRACY_INFLUENCE_COMPLETE_BUNDLE_2026-09-11__invchain__TRUTH_ENGINE_2.10.6_R3P1_CANONICAL(1)/truth-engine-v2_2.10.6-R3P1_CANONICAL/definitions/THREATS.md,5534,51f860ebc743dc6a8a4ad958d9a1d4aa57d2dfc39bd7a894ba9bc9f7b5d73124
02_MASTER_EVIDENCE_BASE/03_INVESTIGATIONS/02_EXPANDED_ARCHIVES/DEMOCRACY_INFLUENCE_COMPLETE_BUNDLE_2026-09-11/__NESTED_EXPANDED__/DEMOCRACY_INFLUENCE_COMPLETE_BUNDLE_2026-09-11__invchain__TRUTH_ENGINE_2.10.6_R3P1_CANONICAL(1)/truth-engine-v2_2.10.6-R3P1_CANONICAL/forensic/GATES.md,12808,f97b090c26f79b93eeecb291e37f8887d935df5ffaa36d8d6da502fa75f6da6d
02_MASTER_EVIDENCE_BASE/03_INVESTIGATIONS/02_EXPANDED_ARCHIVES/DEMOCRACY_INFLUENCE_COMPLETE_BUNDLE_2026-09-11/__NESTED_EXPANDED__/DEMOCRACY_INFLUENCE_COMPLETE_BUNDLE_2026-09-11__invchain__TRUTH_ENGINE_2.10.6_R3P1_CANONICAL(1)/truth-engine-v2_2.10.6-R3P1_CANONICAL/forensic/REASONING.md,1874,cb6e83dc74b9a6a311fdd8b73d78e87146c7791ab92179ebf455c2f0f2c89bde
02_MASTER_EVIDENCE_BASE/03_INVESTIGATIONS/02_EXPANDED_ARCHIVES/DEMOCRACY_INFLUENCE_COMPLETE_BUNDLE_2026-09-11/__NESTED_EXPANDED__/DEMOCRACY_INFLUENCE_COMPLETE_BUNDLE_2026-09-11__invchain__TRUTH_ENGINE_2.10.6_R3P1_CANONICAL(1)/truth-engine-v2_2.10.6-R3P1_CANONICAL/forensic/REQUEST_LOG.md,5102,bae510e5fc18acd635a4c9b8cbef65d2015e14c0122fcc265728216fa94dbdd4
02_MASTER_EVIDENCE_BASE/03_INVESTIGATIONS/02_EXPANDED_ARCHIVES/DEMOCRACY_INFLUENCE_COMPLETE_BUNDLE_2026-09-11/__NESTED_EXPANDED__/DEMOCRACY_INFLUENCE_COMPLETE_BUNDLE_2026-09-11__invchain__TRUTH_ENGINE_2.10.6_R3P1_CANONICAL(1)/truth-engine-v2_2.10.6-R3P1_CANONICAL/output/TEMPLATE.md,5857,eb504ed558d7638b8f599fc6990c6d74783ca81ae1d8016a15d70b8273c31f05
02_MASTER_EVIDENCE_BASE/03_INVESTIGATIONS/02_EXPANDED_ARCHIVES/DEMOCRACY_INFLUENCE_COMPLETE_BUNDLE_2026-09-11/__NESTED_EXPANDED__/DEMOCRACY_INFLUENCE_COMPLETE_BUNDLE_2026-09-11__invchain__TRUTH_ENGINE_2.10.6_R3P1_CANONICAL(1)/truth-engine-v2_2.10.6-R3P1_CANONICAL/protocol/FACT_VERIFICATION.md,29011,93cb1354c1771e1cc7f9e28600c8053ffedd1c916cc83978b948724b5f5a0219
02_MASTER_EVIDENCE_BASE/03_INVESTIGATIONS/02_EXPANDED_ARCHIVES/DEMOCRACY_INFLUENCE_COMPLETE_BUNDLE_2026-09-11/__NESTED_EXPANDED__/DEMOCRACY_INFLUENCE_COMPLETE_BUNDLE_2026-09-11__invchain__TRUTH_ENGINE_2.10.6_R3P1_CANONICAL(1)/truth-engine-v2_2.10.6-R3P1_CANONICAL/protocol/INVESTIGATION.md,19705,2418fb593a78048830f2900e04828ce3d7e26aef996bcdddd2199f61a026c208
02_MASTER_EVIDENCE_BASE/03_INVESTIGATIONS/02_EXPANDED_ARCHIVES/DEMOCRACY_INFLUENCE_COMPLETE_BUNDLE_2026-09-11/__NESTED_EXPANDED__/DEMOCRACY_INFLUENCE_COMPLETE_BUNDLE_2026-09-11__invchain__TRUTH_ENGINE_2.10.6_R3P1_CANONICAL(1)/truth-engine-v2_2.10.6-R3P1_CANONICAL/protocol/PERSO_FRESQUE.md,2807,2fe3404f9758b46de27f1d6700c290a9080ee7c5b0410e9e81b27fbf9b6a5b9f
02_MASTER_EVIDENCE_BASE/03_INVESTIGATIONS/02_EXPANDED_ARCHIVES/DEMOCRACY_INFLUENCE_COMPLETE_BUNDLE_2026-09-11/__NESTED_EXPANDED__/DEMOCRACY_INFLUENCE_COMPLETE_BUNDLE_2026-09-11__invchain__TRUTH_ENGINE_2.10.6_R3P1_CANONICAL(1)/truth-engine-v2_2.10.6-R3P1_CANONICAL/protocol/UPDATE.md,3987,b36af2c16ec0eba93f66546b05f2f76c4440f3c6cedf74bd716d71c90015c936
02_MASTER_EVIDENCE_BASE/03_INVESTIGATIONS/02_EXPANDED_ARCHIVES/DEMOCRACY_INFLUENCE_COMPLETE_BUNDLE_2026-09-11/__NESTED_EXPANDED__/DEMOCRACY_INFLUENCE_COMPLETE_BUNDLE_2026-09-11__invchain__TRUTH_ENGINE_2.10.6_R3P1_CANONICAL(1)/truth-engine-v2_2.10.6-R3P1_CANONICAL/search/EPISTEMIC.md,6991,482558f2ea834418625647b92659ef1773ffc71bc09bdce2f5f3bab91791ae00
02_MASTER_EVIDENCE_BASE/03_INVESTIGATIONS/02_EXPANDED_ARCHIVES/DEMOCRACY_INFLUENCE_COMPLETE_BUNDLE_2026-09-11/__NESTED_EXPANDED__/DEMOCRACY_INFLUENCE_COMPLETE_BUNDLE_2026-09-11__invchain__TRUTH_ENGINE_2.10.6_R3P1_CANONICAL(1)/truth-engine-v2_2.10.6-R3P1_CANONICAL/search/OPTIMIZATION.md,2271,56417643b0f5b49e43d4d2b3e8777801bc78580cbe7abad236eb19d8e351e49c
02_MASTER_EVIDENCE_BASE/03_INVESTIGATIONS/02_EXPANDED_ARCHIVES/DEMOCRACY_INFLUENCE_COMPLETE_BUNDLE_2026-09-11/__NESTED_EXPANDED__/DEMOCRACY_INFLUENCE_COMPLETE_BUNDLE_2026-09-11__invchain__TRUTH_ENGINE_2.10.6_R3P1_CANONICAL(1)/truth-engine-v2_2.10.6-R3P1_CANONICAL/search/TEMPLATES.md,6097,be5a178bf2772fd9202c100b44e4d6657a64b5fa90e34ceed90682e16f328172
02_MASTER_EVIDENCE_BASE/03_INVESTIGATIONS/02_EXPANDED_ARCHIVES/DEMOCRACY_INFLUENCE_COMPLETE_BUNDLE_2026-09-11/__NESTED_EXPANDED__/DEMOCRACY_INFLUENCE_COMPLETE_BUNDLE_2026-09-11__invchain__TRUTH_ENGINE_2.10.6_R3P1_CANONICAL(1)/truth-engine-v2_2.10.6-R3P1_CANONICAL/tests/README.md,1242,434a0151079b7fe0375dbb2785c357b10fc53420c43f2dbb55f341a2eebe25bb
02_MASTER_EVIDENCE_BASE/03_INVESTIGATIONS/02_EXPANDED_ARCHIVES/DEMOCRACY_INFLUENCE_COMPLETE_BUNDLE_2026-09-11/__NESTED_EXPANDED__/DEMOCRACY_INFLUENCE_COMPLETE_BUNDLE_2026-09-11__invchain__TRUTH_ENGINE_2.10.6_R3P1_CANONICAL(1)/truth-engine-v2_2.10.6-R3P1_CANONICAL/tests/extractors/__init__.py,0,e3b0c44298fc1c149afbf4c8996fb92427ae41e4649b934ca495991b7852b855
02_MASTER_EVIDENCE_BASE/03_INVESTIGATIONS/02_EXPANDED_ARCHIVES/DEMOCRACY_INFLUENCE_COMPLETE_BUNDLE_2026-09-11/__NESTED_EXPANDED__/DEMOCRACY_INFLUENCE_COMPLETE_BUNDLE_2026-09-11__invchain__TRUTH_ENGINE_2.10.6_R3P1_CANONICAL(1)/truth-engine-v2_2.10.6-R3P1_CANONICAL/tests/extractors/test_gates.py,6585,039c70da1cdebe91c267c24ae00f101534ec54983a3cae2cf48be609e3ffdf8c
02_MASTER_EVIDENCE_BASE/03_INVESTIGATIONS/02_EXPANDED_ARCHIVES/DEMOCRACY_INFLUENCE_COMPLETE_BUNDLE_2026-09-11/__NESTED_EXPANDED__/DEMOCRACY_INFLUENCE_COMPLETE_BUNDLE_2026-09-11__invchain__TRUTH_ENGINE_2.10.6_R3P1_CANONICAL(1)/truth-engine-v2_2.10.6-R3P1_CANONICAL/tests/extractors/test_gates_hardening.py,9500,0c99c5eda1c2d197e833ebd0a4316479770115666c9d36a7390312863a5816fb
02_MASTER_EVIDENCE_BASE/03_INVESTIGATIONS/02_EXPANDED_ARCHIVES/DEMOCRACY_INFLUENCE_COMPLETE_BUNDLE_2026-09-11/__NESTED_EXPANDED__/DEMOCRACY_INFLUENCE_COMPLETE_BUNDLE_2026-09-11__invchain__TRUTH_ENGINE_2.10.6_R3P1_CANONICAL(1)/truth-engine-v2_2.10.6-R3P1_CANONICAL/tests/extractors/test_gates_json.py,7800,bc38252541d36ef0e260c689f3326e831965fe7dec9bd5184e331d9c273d6cc6
02_MASTER_EVIDENCE_BASE/03_INVESTIGATIONS/02_EXPANDED_ARCHIVES/DEMOCRACY_INFLUENCE_COMPLETE_BUNDLE_2026-09-11/__NESTED_EXPANDED__/DEMOCRACY_INFLUENCE_COMPLETE_BUNDLE_2026-09-11__invchain__TRUTH_ENGINE_2.10.6_R3P1_CANONICAL(1)/truth-engine-v2_2.10.6-R3P1_CANONICAL/tests/extractors/test_head_check_hardening.py,8758,9bd6832bcbb31711c4e0331b1db1fc91b27c7b26682a5ee0dab7d03050f0fbda
02_MASTER_EVIDENCE_BASE/03_INVESTIGATIONS/02_EXPANDED_ARCHIVES/DEMOCRACY_INFLUENCE_COMPLETE_BUNDLE_2026-09-11/__NESTED_EXPANDED__/DEMOCRACY_INFLUENCE_COMPLETE_BUNDLE_2026-09-11__invchain__TRUTH_ENGINE_2.10.6_R3P1_CANONICAL(1)/truth-engine-v2_2.10.6-R3P1_CANONICAL/tests/runtime/test_forensic_output_contract.py,2376,3f645e4d4a933a772f4e908a5e8423a3a9d273c151cebccf20134eee4eb93d8f
02_MASTER_EVIDENCE_BASE/03_INVESTIGATIONS/02_EXPANDED_ARCHIVES/DEMOCRACY_INFLUENCE_COMPLETE_BUNDLE_2026-09-11/__NESTED_EXPANDED__/DEMOCRACY_INFLUENCE_COMPLETE_BUNDLE_2026-09-11__invchain__TRUTH_ENGINE_2.10.6_R3P1_CANONICAL(1)/truth-engine-v2_2.10.6-R3P1_CANONICAL/tests/runtime/test_mnemo_unavailable_delivery.py,4607,7737d2f40dc84b1a397622306c3646a1094424b43521e41b45076dc2850935f9
02_MASTER_EVIDENCE_BASE/03_INVESTIGATIONS/02_EXPANDED_ARCHIVES/DEMOCRACY_INFLUENCE_COMPLETE_BUNDLE_2026-09-11/__NESTED_EXPANDED__/DEMOCRACY_INFLUENCE_COMPLETE_BUNDLE_2026-09-11__invchain__TRUTH_ENGINE_2.10.6_R3P1_CANONICAL(1)/truth-engine-v2_2.10.6-R3P1_CANONICAL/tests/test_verify_forensic_output.py,1892,cf374634dc2fc697406f9ff4f96018e8a708c29e98371b4092d50e6a733f510f
02_MASTER_EVIDENCE_BASE/03_INVESTIGATIONS/02_EXPANDED_ARCHIVES/DEMOCRACY_INFLUENCE_COMPLETE_BUNDLE_2026-09-11/__NESTED_EXPANDED__/DEMOCRACY_INFLUENCE_COMPLETE_BUNDLE_2026-09-11__invchain__TRUTH_ENGINE_2.10.6_R3P1_CANONICAL(1)/truth-engine-v2_2.10.6-R3P1_CANONICAL/tests/test_verify_gate.py,6095,6eaece9b9f3a5dc317f45d3da99bf462fe440f7c26def5f5a6ce5338e27c57ab
02_MASTER_EVIDENCE_BASE/03_INVESTIGATIONS/02_EXPANDED_ARCHIVES/DEMOCRACY_INFLUENCE_COMPLETE_BUNDLE_2026-09-11/__NESTED_EXPANDED__/DEMOCRACY_INFLUENCE_COMPLETE_BUNDLE_2026-09-11__invchain__TRUTH_ENGINE_2.10.6_R3P1_CANONICAL(1)/truth-engine-v2_2.10.6-R3P1_CANONICAL/tools/DSL.md,2868,17a31bf06dac4b59a6aa09a080554d83684f87a4df365f30681c3226161ecb9c
02_MASTER_EVIDENCE_BASE/03_INVESTIGATIONS/02_EXPANDED_ARCHIVES/DEMOCRACY_INFLUENCE_COMPLETE_BUNDLE_2026-09-11/__NESTED_EXPANDED__/DEMOCRACY_INFLUENCE_COMPLETE_BUNDLE_2026-09-11__invchain__TRUTH_ENGINE_2.10.6_R3P1_CANONICAL(1)/truth-engine-v2_2.10.6-R3P1_CANONICAL/tools/MACROS.md,3301,50cd3a4579fb2c82248a17129ebbde8e91f0dd6fbac10fbc34a344603f33ba7f
02_MASTER_EVIDENCE_BASE/03_INVESTIGATIONS/02_EXPANDED_ARCHIVES/DEMOCRACY_INFLUENCE_COMPLETE_BUNDLE_2026-09-11/__NESTED_EXPANDED__/DEMOCRACY_INFLUENCE_COMPLETE_BUNDLE_2026-09-11__invchain__TRUTH_ENGINE_2.10.6_R3P1_CANONICAL(1)/truth-engine-v2_2.10.6-R3P1_CANONICAL/tools/__init__.py,0,e3b0c44298fc1c149afbf4c8996fb92427ae41e4649b934ca495991b7852b855
02_MASTER_EVIDENCE_BASE/03_INVESTIGATIONS/02_EXPANDED_ARCHIVES/DEMOCRACY_INFLUENCE_COMPLETE_BUNDLE_2026-09-11/__NESTED_EXPANDED__/DEMOCRACY_INFLUENCE_COMPLETE_BUNDLE_2026-09-11__invchain__TRUTH_ENGINE_2.10.6_R3P1_CANONICAL(1)/truth-engine-v2_2.10.6-R3P1_CANONICAL/tools/engines/__init__.py,0,e3b0c44298fc1c149afbf4c8996fb92427ae41e4649b934ca495991b7852b855
02_MASTER_EVIDENCE_BASE/03_INVESTIGATIONS/02_EXPANDED_ARCHIVES/DEMOCRACY_INFLUENCE_COMPLETE_BUNDLE_2026-09-11/__NESTED_EXPANDED__/DEMOCRACY_INFLUENCE_COMPLETE_BUNDLE_2026-09-11__invchain__TRUTH_ENGINE_2.10.6_R3P1_CANONICAL(1)/truth-engine-v2_2.10.6-R3P1_CANONICAL/tools/engines/sublimator/__init__.py,0,e3b0c44298fc1c149afbf4c8996fb92427ae41e4649b934ca495991b7852b855
02_MASTER_EVIDENCE_BASE/03_INVESTIGATIONS/02_EXPANDED_ARCHIVES/DEMOCRACY_INFLUENCE_COMPLETE_BUNDLE_2026-09-11/__NESTED_EXPANDED__/DEMOCRACY_INFLUENCE_COMPLETE_BUNDLE_2026-09-11__invchain__TRUTH_ENGINE_2.10.6_R3P1_CANONICAL(1)/truth-engine-v2_2.10.6-R3P1_CANONICAL/tools/engines/sublimator/extractors/__init__.py,0,e3b0c44298fc1c149afbf4c8996fb92427ae41e4649b934ca495991b7852b855
02_MASTER_EVIDENCE_BASE/03_INVESTIGATIONS/02_EXPANDED_ARCHIVES/DEMOCRACY_INFLUENCE_COMPLETE_BUNDLE_2026-09-11/__NESTED_EXPANDED__/DEMOCRACY_INFLUENCE_COMPLETE_BUNDLE_2026-09-11__invchain__TRUTH_ENGINE_2.10.6_R3P1_CANONICAL(1)/truth-engine-v2_2.10.6-R3P1_CANONICAL/tools/engines/sublimator/extractors/gates.py,5469,a55c74b8e5aebc5a1073e737bf95bff21fc0531f3db58eb4636089e19ee84fa8
02_MASTER_EVIDENCE_BASE/03_INVESTIGATIONS/02_EXPANDED_ARCHIVES/DEMOCRACY_INFLUENCE_COMPLETE_BUNDLE_2026-09-11/__NESTED_EXPANDED__/DEMOCRACY_INFLUENCE_COMPLETE_BUNDLE_2026-09-11__invchain__TRUTH_ENGINE_2.10.6_R3P1_CANONICAL(1)/truth-engine-v2_2.10.6-R3P1_CANONICAL/tools/engines/sublimator/extractors/head_check.py,4892,57fc1b90093964d2689b83ba1fa393ad40f794d83a3ed06d322c7dd67dd8d38e
02_MASTER_EVIDENCE_BASE/03_INVESTIGATIONS/02_EXPANDED_ARCHIVES/DEMOCRACY_INFLUENCE_COMPLETE_BUNDLE_2026-09-11/__NESTED_EXPANDED__/DEMOCRACY_INFLUENCE_COMPLETE_BUNDLE_2026-09-11__invchain__TRUTH_ENGINE_2.10.6_R3P1_CANONICAL(1)/truth-engine-v2_2.10.6-R3P1_CANONICAL/tools/runtime/README.md,7620,965c81acb3d3209809e2a42b2d9ec42415b28c980b9ac9c2e963ae4ea8ac3f5a
02_MASTER_EVIDENCE_BASE/03_INVESTIGATIONS/02_EXPANDED_ARCHIVES/DEMOCRACY_INFLUENCE_COMPLETE_BUNDLE_2026-09-11/__NESTED_EXPANDED__/DEMOCRACY_INFLUENCE_COMPLETE_BUNDLE_2026-09-11__invchain__TRUTH_ENGINE_2.10.6_R3P1_CANONICAL(1)/truth-engine-v2_2.10.6-R3P1_CANONICAL/tools/runtime/run_state.py,107428,81effd7bfef4ddcdacba1f9a4139cd856fae0eb7853518846f2381a49869d77e
02_MASTER_EVIDENCE_BASE/03_INVESTIGATIONS/02_EXPANDED_ARCHIVES/DEMOCRACY_INFLUENCE_COMPLETE_BUNDLE_2026-09-11/__NESTED_EXPANDED__/DEMOCRACY_INFLUENCE_COMPLETE_BUNDLE_2026-09-11__invchain__TRUTH_ENGINE_2.10.6_R3P1_CANONICAL(1)/truth-engine-v2_2.10.6-R3P1_CANONICAL/tools/verify/verify.py,89673,2dd969529d7c15d5bb7c464a185c56c284575f65c76a71b2af2a495887e76018
02_MASTER_EVIDENCE_BASE/03_INVESTIGATIONS/02_EXPANDED_ARCHIVES/DEMOCRACY_INFLUENCE_INVESTIGATIONS_READING_2026-09-08/DEMOCRACY_INFLUENCE_INVESTIGATIONS_READING_2026-09-08/00_INDEX.csv,12053,121146ae760705945d09118093993364320be5c05a53f6efe5a8d4903ee25c20
02_MASTER_EVIDENCE_BASE/03_INVESTIGATIONS/02_EXPANDED_ARCHIVES/DEMOCRACY_INFLUENCE_INVESTIGATIONS_READING_2026-09-08/DEMOCRACY_INFLUENCE_INVESTIGATIONS_READING_2026-09-08/00_README.md,11760,853b7abdbe835ea35a5e0110a388170342820bf21cead91cdaeda995dc3397ad
02_MASTER_EVIDENCE_BASE/03_INVESTIGATIONS/02_EXPANDED_ARCHIVES/DEMOCRACY_INFLUENCE_INVESTIGATIONS_READING_2026-09-08/DEMOCRACY_INFLUENCE_INVESTIGATIONS_READING_2026-09-08/01_INVESTIGATIONS/INV-001.md,2900,c3b02fe75ee3ccd0804ac9ab420489b1b7af7710b7aa9920aa00a4f626ed1105
02_MASTER_EVIDENCE_BASE/03_INVESTIGATIONS/02_EXPANDED_ARCHIVES/DEMOCRACY_INFLUENCE_INVESTIGATIONS_READING_2026-09-08/DEMOCRACY_INFLUENCE_INVESTIGATIONS_READING_2026-09-08/01_INVESTIGATIONS/INV-002.md,12301,f4de1fac8ea62469b00987cc8461e2bc702b98b66a501f0fb6c930f7dcd5503b
02_MASTER_EVIDENCE_BASE/03_INVESTIGATIONS/02_EXPANDED_ARCHIVES/DEMOCRACY_INFLUENCE_INVESTIGATIONS_READING_2026-09-08/DEMOCRACY_INFLUENCE_INVESTIGATIONS_READING_2026-09-08/01_INVESTIGATIONS/INV-003.md,14663,171ddecd4c628fc88f4ebdbb44fc74514a0f8648f0009dab8a3f8804ba4da40d
02_MASTER_EVIDENCE_BASE/03_INVESTIGATIONS/02_EXPANDED_ARCHIVES/DEMOCRACY_INFLUENCE_INVESTIGATIONS_READING_2026-09-08/DEMOCRACY_INFLUENCE_INVESTIGATIONS_READING_2026-09-08/01_INVESTIGATIONS/INV-004.md,14663,171ddecd4c628fc88f4ebdbb44fc74514a0f8648f0009dab8a3f8804ba4da40d
02_MASTER_EVIDENCE_BASE/03_INVESTIGATIONS/02_EXPANDED_ARCHIVES/DEMOCRACY_INFLUENCE_INVESTIGATIONS_READING_2026-09-08/DEMOCRACY_INFLUENCE_INVESTIGATIONS_READING_2026-09-08/01_INVESTIGATIONS/INV-005.md,14663,171ddecd4c628fc88f4ebdbb44fc74514a0f8648f0009dab8a3f8804ba4da40d
02_MASTER_EVIDENCE_BASE/03_INVESTIGATIONS/02_EXPANDED_ARCHIVES/DEMOCRACY_INFLUENCE_INVESTIGATIONS_READING_2026-09-08/DEMOCRACY_INFLUENCE_INVESTIGATIONS_READING_2026-09-08/01_INVESTIGATIONS/INV-006.md,14663,171ddecd4c628fc88f4ebdbb44fc74514a0f8648f0009dab8a3f8804ba4da40d
02_MASTER_EVIDENCE_BASE/03_INVESTIGATIONS/02_EXPANDED_ARCHIVES/DEMOCRACY_INFLUENCE_INVESTIGATIONS_READING_2026-09-08/DEMOCRACY_INFLUENCE_INVESTIGATIONS_READING_2026-09-08/01_INVESTIGATIONS/INV-007.md,14663,171ddecd4c628fc88f4ebdbb44fc74514a0f8648f0009dab8a3f8804ba4da40d
02_MASTER_EVIDENCE_BASE/03_INVESTIGATIONS/02_EXPANDED_ARCHIVES/DEMOCRACY_INFLUENCE_INVESTIGATIONS_READING_2026-09-08/DEMOCRACY_INFLUENCE_INVESTIGATIONS_READING_2026-09-08/01_INVESTIGATIONS/INV-008.md,14663,171ddecd4c628fc88f4ebdbb44fc74514a0f8648f0009dab8a3f8804ba4da40d
02_MASTER_EVIDENCE_BASE/03_INVESTIGATIONS/02_EXPANDED_ARCHIVES/DEMOCRACY_INFLUENCE_INVESTIGATIONS_READING_2026-09-08/DEMOCRACY_INFLUENCE_INVESTIGATIONS_READING_2026-09-08/01_INVESTIGATIONS/INV-010.md,83084,5455cd0616e4b35c5464b954c21105efad435516ad9454b0cb0468157ee2250b
02_MASTER_EVIDENCE_BASE/03_INVESTIGATIONS/02_EXPANDED_ARCHIVES/DEMOCRACY_INFLUENCE_INVESTIGATIONS_READING_2026-09-08/DEMOCRACY_INFLUENCE_INVESTIGATIONS_READING_2026-09-08/01_INVESTIGATIONS/INV-019.md,42635,bf255493afd50152c0123d42c8521c0e85febe44f89deeb8a6450543184072b6
02_MASTER_EVIDENCE_BASE/03_INVESTIGATIONS/02_EXPANDED_ARCHIVES/DEMOCRACY_INFLUENCE_INVESTIGATIONS_READING_2026-09-08/DEMOCRACY_INFLUENCE_INVESTIGATIONS_READING_2026-09-08/01_INVESTIGATIONS/INV-022.md,100983,a5d3c37a2dec09a07a0d2ec2ab00be4fd794b814729a1c749032cdab07ff806e
02_MASTER_EVIDENCE_BASE/03_INVESTIGATIONS/02_EXPANDED_ARCHIVES/DEMOCRACY_INFLUENCE_INVESTIGATIONS_READING_2026-09-08/DEMOCRACY_INFLUENCE_INVESTIGATIONS_READING_2026-09-08/01_INVESTIGATIONS/INV-023.md,93653,d0d9a8e5fb4c1fcc6dcdb3002b2cba5854b7704d4075a5e3d148df670909863c
02_MASTER_EVIDENCE_BASE/03_INVESTIGATIONS/02_EXPANDED_ARCHIVES/DEMOCRACY_INFLUENCE_INVESTIGATIONS_READING_2026-09-08/DEMOCRACY_INFLUENCE_INVESTIGATIONS_READING_2026-09-08/01_INVESTIGATIONS/INV-026.md,77039,86f7d0d457469edf3edb9dffa2e5f55f253cfebefdb0037652cc4ebf5a2d963a
02_MASTER_EVIDENCE_BASE/03_INVESTIGATIONS/02_EXPANDED_ARCHIVES/DEMOCRACY_INFLUENCE_INVESTIGATIONS_READING_2026-09-08/DEMOCRACY_INFLUENCE_INVESTIGATIONS_READING_2026-09-08/01_INVESTIGATIONS/INV-033.md,69673,6882743d76521abaf201035c2d0148116b76c0f3f28fc5bfb95595ea42e67a8e
02_MASTER_EVIDENCE_BASE/03_INVESTIGATIONS/02_EXPANDED_ARCHIVES/DEMOCRACY_INFLUENCE_INVESTIGATIONS_READING_2026-09-08/DEMOCRACY_INFLUENCE_INVESTIGATIONS_READING_2026-09-08/01_INVESTIGATIONS/INV-039.md,65855,ca5113fdeba13fe444538d3d76cc80227d811a50356a002398312d16e1838e8c
02_MASTER_EVIDENCE_BASE/03_INVESTIGATIONS/02_EXPANDED_ARCHIVES/DEMOCRACY_INFLUENCE_INVESTIGATIONS_READING_2026-09-08/DEMOCRACY_INFLUENCE_INVESTIGATIONS_READING_2026-09-08/01_INVESTIGATIONS/INV-044.md,80391,5b8a802a0d20c786ff174fa2906daf769884837c8ba88a6e0b64bb3275fc34af
02_MASTER_EVIDENCE_BASE/03_INVESTIGATIONS/02_EXPANDED_ARCHIVES/DEMOCRACY_INFLUENCE_INVESTIGATIONS_READING_2026-09-08/DEMOCRACY_INFLUENCE_INVESTIGATIONS_READING_2026-09-08/01_INVESTIGATIONS/INV-045.md,62938,11719a5534ab5311558ddcc7437165c91257d7f87ca76941463f4d2988565ed1
02_MASTER_EVIDENCE_BASE/03_INVESTIGATIONS/02_EXPANDED_ARCHIVES/DEMOCRACY_INFLUENCE_INVESTIGATIONS_READING_2026-09-08/DEMOCRACY_INFLUENCE_INVESTIGATIONS_READING_2026-09-08/01_INVESTIGATIONS/INV-049.md,47271,f731e05757a6b8bcd0fcee1919677256790000e69f9243bb294704f4ca9d14d4
02_MASTER_EVIDENCE_BASE/03_INVESTIGATIONS/02_EXPANDED_ARCHIVES/DEMOCRACY_INFLUENCE_INVESTIGATIONS_READING_2026-09-08/DEMOCRACY_INFLUENCE_INVESTIGATIONS_READING_2026-09-08/01_INVESTIGATIONS/INV-054.md,68354,9b02a7b42d2289c9ea2e2b0d47481f091a4bccc35118d0448f9620ab8b409c03
02_MASTER_EVIDENCE_BASE/03_INVESTIGATIONS/02_EXPANDED_ARCHIVES/DEMOCRACY_INFLUENCE_INVESTIGATIONS_READING_2026-09-08/DEMOCRACY_INFLUENCE_INVESTIGATIONS_READING_2026-09-08/01_INVESTIGATIONS/INV-056.md,79535,4fbd7a982c108b2e4ff0fc88cbf81aa2f0b7c0078a1a7acf9e6c209579a1ea15
02_MASTER_EVIDENCE_BASE/03_INVESTIGATIONS/02_EXPANDED_ARCHIVES/DEMOCRACY_INFLUENCE_INVESTIGATIONS_READING_2026-09-08/DEMOCRACY_INFLUENCE_INVESTIGATIONS_READING_2026-09-08/01_INVESTIGATIONS/INV-059.md,65915,5d8cbb0a182d6f1e58180171b923fa22bec950e6e8ef0349d44b2fd28c4d55bd
02_MASTER_EVIDENCE_BASE/03_INVESTIGATIONS/02_EXPANDED_ARCHIVES/DEMOCRACY_INFLUENCE_INVESTIGATIONS_READING_2026-09-08/DEMOCRACY_INFLUENCE_INVESTIGATIONS_READING_2026-09-08/01_INVESTIGATIONS/INV-069.md,68905,47c169f73ec4217992935b26ba3066ec172254e2b058db32073dd0eeda73c681
02_MASTER_EVIDENCE_BASE/03_INVESTIGATIONS/02_EXPANDED_ARCHIVES/DEMOCRACY_INFLUENCE_INVESTIGATIONS_READING_2026-09-08/DEMOCRACY_INFLUENCE_INVESTIGATIONS_READING_2026-09-08/01_INVESTIGATIONS/INV-071.md,50434,cc0063eb57f6b95f1589cb9d50f81a603bec0415b5069109c4855bdb76f5e810
02_MASTER_EVIDENCE_BASE/03_INVESTIGATIONS/02_EXPANDED_ARCHIVES/DEMOCRACY_INFLUENCE_INVESTIGATIONS_READING_2026-09-08/DEMOCRACY_INFLUENCE_INVESTIGATIONS_READING_2026-09-08/01_INVESTIGATIONS/INV-073.md,58662,1373979b14a25ffd55a4aac6371d77a1671baed9e8b71d19a03ea541b990332a
02_MASTER_EVIDENCE_BASE/03_INVESTIGATIONS/02_EXPANDED_ARCHIVES/DEMOCRACY_INFLUENCE_INVESTIGATIONS_READING_2026-09-08/DEMOCRACY_INFLUENCE_INVESTIGATIONS_READING_2026-09-08/01_INVESTIGATIONS/INV-078.md,71513,1e703106ee58db200596d10a8d55b9f0c9ed2c72e586d3313a6fe1680c4874ab
02_MASTER_EVIDENCE_BASE/03_INVESTIGATIONS/02_EXPANDED_ARCHIVES/DEMOCRACY_INFLUENCE_INVESTIGATIONS_READING_2026-09-08/DEMOCRACY_INFLUENCE_INVESTIGATIONS_READING_2026-09-08/01_INVESTIGATIONS/INV-079.md,73943,b90328704e2b7534bef5581a5eb46718489cf29521cc17ee4a118d75cd2c4a3f
02_MASTER_EVIDENCE_BASE/03_INVESTIGATIONS/02_EXPANDED_ARCHIVES/DEMOCRACY_INFLUENCE_INVESTIGATIONS_READING_2026-09-08/DEMOCRACY_INFLUENCE_INVESTIGATIONS_READING_2026-09-08/01_INVESTIGATIONS/INV-080.md,62398,87bf847d71fc42c2097ebaaf7ad911d3b060008b8f21c688983c7c9b79f59c22
02_MASTER_EVIDENCE_BASE/03_INVESTIGATIONS/02_EXPANDED_ARCHIVES/DEMOCRACY_INFLUENCE_INVESTIGATIONS_READING_2026-09-08/DEMOCRACY_INFLUENCE_INVESTIGATIONS_READING_2026-09-08/01_INVESTIGATIONS/INV-081.md,55747,0fc4ee6583cdc16a5f02801795f0248c30baa437239d48871390f527f478238c
02_MASTER_EVIDENCE_BASE/03_INVESTIGATIONS/02_EXPANDED_ARCHIVES/DEMOCRACY_INFLUENCE_INVESTIGATIONS_READING_2026-09-08/DEMOCRACY_INFLUENCE_INVESTIGATIONS_READING_2026-09-08/01_INVESTIGATIONS/INV-082.md,9534,c9b3824143ca02980d5798b273f3c329bf12beccb492fdb56ea6fa1ef06a0dcd
02_MASTER_EVIDENCE_BASE/03_INVESTIGATIONS/02_EXPANDED_ARCHIVES/DEMOCRACY_INFLUENCE_INVESTIGATIONS_READING_2026-09-08/DEMOCRACY_INFLUENCE_INVESTIGATIONS_READING_2026-09-08/01_INVESTIGATIONS/INV-085.md,58329,890ac7ef2a9412345910d8a638843189979c788f1754f80cff14b2c4c2b1629f
02_MASTER_EVIDENCE_BASE/03_INVESTIGATIONS/02_EXPANDED_ARCHIVES/DEMOCRACY_INFLUENCE_INVESTIGATIONS_READING_2026-09-08/DEMOCRACY_INFLUENCE_INVESTIGATIONS_READING_2026-09-08/01_INVESTIGATIONS/INV-089.md,72646,15a64822a17470147d6a3a33e7f2b1e3b76a89c5a9348561c5d36fcf81ddf75c
02_MASTER_EVIDENCE_BASE/03_INVESTIGATIONS/02_EXPANDED_ARCHIVES/DEMOCRACY_INFLUENCE_INVESTIGATIONS_READING_2026-09-08/DEMOCRACY_INFLUENCE_INVESTIGATIONS_READING_2026-09-08/01_INVESTIGATIONS/INV-090.md,75193,aea48fd87b58f1e731c8a22934b641e43ac7d82ac257b808490e4abf03e8e48b
02_MASTER_EVIDENCE_BASE/03_INVESTIGATIONS/02_EXPANDED_ARCHIVES/DEMOCRACY_INFLUENCE_INVESTIGATIONS_READING_2026-09-08/DEMOCRACY_INFLUENCE_INVESTIGATIONS_READING_2026-09-08/01_INVESTIGATIONS/INV-093.md,73465,550bb01304486c054564e48da1a4482ac937e1e00f2865a2acec21a5f167d393
02_MASTER_EVIDENCE_BASE/03_INVESTIGATIONS/02_EXPANDED_ARCHIVES/DEMOCRACY_INFLUENCE_INVESTIGATIONS_READING_2026-09-08/DEMOCRACY_INFLUENCE_INVESTIGATIONS_READING_2026-09-08/01_INVESTIGATIONS/INV-094.md,75365,49d270eac580a90e2bda6dd41a34def54b51a9ac5ef02ac454f13f44c600000d
02_MASTER_EVIDENCE_BASE/03_INVESTIGATIONS/02_EXPANDED_ARCHIVES/DEMOCRACY_INFLUENCE_INVESTIGATIONS_READING_2026-09-08/DEMOCRACY_INFLUENCE_INVESTIGATIONS_READING_2026-09-08/01_INVESTIGATIONS/INV-096.md,65548,39167cd27a9357fd67eb541cf5003a48c227f6d1bc15c40905e4be0cb8cd03a9
02_MASTER_EVIDENCE_BASE/03_INVESTIGATIONS/02_EXPANDED_ARCHIVES/DEMOCRACY_INFLUENCE_INVESTIGATIONS_READING_2026-09-08/DEMOCRACY_INFLUENCE_INVESTIGATIONS_READING_2026-09-08/01_INVESTIGATIONS/INV-098.md,74383,079d75fefa898d51f03740e1887e6e6bc6bf7ceb823dcb77c8cb7aacc27e9e53
02_MASTER_EVIDENCE_BASE/03_INVESTIGATIONS/02_EXPANDED_ARCHIVES/DEMOCRACY_INFLUENCE_INVESTIGATIONS_READING_2026-09-08/DEMOCRACY_INFLUENCE_INVESTIGATIONS_READING_2026-09-08/01_INVESTIGATIONS/INV-099.md,71975,8ccc120b67a3163eac81d312bf5bd96a9de9f32facaaf24b260b1e6e475ce5de
02_MASTER_EVIDENCE_BASE/03_INVESTIGATIONS/02_EXPANDED_ARCHIVES/DEMOCRACY_INFLUENCE_INVESTIGATIONS_READING_2026-09-08/DEMOCRACY_INFLUENCE_INVESTIGATIONS_READING_2026-09-08/01_INVESTIGATIONS/INV-100.md,72296,12a9cb06c54fbab16dba416a39b4c1e1355d76c67a492da577bdffb117e0d39e
02_MASTER_EVIDENCE_BASE/03_INVESTIGATIONS/02_EXPANDED_ARCHIVES/DEMOCRACY_INFLUENCE_INVESTIGATIONS_READING_2026-09-08/DEMOCRACY_INFLUENCE_INVESTIGATIONS_READING_2026-09-08/01_INVESTIGATIONS/INV-103.md,46590,41d0b8d330aae2da557e97437cfc8fd4ba844005c606556571cfae853508a2da
02_MASTER_EVIDENCE_BASE/03_INVESTIGATIONS/02_EXPANDED_ARCHIVES/DEMOCRACY_INFLUENCE_INVESTIGATIONS_READING_2026-09-08/DEMOCRACY_INFLUENCE_INVESTIGATIONS_READING_2026-09-08/01_INVESTIGATIONS/INV-124.md,65653,cdefeeab4836c01a95a2b9f0b20a6d152542f19cabe9ba267a34f4b2d4842f4d
02_MASTER_EVIDENCE_BASE/03_INVESTIGATIONS/02_EXPANDED_ARCHIVES/DEMOCRACY_INFLUENCE_INVESTIGATIONS_READING_2026-09-08/DEMOCRACY_INFLUENCE_INVESTIGATIONS_READING_2026-09-08/01_INVESTIGATIONS/INV-128.md,69898,f75c96e5b32e77d14e87ad78af1711c01c46023a2bfc62366f1f327cd6244053
02_MASTER_EVIDENCE_BASE/03_INVESTIGATIONS/02_EXPANDED_ARCHIVES/DEMOCRACY_INFLUENCE_INVESTIGATIONS_READING_2026-09-08/DEMOCRACY_INFLUENCE_INVESTIGATIONS_READING_2026-09-08/01_INVESTIGATIONS/INV-129.md,9639,95bcf40b55ad2776e77aabed0e089d442043f0357e8528c85e7e9bd885688de5
02_MASTER_EVIDENCE_BASE/03_INVESTIGATIONS/02_EXPANDED_ARCHIVES/DEMOCRACY_INFLUENCE_INVESTIGATIONS_READING_2026-09-08/DEMOCRACY_INFLUENCE_INVESTIGATIONS_READING_2026-09-08/01_INVESTIGATIONS/INV-134.md,76324,1af305d79fa8357672d05408c56994be5c20d640beee77929a4eed876eced56a
02_MASTER_EVIDENCE_BASE/03_INVESTIGATIONS/02_EXPANDED_ARCHIVES/DEMOCRACY_INFLUENCE_INVESTIGATIONS_READING_2026-09-08/DEMOCRACY_INFLUENCE_INVESTIGATIONS_READING_2026-09-08/01_INVESTIGATIONS/INV-135.md,80221,353a82a97819f95366c9ab146b64c2ed72865fd4df2fec2cfd168bad6c555c72
02_MASTER_EVIDENCE_BASE/03_INVESTIGATIONS/02_EXPANDED_ARCHIVES/DEMOCRACY_INFLUENCE_INVESTIGATIONS_READING_2026-09-08/DEMOCRACY_INFLUENCE_INVESTIGATIONS_READING_2026-09-08/01_INVESTIGATIONS/INV-136.md,71010,64e654d0ae7a34168c47b47234757787ff91295c1655b37c526478857f3cc899
02_MASTER_EVIDENCE_BASE/03_INVESTIGATIONS/02_EXPANDED_ARCHIVES/DEMOCRACY_INFLUENCE_INVESTIGATIONS_READING_2026-09-08/DEMOCRACY_INFLUENCE_INVESTIGATIONS_READING_2026-09-08/01_INVESTIGATIONS/INV-137.md,71291,8dc049a5ba14faa972fd2db9f3aca2d8eeedf2954fc085900b51a4a5db92ee04
02_MASTER_EVIDENCE_BASE/03_INVESTIGATIONS/02_EXPANDED_ARCHIVES/DEMOCRACY_INFLUENCE_INVESTIGATIONS_READING_2026-09-08/DEMOCRACY_INFLUENCE_INVESTIGATIONS_READING_2026-09-08/01_INVESTIGATIONS/INV-138.md,108033,54cc64ec22dff754b445b41bb921b9dd7b90c1397c4938a891f79675e050d823
02_MASTER_EVIDENCE_BASE/03_INVESTIGATIONS/02_EXPANDED_ARCHIVES/DEMOCRACY_INFLUENCE_INVESTIGATIONS_READING_2026-09-08/DEMOCRACY_INFLUENCE_INVESTIGATIONS_READING_2026-09-08/01_INVESTIGATIONS/INV-139.md,3940,4f1519ff60088529dcb42bed830fc5df8c8aa2218063e3dcb73f8e0d11a8405a
02_MASTER_EVIDENCE_BASE/03_INVESTIGATIONS/02_EXPANDED_ARCHIVES/DEMOCRACY_INFLUENCE_INVESTIGATIONS_READING_2026-09-08/DEMOCRACY_INFLUENCE_INVESTIGATIONS_READING_2026-09-08/01_INVESTIGATIONS/INV-140.md,3023,aec894571a3eee531ea92bd386da1ecb664e9a7bd27c82ee2a73b330f26cb083
02_MASTER_EVIDENCE_BASE/03_INVESTIGATIONS/02_EXPANDED_ARCHIVES/DEMOCRACY_INFLUENCE_INVESTIGATIONS_READING_2026-09-08/DEMOCRACY_INFLUENCE_INVESTIGATIONS_READING_2026-09-08/01_INVESTIGATIONS/INV-141.md,57651,8e8676060f13f45c52fd2310e512a83d3536547c999dc46ee995a26616b9021d
02_MASTER_EVIDENCE_BASE/03_INVESTIGATIONS/02_EXPANDED_ARCHIVES/DEMOCRACY_INFLUENCE_INVESTIGATIONS_READING_2026-09-08/DEMOCRACY_INFLUENCE_INVESTIGATIONS_READING_2026-09-08/01_INVESTIGATIONS/INV-142.md,64182,2178976ff4badaf6562165bb4daacfb0ad5665dc4bbba23c364d5b1d9590ac3d
02_MASTER_EVIDENCE_BASE/03_INVESTIGATIONS/02_EXPANDED_ARCHIVES/DEMOCRACY_INFLUENCE_INVESTIGATIONS_READING_2026-09-08/DEMOCRACY_INFLUENCE_INVESTIGATIONS_READING_2026-09-08/01_INVESTIGATIONS/INV-143.md,73423,7bd52e8ce923565a55b3157de5b21332b6f39837dc5ee7b2c15502de05b31e30
02_MASTER_EVIDENCE_BASE/03_INVESTIGATIONS/02_EXPANDED_ARCHIVES/DEMOCRACY_INFLUENCE_INVESTIGATIONS_READING_2026-09-08/DEMOCRACY_INFLUENCE_INVESTIGATIONS_READING_2026-09-08/01_INVESTIGATIONS/INV-144.md,10094,61bae983b3aa9d09aded345166d9a1edced884fe4a2c379468c916f8af01c9f0
02_MASTER_EVIDENCE_BASE/03_INVESTIGATIONS/02_EXPANDED_ARCHIVES/DEMOCRACY_INFLUENCE_INVESTIGATIONS_READING_2026-09-08/DEMOCRACY_INFLUENCE_INVESTIGATIONS_READING_2026-09-08/01_INVESTIGATIONS/INV-145.md,62513,2bc95a3d85ae5b0d7abda185b350067600ca3bd8e544d10a942f157940ac0c5a
02_MASTER_EVIDENCE_BASE/03_INVESTIGATIONS/02_EXPANDED_ARCHIVES/DEMOCRACY_INFLUENCE_INVESTIGATIONS_READING_2026-09-08/DEMOCRACY_INFLUENCE_INVESTIGATIONS_READING_2026-09-08/01_INVESTIGATIONS/INV-146.md,19289,9cf2a68c467cdc3a850e4494bda6b32044ee4f003d4623f4b161a62624bd3f8b
02_MASTER_EVIDENCE_BASE/03_INVESTIGATIONS/02_EXPANDED_ARCHIVES/DEMOCRACY_INFLUENCE_INVESTIGATIONS_READING_2026-09-08/DEMOCRACY_INFLUENCE_INVESTIGATIONS_READING_2026-09-08/02_STATE/CLOSED_INVESTIGATIONS_INDEX_2026-09-07.csv,7093,f50501e0ccc54774b57b36d60a07e6828efb14012ec2ca9029e74232fd4af933
02_MASTER_EVIDENCE_BASE/03_INVESTIGATIONS/02_EXPANDED_ARCHIVES/DEMOCRACY_INFLUENCE_INVESTIGATIONS_READING_2026-09-08/DEMOCRACY_INFLUENCE_INVESTIGATIONS_READING_2026-09-08/02_STATE/INVESTIGATION_REGISTRY.csv,129126,6d019c3438189ac53a2136c9f1bd1d034518ae7c5ab74d12cae79fd699552f88
02_MASTER_EVIDENCE_BASE/03_INVESTIGATIONS/02_EXPANDED_ARCHIVES/DEMOCRACY_INFLUENCE_INVESTIGATIONS_READING_2026-09-08/DEMOCRACY_INFLUENCE_INVESTIGATIONS_READING_2026-09-08/SHA256SUMS.txt,5603,9883bc59a037e3165f63d999d64217037cad5109422faabf70834919c436d9aa
02_MASTER_EVIDENCE_BASE/03_INVESTIGATIONS/02_EXPANDED_ARCHIVES/FORENSIC_CORPUS_REBUILT_2026-09-11/FORENSIC_CORPUS_REBUILT_2026-09-11/01_TERMINAL_RESULTS/INV-010_RUN_HANDOFF.md,2842,98ab3ccd5806547ffa3e0783c9486047d6fa02de01123162c3bb573da49c7bef
02_MASTER_EVIDENCE_BASE/03_INVESTIGATIONS/02_EXPANDED_ARCHIVES/FORENSIC_CORPUS_REBUILT_2026-09-11/FORENSIC_CORPUS_REBUILT_2026-09-11/01_TERMINAL_RESULTS/INV-011_RUN_HANDOFF.md,3513,5ea4d64db55b0ce39d3ed2bbc6cbbc3c3b07fd3cf39fa605685f7606b37d6a4b
02_MASTER_EVIDENCE_BASE/03_INVESTIGATIONS/02_EXPANDED_ARCHIVES/FORENSIC_CORPUS_REBUILT_2026-09-11/FORENSIC_CORPUS_REBUILT_2026-09-11/01_TERMINAL_RESULTS/INV-012_RUN_HANDOFF.md,1905,e5fd7fa9b4d13e73a2f9f14418c086751c4ed6f313afe99d0ea483e4be615396
02_MASTER_EVIDENCE_BASE/03_INVESTIGATIONS/02_EXPANDED_ARCHIVES/FORENSIC_CORPUS_REBUILT_2026-09-11/FORENSIC_CORPUS_REBUILT_2026-09-11/01_TERMINAL_RESULTS/INV-013_RUN_HANDOFF.md,3913,d96a84e8243169abd5b2c58ea9ea2a8c062e627433e8d4850f98b3056006854d
02_MASTER_EVIDENCE_BASE/03_INVESTIGATIONS/02_EXPANDED_ARCHIVES/FORENSIC_CORPUS_REBUILT_2026-09-11/FORENSIC_CORPUS_REBUILT_2026-09-11/01_TERMINAL_RESULTS/INV-014_RUN_HANDOFF.md,3072,50ce7bf024113125c6f2058fb78780dd5cfa32ec2d7147c3c28db38ae6bb54d9
02_MASTER_EVIDENCE_BASE/03_INVESTIGATIONS/02_EXPANDED_ARCHIVES/FORENSIC_CORPUS_REBUILT_2026-09-11/FORENSIC_CORPUS_REBUILT_2026-09-11/01_TERMINAL_RESULTS/INV-015_RUN_HANDOFF.md,2953,db01166e3c5ecc274633c22d6e707ed17461d40aec2b03eaae3b0553f624cd31
02_MASTER_EVIDENCE_BASE/03_INVESTIGATIONS/02_EXPANDED_ARCHIVES/FORENSIC_CORPUS_REBUILT_2026-09-11/FORENSIC_CORPUS_REBUILT_2026-09-11/01_TERMINAL_RESULTS/INV-016_RUN_HANDOFF.md,3328,ba72ebf222c756a256a208234bed3d9e2b25e83771cce0257f547252fb60166b
02_MASTER_EVIDENCE_BASE/03_INVESTIGATIONS/02_EXPANDED_ARCHIVES/FORENSIC_CORPUS_REBUILT_2026-09-11/FORENSIC_CORPUS_REBUILT_2026-09-11/01_TERMINAL_RESULTS/INV-017_RUN_HANDOFF.md,4222,721166f78b6fc4a851f52ede8d46ea2160063b06425d87560d78c8ca2cda51ef
02_MASTER_EVIDENCE_BASE/03_INVESTIGATIONS/02_EXPANDED_ARCHIVES/FORENSIC_CORPUS_REBUILT_2026-09-11/FORENSIC_CORPUS_REBUILT_2026-09-11/01_TERMINAL_RESULTS/INV-018_RUN_HANDOFF.md,1773,f9e6ab9a87f93fb79ee879c84e96ea6bc9de8459a5f9af78851277f868391da7
02_MASTER_EVIDENCE_BASE/03_INVESTIGATIONS/02_EXPANDED_ARCHIVES/FORENSIC_CORPUS_REBUILT_2026-09-11/FORENSIC_CORPUS_REBUILT_2026-09-11/01_TERMINAL_RESULTS/INV-019_RUN_HANDOFF.md,2438,c72fff3b19b5ab1b2bd36b064544c1a3635f42e3d30b99c8c225e616f1d76c9b
02_MASTER_EVIDENCE_BASE/03_INVESTIGATIONS/02_EXPANDED_ARCHIVES/FORENSIC_CORPUS_REBUILT_2026-09-11/FORENSIC_CORPUS_REBUILT_2026-09-11/01_TERMINAL_RESULTS/INV-021_RUN_HANDOFF.md,4935,b0d39c25d01137befba1657c01d41c9d110715e66fad76a0d219d7c5cd830825
02_MASTER_EVIDENCE_BASE/03_INVESTIGATIONS/02_EXPANDED_ARCHIVES/FORENSIC_CORPUS_REBUILT_2026-09-11/FORENSIC_CORPUS_REBUILT_2026-09-11/01_TERMINAL_RESULTS/INV-022_RUN_HANDOFF.md,5292,23728306a8c672f7ed4b31f7e8c668676a16dcb6a295716df25697855d03ebe0
02_MASTER_EVIDENCE_BASE/03_INVESTIGATIONS/02_EXPANDED_ARCHIVES/FORENSIC_CORPUS_REBUILT_2026-09-11/FORENSIC_CORPUS_REBUILT_2026-09-11/01_TERMINAL_RESULTS/INV-023_RUN_HANDOFF.md,5660,defda8829828ff9b8bd85fd99887da2f75b5d01c79cbb90f2dedb7d55ec810b1
02_MASTER_EVIDENCE_BASE/03_INVESTIGATIONS/02_EXPANDED_ARCHIVES/FORENSIC_CORPUS_REBUILT_2026-09-11/FORENSIC_CORPUS_REBUILT_2026-09-11/01_TERMINAL_RESULTS/INV-025_RUN_HANDOFF.md,3756,53c7f49ab0020f83cdc2ddfc4fa2f87af61011044ebb884bfc90f424cbb7de0d
02_MASTER_EVIDENCE_BASE/03_INVESTIGATIONS/02_EXPANDED_ARCHIVES/FORENSIC_CORPUS_REBUILT_2026-09-11/FORENSIC_CORPUS_REBUILT_2026-09-11/01_TERMINAL_RESULTS/INV-026_RUN_HANDOFF.md,3144,bf70cae7b998ae0aa16949f1f12cb8258d4d4de9527316832b9cb398531ae4cb
02_MASTER_EVIDENCE_BASE/03_INVESTIGATIONS/02_EXPANDED_ARCHIVES/FORENSIC_CORPUS_REBUILT_2026-09-11/FORENSIC_CORPUS_REBUILT_2026-09-11/01_TERMINAL_RESULTS/INV-027_RUN_HANDOFF.md,3701,4f5f3e49e73d863a66bcf8a228cc93005b57e22ca07e46cffa4991b040cde3f8
02_MASTER_EVIDENCE_BASE/03_INVESTIGATIONS/02_EXPANDED_ARCHIVES/FORENSIC_CORPUS_REBUILT_2026-09-11/FORENSIC_CORPUS_REBUILT_2026-09-11/01_TERMINAL_RESULTS/INV-028_RUN_HANDOFF.md,3672,4ba6f5f56688585cbd83d323ad16676e615a881434d3849b4ea6d0cd26def8d0
02_MASTER_EVIDENCE_BASE/03_INVESTIGATIONS/02_EXPANDED_ARCHIVES/FORENSIC_CORPUS_REBUILT_2026-09-11/FORENSIC_CORPUS_REBUILT_2026-09-11/01_TERMINAL_RESULTS/INV-029_RUN_HANDOFF.md,2764,893fdc5fc47202de0c22b362eca6dc7586b52edf0262274c6dd93884693be6c0
02_MASTER_EVIDENCE_BASE/03_INVESTIGATIONS/02_EXPANDED_ARCHIVES/FORENSIC_CORPUS_REBUILT_2026-09-11/FORENSIC_CORPUS_REBUILT_2026-09-11/01_TERMINAL_RESULTS/INV-030_RUN_HANDOFF.md,3921,b3366c5aef1e512fa479bcf819fc0ad87ec86aa93af76b5452be2878d3bb1bf8
02_MASTER_EVIDENCE_BASE/03_INVESTIGATIONS/02_EXPANDED_ARCHIVES/FORENSIC_CORPUS_REBUILT_2026-09-11/FORENSIC_CORPUS_REBUILT_2026-09-11/01_TERMINAL_RESULTS/INV-033_RUN_HANDOFF.md,2430,a33fa3cb614d41e2c2ac4319f2081bfaa210f7f556997cc853ac81a5b5549ebb
02_MASTER_EVIDENCE_BASE/03_INVESTIGATIONS/02_EXPANDED_ARCHIVES/FORENSIC_CORPUS_REBUILT_2026-09-11/FORENSIC_CORPUS_REBUILT_2026-09-11/01_TERMINAL_RESULTS/INV-036_RUN_HANDOFF.md,3717,24381e87846ca89bd5446739a061ed75198483c2a3da27b67882a89f83d84485
02_MASTER_EVIDENCE_BASE/03_INVESTIGATIONS/02_EXPANDED_ARCHIVES/FORENSIC_CORPUS_REBUILT_2026-09-11/FORENSIC_CORPUS_REBUILT_2026-09-11/01_TERMINAL_RESULTS/INV-037_RUN_HANDOFF.md,3004,a48f909396f4272cea5c9743915743d4f8b9d7ab4086e1b0ce4377f4166c93a5
02_MASTER_EVIDENCE_BASE/03_INVESTIGATIONS/02_EXPANDED_ARCHIVES/FORENSIC_CORPUS_REBUILT_2026-09-11/FORENSIC_CORPUS_REBUILT_2026-09-11/01_TERMINAL_RESULTS/INV-039_RUN_HANDOFF.md,3796,f161f85f3b3e4ac598054a114b461a01b480ef2fb646c39112e3ff7df8733748
02_MASTER_EVIDENCE_BASE/03_INVESTIGATIONS/02_EXPANDED_ARCHIVES/FORENSIC_CORPUS_REBUILT_2026-09-11/FORENSIC_CORPUS_REBUILT_2026-09-11/01_TERMINAL_RESULTS/INV-041_RUN_HANDOFF.md,3932,755ca22180fafb8699be5da76c9ebd24d62e5ed39d17312906942491763342f9
02_MASTER_EVIDENCE_BASE/03_INVESTIGATIONS/02_EXPANDED_ARCHIVES/FORENSIC_CORPUS_REBUILT_2026-09-11/FORENSIC_CORPUS_REBUILT_2026-09-11/01_TERMINAL_RESULTS/INV-042_RUN_HANDOFF.md,3320,ee30ab176cfb9f73b9f225cb9ff05d0d994d3913f667954800580c20ccb87925
02_MASTER_EVIDENCE_BASE/03_INVESTIGATIONS/02_EXPANDED_ARCHIVES/FORENSIC_CORPUS_REBUILT_2026-09-11/FORENSIC_CORPUS_REBUILT_2026-09-11/01_TERMINAL_RESULTS/INV-043_RUN_HANDOFF.md,4027,f9a2ef582d9a35ca8b7de6dfefeaf578dacac1544834a7a4cbb4ee2ba14f3ac9
02_MASTER_EVIDENCE_BASE/03_INVESTIGATIONS/02_EXPANDED_ARCHIVES/FORENSIC_CORPUS_REBUILT_2026-09-11/FORENSIC_CORPUS_REBUILT_2026-09-11/01_TERMINAL_RESULTS/INV-045_RUN_HANDOFF.md,2228,dceb321e6ed9d0f0e13be5d6cd7a12cfacbdda929b2ec10c0a83eaa70088cc01
02_MASTER_EVIDENCE_BASE/03_INVESTIGATIONS/02_EXPANDED_ARCHIVES/FORENSIC_CORPUS_REBUILT_2026-09-11/FORENSIC_CORPUS_REBUILT_2026-09-11/01_TERMINAL_RESULTS/INV-046_RUN_HANDOFF.md,2877,eb957002612d086217cba34030f91e3b867844744ad07a9811e06aabb9359b12
02_MASTER_EVIDENCE_BASE/03_INVESTIGATIONS/02_EXPANDED_ARCHIVES/FORENSIC_CORPUS_REBUILT_2026-09-11/FORENSIC_CORPUS_REBUILT_2026-09-11/01_TERMINAL_RESULTS/INV-047_RUN_HANDOFF.md,4724,117e7b67c5ad6c68fc006ca02c7991665b9b561bc5ede80f942ddb9cca492533
02_MASTER_EVIDENCE_BASE/03_INVESTIGATIONS/02_EXPANDED_ARCHIVES/FORENSIC_CORPUS_REBUILT_2026-09-11/FORENSIC_CORPUS_REBUILT_2026-09-11/01_TERMINAL_RESULTS/INV-048_RUN_HANDOFF.md,3435,02ae047dac6d31df1353295080acb7130200919098357b5af1fbca5af5c4a3a2
02_MASTER_EVIDENCE_BASE/03_INVESTIGATIONS/02_EXPANDED_ARCHIVES/FORENSIC_CORPUS_REBUILT_2026-09-11/FORENSIC_CORPUS_REBUILT_2026-09-11/01_TERMINAL_RESULTS/INV-049_RUN_HANDOFF.md,2398,53b700412f23822520263f58965856384a77fa82053df12fc2d5ea6671830bfa
02_MASTER_EVIDENCE_BASE/03_INVESTIGATIONS/02_EXPANDED_ARCHIVES/FORENSIC_CORPUS_REBUILT_2026-09-11/FORENSIC_CORPUS_REBUILT_2026-09-11/01_TERMINAL_RESULTS/INV-051_RUN_HANDOFF.md,3222,b11e8dee775ff460c6e4465c9afff31892c4d1b4f2ab34e3902944f6379a10e0
02_MASTER_EVIDENCE_BASE/03_INVESTIGATIONS/02_EXPANDED_ARCHIVES/FORENSIC_CORPUS_REBUILT_2026-09-11/FORENSIC_CORPUS_REBUILT_2026-09-11/01_TERMINAL_RESULTS/INV-053_RUN_HANDOFF.md,2930,fb2e4daf5d4dc5aa473f5a661388d34c3783a82f3549b2327353d873c038f094
02_MASTER_EVIDENCE_BASE/03_INVESTIGATIONS/02_EXPANDED_ARCHIVES/FORENSIC_CORPUS_REBUILT_2026-09-11/FORENSIC_CORPUS_REBUILT_2026-09-11/01_TERMINAL_RESULTS/INV-054_RUN_HANDOFF.md,2661,64c37752d4c1dd713f6143766d652b8c6fe39981e603fcc2854d9cb71d574c1a
02_MASTER_EVIDENCE_BASE/03_INVESTIGATIONS/02_EXPANDED_ARCHIVES/FORENSIC_CORPUS_REBUILT_2026-09-11/FORENSIC_CORPUS_REBUILT_2026-09-11/01_TERMINAL_RESULTS/INV-056_RUN_HANDOFF.md,1723,58fed8118644f023e532a2b8caaa5171f5d2de322678aa15dcbced8dfa095f1b
02_MASTER_EVIDENCE_BASE/03_INVESTIGATIONS/02_EXPANDED_ARCHIVES/FORENSIC_CORPUS_REBUILT_2026-09-11/FORENSIC_CORPUS_REBUILT_2026-09-11/01_TERMINAL_RESULTS/INV-057_RUN_HANDOFF.md,3576,ccf6fb7ae7f4d3ccd80bf3c17c22c24197d77ae991ac294a723289d9f0447136
02_MASTER_EVIDENCE_BASE/03_INVESTIGATIONS/02_EXPANDED_ARCHIVES/FORENSIC_CORPUS_REBUILT_2026-09-11/FORENSIC_CORPUS_REBUILT_2026-09-11/01_TERMINAL_RESULTS/INV-059_RUN_HANDOFF.md,1816,845d2d2e14d0113d4fea5dc6a9b3d7cf601684ba7e19e8e6ecf9d54f2a4058c7
02_MASTER_EVIDENCE_BASE/03_INVESTIGATIONS/02_EXPANDED_ARCHIVES/FORENSIC_CORPUS_REBUILT_2026-09-11/FORENSIC_CORPUS_REBUILT_2026-09-11/01_TERMINAL_RESULTS/INV-061_RUN_HANDOFF.md,3369,813cd846510520e203eb8d8d7b6c11bc3038b2387dfaea7d6490839926cf26c0
02_MASTER_EVIDENCE_BASE/03_INVESTIGATIONS/02_EXPANDED_ARCHIVES/FORENSIC_CORPUS_REBUILT_2026-09-11/FORENSIC_CORPUS_REBUILT_2026-09-11/01_TERMINAL_RESULTS/INV-062_RUN_HANDOFF.md,3773,ff8c52095e6353afcab4db2c226362d72014307be52f53f4ca833117de358560
02_MASTER_EVIDENCE_BASE/03_INVESTIGATIONS/02_EXPANDED_ARCHIVES/FORENSIC_CORPUS_REBUILT_2026-09-11/FORENSIC_CORPUS_REBUILT_2026-09-11/01_TERMINAL_RESULTS/INV-063_RUN_HANDOFF.md,3905,e4aa5123897bac2249ef2ff417b37f82f850e7eaf55078057532aa4989007335
02_MASTER_EVIDENCE_BASE/03_INVESTIGATIONS/02_EXPANDED_ARCHIVES/FORENSIC_CORPUS_REBUILT_2026-09-11/FORENSIC_CORPUS_REBUILT_2026-09-11/01_TERMINAL_RESULTS/INV-064_RUN_HANDOFF.md,3758,b640f9d3db3bbbffc11ce25c641337a78cb86eb2990b564f19db6086edccf5af
02_MASTER_EVIDENCE_BASE/03_INVESTIGATIONS/02_EXPANDED_ARCHIVES/FORENSIC_CORPUS_REBUILT_2026-09-11/FORENSIC_CORPUS_REBUILT_2026-09-11/01_TERMINAL_RESULTS/INV-065_RUN_HANDOFF.md,3647,77e5c74246009f39c29e69e5e8fa89af9190431a8674708d6bf2d46ae6e510eb
02_MASTER_EVIDENCE_BASE/03_INVESTIGATIONS/02_EXPANDED_ARCHIVES/FORENSIC_CORPUS_REBUILT_2026-09-11/FORENSIC_CORPUS_REBUILT_2026-09-11/01_TERMINAL_RESULTS/INV-066_RUN_HANDOFF.md,3829,cb886e3c3e41a2ab8cd0190f47a6f2fecbeb47ddd9240fce20540447bc142d8f
02_MASTER_EVIDENCE_BASE/03_INVESTIGATIONS/02_EXPANDED_ARCHIVES/FORENSIC_CORPUS_REBUILT_2026-09-11/FORENSIC_CORPUS_REBUILT_2026-09-11/01_TERMINAL_RESULTS/INV-067_RUN_HANDOFF.md,3421,491e2462883df117ac08e8d27eba9f6b9c5315d51f37cf60bc711630da7af532
02_MASTER_EVIDENCE_BASE/03_INVESTIGATIONS/02_EXPANDED_ARCHIVES/FORENSIC_CORPUS_REBUILT_2026-09-11/FORENSIC_CORPUS_REBUILT_2026-09-11/01_TERMINAL_RESULTS/INV-069_RUN_HANDOFF.md,1758,1d92538236ec5013049116c6e3a3f2b3b561977decff76cba35af3850eb36ff8
02_MASTER_EVIDENCE_BASE/03_INVESTIGATIONS/02_EXPANDED_ARCHIVES/FORENSIC_CORPUS_REBUILT_2026-09-11/FORENSIC_CORPUS_REBUILT_2026-09-11/01_TERMINAL_RESULTS/INV-070_RUN_HANDOFF.md,3110,cdb0b841de1ae2450eb3c71699a8f18e5fdd15377ccbc1ca9cac39fe6577d837
02_MASTER_EVIDENCE_BASE/03_INVESTIGATIONS/02_EXPANDED_ARCHIVES/FORENSIC_CORPUS_REBUILT_2026-09-11/FORENSIC_CORPUS_REBUILT_2026-09-11/01_TERMINAL_RESULTS/INV-071_RUN_HANDOFF.md,3228,40a5c487ae9f5367cd68895cc24b8d18fd90bf66e4f4d960e9164c2585309879
02_MASTER_EVIDENCE_BASE/03_INVESTIGATIONS/02_EXPANDED_ARCHIVES/FORENSIC_CORPUS_REBUILT_2026-09-11/FORENSIC_CORPUS_REBUILT_2026-09-11/01_TERMINAL_RESULTS/INV-072_RUN_HANDOFF.md,4260,84bd7a9bb42b360015dce03253894b321aec0414c007b14947ac660091fa2db4
02_MASTER_EVIDENCE_BASE/03_INVESTIGATIONS/02_EXPANDED_ARCHIVES/FORENSIC_CORPUS_REBUILT_2026-09-11/FORENSIC_CORPUS_REBUILT_2026-09-11/01_TERMINAL_RESULTS/INV-073_RUN_HANDOFF.md,1740,c6dd70c432227a9848af85f33b2945ffab61c89f5243fa628653d8da39664572
02_MASTER_EVIDENCE_BASE/03_INVESTIGATIONS/02_EXPANDED_ARCHIVES/FORENSIC_CORPUS_REBUILT_2026-09-11/FORENSIC_CORPUS_REBUILT_2026-09-11/01_TERMINAL_RESULTS/INV-074_RUN_HANDOFF.md,3803,0dd8408e1a3def70e7b1d68fa17cc12c37625221a9b5b07a4bbf3499268a9bbb
02_MASTER_EVIDENCE_BASE/03_INVESTIGATIONS/02_EXPANDED_ARCHIVES/FORENSIC_CORPUS_REBUILT_2026-09-11/FORENSIC_CORPUS_REBUILT_2026-09-11/01_TERMINAL_RESULTS/INV-075_RUN_HANDOFF.md,3132,064fd35d2b7328ed7c8e590decfaf7b095d40487c6f64dbc29525cf6906d0db6
02_MASTER_EVIDENCE_BASE/03_INVESTIGATIONS/02_EXPANDED_ARCHIVES/FORENSIC_CORPUS_REBUILT_2026-09-11/FORENSIC_CORPUS_REBUILT_2026-09-11/01_TERMINAL_RESULTS/INV-076_RUN_HANDOFF.md,3531,771b4fcd632f121e1cdccc30a9303123bfd585d7955d40068b49f57e23673111
02_MASTER_EVIDENCE_BASE/03_INVESTIGATIONS/02_EXPANDED_ARCHIVES/FORENSIC_CORPUS_REBUILT_2026-09-11/FORENSIC_CORPUS_REBUILT_2026-09-11/01_TERMINAL_RESULTS/INV-077_RUN_HANDOFF.md,3279,ef05173c09f583d7fc118bf7f727fc719f09851b0708df6e3b095c3de178cf49
02_MASTER_EVIDENCE_BASE/03_INVESTIGATIONS/02_EXPANDED_ARCHIVES/FORENSIC_CORPUS_REBUILT_2026-09-11/FORENSIC_CORPUS_REBUILT_2026-09-11/01_TERMINAL_RESULTS/INV-078_RUN_HANDOFF.md,2188,820b5052c0c05b1e60f1cb07524d0f9674e0b0a41f1175a398e183bc01ecd115
02_MASTER_EVIDENCE_BASE/03_INVESTIGATIONS/02_EXPANDED_ARCHIVES/FORENSIC_CORPUS_REBUILT_2026-09-11/FORENSIC_CORPUS_REBUILT_2026-09-11/01_TERMINAL_RESULTS/INV-079_RUN_HANDOFF.md,2133,347ac9fc7596619782f4070151be540e793026e2bdc45325ce901139304a87d6
02_MASTER_EVIDENCE_BASE/03_INVESTIGATIONS/02_EXPANDED_ARCHIVES/FORENSIC_CORPUS_REBUILT_2026-09-11/FORENSIC_CORPUS_REBUILT_2026-09-11/01_TERMINAL_RESULTS/INV-080_RUN_HANDOFF.md,1784,fdcb8afe0233186f15b7fbb8a1c3e157a3cb255078cc5423eed8c477f989a355
02_MASTER_EVIDENCE_BASE/03_INVESTIGATIONS/02_EXPANDED_ARCHIVES/FORENSIC_CORPUS_REBUILT_2026-09-11/FORENSIC_CORPUS_REBUILT_2026-09-11/01_TERMINAL_RESULTS/INV-081_RUN_HANDOFF.md,3953,7ac635ec0f5e0726c2cd08bbf7c8d26dcc93daf688c6214ce4080a38bdb11a5f
02_MASTER_EVIDENCE_BASE/03_INVESTIGATIONS/02_EXPANDED_ARCHIVES/FORENSIC_CORPUS_REBUILT_2026-09-11/FORENSIC_CORPUS_REBUILT_2026-09-11/01_TERMINAL_RESULTS/INV-084_RUN_HANDOFF.md,3259,e91978859578c16f797f7d21c77e44a3b600265928900ccdf1cd2355af6e7974
02_MASTER_EVIDENCE_BASE/03_INVESTIGATIONS/02_EXPANDED_ARCHIVES/FORENSIC_CORPUS_REBUILT_2026-09-11/FORENSIC_CORPUS_REBUILT_2026-09-11/01_TERMINAL_RESULTS/INV-085_RUN_HANDOFF.md,2420,907c1e8bee0a4a740bdea31ea0e0fc9ec135297ea1547dc812d52fc1aed49273
02_MASTER_EVIDENCE_BASE/03_INVESTIGATIONS/02_EXPANDED_ARCHIVES/FORENSIC_CORPUS_REBUILT_2026-09-11/FORENSIC_CORPUS_REBUILT_2026-09-11/01_TERMINAL_RESULTS/INV-087_RUN_HANDOFF.md,1347,9568fc6349237c10b61372e53cc9073324aa9dbeaf328f0c4eb0d60a6165d591
02_MASTER_EVIDENCE_BASE/03_INVESTIGATIONS/02_EXPANDED_ARCHIVES/FORENSIC_CORPUS_REBUILT_2026-09-11/FORENSIC_CORPUS_REBUILT_2026-09-11/01_TERMINAL_RESULTS/INV-089_RUN_HANDOFF.md,1681,f55f6adbd79e856d180ecefcbec827830f60d2edf4fd987e04ead6253d93325d
02_MASTER_EVIDENCE_BASE/03_INVESTIGATIONS/02_EXPANDED_ARCHIVES/FORENSIC_CORPUS_REBUILT_2026-09-11/FORENSIC_CORPUS_REBUILT_2026-09-11/01_TERMINAL_RESULTS/INV-090_RUN_HANDOFF.md,1882,aafa90efe1ca71f242054b2dec739cf474280f501e117c3fe4d6d657e4321d08
02_MASTER_EVIDENCE_BASE/03_INVESTIGATIONS/02_EXPANDED_ARCHIVES/FORENSIC_CORPUS_REBUILT_2026-09-11/FORENSIC_CORPUS_REBUILT_2026-09-11/01_TERMINAL_RESULTS/INV-091_RUN_HANDOFF.md,1860,b722a7d3838c47ef0be6cb13bf8ca1b063eb84886492539332e8ada6806c6e19
02_MASTER_EVIDENCE_BASE/03_INVESTIGATIONS/02_EXPANDED_ARCHIVES/FORENSIC_CORPUS_REBUILT_2026-09-11/FORENSIC_CORPUS_REBUILT_2026-09-11/01_TERMINAL_RESULTS/INV-092_RUN_HANDOFF.md,3937,cc70c2ee7a0098512ad81091483838a874a9427768bc957be1d0f9c86b1152e0
02_MASTER_EVIDENCE_BASE/03_INVESTIGATIONS/02_EXPANDED_ARCHIVES/FORENSIC_CORPUS_REBUILT_2026-09-11/FORENSIC_CORPUS_REBUILT_2026-09-11/01_TERMINAL_RESULTS/INV-093_RUN_HANDOFF.md,2602,0b0feab1eab4df6e1799ac2bb16b7ad0d89bbfd9130fa886690c1e4c19c1b3d5
02_MASTER_EVIDENCE_BASE/03_INVESTIGATIONS/02_EXPANDED_ARCHIVES/FORENSIC_CORPUS_REBUILT_2026-09-11/FORENSIC_CORPUS_REBUILT_2026-09-11/01_TERMINAL_RESULTS/INV-094_RUN_HANDOFF.md,2491,d89b413cf5fe2f76579596f8875556f04229a0c5debc7137ddaf3d8d9a5faf80
02_MASTER_EVIDENCE_BASE/03_INVESTIGATIONS/02_EXPANDED_ARCHIVES/FORENSIC_CORPUS_REBUILT_2026-09-11/FORENSIC_CORPUS_REBUILT_2026-09-11/01_TERMINAL_RESULTS/INV-096_RUN_HANDOFF.md,1637,a0d11d332dd841506a408c45436fbc9d4b07092e1c102ff84b1c0e323e201f87
02_MASTER_EVIDENCE_BASE/03_INVESTIGATIONS/02_EXPANDED_ARCHIVES/FORENSIC_CORPUS_REBUILT_2026-09-11/FORENSIC_CORPUS_REBUILT_2026-09-11/01_TERMINAL_RESULTS/INV-097_RUN_HANDOFF.md,2365,fb6019477f47e8976ce16620fad1eb177f16c85cbb1b101a5b767f94ba271d29
02_MASTER_EVIDENCE_BASE/03_INVESTIGATIONS/02_EXPANDED_ARCHIVES/FORENSIC_CORPUS_REBUILT_2026-09-11/FORENSIC_CORPUS_REBUILT_2026-09-11/01_TERMINAL_RESULTS/INV-098_RUN_HANDOFF.md,2281,d3fd028f48ac3bba7ad6305d00887db5f73d0021734d1be279ccb018950f0c5a
02_MASTER_EVIDENCE_BASE/03_INVESTIGATIONS/02_EXPANDED_ARCHIVES/FORENSIC_CORPUS_REBUILT_2026-09-11/FORENSIC_CORPUS_REBUILT_2026-09-11/01_TERMINAL_RESULTS/INV-099_RUN_HANDOFF.md,2190,2d6c454ecd3ed8af64cf61328461cd69ba7b227eff1dd40fe88e412b5771c1a4
02_MASTER_EVIDENCE_BASE/03_INVESTIGATIONS/02_EXPANDED_ARCHIVES/FORENSIC_CORPUS_REBUILT_2026-09-11/FORENSIC_CORPUS_REBUILT_2026-09-11/01_TERMINAL_RESULTS/INV-100_RUN_HANDOFF.md,1524,aa8fb0bf28eb888c88e5c913703a9e5d008ab7dc73bd3e052e193dc98bd385e6
02_MASTER_EVIDENCE_BASE/03_INVESTIGATIONS/02_EXPANDED_ARCHIVES/FORENSIC_CORPUS_REBUILT_2026-09-11/FORENSIC_CORPUS_REBUILT_2026-09-11/01_TERMINAL_RESULTS/INV-103_RUN_HANDOFF.md,3606,b5bfb845e9f5ee571f577313a973c6bf15556ef64ebe63b5829d20f3c45f873f
02_MASTER_EVIDENCE_BASE/03_INVESTIGATIONS/02_EXPANDED_ARCHIVES/FORENSIC_CORPUS_REBUILT_2026-09-11/FORENSIC_CORPUS_REBUILT_2026-09-11/01_TERMINAL_RESULTS/INV-111_RUN_HANDOFF.md,2859,6926d8a7bcb0b0bf7a9e9cb0e3d5fddc9398118c98b949d58cd7b9f47fff8f7a
02_MASTER_EVIDENCE_BASE/03_INVESTIGATIONS/02_EXPANDED_ARCHIVES/FORENSIC_CORPUS_REBUILT_2026-09-11/FORENSIC_CORPUS_REBUILT_2026-09-11/01_TERMINAL_RESULTS/INV-112_RUN_HANDOFF.md,3030,3e8783729ce6d1e63330a509cdf26043a1efcfe5110e2628085218e6a1190e3e
02_MASTER_EVIDENCE_BASE/03_INVESTIGATIONS/02_EXPANDED_ARCHIVES/FORENSIC_CORPUS_REBUILT_2026-09-11/FORENSIC_CORPUS_REBUILT_2026-09-11/01_TERMINAL_RESULTS/INV-119_RUN_HANDOFF.md,4709,2ae552aa65bc3527c5d9cd1900ac41df1ab959bae5a9ddc187934bab330f3d19
02_MASTER_EVIDENCE_BASE/03_INVESTIGATIONS/02_EXPANDED_ARCHIVES/FORENSIC_CORPUS_REBUILT_2026-09-11/FORENSIC_CORPUS_REBUILT_2026-09-11/01_TERMINAL_RESULTS/INV-120_RUN_HANDOFF.md,3335,cbf2277dd041b749c75d2f3d5425d561ef73f19db3ae1f31f08603abaa509b60
02_MASTER_EVIDENCE_BASE/03_INVESTIGATIONS/02_EXPANDED_ARCHIVES/FORENSIC_CORPUS_REBUILT_2026-09-11/FORENSIC_CORPUS_REBUILT_2026-09-11/01_TERMINAL_RESULTS/INV-121_RUN_HANDOFF.md,3077,7637fed954f2368f4d929d866c4ab46741e5f79ab5c1b91f0c2019130f6781d4
02_MASTER_EVIDENCE_BASE/03_INVESTIGATIONS/02_EXPANDED_ARCHIVES/FORENSIC_CORPUS_REBUILT_2026-09-11/FORENSIC_CORPUS_REBUILT_2026-09-11/01_TERMINAL_RESULTS/INV-122_RUN_HANDOFF.md,3016,6a087d28dfa41f6466bca744740ccb43a336630e93fa132bf767f89fb7b21468
02_MASTER_EVIDENCE_BASE/03_INVESTIGATIONS/02_EXPANDED_ARCHIVES/FORENSIC_CORPUS_REBUILT_2026-09-11/FORENSIC_CORPUS_REBUILT_2026-09-11/01_TERMINAL_RESULTS/INV-124_RUN_HANDOFF.md,2287,9c77cc8bafdf50cb43bad1b99fa96a1347f5b205170b78ebebdf5bd2478a14b4
02_MASTER_EVIDENCE_BASE/03_INVESTIGATIONS/02_EXPANDED_ARCHIVES/FORENSIC_CORPUS_REBUILT_2026-09-11/FORENSIC_CORPUS_REBUILT_2026-09-11/01_TERMINAL_RESULTS/INV-125_RUN_HANDOFF.md,3227,f3a42319fe6504421589f0a5856c94013d34f0f541d7cfceb4898d39b9d84c25
02_MASTER_EVIDENCE_BASE/03_INVESTIGATIONS/02_EXPANDED_ARCHIVES/FORENSIC_CORPUS_REBUILT_2026-09-11/FORENSIC_CORPUS_REBUILT_2026-09-11/01_TERMINAL_RESULTS/INV-126_RUN_HANDOFF.md,3373,80178eb5a73f3cab427f2e5f68064ac8cc8c5aa1162b3643e900861872201604
02_MASTER_EVIDENCE_BASE/03_INVESTIGATIONS/02_EXPANDED_ARCHIVES/FORENSIC_CORPUS_REBUILT_2026-09-11/FORENSIC_CORPUS_REBUILT_2026-09-11/01_TERMINAL_RESULTS/INV-127_RUN_HANDOFF.md,4345,1df04f65fe231d6622003cc287355719a10bd3d9a18b5b2ee4f450d495a80fd7
02_MASTER_EVIDENCE_BASE/03_INVESTIGATIONS/02_EXPANDED_ARCHIVES/FORENSIC_CORPUS_REBUILT_2026-09-11/FORENSIC_CORPUS_REBUILT_2026-09-11/01_TERMINAL_RESULTS/INV-128_RUN_HANDOFF.md,4354,e6ebbe716642c098fccd8d02f7ebd4bb6677f8647b7022e530d0c83fbdfc977d
02_MASTER_EVIDENCE_BASE/03_INVESTIGATIONS/02_EXPANDED_ARCHIVES/FORENSIC_CORPUS_REBUILT_2026-09-11/FORENSIC_CORPUS_REBUILT_2026-09-11/01_TERMINAL_RESULTS/INV-130_RUN_HANDOFF.md,5034,3c8bff38c670b740e936bb8fe8813ca69160f2ce6c0f9330dc8245e838ec9b80
02_MASTER_EVIDENCE_BASE/03_INVESTIGATIONS/02_EXPANDED_ARCHIVES/FORENSIC_CORPUS_REBUILT_2026-09-11/FORENSIC_CORPUS_REBUILT_2026-09-11/01_TERMINAL_RESULTS/INV-131_RUN_HANDOFF.md,4924,cb41fa76b99a2e8a0b743c02a5600112b07079b3ea78bf151e34a6dad1aa0b62
02_MASTER_EVIDENCE_BASE/03_INVESTIGATIONS/02_EXPANDED_ARCHIVES/FORENSIC_CORPUS_REBUILT_2026-09-11/FORENSIC_CORPUS_REBUILT_2026-09-11/01_TERMINAL_RESULTS/INV-132_RUN_HANDOFF.md,4232,8c562eaac0781514ebc237c2202b41284a9529f1e1bd33ee89db0edf67fd0673
02_MASTER_EVIDENCE_BASE/03_INVESTIGATIONS/02_EXPANDED_ARCHIVES/FORENSIC_CORPUS_REBUILT_2026-09-11/FORENSIC_CORPUS_REBUILT_2026-09-11/01_TERMINAL_RESULTS/INV-134_RUN_HANDOFF.md,4677,86ecbc873978c6a375d21dd9f145f299f2ba3edd8460615d040034b459e7cd6a
02_MASTER_EVIDENCE_BASE/03_INVESTIGATIONS/02_EXPANDED_ARCHIVES/FORENSIC_CORPUS_REBUILT_2026-09-11/FORENSIC_CORPUS_REBUILT_2026-09-11/01_TERMINAL_RESULTS/INV-135_RUN_HANDOFF.md,4587,656b7327adaeb9c776c276883292f54f4ff53d4d41607c14bd4a76532ca03187
02_MASTER_EVIDENCE_BASE/03_INVESTIGATIONS/02_EXPANDED_ARCHIVES/FORENSIC_CORPUS_REBUILT_2026-09-11/FORENSIC_CORPUS_REBUILT_2026-09-11/01_TERMINAL_RESULTS/INV-136_RUN_HANDOFF.md,4311,89ec70a74acccd17ec08856f6d2368b124cc34ee354f6f8b0fd78acd86175f9b
02_MASTER_EVIDENCE_BASE/03_INVESTIGATIONS/02_EXPANDED_ARCHIVES/FORENSIC_CORPUS_REBUILT_2026-09-11/FORENSIC_CORPUS_REBUILT_2026-09-11/01_TERMINAL_RESULTS/INV-137_RUN_HANDOFF.md,4644,ffe90b6162ddec2d94bd84cf90fadaa18829b18ff6ce03c6f32970ea9092a85f
02_MASTER_EVIDENCE_BASE/03_INVESTIGATIONS/02_EXPANDED_ARCHIVES/FORENSIC_CORPUS_REBUILT_2026-09-11/FORENSIC_CORPUS_REBUILT_2026-09-11/01_TERMINAL_RESULTS/INV-138_RUN_HANDOFF.md,3725,33cf00cd572c2109187d853d87848aa22c0d81371fdbfcc089e3a085d8551845
02_MASTER_EVIDENCE_BASE/03_INVESTIGATIONS/02_EXPANDED_ARCHIVES/FORENSIC_CORPUS_REBUILT_2026-09-11/FORENSIC_CORPUS_REBUILT_2026-09-11/01_TERMINAL_RESULTS/INV-141_RUN_HANDOFF.md,1852,98f326e53fb15de5aca4ee9167baa951e6f27ec34d19c3379426bf691288acf0
02_MASTER_EVIDENCE_BASE/03_INVESTIGATIONS/02_EXPANDED_ARCHIVES/FORENSIC_CORPUS_REBUILT_2026-09-11/FORENSIC_CORPUS_REBUILT_2026-09-11/01_TERMINAL_RESULTS/INV-142_RUN_HANDOFF.md,1703,e456020e4cd9ff6e9d3237181589e150354759a789f3bebfc186975af6bad6fc
02_MASTER_EVIDENCE_BASE/03_INVESTIGATIONS/02_EXPANDED_ARCHIVES/FORENSIC_CORPUS_REBUILT_2026-09-11/FORENSIC_CORPUS_REBUILT_2026-09-11/01_TERMINAL_RESULTS/INV-143_RUN_HANDOFF.md,2404,4189a0ba0643aff7ca2229584106c1956d066a6d2fb64b62b5c196538f03d72f
02_MASTER_EVIDENCE_BASE/03_INVESTIGATIONS/02_EXPANDED_ARCHIVES/FORENSIC_CORPUS_REBUILT_2026-09-11/FORENSIC_CORPUS_REBUILT_2026-09-11/01_TERMINAL_RESULTS/INV-145_RUN_HANDOFF.md,2885,e1987224267601dc9d8ea84bbf33137cd9d2df7b0b348484cb26e7be6a085aee
02_MASTER_EVIDENCE_BASE/03_INVESTIGATIONS/02_EXPANDED_ARCHIVES/FORENSIC_CORPUS_REBUILT_2026-09-11/FORENSIC_CORPUS_REBUILT_2026-09-11/01_TERMINAL_RESULTS/INV-147_RUN_HANDOFF.md,5067,16939bfcfb3bfd441029b65434eb7c230c3f2b45a67edc516b19d09f5e1ee575
02_MASTER_EVIDENCE_BASE/03_INVESTIGATIONS/02_EXPANDED_ARCHIVES/FORENSIC_CORPUS_REBUILT_2026-09-11/FORENSIC_CORPUS_REBUILT_2026-09-11/02_BOUNDED_RECOVERY/INV-044_RUN_HANDOFF.md,1737,e85cbeebba1a91a9a084b1ed811144dee0e9db755c867b30fd0b5ae2ecf1fda1
02_MASTER_EVIDENCE_BASE/03_INVESTIGATIONS/02_EXPANDED_ARCHIVES/FORENSIC_CORPUS_REBUILT_2026-09-11/FORENSIC_CORPUS_REBUILT_2026-09-11/03_DERIVED_SYNTHESES/INV-038_SYNTHESIS.md,4972,4f56b4c79a972bb0175ce81de8097661c3cc4a23d076179dc491fbb2d0e90a88
02_MASTER_EVIDENCE_BASE/03_INVESTIGATIONS/02_EXPANDED_ARCHIVES/FORENSIC_CORPUS_REBUILT_2026-09-11/FORENSIC_CORPUS_REBUILT_2026-09-11/03_DERIVED_SYNTHESES/INV-040_SYNTHESIS.md,11197,63608989b4fb5b34abb26c9cb1a7a0d840109c8e7158b20dcc30540f540d54f7
02_MASTER_EVIDENCE_BASE/03_INVESTIGATIONS/02_EXPANDED_ARCHIVES/FORENSIC_CORPUS_REBUILT_2026-09-11/FORENSIC_CORPUS_REBUILT_2026-09-11/03_DERIVED_SYNTHESES/INV-052_SYNTHESIS.md,4988,bb1a88870a0b2cf0455f516dfc7d2126c063987cb120a7d655842cccb82d7c4d
02_MASTER_EVIDENCE_BASE/03_INVESTIGATIONS/02_EXPANDED_ARCHIVES/FORENSIC_CORPUS_REBUILT_2026-09-11/FORENSIC_CORPUS_REBUILT_2026-09-11/03_DERIVED_SYNTHESES/INV-068_SYNTHESIS.md,5422,94f8cb692c0bcd707cdb7a1569dbbae1038bdc3b62636507b57b1894374255f2
02_MASTER_EVIDENCE_BASE/03_INVESTIGATIONS/02_EXPANDED_ARCHIVES/FORENSIC_CORPUS_REBUILT_2026-09-11/FORENSIC_CORPUS_REBUILT_2026-09-11/03_DERIVED_SYNTHESES/INV-082_SYNTHESIS.md,9534,c9b3824143ca02980d5798b273f3c329bf12beccb492fdb56ea6fa1ef06a0dcd
02_MASTER_EVIDENCE_BASE/03_INVESTIGATIONS/02_EXPANDED_ARCHIVES/FORENSIC_CORPUS_REBUILT_2026-09-11/FORENSIC_CORPUS_REBUILT_2026-09-11/03_DERIVED_SYNTHESES/INV-088_SYNTHESIS.md,5919,222bdeced218b48817447b96f6a3f2b2a8ae92b446d9f7a704d2c747ca3ad430
02_MASTER_EVIDENCE_BASE/03_INVESTIGATIONS/02_EXPANDED_ARCHIVES/FORENSIC_CORPUS_REBUILT_2026-09-11/FORENSIC_CORPUS_REBUILT_2026-09-11/03_DERIVED_SYNTHESES/INV-095_SYNTHESIS.md,6715,c0726eb30f415d1a97bb57f10bb858634fd76b00a18db78cca51893e03c28f90
02_MASTER_EVIDENCE_BASE/03_INVESTIGATIONS/02_EXPANDED_ARCHIVES/FORENSIC_CORPUS_REBUILT_2026-09-11/FORENSIC_CORPUS_REBUILT_2026-09-11/03_DERIVED_SYNTHESES/INV-102_SYNTHESIS.md,6893,75fa98241d24fd42da93cc65aaa5fd55b9e4799ca3c14505d865591e2f100777
02_MASTER_EVIDENCE_BASE/03_INVESTIGATIONS/02_EXPANDED_ARCHIVES/FORENSIC_CORPUS_REBUILT_2026-09-11/FORENSIC_CORPUS_REBUILT_2026-09-11/03_DERIVED_SYNTHESES/INV-104_SYNTHESIS.md,4433,2c52d84aa40b9a63c7a42e4a706d209eb222dccc208d16b1ebc24bae15e8d36f
02_MASTER_EVIDENCE_BASE/03_INVESTIGATIONS/02_EXPANDED_ARCHIVES/FORENSIC_CORPUS_REBUILT_2026-09-11/FORENSIC_CORPUS_REBUILT_2026-09-11/03_DERIVED_SYNTHESES/INV-129_SYNTHESIS.md,9639,95bcf40b55ad2776e77aabed0e089d442043f0357e8528c85e7e9bd885688de5
02_MASTER_EVIDENCE_BASE/03_INVESTIGATIONS/02_EXPANDED_ARCHIVES/FORENSIC_CORPUS_REBUILT_2026-09-11/FORENSIC_CORPUS_REBUILT_2026-09-11/03_DERIVED_SYNTHESES/INV-133_SYNTHESIS.md,13195,548453768fca7f36828d2415fb51cd13492e25906a715f8ade2b81f0a7545ed3
02_MASTER_EVIDENCE_BASE/03_INVESTIGATIONS/02_EXPANDED_ARCHIVES/FORENSIC_CORPUS_REBUILT_2026-09-11/FORENSIC_CORPUS_REBUILT_2026-09-11/03_DERIVED_SYNTHESES/INV-144_SYNTHESIS.md,10094,61bae983b3aa9d09aded345166d9a1edced884fe4a2c379468c916f8af01c9f0
02_MASTER_EVIDENCE_BASE/03_INVESTIGATIONS/02_EXPANDED_ARCHIVES/FORENSIC_CORPUS_REBUILT_2026-09-11/FORENSIC_CORPUS_REBUILT_2026-09-11/03_DERIVED_SYNTHESES/INV-146_SYNTHESIS.md,19289,9cf2a68c467cdc3a850e4494bda6b32044ee4f003d4623f4b161a62624bd3f8b
02_MASTER_EVIDENCE_BASE/03_INVESTIGATIONS/02_EXPANDED_ARCHIVES/FORENSIC_CORPUS_REBUILT_2026-09-11/FORENSIC_CORPUS_REBUILT_2026-09-11/04_CONTROL/INV-001-R1_REPLAY.md,2900,c3b02fe75ee3ccd0804ac9ab420489b1b7af7710b7aa9920aa00a4f626ed1105
02_MASTER_EVIDENCE_BASE/03_INVESTIGATIONS/02_EXPANDED_ARCHIVES/FORENSIC_CORPUS_REBUILT_2026-09-11/FORENSIC_CORPUS_REBUILT_2026-09-11/04_CONTROL/INV-002_REPORT.md,12301,f4de1fac8ea62469b00987cc8461e2bc702b98b66a501f0fb6c930f7dcd5503b
02_MASTER_EVIDENCE_BASE/03_INVESTIGATIONS/02_EXPANDED_ARCHIVES/FORENSIC_CORPUS_REBUILT_2026-09-11/FORENSIC_CORPUS_REBUILT_2026-09-11/04_CONTROL/METHOD_PACK.md,10418,845ce64c23f1ad4184dc1cb016b90bf694f56dc65df16d36d26085d07201439d
02_MASTER_EVIDENCE_BASE/03_INVESTIGATIONS/02_EXPANDED_ARCHIVES/FORENSIC_CORPUS_REBUILT_2026-09-11/FORENSIC_CORPUS_REBUILT_2026-09-11/05_EXCLUDED/INV-035_MISSING.md,236,2f737892c001bb92a4db72f04389cb7e5155e6587f23e3ae83451939d29c84d0
02_MASTER_EVIDENCE_BASE/03_INVESTIGATIONS/02_EXPANDED_ARCHIVES/FORENSIC_CORPUS_REBUILT_2026-09-11/FORENSIC_CORPUS_REBUILT_2026-09-11/AUDIT_INPUTS/A1_AUTHORITY.md,1938,57985fa99fa0830500ed93960d27970a76bc3ce45093f578ef55b245482cb0c5
02_MASTER_EVIDENCE_BASE/03_INVESTIGATIONS/02_EXPANDED_ARCHIVES/FORENSIC_CORPUS_REBUILT_2026-09-11/FORENSIC_CORPUS_REBUILT_2026-09-11/AUDIT_INPUTS/A1_CONTEXT_REDUCTION.md,1399,21ad6f99b71d572e36cf8203fb1037fa8f8d12126eec369fd8d21b8803e9aa56
02_MASTER_EVIDENCE_BASE/03_INVESTIGATIONS/02_EXPANDED_ARCHIVES/FORENSIC_CORPUS_REBUILT_2026-09-11/FORENSIC_CORPUS_REBUILT_2026-09-11/AUDIT_INPUTS/A1_PROVENANCE.md,1173,6df7093d25329bed8eba80c9ddc7461e7e38dc91ed1a96203fc24a03a239cd55
02_MASTER_EVIDENCE_BASE/03_INVESTIGATIONS/02_EXPANDED_ARCHIVES/FORENSIC_CORPUS_REBUILT_2026-09-11/FORENSIC_CORPUS_REBUILT_2026-09-11/AUDIT_INPUTS/A1_QUINTESSENCES.csv,264099,48b5dfbe82a4bdc3436b8471937fcc0429371c12c0e9a376a1f5631f14e2ac43
02_MASTER_EVIDENCE_BASE/03_INVESTIGATIONS/02_EXPANDED_ARCHIVES/FORENSIC_CORPUS_REBUILT_2026-09-11/FORENSIC_CORPUS_REBUILT_2026-09-11/AUDIT_INPUTS/INVESTIGATION_REGISTRY.csv,192299,165a29d3748c625c263fb16c433fcf2cdd8202db5edcfc31f8de6cb92cf2fb89
02_MASTER_EVIDENCE_BASE/03_INVESTIGATIONS/02_EXPANDED_ARCHIVES/FORENSIC_CORPUS_REBUILT_2026-09-11/FORENSIC_CORPUS_REBUILT_2026-09-11/CORPUS_121_AUDIT.csv,198086,6610d76563fafb8ee4951a02ca4819101c80f12c0e89296fe17d817998b13ca7
02_MASTER_EVIDENCE_BASE/03_INVESTIGATIONS/02_EXPANDED_ARCHIVES/FORENSIC_CORPUS_REBUILT_2026-09-11/FORENSIC_CORPUS_REBUILT_2026-09-11/CORPUS_121_AUDIT.jsonl,270463,cefd980ee3298b05ce4b6a90a5afa7478c8af24d29d0312fc32c91ab4e887f95
02_MASTER_EVIDENCE_BASE/03_INVESTIGATIONS/02_EXPANDED_ARCHIVES/FORENSIC_CORPUS_REBUILT_2026-09-11/FORENSIC_CORPUS_REBUILT_2026-09-11/README.md,404,56aab1a05a191a73384271bdd9484978e075d5c2349f765001d5e24c10bf3ef4
02_MASTER_EVIDENCE_BASE/03_INVESTIGATIONS/02_EXPANDED_ARCHIVES/FORENSIC_CORPUS_REBUILT_2026-09-11/FORENSIC_CORPUS_REBUILT_2026-09-11/RECONSTRUCTION_REPORT.md,5065,8a772185a7b3ddbb2687be7437324955d84e5b5ada1804d94785604c25bf32cc
02_MASTER_EVIDENCE_BASE/03_INVESTIGATIONS/02_EXPANDED_ARCHIVES/FORENSIC_CORPUS_REBUILT_2026-09-11/FORENSIC_CORPUS_REBUILT_2026-09-11/SOURCE_INDEX.csv,11851,9a05f066891ac9592cd692c6cef18cc637ba52b818e3c02f450f53784cf5a62f
02_MASTER_EVIDENCE_BASE/03_INVESTIGATIONS/02_EXPANDED_ARCHIVES/INV-012_FORENSIC_BUNDLE/INV-012/INV-012_CERTIFICATION.json,627,d0e445a7465564f7c23588e6f70037decf28a8bebf2d4a5983becd394b55e5da
02_MASTER_EVIDENCE_BASE/03_INVESTIGATIONS/02_EXPANDED_ARCHIVES/INV-012_FORENSIC_BUNDLE/INV-012/INV-012_DELIVERY_GATE.log,627,d0e445a7465564f7c23588e6f70037decf28a8bebf2d4a5983becd394b55e5da
02_MASTER_EVIDENCE_BASE/03_INVESTIGATIONS/02_EXPANDED_ARCHIVES/INV-012_FORENSIC_BUNDLE/INV-012/INV-012_INPUT.md,2677,e08dbeb9bbaf56cce5b34310a60a28813777591833ab2f0061360ecb26c1560d
02_MASTER_EVIDENCE_BASE/03_INVESTIGATIONS/02_EXPANDED_ARCHIVES/INV-012_FORENSIC_BUNDLE/INV-012/INV-012_INVESTIGATION.md,58299,405757e260e6ff0382660b013d0e8b5c4c930a0a5dfe7df01d5b8ff538aa25c4
02_MASTER_EVIDENCE_BASE/03_INVESTIGATIONS/02_EXPANDED_ARCHIVES/INV-012_FORENSIC_BUNDLE/INV-012/INV-012_MNEMO_SNAPSHOT.json,12760,7b1668d8cff19390e9a3515305beee9e99e1191a1134738bacd93a9eb7b5af73
02_MASTER_EVIDENCE_BASE/03_INVESTIGATIONS/02_EXPANDED_ARCHIVES/INV-012_FORENSIC_BUNDLE/INV-012/INV-012_NARRATIVE.tmp.md,7335,18cdc34fa192e90fda2b9e69d3150188532ab5e4b60c3472bf89cc781183cada
02_MASTER_EVIDENCE_BASE/03_INVESTIGATIONS/02_EXPANDED_ARCHIVES/INV-012_FORENSIC_BUNDLE/INV-012/INV-012_POST_RUN_REVIEW.md,3078,69e745136d933211af98cd47589664bde2910be98d4bc5e758a19ceb39e6a416
02_MASTER_EVIDENCE_BASE/03_INVESTIGATIONS/02_EXPANDED_ARCHIVES/INV-012_FORENSIC_BUNDLE/INV-012/INV-012_PRE_GATE.log,622,bf9808f8533e9d67c7ee254b194843afe8bcf0539b5e0c4161fa586337bea8ce
02_MASTER_EVIDENCE_BASE/03_INVESTIGATIONS/02_EXPANDED_ARCHIVES/INV-012_FORENSIC_BUNDLE/INV-012/INV-012_RECLASS_PLAN.json,1280,98e3de0142da2f4d276266174363c010e8674df74f996e1b94632331d625d099
02_MASTER_EVIDENCE_BASE/03_INVESTIGATIONS/02_EXPANDED_ARCHIVES/INV-012_FORENSIC_BUNDLE/INV-012/INV-012_RUN_CARD.md,2677,e08dbeb9bbaf56cce5b34310a60a28813777591833ab2f0061360ecb26c1560d
02_MASTER_EVIDENCE_BASE/03_INVESTIGATIONS/02_EXPANDED_ARCHIVES/INV-012_FORENSIC_BUNDLE/INV-012/INV-012_RUN_HANDOFF.md,1905,e5fd7fa9b4d13e73a2f9f14418c086751c4ed6f313afe99d0ea483e4be615396
02_MASTER_EVIDENCE_BASE/03_INVESTIGATIONS/02_EXPANDED_ARCHIVES/INV-012_FORENSIC_BUNDLE/INV-012/INV-012_RUN_STATE.json,52014,0da5ac9c14e3290ea92c7b955f04b0986b5d366d0482a117b6fae2f488926ff6
02_MASTER_EVIDENCE_BASE/03_INVESTIGATIONS/02_EXPANDED_ARCHIVES/INV-012_FORENSIC_BUNDLE/INV-012/RECLASSIFICATION_2026-09-09_POST_INV012_CORE_MISSION_V2.md,18107,2bb82c218c0bf6611f6f559b9ca66c2b76d4120ebc60037e2956b89912376e8d
02_MASTER_EVIDENCE_BASE/03_INVESTIGATIONS/02_EXPANDED_ARCHIVES/INV-029_R3P1_CANONICAL_6_FILES/INV-029_CERTIFICATION.json,577,350549bae178bc1492ce1d38167be42f2e9e5caa9c4e1bbd9e00af036cd2694b
02_MASTER_EVIDENCE_BASE/03_INVESTIGATIONS/02_EXPANDED_ARCHIVES/INV-029_R3P1_CANONICAL_6_FILES/INV-029_INPUT.md,2455,bb895ca7ed1503e067d8d03c404ed25bdc7b0e1a36188cf992bf27e639818609
02_MASTER_EVIDENCE_BASE/03_INVESTIGATIONS/02_EXPANDED_ARCHIVES/INV-029_R3P1_CANONICAL_6_FILES/INV-029_INVESTIGATION.md,41288,a756a7acb8cd87a6b6ceefbbaac361c16e5169d9bbd533f9f895c47ee427e4a4
02_MASTER_EVIDENCE_BASE/03_INVESTIGATIONS/02_EXPANDED_ARCHIVES/INV-029_R3P1_CANONICAL_6_FILES/INV-029_MNEMO_SNAPSHOT.json,6919,108b62b25e3a097da51de633a6231645d8f955e09c2f522c620a89c6123a56f0
02_MASTER_EVIDENCE_BASE/03_INVESTIGATIONS/02_EXPANDED_ARCHIVES/INV-029_R3P1_CANONICAL_6_FILES/INV-029_NARRATIVE.tmp.md,3385,36672a921e5bdb74b8de23c19f707c27dc43ae86fcef55e8d2a632a3aed0efe9
02_MASTER_EVIDENCE_BASE/03_INVESTIGATIONS/02_EXPANDED_ARCHIVES/INV-029_R3P1_CANONICAL_6_FILES/INV-029_RUN_STATE.json,38897,df8b974eade459d891ea0dd6ad97d75b8958bcf756ffa8c53fbc243f424527b3
02_MASTER_EVIDENCE_BASE/03_INVESTIGATIONS/02_EXPANDED_ARCHIVES/INV-045_BUNDLE/INV-045_CERTIFICATION.json,589,b7b22c4a4fb103600a1ac5ef1e693b1935c2793129543c5a14e28ddc65bcb09d
02_MASTER_EVIDENCE_BASE/03_INVESTIGATIONS/02_EXPANDED_ARCHIVES/INV-045_BUNDLE/INV-045_DELIVERY_GATE.log,589,b7b22c4a4fb103600a1ac5ef1e693b1935c2793129543c5a14e28ddc65bcb09d
02_MASTER_EVIDENCE_BASE/03_INVESTIGATIONS/02_EXPANDED_ARCHIVES/INV-045_BUNDLE/INV-045_INPUT.txt,2369,3352149804cd10c0abdbdb46dae53fdeda1e1a8fe2b9c9c892373cbf4efd092b
02_MASTER_EVIDENCE_BASE/03_INVESTIGATIONS/02_EXPANDED_ARCHIVES/INV-045_BUNDLE/INV-045_INVESTIGATION.md,62938,11719a5534ab5311558ddcc7437165c91257d7f87ca76941463f4d2988565ed1
02_MASTER_EVIDENCE_BASE/03_INVESTIGATIONS/02_EXPANDED_ARCHIVES/INV-045_BUNDLE/INV-045_MNEMO_SNAPSHOT.json,14919,ced877c6a6126dd479737d53bb432075cd0b9fda5aa30bfde50adeffc349c858
02_MASTER_EVIDENCE_BASE/03_INVESTIGATIONS/02_EXPANDED_ARCHIVES/INV-045_BUNDLE/INV-045_NARRATIVE.tmp.md,6992,9942e8c135f1ee06a67b59bbe583e8e0a2169a073f45d8a051492592c3366deb
02_MASTER_EVIDENCE_BASE/03_INVESTIGATIONS/02_EXPANDED_ARCHIVES/INV-045_BUNDLE/INV-045_POST_RUN_REVIEW.md,3571,fee5916e8afa9077298c8bf590f56d9bfdf3d2c3508de50da18118004bd71f66
02_MASTER_EVIDENCE_BASE/03_INVESTIGATIONS/02_EXPANDED_ARCHIVES/INV-045_BUNDLE/INV-045_PRE_GATE.log,584,988672cb5e14915b243bb6cd446b96660faed67fe753cf07f043f6d22f3b4b31
02_MASTER_EVIDENCE_BASE/03_INVESTIGATIONS/02_EXPANDED_ARCHIVES/INV-045_BUNDLE/INV-045_RUN_CARD.md,2489,ab8091f1c107be8c90c46321ffd48f22b8cd0201977fe2c5b8886d38af57483e
02_MASTER_EVIDENCE_BASE/03_INVESTIGATIONS/02_EXPANDED_ARCHIVES/INV-045_BUNDLE/INV-045_RUN_HANDOFF.md,2228,dceb321e6ed9d0f0e13be5d6cd7a12cfacbdda929b2ec10c0a83eaa70088cc01
02_MASTER_EVIDENCE_BASE/03_INVESTIGATIONS/02_EXPANDED_ARCHIVES/INV-045_BUNDLE/INV-045_RUN_STATE.json,57871,9b50b47fc50c99164356f7f93027aa8b3e515bc56db3520d9d01432fe5f32927
02_MASTER_EVIDENCE_BASE/03_INVESTIGATIONS/02_EXPANDED_ARCHIVES/INV-045_BUNDLE/INV-045_SHA256.txt,989,e4370fc2610d3cfdd6baf556efb2a8953707b64c054e6335e55c1565dddddb13
02_MASTER_EVIDENCE_BASE/03_INVESTIGATIONS/02_EXPANDED_ARCHIVES/INV-056_R3P1_CANONICAL_6_FILES/2026-09-08_12-29_astroturfing-front-groups_CERTIFICATION.json,595,256aa5d2fd96a2e7f3fed4315051994e3c0783913c57807257795f722aaa0834
02_MASTER_EVIDENCE_BASE/03_INVESTIGATIONS/02_EXPANDED_ARCHIVES/INV-056_R3P1_CANONICAL_6_FILES/2026-09-08_12-29_astroturfing-front-groups_INPUT.md,2820,6694f6b5b99fd0f06e0f003a2f706b59279bb8d902afd9b713b2698b02c130f7
02_MASTER_EVIDENCE_BASE/03_INVESTIGATIONS/02_EXPANDED_ARCHIVES/INV-056_R3P1_CANONICAL_6_FILES/2026-09-08_12-29_astroturfing-front-groups_INVESTIGATION.md,79535,4fbd7a982c108b2e4ff0fc88cbf81aa2f0b7c0078a1a7acf9e6c209579a1ea15
02_MASTER_EVIDENCE_BASE/03_INVESTIGATIONS/02_EXPANDED_ARCHIVES/INV-056_R3P1_CANONICAL_6_FILES/2026-09-08_12-29_astroturfing-front-groups_MNEMO_SNAPSHOT.json,21644,e7b82b68e1d7caea680d5e944eeaed4e5b8744fe4f5f8cb6195cb1734c87cd5f
02_MASTER_EVIDENCE_BASE/03_INVESTIGATIONS/02_EXPANDED_ARCHIVES/INV-056_R3P1_CANONICAL_6_FILES/2026-09-08_12-29_astroturfing-front-groups_NARRATIVE.tmp.md,10473,21c58d7df692221b54cc8cc01a68280023c6f0b50f622ca8f0b467269ef30fcd
02_MASTER_EVIDENCE_BASE/03_INVESTIGATIONS/02_EXPANDED_ARCHIVES/INV-056_R3P1_CANONICAL_6_FILES/2026-09-08_12-29_astroturfing-front-groups_RUN_STATE.json,72284,40e5985e374bf9570d1a0c00a194b354cc7293c91d8eb318b130c9e43caddf16
02_MASTER_EVIDENCE_BASE/03_INVESTIGATIONS/02_EXPANDED_ARCHIVES/INV-078_R3P1_CANONICAL_6_FILES/2026-09-08_07-00_fonds-marianne_CERTIFICATION.json,573,5822125a30ab2e96a264972b0a376da4edb87068f4788b9ab09f7944f11a3846
02_MASTER_EVIDENCE_BASE/03_INVESTIGATIONS/02_EXPANDED_ARCHIVES/INV-078_R3P1_CANONICAL_6_FILES/2026-09-08_07-00_fonds-marianne_INPUT.md,2333,75b9badcc0213b8e5a03de12764cfe3d4cd253b79dcca8320ac5050444ee0a56
02_MASTER_EVIDENCE_BASE/03_INVESTIGATIONS/02_EXPANDED_ARCHIVES/INV-078_R3P1_CANONICAL_6_FILES/2026-09-08_07-00_fonds-marianne_INVESTIGATION.md,71513,1e703106ee58db200596d10a8d55b9f0c9ed2c72e586d3313a6fe1680c4874ab
02_MASTER_EVIDENCE_BASE/03_INVESTIGATIONS/02_EXPANDED_ARCHIVES/INV-078_R3P1_CANONICAL_6_FILES/2026-09-08_07-00_fonds-marianne_MNEMO_SNAPSHOT.json,18156,16525e65f5fe89a94831220efe754c40ee3cb513e8e3d2a6e6fe13bf5c866761
02_MASTER_EVIDENCE_BASE/03_INVESTIGATIONS/02_EXPANDED_ARCHIVES/INV-078_R3P1_CANONICAL_6_FILES/2026-09-08_07-00_fonds-marianne_NARRATIVE.tmp.md,8735,34043353863c976a1e87f2b24ff86b30735d7499f4bba7c3254cd082c4c277e3
02_MASTER_EVIDENCE_BASE/03_INVESTIGATIONS/02_EXPANDED_ARCHIVES/INV-078_R3P1_CANONICAL_6_FILES/2026-09-08_07-00_fonds-marianne_RUN_STATE.json,65252,25c26e7166002f4907dff6cd802036965a28104dcde170d7f89856c6d24ea9d8
02_MASTER_EVIDENCE_BASE/03_INVESTIGATIONS/02_EXPANDED_ARCHIVES/INV-079_BUNDLE/INV-079_CERTIFICATION.json,589,5aca4f302677e19f7526d3bf6bdfdaa233ef9da429d996b482eae69d66a86320
02_MASTER_EVIDENCE_BASE/03_INVESTIGATIONS/02_EXPANDED_ARCHIVES/INV-079_BUNDLE/INV-079_DELIVERY_GATE.log,589,5aca4f302677e19f7526d3bf6bdfdaa233ef9da429d996b482eae69d66a86320
02_MASTER_EVIDENCE_BASE/03_INVESTIGATIONS/02_EXPANDED_ARCHIVES/INV-079_BUNDLE/INV-079_INPUT.txt,2692,b5f6ad29fc1b5c9ce708f74915f40e558dd3abc474fb51d7b4849353a02d3db1
02_MASTER_EVIDENCE_BASE/03_INVESTIGATIONS/02_EXPANDED_ARCHIVES/INV-079_BUNDLE/INV-079_INVESTIGATION.md,73943,b90328704e2b7534bef5581a5eb46718489cf29521cc17ee4a118d75cd2c4a3f
02_MASTER_EVIDENCE_BASE/03_INVESTIGATIONS/02_EXPANDED_ARCHIVES/INV-079_BUNDLE/INV-079_MNEMO_SNAPSHOT.json,15491,4bd568e55934d3df92368494a6f28ba5f3831716e0b3fbeb0c08e13ace1ac256
02_MASTER_EVIDENCE_BASE/03_INVESTIGATIONS/02_EXPANDED_ARCHIVES/INV-079_BUNDLE/INV-079_NARRATIVE.tmp.md,11283,5dfecd62e1019b4ddbdfb1f3174ed11c7fec8e880f41514cd3cd9ee5aa305dce
02_MASTER_EVIDENCE_BASE/03_INVESTIGATIONS/02_EXPANDED_ARCHIVES/INV-079_BUNDLE/INV-079_POST_RUN_REVIEW.md,3911,3535ed3d7e43cd434b28bc9eb6ea4d4938e9e60d55e3dc6ae19034dd236820b7
02_MASTER_EVIDENCE_BASE/03_INVESTIGATIONS/02_EXPANDED_ARCHIVES/INV-079_BUNDLE/INV-079_PRE_GATE.log,584,1520784957cc870ee02033cc2cdc82394cdd601e79fdbb76235bd22b6cf62506
02_MASTER_EVIDENCE_BASE/03_INVESTIGATIONS/02_EXPANDED_ARCHIVES/INV-079_BUNDLE/INV-079_RUN_CARD.md,2692,b5f6ad29fc1b5c9ce708f74915f40e558dd3abc474fb51d7b4849353a02d3db1
02_MASTER_EVIDENCE_BASE/03_INVESTIGATIONS/02_EXPANDED_ARCHIVES/INV-079_BUNDLE/INV-079_RUN_HANDOFF.md,2133,347ac9fc7596619782f4070151be540e793026e2bdc45325ce901139304a87d6
02_MASTER_EVIDENCE_BASE/03_INVESTIGATIONS/02_EXPANDED_ARCHIVES/INV-079_BUNDLE/INV-079_RUN_STATE.json,64268,3aa71b46193a067502c2c456d85f70408d9fb92157c3a1dc5708e0e8e657a327
02_MASTER_EVIDENCE_BASE/03_INVESTIGATIONS/02_EXPANDED_ARCHIVES/INV-079_BUNDLE/INV-079_SHA256.txt,989,0fb22b397c04c2acd2824dc7cf43eb5e8e570e732d2e49a5882a63471ee40cad
02_MASTER_EVIDENCE_BASE/03_INVESTIGATIONS/02_EXPANDED_ARCHIVES/INV-080_BUNDLE/INV-080_CERTIFICATION.json,595,1256fdf06f97a4ea778aa2135c2161b09905547ebca2cdaebc8558b8b95c1097
02_MASTER_EVIDENCE_BASE/03_INVESTIGATIONS/02_EXPANDED_ARCHIVES/INV-080_BUNDLE/INV-080_DELIVERY_GATE.log,595,1256fdf06f97a4ea778aa2135c2161b09905547ebca2cdaebc8558b8b95c1097
02_MASTER_EVIDENCE_BASE/03_INVESTIGATIONS/02_EXPANDED_ARCHIVES/INV-080_BUNDLE/INV-080_INPUT.txt,2475,7ccd71bcdf45263c7885989fcddf53e4a42dd205d30e473b74ee60fdc701fe36
02_MASTER_EVIDENCE_BASE/03_INVESTIGATIONS/02_EXPANDED_ARCHIVES/INV-080_BUNDLE/INV-080_INVESTIGATION.md,62398,87bf847d71fc42c2097ebaaf7ad911d3b060008b8f21c688983c7c9b79f59c22
02_MASTER_EVIDENCE_BASE/03_INVESTIGATIONS/02_EXPANDED_ARCHIVES/INV-080_BUNDLE/INV-080_MNEMO_SNAPSHOT.json,14706,0a4b003f184e29a6c64b90ef046623cbc9bc44e1807cebabd439f08a4faf77fe
02_MASTER_EVIDENCE_BASE/03_INVESTIGATIONS/02_EXPANDED_ARCHIVES/INV-080_BUNDLE/INV-080_NARRATIVE.tmp.md,5225,447c897808778a9e8c069fa974e4f63b55f7d8e2950d27c978585bc2db197d4d
02_MASTER_EVIDENCE_BASE/03_INVESTIGATIONS/02_EXPANDED_ARCHIVES/INV-080_BUNDLE/INV-080_POST_RUN_REVIEW.md,2773,26d8a67e8e0a731d6d7b7d70e687206ade876e61149583080a8b4159129aeb7e
02_MASTER_EVIDENCE_BASE/03_INVESTIGATIONS/02_EXPANDED_ARCHIVES/INV-080_BUNDLE/INV-080_PRE_GATE.log,590,a1d879b8f34b3626f219e6aeed2b67d0ab7c2a7a2d972dd094cf8de0d583fd95
02_MASTER_EVIDENCE_BASE/03_INVESTIGATIONS/02_EXPANDED_ARCHIVES/INV-080_BUNDLE/INV-080_RUN_CARD.md,2475,7ccd71bcdf45263c7885989fcddf53e4a42dd205d30e473b74ee60fdc701fe36
02_MASTER_EVIDENCE_BASE/03_INVESTIGATIONS/02_EXPANDED_ARCHIVES/INV-080_BUNDLE/INV-080_RUN_HANDOFF.md,1784,fdcb8afe0233186f15b7fbb8a1c3e157a3cb255078cc5423eed8c477f989a355
02_MASTER_EVIDENCE_BASE/03_INVESTIGATIONS/02_EXPANDED_ARCHIVES/INV-080_BUNDLE/INV-080_RUN_STATE.json,58809,d16418e9938e30ac6ba15c4da9603cc5141a538b218a58b5d0c61d39aea8e039
02_MASTER_EVIDENCE_BASE/03_INVESTIGATIONS/02_EXPANDED_ARCHIVES/INV-080_BUNDLE/INV-080_SHA256.txt,989,053290c39a8af615d202f44294a7a73b15e6de6bce251668229594ef257b3e13
02_MASTER_EVIDENCE_BASE/03_INVESTIGATIONS/02_EXPANDED_ARCHIVES/INV-082_SYNTHESIS_BUNDLE/INV-082_CERTIFICATION.json,769,9da1cb211570bfd4c03f69c01557cff998aeea60614fe7d89a166ac5ee8a597e
02_MASTER_EVIDENCE_BASE/03_INVESTIGATIONS/02_EXPANDED_ARCHIVES/INV-082_SYNTHESIS_BUNDLE/INV-082_CONTRACT_REPAIR.md,2147,19aa0e9e1873f62c2ac7e0383a29a288fd03b27fd2aaed13d135e10ace78b44b
02_MASTER_EVIDENCE_BASE/03_INVESTIGATIONS/02_EXPANDED_ARCHIVES/INV-082_SYNTHESIS_BUNDLE/INV-082_POST_RUN_REVIEW.md,2386,6265469d7939a161d7703a15f6dd182fa4981c7dbc6338e055ab2e4bcd65ed4a
02_MASTER_EVIDENCE_BASE/03_INVESTIGATIONS/02_EXPANDED_ARCHIVES/INV-082_SYNTHESIS_BUNDLE/INV-082_RUN_HANDOFF.md,2523,7aed8e1661ed1ab92911f9efdbdb881c2925551d92f1e3282bd39cbd7fcf10ee
02_MASTER_EVIDENCE_BASE/03_INVESTIGATIONS/02_EXPANDED_ARCHIVES/INV-082_SYNTHESIS_BUNDLE/INV-082_SHA256.txt,645,eb5ca3a61d9839ff7125f55060c7307305ba5c3574c08f579e8d90acbb08f9ce
02_MASTER_EVIDENCE_BASE/03_INVESTIGATIONS/02_EXPANDED_ARCHIVES/INV-082_SYNTHESIS_BUNDLE/INV-082_SYNTHESIS.md,9534,c9b3824143ca02980d5798b273f3c329bf12beccb492fdb56ea6fa1ef06a0dcd
02_MASTER_EVIDENCE_BASE/03_INVESTIGATIONS/02_EXPANDED_ARCHIVES/INV-082_SYNTHESIS_BUNDLE/INV-082_SYNTHESIS_CARD.md,2798,19e08677aa3b54f187e98a00dc86222a1ed354148b4f8933362d9158cf371fa3
02_MASTER_EVIDENCE_BASE/03_INVESTIGATIONS/02_EXPANDED_ARCHIVES/INV-082_SYNTHESIS_BUNDLE/INV-082_SYNTHESIS_INPUT_GATE.md,1391,f508a80a389d659e8acdc51e0e15ed91ce209ef3938d3bb617e2be745938b023
02_MASTER_EVIDENCE_BASE/03_INVESTIGATIONS/02_EXPANDED_ARCHIVES/INV-085_R3P1_CANONICAL_6_FILES/2026-09-08_01-02_editorial-selection_CERTIFICATION.json,583,4a91ec830b5e071a33f3dbd5fd91d3468b6d2f68716a298b4c1d64b2949b584a
02_MASTER_EVIDENCE_BASE/03_INVESTIGATIONS/02_EXPANDED_ARCHIVES/INV-085_R3P1_CANONICAL_6_FILES/2026-09-08_01-02_editorial-selection_INPUT.md,2643,fe0b4e05962548b95a9eb19ffdcb4434ea37626fdfe74ab05e01bfb29e900d4b
02_MASTER_EVIDENCE_BASE/03_INVESTIGATIONS/02_EXPANDED_ARCHIVES/INV-085_R3P1_CANONICAL_6_FILES/2026-09-08_01-02_editorial-selection_INVESTIGATION.md,58329,890ac7ef2a9412345910d8a638843189979c788f1754f80cff14b2c4c2b1629f
02_MASTER_EVIDENCE_BASE/03_INVESTIGATIONS/02_EXPANDED_ARCHIVES/INV-085_R3P1_CANONICAL_6_FILES/2026-09-08_01-02_editorial-selection_MNEMO_SNAPSHOT.json,13904,79d111731e5252eb6b5f62f32751fa029b97a9dde93aaa4ed4227f8cbbeadbb6
02_MASTER_EVIDENCE_BASE/03_INVESTIGATIONS/02_EXPANDED_ARCHIVES/INV-085_R3P1_CANONICAL_6_FILES/2026-09-08_01-02_editorial-selection_NARRATIVE.tmp.md,7620,d6b35c428cd1f1af15ee8160868213e3b07e0876017493a6ff36c11c00f1c64b
02_MASTER_EVIDENCE_BASE/03_INVESTIGATIONS/02_EXPANDED_ARCHIVES/INV-085_R3P1_CANONICAL_6_FILES/2026-09-08_01-02_editorial-selection_RUN_STATE.json,52139,bb32dfab853ab0bfed79e9a373cebb826c8bc70e2f4431f21f9f7ea9a120149e
02_MASTER_EVIDENCE_BASE/03_INVESTIGATIONS/02_EXPANDED_ARCHIVES/INV-090_R3P1_CANONICAL_6_FILES/2026-09-08_09-42_platform-visibility-friction_CERTIFICATION.json,601,3f1d3eaab0618b58609c92d9717a9c39e3b92b7f4ddcb95c22834bab01017895
02_MASTER_EVIDENCE_BASE/03_INVESTIGATIONS/02_EXPANDED_ARCHIVES/INV-090_R3P1_CANONICAL_6_FILES/2026-09-08_09-42_platform-visibility-friction_INPUT.md,2828,9ea6b962289e773301daa757d0abc35462c9e5c816fb00d045afd2f93267ded1
02_MASTER_EVIDENCE_BASE/03_INVESTIGATIONS/02_EXPANDED_ARCHIVES/INV-090_R3P1_CANONICAL_6_FILES/2026-09-08_09-42_platform-visibility-friction_INVESTIGATION.md,75193,aea48fd87b58f1e731c8a22934b641e43ac7d82ac257b808490e4abf03e8e48b
02_MASTER_EVIDENCE_BASE/03_INVESTIGATIONS/02_EXPANDED_ARCHIVES/INV-090_R3P1_CANONICAL_6_FILES/2026-09-08_09-42_platform-visibility-friction_MNEMO_SNAPSHOT.json,20954,a087511b6a55b8477f563eaecae9d1575c82d49d1617bf09e72c16e82dd64572
02_MASTER_EVIDENCE_BASE/03_INVESTIGATIONS/02_EXPANDED_ARCHIVES/INV-090_R3P1_CANONICAL_6_FILES/2026-09-08_09-42_platform-visibility-friction_NARRATIVE.tmp.md,7739,3fe4496635c92ba939f068f2f59bfce403f0413b4dda22167ca6747200eb6c5d
02_MASTER_EVIDENCE_BASE/03_INVESTIGATIONS/02_EXPANDED_ARCHIVES/INV-090_R3P1_CANONICAL_6_FILES/2026-09-08_09-42_platform-visibility-friction_RUN_STATE.json,70223,4faf0bdad01e2e8669e1a67a8013c4e9edcf2933355b35e355124ef42c2c1c1c
02_MASTER_EVIDENCE_BASE/03_INVESTIGATIONS/02_EXPANDED_ARCHIVES/INV-094_BUNDLE/DASHBOARD_POST_INV094.md,2749,e02ed6cd00a3fcc46aff99cddfb1d0c3779f20fe385495eac9ebd22a02cef828
02_MASTER_EVIDENCE_BASE/03_INVESTIGATIONS/02_EXPANDED_ARCHIVES/INV-094_BUNDLE/INV-094_CERTIFICATION.json,605,dc74846bbc3a3de798de5f54f21404e3c28997d31ea0ae9a441de6e0aa7c6bf4
02_MASTER_EVIDENCE_BASE/03_INVESTIGATIONS/02_EXPANDED_ARCHIVES/INV-094_BUNDLE/INV-094_DELIVERY_GATE.log,605,dc74846bbc3a3de798de5f54f21404e3c28997d31ea0ae9a441de6e0aa7c6bf4
02_MASTER_EVIDENCE_BASE/03_INVESTIGATIONS/02_EXPANDED_ARCHIVES/INV-094_BUNDLE/INV-094_INPUT.txt,2369,85349d47bde2167889c50ff4d26736f0d3c49541ff6fdeb13acb0aed33460fbf
02_MASTER_EVIDENCE_BASE/03_INVESTIGATIONS/02_EXPANDED_ARCHIVES/INV-094_BUNDLE/INV-094_INVESTIGATION.md,75365,49d270eac580a90e2bda6dd41a34def54b51a9ac5ef02ac454f13f44c600000d
02_MASTER_EVIDENCE_BASE/03_INVESTIGATIONS/02_EXPANDED_ARCHIVES/INV-094_BUNDLE/INV-094_MNEMO_SNAPSHOT.json,15707,eae41346f106adc70c95c09dcc79c2ae136904abaa1b5c9fc013a1827a2fa3d2
02_MASTER_EVIDENCE_BASE/03_INVESTIGATIONS/02_EXPANDED_ARCHIVES/INV-094_BUNDLE/INV-094_NARRATIVE.tmp.md,13308,e7eeeb21466aac2878f9c6b26bdce5fa21e89542d4cb5ff7b6a25a25751445b4
02_MASTER_EVIDENCE_BASE/03_INVESTIGATIONS/02_EXPANDED_ARCHIVES/INV-094_BUNDLE/INV-094_POST_RUN_REVIEW.md,2779,af72fd3efd0411512652ef8b5883260b67c2de2fca5593ccb2b31b8e3ecf238e
02_MASTER_EVIDENCE_BASE/03_INVESTIGATIONS/02_EXPANDED_ARCHIVES/INV-094_BUNDLE/INV-094_PRE_GATE.log,600,0ff6fb4f51652952cc33ab44347b1b3b178666935a9669001a77b83eb86ca3c0
02_MASTER_EVIDENCE_BASE/03_INVESTIGATIONS/02_EXPANDED_ARCHIVES/INV-094_BUNDLE/INV-094_PRE_GATE_ATTEMPT1_FAIL.log,598,62b30d8562927bb5195cb88cf3dd9814c99f66cf5b2faae162a0a4989c4969ad
02_MASTER_EVIDENCE_BASE/03_INVESTIGATIONS/02_EXPANDED_ARCHIVES/INV-094_BUNDLE/INV-094_RUN_CARD.md,2369,85349d47bde2167889c50ff4d26736f0d3c49541ff6fdeb13acb0aed33460fbf
02_MASTER_EVIDENCE_BASE/03_INVESTIGATIONS/02_EXPANDED_ARCHIVES/INV-094_BUNDLE/INV-094_RUN_HANDOFF.md,2491,d89b413cf5fe2f76579596f8875556f04229a0c5debc7137ddaf3d8d9a5faf80
02_MASTER_EVIDENCE_BASE/03_INVESTIGATIONS/02_EXPANDED_ARCHIVES/INV-094_BUNDLE/INV-094_RUN_STATE.json,62884,6a2ceecda5367dcb2954d1d6250e32d079129d25c94562ee867288f817b5d200
02_MASTER_EVIDENCE_BASE/03_INVESTIGATIONS/02_EXPANDED_ARCHIVES/INV-094_BUNDLE/INV-094_SHA256.txt,1376,229d295a0515127c15d8649106eb56289be16a561185755a126de9c0281dcb75
02_MASTER_EVIDENCE_BASE/03_INVESTIGATIONS/02_EXPANDED_ARCHIVES/INV-094_BUNDLE/INVESTIGATION_REGISTRY_POST_INV094.csv,104286,3c901832214e017fbcd60fcb5a0f20abcb545fb628e2f6230197b7b61a82e93d
02_MASTER_EVIDENCE_BASE/03_INVESTIGATIONS/02_EXPANDED_ARCHIVES/INV-094_BUNDLE/TRACELOG_POST_INV094.md,32261,782b56b426860f0d38630a7f0967358494a595d9ac80fcbc022f517128e3295a
02_MASTER_EVIDENCE_BASE/03_INVESTIGATIONS/02_EXPANDED_ARCHIVES/INV-096_R3P1_CANONICAL_6_FILES/2026-09-08_08-07_political-microtargeting_CERTIFICATION.json,593,f2c9ee028b62822692531f67322ec7fcb986be40bf9cd9c621f109e89854cf8a
02_MASTER_EVIDENCE_BASE/03_INVESTIGATIONS/02_EXPANDED_ARCHIVES/INV-096_R3P1_CANONICAL_6_FILES/2026-09-08_08-07_political-microtargeting_INPUT.md,2715,a14783da48c0c5376d086a6c7a600872dd88589a305b122919e0860d6fa2f352
02_MASTER_EVIDENCE_BASE/03_INVESTIGATIONS/02_EXPANDED_ARCHIVES/INV-096_R3P1_CANONICAL_6_FILES/2026-09-08_08-07_political-microtargeting_INVESTIGATION.md,65548,39167cd27a9357fd67eb541cf5003a48c227f6d1bc15c40905e4be0cb8cd03a9
02_MASTER_EVIDENCE_BASE/03_INVESTIGATIONS/02_EXPANDED_ARCHIVES/INV-096_R3P1_CANONICAL_6_FILES/2026-09-08_08-07_political-microtargeting_MNEMO_SNAPSHOT.json,17522,10c4e39192703f3c02d2f8b1200a5ee1b156e5cc6d0a438e06c2c683cedb54d9
02_MASTER_EVIDENCE_BASE/03_INVESTIGATIONS/02_EXPANDED_ARCHIVES/INV-096_R3P1_CANONICAL_6_FILES/2026-09-08_08-07_political-microtargeting_NARRATIVE.tmp.md,6384,c555be4635c1b68726743e4b05924509beb79ebd1ee0d1e63da885bc3b7099c4
02_MASTER_EVIDENCE_BASE/03_INVESTIGATIONS/02_EXPANDED_ARCHIVES/INV-096_R3P1_CANONICAL_6_FILES/2026-09-08_08-07_political-microtargeting_RUN_STATE.json,61598,f2dbe05fbba1ddc79d320ccbf86f010fe1231cc53022e299433623159cef6aa6
02_MASTER_EVIDENCE_BASE/03_INVESTIGATIONS/02_EXPANDED_ARCHIVES/INV-098_R3P1_CANONICAL_6_FILES/2026-09-08_05-09_vote-buying-clientelism_CERTIFICATION.json,591,8d7550ead2782a0d7ad7db56a4f491bebcc655138ebd543ab01f5d7629b729d4
02_MASTER_EVIDENCE_BASE/03_INVESTIGATIONS/02_EXPANDED_ARCHIVES/INV-098_R3P1_CANONICAL_6_FILES/2026-09-08_05-09_vote-buying-clientelism_INPUT.md,2314,4c6667cf6fa6510faa2e07e0d78d8ba317b2b1e902bae8c6d195dc679a2d6f4a
02_MASTER_EVIDENCE_BASE/03_INVESTIGATIONS/02_EXPANDED_ARCHIVES/INV-098_R3P1_CANONICAL_6_FILES/2026-09-08_05-09_vote-buying-clientelism_INVESTIGATION.md,74383,079d75fefa898d51f03740e1887e6e6bc6bf7ceb823dcb77c8cb7aacc27e9e53
02_MASTER_EVIDENCE_BASE/03_INVESTIGATIONS/02_EXPANDED_ARCHIVES/INV-098_R3P1_CANONICAL_6_FILES/2026-09-08_05-09_vote-buying-clientelism_MNEMO_SNAPSHOT.json,16510,ede2b7139d569731191c171c7325624a12367b2cd9df569b3aaecb7bde05f766
02_MASTER_EVIDENCE_BASE/03_INVESTIGATIONS/02_EXPANDED_ARCHIVES/INV-098_R3P1_CANONICAL_6_FILES/2026-09-08_05-09_vote-buying-clientelism_NARRATIVE.tmp.md,10827,ef37836b77706ae52692ce45b8b532288c77b2c65ba78cef28827906f0da02d5
02_MASTER_EVIDENCE_BASE/03_INVESTIGATIONS/02_EXPANDED_ARCHIVES/INV-098_R3P1_CANONICAL_6_FILES/2026-09-08_05-09_vote-buying-clientelism_RUN_STATE.json,64554,7a9f8f82fa7e2e468e7209d2ff74b6488dce0b8ee9d28bf5f175b5932f5d5487
02_MASTER_EVIDENCE_BASE/03_INVESTIGATIONS/02_EXPANDED_ARCHIVES/INV-098_R3P1_RECOVERED_CANONICAL_6_FILES/2026-09-08_05-09_vote-buying-clientelism_CERTIFICATION.json,591,8d7550ead2782a0d7ad7db56a4f491bebcc655138ebd543ab01f5d7629b729d4
02_MASTER_EVIDENCE_BASE/03_INVESTIGATIONS/02_EXPANDED_ARCHIVES/INV-098_R3P1_RECOVERED_CANONICAL_6_FILES/2026-09-08_05-09_vote-buying-clientelism_INPUT.md,2314,4c6667cf6fa6510faa2e07e0d78d8ba317b2b1e902bae8c6d195dc679a2d6f4a
02_MASTER_EVIDENCE_BASE/03_INVESTIGATIONS/02_EXPANDED_ARCHIVES/INV-098_R3P1_RECOVERED_CANONICAL_6_FILES/2026-09-08_05-09_vote-buying-clientelism_INVESTIGATION.md,74383,079d75fefa898d51f03740e1887e6e6bc6bf7ceb823dcb77c8cb7aacc27e9e53
02_MASTER_EVIDENCE_BASE/03_INVESTIGATIONS/02_EXPANDED_ARCHIVES/INV-098_R3P1_RECOVERED_CANONICAL_6_FILES/2026-09-08_05-09_vote-buying-clientelism_MNEMO_SNAPSHOT.json,16510,ede2b7139d569731191c171c7325624a12367b2cd9df569b3aaecb7bde05f766
02_MASTER_EVIDENCE_BASE/03_INVESTIGATIONS/02_EXPANDED_ARCHIVES/INV-098_R3P1_RECOVERED_CANONICAL_6_FILES/2026-09-08_05-09_vote-buying-clientelism_NARRATIVE.tmp.md,10827,ef37836b77706ae52692ce45b8b532288c77b2c65ba78cef28827906f0da02d5
02_MASTER_EVIDENCE_BASE/03_INVESTIGATIONS/02_EXPANDED_ARCHIVES/INV-098_R3P1_RECOVERED_CANONICAL_6_FILES/2026-09-08_05-09_vote-buying-clientelism_RUN_STATE.json,64554,7a9f8f82fa7e2e468e7209d2ff74b6488dce0b8ee9d28bf5f175b5932f5d5487
02_MASTER_EVIDENCE_BASE/03_INVESTIGATIONS/02_EXPANDED_ARCHIVES/INV-099_R3P1_CANONICAL_6_FILES/2026-09-08_05-54_electoral-fraud-claims_CERTIFICATION.json,589,dbaba8236b0dd55b6b4aaf6b3b655f72a327522e9fc65d7c15bf3c35a2eefcfd
02_MASTER_EVIDENCE_BASE/03_INVESTIGATIONS/02_EXPANDED_ARCHIVES/INV-099_R3P1_CANONICAL_6_FILES/2026-09-08_05-54_electoral-fraud-claims_INPUT.md,2392,3d4b54ab89a07ef6da09a0e5c0bec86666ae72a57e0b36431e40a33e41331a96
02_MASTER_EVIDENCE_BASE/03_INVESTIGATIONS/02_EXPANDED_ARCHIVES/INV-099_R3P1_CANONICAL_6_FILES/2026-09-08_05-54_electoral-fraud-claims_INVESTIGATION.md,71975,8ccc120b67a3163eac81d312bf5bd96a9de9f32facaaf24b260b1e6e475ce5de
02_MASTER_EVIDENCE_BASE/03_INVESTIGATIONS/02_EXPANDED_ARCHIVES/INV-099_R3P1_CANONICAL_6_FILES/2026-09-08_05-54_electoral-fraud-claims_MNEMO_SNAPSHOT.json,15609,5a95b2857a97cd452b72728eb38d4df0ccad4c320cf96b84c6c4df95ace86459
02_MASTER_EVIDENCE_BASE/03_INVESTIGATIONS/02_EXPANDED_ARCHIVES/INV-099_R3P1_CANONICAL_6_FILES/2026-09-08_05-54_electoral-fraud-claims_NARRATIVE.tmp.md,11286,9da918eb458e396559393e82bbb9deba5d5fcf6a5226768c2716367593e68dc9
02_MASTER_EVIDENCE_BASE/03_INVESTIGATIONS/02_EXPANDED_ARCHIVES/INV-099_R3P1_CANONICAL_6_FILES/2026-09-08_05-54_electoral-fraud-claims_RUN_STATE.json,62150,4da016daa1e86e65e7097ed70f328dc726f7bb202deae14e03829b57e057a127
02_MASTER_EVIDENCE_BASE/03_INVESTIGATIONS/02_EXPANDED_ARCHIVES/INV-124_BUNDLE/INV-124_CERTIFICATION.json,595,20ca5b50dbde112f8ed67d126f0ced915ab9f14406dcf2edc454cdede72982b4
02_MASTER_EVIDENCE_BASE/03_INVESTIGATIONS/02_EXPANDED_ARCHIVES/INV-124_BUNDLE/INV-124_DELIVERY_GATE.log,595,20ca5b50dbde112f8ed67d126f0ced915ab9f14406dcf2edc454cdede72982b4
02_MASTER_EVIDENCE_BASE/03_INVESTIGATIONS/02_EXPANDED_ARCHIVES/INV-124_BUNDLE/INV-124_INPUT.md,2559,bfd71896d80612d6fba908fcb6d170ecdc2f043cc8fed39ec799ae5d8b51f3cc
02_MASTER_EVIDENCE_BASE/03_INVESTIGATIONS/02_EXPANDED_ARCHIVES/INV-124_BUNDLE/INV-124_INVESTIGATION.md,65653,cdefeeab4836c01a95a2b9f0b20a6d152542f19cabe9ba267a34f4b2d4842f4d
02_MASTER_EVIDENCE_BASE/03_INVESTIGATIONS/02_EXPANDED_ARCHIVES/INV-124_BUNDLE/INV-124_MNEMO_SNAPSHOT.json,15883,8375aa62f6b12a7278cd0f5825c3faa3bf9fe072138330d49145b7adfb1e2d32
02_MASTER_EVIDENCE_BASE/03_INVESTIGATIONS/02_EXPANDED_ARCHIVES/INV-124_BUNDLE/INV-124_NARRATIVE.tmp.md,6670,93f72a93e1bb4202c3212b7f34e069eae50ef6b0ea9521c9bce5bc7e07d40e22
02_MASTER_EVIDENCE_BASE/03_INVESTIGATIONS/02_EXPANDED_ARCHIVES/INV-124_BUNDLE/INV-124_POST_RUN_REVIEW.md,2676,81bf01eebb9c87d9e2c1aa8adeeb3e38a80c202be3012be540dc72586d55f938
02_MASTER_EVIDENCE_BASE/03_INVESTIGATIONS/02_EXPANDED_ARCHIVES/INV-124_BUNDLE/INV-124_PRE_GATE.log,590,402c078bf5aef703026df466c91e08fd483066529128632e6a0bcc7f348efbbb
02_MASTER_EVIDENCE_BASE/03_INVESTIGATIONS/02_EXPANDED_ARCHIVES/INV-124_BUNDLE/INV-124_RUN_CARD.md,2559,bfd71896d80612d6fba908fcb6d170ecdc2f043cc8fed39ec799ae5d8b51f3cc
02_MASTER_EVIDENCE_BASE/03_INVESTIGATIONS/02_EXPANDED_ARCHIVES/INV-124_BUNDLE/INV-124_RUN_HANDOFF.md,2287,9c77cc8bafdf50cb43bad1b99fa96a1347f5b205170b78ebebdf5bd2478a14b4
02_MASTER_EVIDENCE_BASE/03_INVESTIGATIONS/02_EXPANDED_ARCHIVES/INV-124_BUNDLE/INV-124_RUN_STATE.json,60667,253e80e614bb341c62ee375f215f8b5225aaf429a161a66443ac1315037e65ea
02_MASTER_EVIDENCE_BASE/03_INVESTIGATIONS/02_EXPANDED_ARCHIVES/INV-124_BUNDLE/INV-124_SHA256.txt,988,9696d2ebe1169fd214632283c53c54b722e5765e5b03129790baf58d50bb4d00
02_MASTER_EVIDENCE_BASE/03_INVESTIGATIONS/02_EXPANDED_ARCHIVES/INV-129_BUNDLE/INV-054_RUN_HANDOFF.md,2661,64c37752d4c1dd713f6143766d652b8c6fe39981e603fcc2854d9cb71d574c1a
02_MASTER_EVIDENCE_BASE/03_INVESTIGATIONS/02_EXPANDED_ARCHIVES/INV-129_BUNDLE/INV-080_RUN_HANDOFF.md,1784,fdcb8afe0233186f15b7fbb8a1c3e157a3cb255078cc5423eed8c477f989a355
02_MASTER_EVIDENCE_BASE/03_INVESTIGATIONS/02_EXPANDED_ARCHIVES/INV-129_BUNDLE/INV-100_RUN_HANDOFF.md,1524,aa8fb0bf28eb888c88e5c913703a9e5d008ab7dc73bd3e052e193dc98bd385e6
02_MASTER_EVIDENCE_BASE/03_INVESTIGATIONS/02_EXPANDED_ARCHIVES/INV-129_BUNDLE/INV-124_RUN_HANDOFF.md,2287,9c77cc8bafdf50cb43bad1b99fa96a1347f5b205170b78ebebdf5bd2478a14b4
02_MASTER_EVIDENCE_BASE/03_INVESTIGATIONS/02_EXPANDED_ARCHIVES/INV-129_BUNDLE/INV-129_CERTIFICATION.json,769,f27d4dec2e12370b9ad35c9100d20982d88df28908edaad797e57343f8addaf3
02_MASTER_EVIDENCE_BASE/03_INVESTIGATIONS/02_EXPANDED_ARCHIVES/INV-129_BUNDLE/INV-129_POST_RUN_REVIEW.md,2159,aaf91f508e307af835e48c04a689277469b7bb11812cf83cd526fc181b6883cc
02_MASTER_EVIDENCE_BASE/03_INVESTIGATIONS/02_EXPANDED_ARCHIVES/INV-129_BUNDLE/INV-129_RUN_HANDOFF.md,1828,6bfa2b21689ae3483b128bcc797f0e27c1bd4f9b4a8762c9b53cbdf906d57835
02_MASTER_EVIDENCE_BASE/03_INVESTIGATIONS/02_EXPANDED_ARCHIVES/INV-129_BUNDLE/INV-129_SHA256.txt,908,e5a57a127cd99e84b290876b3b9e800229dbceaa9836bb34a779e5f298253305
02_MASTER_EVIDENCE_BASE/03_INVESTIGATIONS/02_EXPANDED_ARCHIVES/INV-129_BUNDLE/INV-129_SYNTHESIS.md,9639,95bcf40b55ad2776e77aabed0e089d442043f0357e8528c85e7e9bd885688de5
02_MASTER_EVIDENCE_BASE/03_INVESTIGATIONS/02_EXPANDED_ARCHIVES/INV-129_BUNDLE/INV-129_SYNTHESIS_CARD.md,2923,a51ebd68f4eaf995d2d3379b33178b14aa8d00a8e4e314713b3656de4527f827
02_MASTER_EVIDENCE_BASE/03_INVESTIGATIONS/02_EXPANDED_ARCHIVES/INV-129_BUNDLE/INV-129_SYNTHESIS_INPUT_GATE.md,1629,40e9ed7a9ad94f8f77744e616a58c1512b9bdc4157ba5da43f7a718ec3e62c90
02_MASTER_EVIDENCE_BASE/03_INVESTIGATIONS/02_EXPANDED_ARCHIVES/INV-143_R3P1_CANONICAL_6_FILES/2026-09-08_06-18_institutional-election-timing_CERTIFICATION.json,603,b29dcb80bec4e29c6509780fdbedbcf748ac78a859675c8296f838d3ed89275c
02_MASTER_EVIDENCE_BASE/03_INVESTIGATIONS/02_EXPANDED_ARCHIVES/INV-143_R3P1_CANONICAL_6_FILES/2026-09-08_06-18_institutional-election-timing_INPUT.md,1975,cf3003c7e6cd5417bc8acbe7922ca3245d7aea97fee906d5e709b02ac0855fb8
02_MASTER_EVIDENCE_BASE/03_INVESTIGATIONS/02_EXPANDED_ARCHIVES/INV-143_R3P1_CANONICAL_6_FILES/2026-09-08_06-18_institutional-election-timing_INVESTIGATION.md,73423,7bd52e8ce923565a55b3157de5b21332b6f39837dc5ee7b2c15502de05b31e30
02_MASTER_EVIDENCE_BASE/03_INVESTIGATIONS/02_EXPANDED_ARCHIVES/INV-143_R3P1_CANONICAL_6_FILES/2026-09-08_06-18_institutional-election-timing_MNEMO_SNAPSHOT.json,18810,4b0bdf7d3f201236fb656e55832a81385ece0a7d754f06abc8c79cad5aa07d66
02_MASTER_EVIDENCE_BASE/03_INVESTIGATIONS/02_EXPANDED_ARCHIVES/INV-143_R3P1_CANONICAL_6_FILES/2026-09-08_06-18_institutional-election-timing_NARRATIVE.tmp.md,10078,25ad07f72cf779b120af08afab3ec7139f76fb60420f272e8d06676efde54256
02_MASTER_EVIDENCE_BASE/03_INVESTIGATIONS/02_EXPANDED_ARCHIVES/INV-143_R3P1_CANONICAL_6_FILES/2026-09-08_06-18_institutional-election-timing_RUN_STATE.json,65668,510e89bf2c546e3baaf1559e5a78a7174d0622379a5846071eece99ada0aacd8
02_MASTER_EVIDENCE_BASE/03_INVESTIGATIONS/03_NORMALIZED_BY_ID/INV-001/INV-001-R1_REPLAY.md,2900,c3b02fe75ee3ccd0804ac9ab420489b1b7af7710b7aa9920aa00a4f626ed1105
02_MASTER_EVIDENCE_BASE/03_INVESTIGATIONS/03_NORMALIZED_BY_ID/INV-001/INV-001-R1_REPLAY__expanded_DEMOCRACY_INFLUENCE_ALL_INVESTIGATIONS_20.md,3228,203397d17377b724cda89dd9a0c117c32b2bb14195e710656a06e63e9a3079fe
02_MASTER_EVIDENCE_BASE/03_INVESTIGATIONS/03_NORMALIZED_BY_ID/INV-001/INV-001_CORPUS_INTEGRITY_AUDIT.md,9175,21704b2e6957dd9550327c63b779f57137bd809ebd7ae28c87b1dc33b0854c78
02_MASTER_EVIDENCE_BASE/03_INVESTIGATIONS/03_NORMALIZED_BY_ID/INV-001/INV-001_CORPUS_MANIFEST.csv,24644,961d9574b220485375431fd0f4763d8c938903a1da50095a80e10aa7948bc5be
02_MASTER_EVIDENCE_BASE/03_INVESTIGATIONS/03_NORMALIZED_BY_ID/INV-002/INV-002_CORPUS_MAP.csv,112551,16381ccc4a133aaf83e86fc357284444b83cc2ee3663c6ecbfae8aa0d76dc46a
02_MASTER_EVIDENCE_BASE/03_INVESTIGATIONS/03_NORMALIZED_BY_ID/INV-002/INV-002_COVERAGE_CHANGES.csv,10877,6a28f9e134d0395884b06562070668a375e228a9d76623a7dc6db608b2199ef8
02_MASTER_EVIDENCE_BASE/03_INVESTIGATIONS/03_NORMALIZED_BY_ID/INV-002/INV-002_INVESTIGATION_COVERAGE.csv,51231,517d66685cde2d9398af522e7ad344ae494ad0036a346dfa7b66c80e49dbfe3c
02_MASTER_EVIDENCE_BASE/03_INVESTIGATIONS/03_NORMALIZED_BY_ID/INV-002/INV-002_REPORT.md,12301,f4de1fac8ea62469b00987cc8461e2bc702b98b66a501f0fb6c930f7dcd5503b
02_MASTER_EVIDENCE_BASE/03_INVESTIGATIONS/03_NORMALIZED_BY_ID/INV-002/INV-002_STATS.json,588,c50fc6c700650e7c719d8b33be0b880e8cd3d19d8cb50983972577814e50d9df
02_MASTER_EVIDENCE_BASE/03_INVESTIGATIONS/03_NORMALIZED_BY_ID/INV-002/INV-002_THEME_MATRIX.csv,4133,f6eb6032873806e0180772cfe90fc44b649408b4b646077f835a4b0b02084a68
02_MASTER_EVIDENCE_BASE/03_INVESTIGATIONS/03_NORMALIZED_BY_ID/INV-003/INV-003.md,14663,171ddecd4c628fc88f4ebdbb44fc74514a0f8648f0009dab8a3f8804ba4da40d
02_MASTER_EVIDENCE_BASE/03_INVESTIGATIONS/03_NORMALIZED_BY_ID/INV-003/METHOD_PACK.md,6468,2b82f9e415b739e16252f845910c7d4b91600446e2e1d5010d3c4e14fa06635c
02_MASTER_EVIDENCE_BASE/03_INVESTIGATIONS/03_NORMALIZED_BY_ID/INV-003/README.md,662,0eb67b279a3f471def9dbb86a164167027843bf3997a3e066b06ce9e304a42b6
02_MASTER_EVIDENCE_BASE/03_INVESTIGATIONS/03_NORMALIZED_BY_ID/INV-004/INV-004.md,14663,171ddecd4c628fc88f4ebdbb44fc74514a0f8648f0009dab8a3f8804ba4da40d
02_MASTER_EVIDENCE_BASE/03_INVESTIGATIONS/03_NORMALIZED_BY_ID/INV-004/METHOD_PACK.md,6468,2b82f9e415b739e16252f845910c7d4b91600446e2e1d5010d3c4e14fa06635c
02_MASTER_EVIDENCE_BASE/03_INVESTIGATIONS/03_NORMALIZED_BY_ID/INV-004/README.md,648,4bebe14644ce9a35f90d4e187a6d3aa94e4b0368cf6f4a5171aa4c0cf2ab2b9e
02_MASTER_EVIDENCE_BASE/03_INVESTIGATIONS/03_NORMALIZED_BY_ID/INV-005/INV-005.md,14663,171ddecd4c628fc88f4ebdbb44fc74514a0f8648f0009dab8a3f8804ba4da40d
02_MASTER_EVIDENCE_BASE/03_INVESTIGATIONS/03_NORMALIZED_BY_ID/INV-005/METHOD_PACK.md,6468,2b82f9e415b739e16252f845910c7d4b91600446e2e1d5010d3c4e14fa06635c
02_MASTER_EVIDENCE_BASE/03_INVESTIGATIONS/03_NORMALIZED_BY_ID/INV-005/README.md,640,eb19a241b7207076aa122b3387f5c8731d72f3373c0dfe1dc694da167c1ad137
02_MASTER_EVIDENCE_BASE/03_INVESTIGATIONS/03_NORMALIZED_BY_ID/INV-006/INV-006.md,14663,171ddecd4c628fc88f4ebdbb44fc74514a0f8648f0009dab8a3f8804ba4da40d
02_MASTER_EVIDENCE_BASE/03_INVESTIGATIONS/03_NORMALIZED_BY_ID/INV-006/METHOD_PACK.md,6468,2b82f9e415b739e16252f845910c7d4b91600446e2e1d5010d3c4e14fa06635c
02_MASTER_EVIDENCE_BASE/03_INVESTIGATIONS/03_NORMALIZED_BY_ID/INV-006/README.md,607,ca22195d73f565782d8271423b8c0d85e290ff539bcbee8665bef7642b7a50e0
02_MASTER_EVIDENCE_BASE/03_INVESTIGATIONS/03_NORMALIZED_BY_ID/INV-007/INV-007.md,14663,171ddecd4c628fc88f4ebdbb44fc74514a0f8648f0009dab8a3f8804ba4da40d
02_MASTER_EVIDENCE_BASE/03_INVESTIGATIONS/03_NORMALIZED_BY_ID/INV-007/METHOD_PACK.md,6468,2b82f9e415b739e16252f845910c7d4b91600446e2e1d5010d3c4e14fa06635c
02_MASTER_EVIDENCE_BASE/03_INVESTIGATIONS/03_NORMALIZED_BY_ID/INV-007/README.md,639,86cde76b26fb995daeedd1a9fbf57709648d56873bdff8199be368ae8c991da1
02_MASTER_EVIDENCE_BASE/03_INVESTIGATIONS/03_NORMALIZED_BY_ID/INV-008/INV-008.md,14663,171ddecd4c628fc88f4ebdbb44fc74514a0f8648f0009dab8a3f8804ba4da40d
02_MASTER_EVIDENCE_BASE/03_INVESTIGATIONS/03_NORMALIZED_BY_ID/INV-008/METHOD_PACK.md,6468,2b82f9e415b739e16252f845910c7d4b91600446e2e1d5010d3c4e14fa06635c
02_MASTER_EVIDENCE_BASE/03_INVESTIGATIONS/03_NORMALIZED_BY_ID/INV-008/README.md,636,f667ca01c6a9d54b7f4f7b417287c414d50de4bb67245501dd2b77f1e76a93fc
02_MASTER_EVIDENCE_BASE/03_INVESTIGATIONS/03_NORMALIZED_BY_ID/INV-010/INV-010_INVESTIGATION.md,15542,0908338973d7e0afd68b7b1eb1c41c83f5afef95e3452f929bfdcc61ca182d34
02_MASTER_EVIDENCE_BASE/03_INVESTIGATIONS/03_NORMALIZED_BY_ID/INV-010/INV-010_INVESTIGATION_AVAILABLE_R2.md,83084,5455cd0616e4b35c5464b954c21105efad435516ad9454b0cb0468157ee2250b
02_MASTER_EVIDENCE_BASE/03_INVESTIGATIONS/03_NORMALIZED_BY_ID/INV-010/INV-010_PILOT_REVIEW.md,5033,d0fc11c8019e37219cac649157b658345fb0fbe46e15539c61cb530e249933c7
02_MASTER_EVIDENCE_BASE/03_INVESTIGATIONS/03_NORMALIZED_BY_ID/INV-010/INV-010_R4_CERTIFICATION.json,633,c314e427c3c8d8a44bf4d7ff8222c96db244d14449fdb107832a7760cd0cf111
02_MASTER_EVIDENCE_BASE/03_INVESTIGATIONS/03_NORMALIZED_BY_ID/INV-010/INV-010_RENARD.md,10805,d37779d5de34c9f1cda22355e6df5cc976d38e29532c93d0217749162b751f7f
02_MASTER_EVIDENCE_BASE/03_INVESTIGATIONS/03_NORMALIZED_BY_ID/INV-010/INV-010_RUN_CARD.md,1440,9ecf226e422c4ea15371142cecfa6af2ab54dad338126da4a9fe6dbad56ccf56
02_MASTER_EVIDENCE_BASE/03_INVESTIGATIONS/03_NORMALIZED_BY_ID/INV-010/INV-010_RUN_HANDOFF.md,2842,98ab3ccd5806547ffa3e0783c9486047d6fa02de01123162c3bb573da49c7bef
02_MASTER_EVIDENCE_BASE/03_INVESTIGATIONS/03_NORMALIZED_BY_ID/INV-011/INV-011_INVESTIGATION.md,61727,592d94573eb59ec81a0b033592adf7c9b7126c06c4e6dcb5062bf7ea415f10db
02_MASTER_EVIDENCE_BASE/03_INVESTIGATIONS/03_NORMALIZED_BY_ID/INV-011/INV-011_RUN_HANDOFF.md,3513,5ea4d64db55b0ce39d3ed2bbc6cbbc3c3b07fd3cf39fa605685f7606b37d6a4b
02_MASTER_EVIDENCE_BASE/03_INVESTIGATIONS/03_NORMALIZED_BY_ID/INV-012/INV-012_DELIVERY_GATE.log,627,d0e445a7465564f7c23588e6f70037decf28a8bebf2d4a5983becd394b55e5da
02_MASTER_EVIDENCE_BASE/03_INVESTIGATIONS/03_NORMALIZED_BY_ID/INV-012/INV-012_INPUT.md,2677,e08dbeb9bbaf56cce5b34310a60a28813777591833ab2f0061360ecb26c1560d
02_MASTER_EVIDENCE_BASE/03_INVESTIGATIONS/03_NORMALIZED_BY_ID/INV-012/INV-012_INVESTIGATION.md,58299,405757e260e6ff0382660b013d0e8b5c4c930a0a5dfe7df01d5b8ff538aa25c4
02_MASTER_EVIDENCE_BASE/03_INVESTIGATIONS/03_NORMALIZED_BY_ID/INV-012/INV-012_MNEMO_SNAPSHOT.json,12760,7b1668d8cff19390e9a3515305beee9e99e1191a1134738bacd93a9eb7b5af73
02_MASTER_EVIDENCE_BASE/03_INVESTIGATIONS/03_NORMALIZED_BY_ID/INV-012/INV-012_NARRATIVE.tmp.md,7335,18cdc34fa192e90fda2b9e69d3150188532ab5e4b60c3472bf89cc781183cada
02_MASTER_EVIDENCE_BASE/03_INVESTIGATIONS/03_NORMALIZED_BY_ID/INV-012/INV-012_POST_RUN_REVIEW.md,3078,69e745136d933211af98cd47589664bde2910be98d4bc5e758a19ceb39e6a416
02_MASTER_EVIDENCE_BASE/03_INVESTIGATIONS/03_NORMALIZED_BY_ID/INV-012/INV-012_PRE_GATE.log,622,bf9808f8533e9d67c7ee254b194843afe8bcf0539b5e0c4161fa586337bea8ce
02_MASTER_EVIDENCE_BASE/03_INVESTIGATIONS/03_NORMALIZED_BY_ID/INV-012/INV-012_RECLASS_PLAN.json,1280,98e3de0142da2f4d276266174363c010e8674df74f996e1b94632331d625d099
02_MASTER_EVIDENCE_BASE/03_INVESTIGATIONS/03_NORMALIZED_BY_ID/INV-012/INV-012_RUN_HANDOFF.md,1905,e5fd7fa9b4d13e73a2f9f14418c086751c4ed6f313afe99d0ea483e4be615396
02_MASTER_EVIDENCE_BASE/03_INVESTIGATIONS/03_NORMALIZED_BY_ID/INV-012/INV-012_RUN_STATE.json,52014,0da5ac9c14e3290ea92c7b955f04b0986b5d366d0482a117b6fae2f488926ff6
02_MASTER_EVIDENCE_BASE/03_INVESTIGATIONS/03_NORMALIZED_BY_ID/INV-012/RECLASSIFICATION_2026-09-09_POST_INV012_CORE_MISSION_V2.md,18107,2bb82c218c0bf6611f6f559b9ca66c2b76d4120ebc60037e2956b89912376e8d
02_MASTER_EVIDENCE_BASE/03_INVESTIGATIONS/03_NORMALIZED_BY_ID/INV-013/INV-013_INVESTIGATION.md,66956,5908d4c9e1e02201600037ddeada24b00801b476f8d3e01c49b5053e46ec7f5f
02_MASTER_EVIDENCE_BASE/03_INVESTIGATIONS/03_NORMALIZED_BY_ID/INV-013/INV-013_RUN_HANDOFF.md,3913,d96a84e8243169abd5b2c58ea9ea2a8c062e627433e8d4850f98b3056006854d
02_MASTER_EVIDENCE_BASE/03_INVESTIGATIONS/03_NORMALIZED_BY_ID/INV-014/INV-014_RUN_HANDOFF.md,3072,50ce7bf024113125c6f2058fb78780dd5cfa32ec2d7147c3c28db38ae6bb54d9
02_MASTER_EVIDENCE_BASE/03_INVESTIGATIONS/03_NORMALIZED_BY_ID/INV-015/INV-015_NARRATIVE_SOURCE.md,6202,63176cf7da05e3b50a130cc09cf23d515d2fcf1dea9f31cef0f41519f987c204
02_MASTER_EVIDENCE_BASE/03_INVESTIGATIONS/03_NORMALIZED_BY_ID/INV-015/INV-015_RUN_CARD.md,2273,5e79062ec2f66a35c57f64c0acb5a6e21a14a5c52764d328252fe3449ac40b0e
02_MASTER_EVIDENCE_BASE/03_INVESTIGATIONS/03_NORMALIZED_BY_ID/INV-015/INV-015_RUN_HANDOFF.md,2953,db01166e3c5ecc274633c22d6e707ed17461d40aec2b03eaae3b0553f624cd31
02_MASTER_EVIDENCE_BASE/03_INVESTIGATIONS/03_NORMALIZED_BY_ID/INV-016/INV-016_CENTRAL_DELTA.md,881,d5e295f7466618b9a55f4f49dfc4371806f84c05de5b4ec11e097cea02324904
02_MASTER_EVIDENCE_BASE/03_INVESTIGATIONS/03_NORMALIZED_BY_ID/INV-016/INV-016_CERTIFICATION.json,589,daf62a9a319778c8a06a660c958eefba6e72bc6d6906af289b07a896e511ad01
02_MASTER_EVIDENCE_BASE/03_INVESTIGATIONS/03_NORMALIZED_BY_ID/INV-016/INV-016_DELIVERY_GATE.json,588,12887143af8540d2ca10a113480061306fc8cf552dd49a515717bec8a321ca22
02_MASTER_EVIDENCE_BASE/03_INVESTIGATIONS/03_NORMALIZED_BY_ID/INV-016/INV-016_FACTS_STAGE.json,20132,5b0e6f7868d3a9f208b4be94421896a80329b5fba49cf505465b7010b30278dc
02_MASTER_EVIDENCE_BASE/03_INVESTIGATIONS/03_NORMALIZED_BY_ID/INV-016/INV-016_INVESTIGATION.md,44483,323d0a35b2479b8409c6dea1fcb5527bbf16584719264c178512e5a6ffe943e1
02_MASTER_EVIDENCE_BASE/03_INVESTIGATIONS/03_NORMALIZED_BY_ID/INV-016/INV-016_MNEMO_SNAPSHOT.json,7421,956680c1ba8bbd559b298b47b2fc82f94ff856136944c3e926eb43d05af291c3
02_MASTER_EVIDENCE_BASE/03_INVESTIGATIONS/03_NORMALIZED_BY_ID/INV-016/INV-016_NARRATIVE_SOURCE.md,5631,6dabeeeb2a1c9a456058797ef3b0830e40482658c968e5b5af1802c6defd759b
02_MASTER_EVIDENCE_BASE/03_INVESTIGATIONS/03_NORMALIZED_BY_ID/INV-016/INV-016_PERSISTENCE_STAGE.json,2425,63f3c985d1a4644170dd591307e947ba89cf17d47f72029211cecf3ac5139e8b
02_MASTER_EVIDENCE_BASE/03_INVESTIGATIONS/03_NORMALIZED_BY_ID/INV-016/INV-016_PRE_GATE.json,583,7d4cc59f468fb580f5d4f28f0ba942b79fd4086bc256cd4d5795853c734636f2
02_MASTER_EVIDENCE_BASE/03_INVESTIGATIONS/03_NORMALIZED_BY_ID/INV-016/INV-016_RECLASS_PLAN.json,791,7d3d5173507151acc1324154540edbda9a57e9e15ef24bbca41af737cffa43b7
02_MASTER_EVIDENCE_BASE/03_INVESTIGATIONS/03_NORMALIZED_BY_ID/INV-016/INV-016_REVIEWS.json,15,764319ca5bb9360ccff180d38441165ef9b673ffcd4a10e48e537879c7ec360d
02_MASTER_EVIDENCE_BASE/03_INVESTIGATIONS/03_NORMALIZED_BY_ID/INV-016/INV-016_RUN_CARD.md,2307,99153e7421ef5b0db9cd8df2a790d7a49b454304bc1a07dc491b96a1a168fbde
02_MASTER_EVIDENCE_BASE/03_INVESTIGATIONS/03_NORMALIZED_BY_ID/INV-016/INV-016_RUN_HANDOFF.md,3328,ba72ebf222c756a256a208234bed3d9e2b25e83771cce0257f547252fb60166b
02_MASTER_EVIDENCE_BASE/03_INVESTIGATIONS/03_NORMALIZED_BY_ID/INV-016/INV-016_RUN_STATE.json,39675,8cde4137a64ab1969d2fa99a4abf7089bee95433cfad8c5a775ef5d168ef8608
02_MASTER_EVIDENCE_BASE/03_INVESTIGATIONS/03_NORMALIZED_BY_ID/INV-016/INV-016_TAIL_STAGE.json,22597,4bd34859b1cbb9b21d79ee440726ad72413e331b91a38c7fd338c965c67bf7ac
02_MASTER_EVIDENCE_BASE/03_INVESTIGATIONS/03_NORMALIZED_BY_ID/INV-017/INV-017_INVESTIGATION.md,57953,fcd2e264395613a7141a58d67e47100691a28b7d916e8e4932c96101266e1158
02_MASTER_EVIDENCE_BASE/03_INVESTIGATIONS/03_NORMALIZED_BY_ID/INV-017/INV-017_RUN_HANDOFF.md,4222,721166f78b6fc4a851f52ede8d46ea2160063b06425d87560d78c8ca2cda51ef
02_MASTER_EVIDENCE_BASE/03_INVESTIGATIONS/03_NORMALIZED_BY_ID/INV-018/INV-018_RUN_HANDOFF.md,1773,f9e6ab9a87f93fb79ee879c84e96ea6bc9de8459a5f9af78851277f868391da7
02_MASTER_EVIDENCE_BASE/03_INVESTIGATIONS/03_NORMALIZED_BY_ID/INV-019/INV-019_INVESTIGATION.md,42635,bf255493afd50152c0123d42c8521c0e85febe44f89deeb8a6450543184072b6
02_MASTER_EVIDENCE_BASE/03_INVESTIGATIONS/03_NORMALIZED_BY_ID/INV-019/INV-019_PILOT_REVIEW.md,3030,6d0607ea4d071fc8f48e0e6db9a87182a8c715547b07547c3bc2109f370d7c48
02_MASTER_EVIDENCE_BASE/03_INVESTIGATIONS/03_NORMALIZED_BY_ID/INV-019/INV-019_RUN_HANDOFF.md,2438,c72fff3b19b5ab1b2bd36b064544c1a3635f42e3d30b99c8c225e616f1d76c9b
02_MASTER_EVIDENCE_BASE/03_INVESTIGATIONS/03_NORMALIZED_BY_ID/INV-021/INV-021_RUN_HANDOFF.md,4935,b0d39c25d01137befba1657c01d41c9d110715e66fad76a0d219d7c5cd830825
02_MASTER_EVIDENCE_BASE/03_INVESTIGATIONS/03_NORMALIZED_BY_ID/INV-022/.verify_pending_delivery.json,541,4ebe303c11d45e4930e4874f0c06129e13428a4fa57cc9a70354bc0c7d33043b
02_MASTER_EVIDENCE_BASE/03_INVESTIGATIONS/03_NORMALIZED_BY_ID/INV-022/.verify_result_delivery.json,646,d1bfee1e92f8b89f576e736594dd207621ae9e2a890252593dd246dab4ff67e8
02_MASTER_EVIDENCE_BASE/03_INVESTIGATIONS/03_NORMALIZED_BY_ID/INV-022/2026-09-06_10-57_russie-operations-influence-france_CERTIFICATION.json,647,1849eb3855b4b4ee51ce00d865617942beb0cd8088154f7bf95d177589668df9
02_MASTER_EVIDENCE_BASE/03_INVESTIGATIONS/03_NORMALIZED_BY_ID/INV-022/2026-09-06_10-57_russie-operations-influence-france_INPUT.txt,1383,b4582f7330c39e3a47f6aa7512bfb623ddea7e7e3dd046421e246631a29e05f4
02_MASTER_EVIDENCE_BASE/03_INVESTIGATIONS/03_NORMALIZED_BY_ID/INV-022/2026-09-06_10-57_russie-operations-influence-france_INVESTIGATION.md,100983,a5d3c37a2dec09a07a0d2ec2ab00be4fd794b814729a1c749032cdab07ff806e
02_MASTER_EVIDENCE_BASE/03_INVESTIGATIONS/03_NORMALIZED_BY_ID/INV-022/2026-09-06_10-57_russie-operations-influence-france_MNEMO_SNAPSHOT.json,15494,ccadef83af9d6f2dba278bf6f302984705f9a9f3eb9c1855e7299a8f7de8223e
02_MASTER_EVIDENCE_BASE/03_INVESTIGATIONS/03_NORMALIZED_BY_ID/INV-022/2026-09-06_10-57_russie-operations-influence-france_NARRATIVE.tmp.md,5913,79295880570f35fce78ab687b34d0604c56cb8ace01d17cd9a8fcc666cf52766
02_MASTER_EVIDENCE_BASE/03_INVESTIGATIONS/03_NORMALIZED_BY_ID/INV-022/2026-09-06_10-57_russie-operations-influence-france_RUN_STATE.json,95524,b639fb372d9599c675dbb4e2821fa3c6e66573be303f66297935db385e17662e
02_MASTER_EVIDENCE_BASE/03_INVESTIGATIONS/03_NORMALIZED_BY_ID/INV-022/EPISTEMIC.md,6991,482558f2ea834418625647b92659ef1773ffc71bc09bdce2f5f3bab91791ae00
02_MASTER_EVIDENCE_BASE/03_INVESTIGATIONS/03_NORMALIZED_BY_ID/INV-022/GATES.md,12808,f97b090c26f79b93eeecb291e37f8887d935df5ffaa36d8d6da502fa75f6da6d
02_MASTER_EVIDENCE_BASE/03_INVESTIGATIONS/03_NORMALIZED_BY_ID/INV-022/INV-022_R3_CANONICAL_6_FILES.zip,60806,ffebc4c4a78188350954badc7f7b6cf9c7f6f201547e57f7ea6abe385db04d18
02_MASTER_EVIDENCE_BASE/03_INVESTIGATIONS/03_NORMALIZED_BY_ID/INV-022/INV-022_R3_E2E_TEST_REPORT.md,5006,74a7359e0fb339d1c6fbf3e08f111b7b75d0e81090832a40cf4bea60448c3aa4
02_MASTER_EVIDENCE_BASE/03_INVESTIGATIONS/03_NORMALIZED_BY_ID/INV-022/INV-022_R3_FULL_FORENSIC_BUNDLE.zip,185449,9691ee258d0c600bb551a22e9fb2a3248d70ede39225685454230769d8339d0b
02_MASTER_EVIDENCE_BASE/03_INVESTIGATIONS/03_NORMALIZED_BY_ID/INV-022/INV-022_RUN_HANDOFF.md,5292,23728306a8c672f7ed4b31f7e8c668676a16dcb6a295716df25697855d03ebe0
02_MASTER_EVIDENCE_BASE/03_INVESTIGATIONS/03_NORMALIZED_BY_ID/INV-022/INVESTIGATION.md,19705,2418fb593a78048830f2900e04828ce3d7e26aef996bcdddd2199f61a026c208
02_MASTER_EVIDENCE_BASE/03_INVESTIGATIONS/03_NORMALIZED_BY_ID/INV-022/KERNEL.md,69458,0d78b5d2db873d6bb9984867c3a4b1095b46400db2145487a763680b43e88974
02_MASTER_EVIDENCE_BASE/03_INVESTIGATIONS/03_NORMALIZED_BY_ID/INV-022/README_BUNDLE.md,1762,8a08fd480f4d245eaa5c7d10044e863ea492de6cc2c43a2547f443b31ca231a1
02_MASTER_EVIDENCE_BASE/03_INVESTIGATIONS/03_NORMALIZED_BY_ID/INV-022/SHA256SUMS.txt,2659,02faf8eb8d88078c54b0253a2b2053cd813056a24d08ef83af8a55ad409925bf
02_MASTER_EVIDENCE_BASE/03_INVESTIGATIONS/03_NORMALIZED_BY_ID/INV-022/TEMPLATE.md,5857,eb504ed558d7638b8f599fc6990c6d74783ca81ae1d8016a15d70b8273c31f05
02_MASTER_EVIDENCE_BASE/03_INVESTIGATIONS/03_NORMALIZED_BY_ID/INV-022/continue_r3_phase12_13.py,9451,f23099fb7e4ba727475a31180470619bb7303f1cf2c865f16f00ba5c8f914540
02_MASTER_EVIDENCE_BASE/03_INVESTIGATIONS/03_NORMALIZED_BY_ID/INV-022/continue_r3_phase16_17.py,18357,f74760f3f3f9554b404aa7f11fe325bec89c23c35a65a17a5a19e0e352f929bc
02_MASTER_EVIDENCE_BASE/03_INVESTIGATIONS/03_NORMALIZED_BY_ID/INV-022/persistence_payload.py,805,f259fbe18264fcf8fd528feee4d79f336e57af5b583e0fc6dbee4dbef68f8425
02_MASTER_EVIDENCE_BASE/03_INVESTIGATIONS/03_NORMALIZED_BY_ID/INV-022/run_state.py,107428,81effd7bfef4ddcdacba1f9a4139cd856fae0eb7853518846f2381a49869d77e
02_MASTER_EVIDENCE_BASE/03_INVESTIGATIONS/03_NORMALIZED_BY_ID/INV-022/verify.py,88244,19cf032f21945d6bd2c8e3889086293b640fee98b1e97e855baf5ec39f18fa59
02_MASTER_EVIDENCE_BASE/03_INVESTIGATIONS/03_NORMALIZED_BY_ID/INV-023/2026-09-06_12-58_russie-financement-partis-europe_CERTIFICATION.json,609,0c9610b02a2b37b0fba565084f4da89e09d62ae49173a4c2a92f98d419f2c25a
02_MASTER_EVIDENCE_BASE/03_INVESTIGATIONS/03_NORMALIZED_BY_ID/INV-023/2026-09-06_12-58_russie-financement-partis-europe_INPUT.txt,881,7a5e16f441442076c1b9d3a2d002c9089e784dea7c71969158a5353d195d829b
02_MASTER_EVIDENCE_BASE/03_INVESTIGATIONS/03_NORMALIZED_BY_ID/INV-023/2026-09-06_12-58_russie-financement-partis-europe_INVESTIGATION.md,93653,d0d9a8e5fb4c1fcc6dcdb3002b2cba5854b7704d4075a5e3d148df670909863c
02_MASTER_EVIDENCE_BASE/03_INVESTIGATIONS/03_NORMALIZED_BY_ID/INV-023/2026-09-06_12-58_russie-financement-partis-europe_MNEMO_SNAPSHOT.json,11877,4f2aaa0176df698d1240f3b25e36e301c6307d30246ed0efaeabd1c84cb8af69
02_MASTER_EVIDENCE_BASE/03_INVESTIGATIONS/03_NORMALIZED_BY_ID/INV-023/2026-09-06_12-58_russie-financement-partis-europe_NARRATIVE.tmp.md,6744,2d50f55437910fe87a57d54d6b3d27e389b47486e83406ed0ec22837e489a41d
02_MASTER_EVIDENCE_BASE/03_INVESTIGATIONS/03_NORMALIZED_BY_ID/INV-023/2026-09-06_12-58_russie-financement-partis-europe_RUN_STATE.json,83087,8f530c4e5074a73da50feb0b26b98d97567f42baa814df69939a18d47c6302e7
02_MASTER_EVIDENCE_BASE/03_INVESTIGATIONS/03_NORMALIZED_BY_ID/INV-023/INV-023_R3P1_CANONICAL_6_FILES.zip,54351,e14719a1aca3a28340e4d60de8efd18fa0ed8bf50338c6ae15afab6ddd708af3
02_MASTER_EVIDENCE_BASE/03_INVESTIGATIONS/03_NORMALIZED_BY_ID/INV-023/INV-023_RUN_HANDOFF.md,5660,defda8829828ff9b8bd85fd99887da2f75b5d01c79cbb90f2dedb7d55ec810b1
02_MASTER_EVIDENCE_BASE/03_INVESTIGATIONS/03_NORMALIZED_BY_ID/INV-025/INV-025_INVESTIGATION.md,67937,2069e2234c8ca336b96f4abf59ebd21a906bca7c9dd7f508b40d20c17f7918fd
02_MASTER_EVIDENCE_BASE/03_INVESTIGATIONS/03_NORMALIZED_BY_ID/INV-025/INV-025_RUN_HANDOFF.md,3756,53c7f49ab0020f83cdc2ddfc4fa2f87af61011044ebb884bfc90f424cbb7de0d
02_MASTER_EVIDENCE_BASE/03_INVESTIGATIONS/03_NORMALIZED_BY_ID/INV-026/DASHBOARD.md,1182,3bbd303639d2fa6212289f3316d2917ad41eb035b4286baa40ed0f1da6c34f6b
02_MASTER_EVIDENCE_BASE/03_INVESTIGATIONS/03_NORMALIZED_BY_ID/INV-026/INV-026_BUNDLE.zip,80189,6b9754adf908de7d1ed665b4b08ea12e21ebf14c145fe48b435b9b91d1c58e49
02_MASTER_EVIDENCE_BASE/03_INVESTIGATIONS/03_NORMALIZED_BY_ID/INV-026/INV-026_CERTIFICATION.json,620,8bc8557b845204626f39333fce71cf6d69f3092964334bc9bb1e79b893c18067
02_MASTER_EVIDENCE_BASE/03_INVESTIGATIONS/03_NORMALIZED_BY_ID/INV-026/INV-026_INPUT.md,2463,616c1f7007d3d70a64d5a5bbb4153762763d085537605d5e99cef5439dced970
02_MASTER_EVIDENCE_BASE/03_INVESTIGATIONS/03_NORMALIZED_BY_ID/INV-026/INV-026_INVESTIGATION.md,77039,86f7d0d457469edf3edb9dffa2e5f55f253cfebefdb0037652cc4ebf5a2d963a
02_MASTER_EVIDENCE_BASE/03_INVESTIGATIONS/03_NORMALIZED_BY_ID/INV-026/INV-026_MNEMO_SNAPSHOT.json,16548,9e5ab5e08fe16307937bb9c393e2871bfc1edeb266ffc420c6c226c07cc98366
02_MASTER_EVIDENCE_BASE/03_INVESTIGATIONS/03_NORMALIZED_BY_ID/INV-026/INV-026_NARRATIVE.tmp.md,11472,0ad693f01236e6f14dbb7959c4763b3e639a6200750102e5e04d8be40fef8159
02_MASTER_EVIDENCE_BASE/03_INVESTIGATIONS/03_NORMALIZED_BY_ID/INV-026/INV-026_POST_RUN_REVIEW.md,2415,fab7d4996050a5eeaadddb20e3ea362bac90226b6205b6e59deb02ade4951fa0
02_MASTER_EVIDENCE_BASE/03_INVESTIGATIONS/03_NORMALIZED_BY_ID/INV-026/INV-026_RUN_HANDOFF.md,3144,bf70cae7b998ae0aa16949f1f12cb8258d4d4de9527316832b9cb398531ae4cb
02_MASTER_EVIDENCE_BASE/03_INVESTIGATIONS/03_NORMALIZED_BY_ID/INV-026/INV-026_RUN_STATE.json,66417,b88924457119b727d79f3188e78db0c62636ec515e79b538c5d442207fbdf438
02_MASTER_EVIDENCE_BASE/03_INVESTIGATIONS/03_NORMALIZED_BY_ID/INV-026/INV-026_SHA256.txt,809,b1c4675eade937d9dcebfd37bf02fd02f3efa424143f41555aa6b0952305b076
02_MASTER_EVIDENCE_BASE/03_INVESTIGATIONS/03_NORMALIZED_BY_ID/INV-026/INVESTIGATION_REGISTRY.csv,97582,4e7a2a6f377a9f141f75c2a7a560f67d213925d590dbe18e79bc4db47dcd7ff0
02_MASTER_EVIDENCE_BASE/03_INVESTIGATIONS/03_NORMALIZED_BY_ID/INV-026/TRACELOG.md,18560,b198c415887e7b65365dfba165c26fb2bf20a8ac17976851921ed5e1d55a1009
02_MASTER_EVIDENCE_BASE/03_INVESTIGATIONS/03_NORMALIZED_BY_ID/INV-027/INV-027_INVESTIGATION.md,51598,694e8094ae1fa158d36e180f7566411773974c76715424fa6ba265c2d36c7227
02_MASTER_EVIDENCE_BASE/03_INVESTIGATIONS/03_NORMALIZED_BY_ID/INV-027/INV-027_RUN_HANDOFF.md,3701,4f5f3e49e73d863a66bcf8a228cc93005b57e22ca07e46cffa4991b040cde3f8
02_MASTER_EVIDENCE_BASE/03_INVESTIGATIONS/03_NORMALIZED_BY_ID/INV-028/INV-028_INVESTIGATION.md,64842,ec95309f580365bea401e97404490d8c61835555956c59454f2e06c775f095e6
02_MASTER_EVIDENCE_BASE/03_INVESTIGATIONS/03_NORMALIZED_BY_ID/INV-028/INV-028_RUN_HANDOFF.md,3672,4ba6f5f56688585cbd83d323ad16676e615a881434d3849b4ea6d0cd26def8d0
02_MASTER_EVIDENCE_BASE/03_INVESTIGATIONS/03_NORMALIZED_BY_ID/INV-029/INV-029_CERTIFICATION.json,577,350549bae178bc1492ce1d38167be42f2e9e5caa9c4e1bbd9e00af036cd2694b
02_MASTER_EVIDENCE_BASE/03_INVESTIGATIONS/03_NORMALIZED_BY_ID/INV-029/INV-029_INVESTIGATION.md,41288,a756a7acb8cd87a6b6ceefbbaac361c16e5169d9bbd533f9f895c47ee427e4a4
02_MASTER_EVIDENCE_BASE/03_INVESTIGATIONS/03_NORMALIZED_BY_ID/INV-029/INV-029_MNEMO_SNAPSHOT.json,6919,108b62b25e3a097da51de633a6231645d8f955e09c2f522c620a89c6123a56f0
02_MASTER_EVIDENCE_BASE/03_INVESTIGATIONS/03_NORMALIZED_BY_ID/INV-029/INV-029_NARRATIVE_SOURCE.md,3385,36672a921e5bdb74b8de23c19f707c27dc43ae86fcef55e8d2a632a3aed0efe9
02_MASTER_EVIDENCE_BASE/03_INVESTIGATIONS/03_NORMALIZED_BY_ID/INV-029/INV-029_RUN_CARD.md,2455,bb895ca7ed1503e067d8d03c404ed25bdc7b0e1a36188cf992bf27e639818609
02_MASTER_EVIDENCE_BASE/03_INVESTIGATIONS/03_NORMALIZED_BY_ID/INV-029/INV-029_RUN_HANDOFF.md,2764,893fdc5fc47202de0c22b362eca6dc7586b52edf0262274c6dd93884693be6c0
02_MASTER_EVIDENCE_BASE/03_INVESTIGATIONS/03_NORMALIZED_BY_ID/INV-029/INV-029_RUN_STATE.json,38897,df8b974eade459d891ea0dd6ad97d75b8958bcf756ffa8c53fbc243f424527b3
02_MASTER_EVIDENCE_BASE/03_INVESTIGATIONS/03_NORMALIZED_BY_ID/INV-030/INV-030_RUN_HANDOFF.md,3921,b3366c5aef1e512fa479bcf819fc0ad87ec86aa93af76b5452be2878d3bb1bf8
02_MASTER_EVIDENCE_BASE/03_INVESTIGATIONS/03_NORMALIZED_BY_ID/INV-033/DASHBOARD.md,1182,64db5de31a11cf88c2a8befcfbb3202a99adc630baa4c9e2cfee31f276875358
02_MASTER_EVIDENCE_BASE/03_INVESTIGATIONS/03_NORMALIZED_BY_ID/INV-033/DELIVERY_VERIFY.txt,593,190eafb6b0ff665a21a7ad486eeffb0e21e4971664f4180b8e83bd3b9a7dbd40
02_MASTER_EVIDENCE_BASE/03_INVESTIGATIONS/03_NORMALIZED_BY_ID/INV-033/DELIVERY_VERIFY_RESULT.json,592,a7718fb0c9d19ca5c5049a07251b3406023f8c215e7376e58c6cb1d11994e258
02_MASTER_EVIDENCE_BASE/03_INVESTIGATIONS/03_NORMALIZED_BY_ID/INV-033/DEPENDENCY_GATE_INV-146_2026-09-07_0752.md,1203,24ad44dd0550af2a15758d931cf0dcca6cb28d4098f79d941f8a7b63bc3abca4
02_MASTER_EVIDENCE_BASE/03_INVESTIGATIONS/03_NORMALIZED_BY_ID/INV-033/INV-033_BUNDLE.zip,80700,61702c978ba1ce56775ceffef27d34b5389cef8f4a4227b5b15136cdbcc975a2
02_MASTER_EVIDENCE_BASE/03_INVESTIGATIONS/03_NORMALIZED_BY_ID/INV-033/INV-033_INVESTIGATION.md,69673,6882743d76521abaf201035c2d0148116b76c0f3f28fc5bfb95595ea42e67a8e
02_MASTER_EVIDENCE_BASE/03_INVESTIGATIONS/03_NORMALIZED_BY_ID/INV-033/INV-033_MNEMO_SNAPSHOT.json,13556,868ffbbc3dd8742b3c88e8d8324334816b8f4fb9690e929b5863813b3503e99c
02_MASTER_EVIDENCE_BASE/03_INVESTIGATIONS/03_NORMALIZED_BY_ID/INV-033/INV-033_NARRATIVE.tmp.md,10986,b2dd7dc9c5412f3b1dfb2c1477aa8d5133706a2d9c8686b9e6bd2667324bed0c
02_MASTER_EVIDENCE_BASE/03_INVESTIGATIONS/03_NORMALIZED_BY_ID/INV-033/INV-033_POST_RUN_REVIEW.md,2220,fa7fe93df82ac2afa4ebc1c2fd4dfcb432bf790d9d2d3db2092bea65863edd70
02_MASTER_EVIDENCE_BASE/03_INVESTIGATIONS/03_NORMALIZED_BY_ID/INV-033/INV-033_RUN_CARD.md,2315,c01967887a2e9736751781f80a0b40ca7f612669e5453fb0f68c4277d7a9171b
02_MASTER_EVIDENCE_BASE/03_INVESTIGATIONS/03_NORMALIZED_BY_ID/INV-033/INV-033_RUN_HANDOFF.md,2430,a33fa3cb614d41e2c2ac4319f2081bfaa210f7f556997cc853ac81a5b5549ebb
02_MASTER_EVIDENCE_BASE/03_INVESTIGATIONS/03_NORMALIZED_BY_ID/INV-033/INV-033_RUN_STATE.json,59192,ede322327835e5c8e4d19fbd11885bf9007623c93dafad18a8eadf7430537adc
02_MASTER_EVIDENCE_BASE/03_INVESTIGATIONS/03_NORMALIZED_BY_ID/INV-033/INV-033_SHA256.txt,809,e1e0ca4c08d99fda664d5237bdfb1997cd373fa7ea3fb18e6298066dbc46ca34
02_MASTER_EVIDENCE_BASE/03_INVESTIGATIONS/03_NORMALIZED_BY_ID/INV-033/INVESTIGATION_REGISTRY.csv,98510,2448631cfc5573761370ff23a35ab22b3293b063b1a9fcf8898abc480bead111
02_MASTER_EVIDENCE_BASE/03_INVESTIGATIONS/03_NORMALIZED_BY_ID/INV-033/PRE_VERIFY.txt,588,5ebfb6d7c685f6d22380fbdfe6e2346344500edc7554dd8445c5688fd5e93300
02_MASTER_EVIDENCE_BASE/03_INVESTIGATIONS/03_NORMALIZED_BY_ID/INV-033/TRACELOG.md,20060,19fbb1806aa38bbee1ad12857a36d1d28ce16791f9897a01877d23f4b70d8c7b
02_MASTER_EVIDENCE_BASE/03_INVESTIGATIONS/03_NORMALIZED_BY_ID/INV-035/INV-035_MISSING.md,236,2f737892c001bb92a4db72f04389cb7e5155e6587f23e3ae83451939d29c84d0
02_MASTER_EVIDENCE_BASE/03_INVESTIGATIONS/03_NORMALIZED_BY_ID/INV-036/INV-036_INVESTIGATION.md,70345,97f41a1371ea45a452783b64fea3908a5ca8d28475f17cb9793fe6033727910f
02_MASTER_EVIDENCE_BASE/03_INVESTIGATIONS/03_NORMALIZED_BY_ID/INV-036/INV-036_RUN_HANDOFF.md,3717,24381e87846ca89bd5446739a061ed75198483c2a3da27b67882a89f83d84485
02_MASTER_EVIDENCE_BASE/03_INVESTIGATIONS/03_NORMALIZED_BY_ID/INV-037/INV-037_NARRATIVE_SOURCE.md,3171,4b6f31fde2968662240d4be48b225440f5e13e203059eb2ca860ec7988dc7ebf
02_MASTER_EVIDENCE_BASE/03_INVESTIGATIONS/03_NORMALIZED_BY_ID/INV-037/INV-037_RUN_CARD.md,2141,3820dd102dcf3ef55158edb9c00f4ccdb10796cd002888c1070f5a16d6a107e6
02_MASTER_EVIDENCE_BASE/03_INVESTIGATIONS/03_NORMALIZED_BY_ID/INV-037/INV-037_RUN_HANDOFF.md,3004,a48f909396f4272cea5c9743915743d4f8b9d7ab4086e1b0ce4377f4166c93a5
02_MASTER_EVIDENCE_BASE/03_INVESTIGATIONS/03_NORMALIZED_BY_ID/INV-038/INV-038_RUN_HANDOFF.md,2013,2000ae3815a4d88953f1accdd7232ad89878c96f0f359e90a09c9b7d07c57ebb
02_MASTER_EVIDENCE_BASE/03_INVESTIGATIONS/03_NORMALIZED_BY_ID/INV-038/INV-038_SYNTHESIS.md,4972,4f56b4c79a972bb0175ce81de8097661c3cc4a23d076179dc491fbb2d0e90a88
02_MASTER_EVIDENCE_BASE/03_INVESTIGATIONS/03_NORMALIZED_BY_ID/INV-038/INV-038_SYNTHESIS_CARD.md,2398,8cd3982407d70da22be8e300031c78c4802c9177bd472c0cd307df7bcf9b21ab
02_MASTER_EVIDENCE_BASE/03_INVESTIGATIONS/03_NORMALIZED_BY_ID/INV-038/INV-038_SYNTHESIS_CERTIFICATION.json,682,208a1e5edcefe6a801fddad74425954cb34f6ddba34276dc9eb93ecf09b6c66a
02_MASTER_EVIDENCE_BASE/03_INVESTIGATIONS/03_NORMALIZED_BY_ID/INV-039/2026-09-06_16-39_pouvoir-institutions-ue_CERTIFICATION.json,591,ce17430d3a8f9839315969456a9ffb66f07199141c604bfbd9a6478c4cedb3f5
02_MASTER_EVIDENCE_BASE/03_INVESTIGATIONS/03_NORMALIZED_BY_ID/INV-039/2026-09-06_16-39_pouvoir-institutions-ue_INVESTIGATION.md,65855,ca5113fdeba13fe444538d3d76cc80227d811a50356a002398312d16e1838e8c
02_MASTER_EVIDENCE_BASE/03_INVESTIGATIONS/03_NORMALIZED_BY_ID/INV-039/2026-09-06_16-39_pouvoir-institutions-ue_MNEMO_SNAPSHOT.json,10063,c8b917d1739d77c63de717e9642971674a106596660a60853fceb5090f1dd28b
02_MASTER_EVIDENCE_BASE/03_INVESTIGATIONS/03_NORMALIZED_BY_ID/INV-039/2026-09-06_16-39_pouvoir-institutions-ue_NARRATIVE.tmp.md,13712,1293e484228b4d0c990543480750e0e2231e52e76d2b169fd74ff7254c361cb1
02_MASTER_EVIDENCE_BASE/03_INVESTIGATIONS/03_NORMALIZED_BY_ID/INV-039/2026-09-06_16-39_pouvoir-institutions-ue_RUN_STATE.json,52925,f8ad9e0c60236005c9df4cd011004150c40ad01a1332233a7c826ab2291fae45
02_MASTER_EVIDENCE_BASE/03_INVESTIGATIONS/03_NORMALIZED_BY_ID/INV-039/INV-039_BUNDLE.zip,47707,0416527edb70302209022874ecdbee709027cd46d5fa4bee5c6f4a0ee8b6701b
02_MASTER_EVIDENCE_BASE/03_INVESTIGATIONS/03_NORMALIZED_BY_ID/INV-039/INV-039_POST_RUN_REVIEW.md,2596,af3a9bcc5dcf952c49f698c25d73317886a1930e731544915f341031f8d3225f
02_MASTER_EVIDENCE_BASE/03_INVESTIGATIONS/03_NORMALIZED_BY_ID/INV-039/INV-039_RUN_CARD.md,2331,587a77b12e931cd4310d83d06110705744826db2186d4c8b1da0f16fa25510a6
02_MASTER_EVIDENCE_BASE/03_INVESTIGATIONS/03_NORMALIZED_BY_ID/INV-039/INV-039_RUN_HANDOFF.md,3796,f161f85f3b3e4ac598054a114b461a01b480ef2fb646c39112e3ff7df8733748
02_MASTER_EVIDENCE_BASE/03_INVESTIGATIONS/03_NORMALIZED_BY_ID/INV-040/INV-040_RUN_HANDOFF.md,3259,686477cfa9048931b202a8c94aa26e9a1484d7eb3a8eb98d39034a92ae3c5526
02_MASTER_EVIDENCE_BASE/03_INVESTIGATIONS/03_NORMALIZED_BY_ID/INV-040/INV-040_SYNTHESIS.md,11197,63608989b4fb5b34abb26c9cb1a7a0d840109c8e7158b20dcc30540f540d54f7
02_MASTER_EVIDENCE_BASE/03_INVESTIGATIONS/03_NORMALIZED_BY_ID/INV-040/INV-040_SYNTHESIS_CARD.md,3399,75233ccdaa686d16a594170cad7dddcae0b87264e493366973b6d9be9b0c1521
02_MASTER_EVIDENCE_BASE/03_INVESTIGATIONS/03_NORMALIZED_BY_ID/INV-040/INV-040_SYNTHESIS_CERTIFICATION.json,2010,b0ba709365dc9d0533883504e9d8b59fd5aff028c0f7a1c35c28144a1bb856be
02_MASTER_EVIDENCE_BASE/03_INVESTIGATIONS/03_NORMALIZED_BY_ID/INV-041/INV-041_RUN_HANDOFF.md,3932,755ca22180fafb8699be5da76c9ebd24d62e5ed39d17312906942491763342f9
02_MASTER_EVIDENCE_BASE/03_INVESTIGATIONS/03_NORMALIZED_BY_ID/INV-042/INV-042_RUN_HANDOFF.md,3320,ee30ab176cfb9f73b9f225cb9ff05d0d994d3913f667954800580c20ccb87925
02_MASTER_EVIDENCE_BASE/03_INVESTIGATIONS/03_NORMALIZED_BY_ID/INV-043/INV-043_INVESTIGATION.md,73090,35a6d5cf1ebf6e4d9562a912c084a5841c9825b4c5f57d2e4f0e4127d8b8db06
02_MASTER_EVIDENCE_BASE/03_INVESTIGATIONS/03_NORMALIZED_BY_ID/INV-043/INV-043_RUN_HANDOFF.md,4027,f9a2ef582d9a35ca8b7de6dfefeaf578dacac1544834a7a4cbb4ee2ba14f3ac9
02_MASTER_EVIDENCE_BASE/03_INVESTIGATIONS/03_NORMALIZED_BY_ID/INV-044/INV-044_BUNDLE.zip,57941,64203edff4f1e273f7d37c9bc09b62281a61e03348800df3e76e29a0390b2e30
02_MASTER_EVIDENCE_BASE/03_INVESTIGATIONS/03_NORMALIZED_BY_ID/INV-044/INV-044_CERTIFICATION.json,591,07c3a634469b838828334965b5eaaed67aade0c3f7364f6a6b12258810b4bf1b
02_MASTER_EVIDENCE_BASE/03_INVESTIGATIONS/03_NORMALIZED_BY_ID/INV-044/INV-044_INPUT.txt,2482,e93f3c9bdbfcf70fc104c67a3688dc676401806accac9b4ed44a1a2b09760a33
02_MASTER_EVIDENCE_BASE/03_INVESTIGATIONS/03_NORMALIZED_BY_ID/INV-044/INV-044_INVESTIGATION.md,80391,5b8a802a0d20c786ff174fa2906daf769884837c8ba88a6e0b64bb3275fc34af
02_MASTER_EVIDENCE_BASE/03_INVESTIGATIONS/03_NORMALIZED_BY_ID/INV-044/INV-044_MNEMO_SNAPSHOT.json,14879,353fdeef4d33a325aa4b27fab05f504f5f6004a09889f9406c141c1c6e0360f2
02_MASTER_EVIDENCE_BASE/03_INVESTIGATIONS/03_NORMALIZED_BY_ID/INV-044/INV-044_NARRATIVE.tmp.md,18555,7a408911092b00479bc4a9ab5ddf8dfd913b45df4867b8e2cafe6378e5aae57a
02_MASTER_EVIDENCE_BASE/03_INVESTIGATIONS/03_NORMALIZED_BY_ID/INV-044/INV-044_POST_RUN_REVIEW.md,2819,d96500b470abb66659a864112fff49b91117e3f285c79856548a566fe0ac5437
02_MASTER_EVIDENCE_BASE/03_INVESTIGATIONS/03_NORMALIZED_BY_ID/INV-044/INV-044_PRE_GATE.json,586,a85bc29c6b2197ca61a339d079a7e91064b298dcfab2c7d7f6a921e425648e8e
02_MASTER_EVIDENCE_BASE/03_INVESTIGATIONS/03_NORMALIZED_BY_ID/INV-044/INV-044_RUN_HANDOFF.md,2010,e3c7258c52842e0cd0a4b425c1ea35ecd0ea452653b75c341ba205aacf4d761f
02_MASTER_EVIDENCE_BASE/03_INVESTIGATIONS/03_NORMALIZED_BY_ID/INV-044/INV-044_RUN_HANDOFF__expanded_DEMOCRACY_INFLUENCE_COMPLETE_BUNDLE_2026-.md,1737,e85cbeebba1a91a9a084b1ed811144dee0e9db755c867b30fd0b5ae2ecf1fda1
02_MASTER_EVIDENCE_BASE/03_INVESTIGATIONS/03_NORMALIZED_BY_ID/INV-044/INV-044_RUN_STATE.json,62480,3ba2778c9a505eaa032930652c2ea22e38112348ba78bab6f9b301bbc7fcd5d4
02_MASTER_EVIDENCE_BASE/03_INVESTIGATIONS/03_NORMALIZED_BY_ID/INV-044/INV-044_SHA256.txt,905,002ac8c26cfe9a181e388d64f4dabc4e19cbfd12fc801626ccbcf635735d06ae
02_MASTER_EVIDENCE_BASE/03_INVESTIGATIONS/03_NORMALIZED_BY_ID/INV-045/INV-045.md,62938,11719a5534ab5311558ddcc7437165c91257d7f87ca76941463f4d2988565ed1
02_MASTER_EVIDENCE_BASE/03_INVESTIGATIONS/03_NORMALIZED_BY_ID/INV-045/INV-045_DELIVERY_GATE.log,589,b7b22c4a4fb103600a1ac5ef1e693b1935c2793129543c5a14e28ddc65bcb09d
02_MASTER_EVIDENCE_BASE/03_INVESTIGATIONS/03_NORMALIZED_BY_ID/INV-045/INV-045_INPUT.txt,2369,3352149804cd10c0abdbdb46dae53fdeda1e1a8fe2b9c9c892373cbf4efd092b
02_MASTER_EVIDENCE_BASE/03_INVESTIGATIONS/03_NORMALIZED_BY_ID/INV-045/INV-045_MNEMO_SNAPSHOT.json,14919,ced877c6a6126dd479737d53bb432075cd0b9fda5aa30bfde50adeffc349c858
02_MASTER_EVIDENCE_BASE/03_INVESTIGATIONS/03_NORMALIZED_BY_ID/INV-045/INV-045_NARRATIVE.tmp.md,6992,9942e8c135f1ee06a67b59bbe583e8e0a2169a073f45d8a051492592c3366deb
02_MASTER_EVIDENCE_BASE/03_INVESTIGATIONS/03_NORMALIZED_BY_ID/INV-045/INV-045_POST_RUN_REVIEW.md,3571,fee5916e8afa9077298c8bf590f56d9bfdf3d2c3508de50da18118004bd71f66
02_MASTER_EVIDENCE_BASE/03_INVESTIGATIONS/03_NORMALIZED_BY_ID/INV-045/INV-045_PRE_GATE.log,584,988672cb5e14915b243bb6cd446b96660faed67fe753cf07f043f6d22f3b4b31
02_MASTER_EVIDENCE_BASE/03_INVESTIGATIONS/03_NORMALIZED_BY_ID/INV-045/INV-045_RUN_CARD.md,2489,ab8091f1c107be8c90c46321ffd48f22b8cd0201977fe2c5b8886d38af57483e
02_MASTER_EVIDENCE_BASE/03_INVESTIGATIONS/03_NORMALIZED_BY_ID/INV-045/INV-045_RUN_HANDOFF.md,2228,dceb321e6ed9d0f0e13be5d6cd7a12cfacbdda929b2ec10c0a83eaa70088cc01
02_MASTER_EVIDENCE_BASE/03_INVESTIGATIONS/03_NORMALIZED_BY_ID/INV-045/INV-045_RUN_STATE.json,57871,9b50b47fc50c99164356f7f93027aa8b3e515bc56db3520d9d01432fe5f32927
02_MASTER_EVIDENCE_BASE/03_INVESTIGATIONS/03_NORMALIZED_BY_ID/INV-045/INV-045_SHA256.txt,989,e4370fc2610d3cfdd6baf556efb2a8953707b64c054e6335e55c1565dddddb13
02_MASTER_EVIDENCE_BASE/03_INVESTIGATIONS/03_NORMALIZED_BY_ID/INV-046/INV-046_RUN_CARD.md,2614,56a69bfd633a69d76c8e66dbdfdddf69047ce274b44d9704b5500e6215a99cdc
02_MASTER_EVIDENCE_BASE/03_INVESTIGATIONS/03_NORMALIZED_BY_ID/INV-046/INV-046_RUN_HANDOFF.md,2877,eb957002612d086217cba34030f91e3b867844744ad07a9811e06aabb9359b12
02_MASTER_EVIDENCE_BASE/03_INVESTIGATIONS/03_NORMALIZED_BY_ID/INV-047/INV-047_INVESTIGATION.md,61180,2778bb3a1ff721ca2bf823ae5464a93be8bd60dae063b329e9c727f336066051
02_MASTER_EVIDENCE_BASE/03_INVESTIGATIONS/03_NORMALIZED_BY_ID/INV-047/INV-047_RUN_HANDOFF.md,4724,117e7b67c5ad6c68fc006ca02c7991665b9b561bc5ede80f942ddb9cca492533
02_MASTER_EVIDENCE_BASE/03_INVESTIGATIONS/03_NORMALIZED_BY_ID/INV-048/INV-048_RUN_HANDOFF.md,3435,02ae047dac6d31df1353295080acb7130200919098357b5af1fbca5af5c4a3a2
02_MASTER_EVIDENCE_BASE/03_INVESTIGATIONS/03_NORMALIZED_BY_ID/INV-049/INV-049_CERTIFICATION.json,647,8f549bc737a32acf68e6adce0084ed4efa679cd108283a99d70d0f4271abbad8
02_MASTER_EVIDENCE_BASE/03_INVESTIGATIONS/03_NORMALIZED_BY_ID/INV-049/INV-049_INVESTIGATION.md,47271,f731e05757a6b8bcd0fcee1919677256790000e69f9243bb294704f4ca9d14d4
02_MASTER_EVIDENCE_BASE/03_INVESTIGATIONS/03_NORMALIZED_BY_ID/INV-049/INV-049_PILOT_REVIEW.md,2653,0aa8ddd4ada3851b66e336585e630ff4e40b795917bc909f7093e4275277fc9c
02_MASTER_EVIDENCE_BASE/03_INVESTIGATIONS/03_NORMALIZED_BY_ID/INV-049/INV-049_RENARD.md,7511,11e5413284bd3523fe78b1458eb16fe59c0980591ef66e0519f5911483ea08a6
02_MASTER_EVIDENCE_BASE/03_INVESTIGATIONS/03_NORMALIZED_BY_ID/INV-049/INV-049_RUN_HANDOFF.md,2398,53b700412f23822520263f58965856384a77fa82053df12fc2d5ea6671830bfa
02_MASTER_EVIDENCE_BASE/03_INVESTIGATIONS/03_NORMALIZED_BY_ID/INV-051/INV-051_NARRATIVE_SOURCE.md,4666,f98c1ea8d4558105bcff7d46455b8ff106d88b6acf5c56fcdde2305132af5cf1
02_MASTER_EVIDENCE_BASE/03_INVESTIGATIONS/03_NORMALIZED_BY_ID/INV-051/INV-051_RUN_CARD.md,2285,cbed4dc39f75324e1989f5ed697b58f28476161cc15b593ced5e7fda5f3b3c0f
02_MASTER_EVIDENCE_BASE/03_INVESTIGATIONS/03_NORMALIZED_BY_ID/INV-051/INV-051_RUN_HANDOFF.md,3222,b11e8dee775ff460c6e4465c9afff31892c4d1b4f2ab34e3902944f6379a10e0
02_MASTER_EVIDENCE_BASE/03_INVESTIGATIONS/03_NORMALIZED_BY_ID/INV-052/INV-052_RUN_HANDOFF.md,1787,396de9fd450e5420b55b11b646d7b0437eb77e4c9231f7d4b3f978cbe04fc24d
02_MASTER_EVIDENCE_BASE/03_INVESTIGATIONS/03_NORMALIZED_BY_ID/INV-052/INV-052_SYNTHESIS.md,4988,bb1a88870a0b2cf0455f516dfc7d2126c063987cb120a7d655842cccb82d7c4d
02_MASTER_EVIDENCE_BASE/03_INVESTIGATIONS/03_NORMALIZED_BY_ID/INV-052/INV-052_SYNTHESIS_CARD.md,2804,303603835b32f3b82e031faf752759e9f92bf9a802386574dc08892a89cfb695
02_MASTER_EVIDENCE_BASE/03_INVESTIGATIONS/03_NORMALIZED_BY_ID/INV-052/INV-052_SYNTHESIS_CERTIFICATION.json,1206,d1db940874fb2e4cc3f3e7b201b5161e015f5f561f36922afbd9e9d16ab3836d
02_MASTER_EVIDENCE_BASE/03_INVESTIGATIONS/03_NORMALIZED_BY_ID/INV-053/INV-053_APPLY.log,308,44dd527fb261a7ef88348312e6b14abe20cdfe19b0913eb123439f9971684b07
02_MASTER_EVIDENCE_BASE/03_INVESTIGATIONS/03_NORMALIZED_BY_ID/INV-053/INV-053_CENTRAL_DELTA.md,756,368dba8741ad6a52db09ec019ef1a2e60681539f8203455ce3c1111bb077061b
02_MASTER_EVIDENCE_BASE/03_INVESTIGATIONS/03_NORMALIZED_BY_ID/INV-053/INV-053_CERTIFICATION.json,587,27e9e07c3dd939a5e88f546cef94275ed61b70876d9188cae8ef001cf4e83098
02_MASTER_EVIDENCE_BASE/03_INVESTIGATIONS/03_NORMALIZED_BY_ID/INV-053/INV-053_DELIVERY_GATE.json,586,f331a9de7131bfaccc5d436ebdc5a7af8edc638983fe98bcc0cb9dc7fec179de
02_MASTER_EVIDENCE_BASE/03_INVESTIGATIONS/03_NORMALIZED_BY_ID/INV-053/INV-053_FACTS_STAGE.json,19288,6aaa5062f4a626493c4a43addd6d8c62e7eb91f98d07a6e823655ce9c8556143
02_MASTER_EVIDENCE_BASE/03_INVESTIGATIONS/03_NORMALIZED_BY_ID/INV-053/INV-053_INVESTIGATION.md,42820,354d2135419166a77df2faae2981f0641bbb25342ee1aa4fb4ea371dd47301a2
02_MASTER_EVIDENCE_BASE/03_INVESTIGATIONS/03_NORMALIZED_BY_ID/INV-053/INV-053_MNEMO_SNAPSHOT.json,7488,baaa79d4513f4db87ac7e0de60d46ad67c8663857994b85cb85f9fd45cedac06
02_MASTER_EVIDENCE_BASE/03_INVESTIGATIONS/03_NORMALIZED_BY_ID/INV-053/INV-053_NARRATIVE_SOURCE.md,5861,6f8782178beb6b9c62f2bd48296334e0da2108c9b06c08d1decf1cd421f90a11
02_MASTER_EVIDENCE_BASE/03_INVESTIGATIONS/03_NORMALIZED_BY_ID/INV-053/INV-053_PERSISTENCE_STAGE.json,2425,e501217da2fd93c1943fc7e47d1735dadd570dc2539ad29bb9455b0e2b8729ab
02_MASTER_EVIDENCE_BASE/03_INVESTIGATIONS/03_NORMALIZED_BY_ID/INV-053/INV-053_PRE_GATE.json,581,691c391f763290b6daa9bded4aad5d2edc3bf3b142e024d5d9e31a75f017a597
02_MASTER_EVIDENCE_BASE/03_INVESTIGATIONS/03_NORMALIZED_BY_ID/INV-053/INV-053_RECLASS_PLAN.json,1050,19f80c027a037e6c396aac1d030b1e237c138f1371832c9aba452f3f8ce5f3da
02_MASTER_EVIDENCE_BASE/03_INVESTIGATIONS/03_NORMALIZED_BY_ID/INV-053/INV-053_RECLASS_PLAN_REPAIRED.json,776,601acefcbcc3af0825445f7067deacccf29a6c2275f36983cc153ee53fa6d792
02_MASTER_EVIDENCE_BASE/03_INVESTIGATIONS/03_NORMALIZED_BY_ID/INV-053/INV-053_REVIEWS.json,15,764319ca5bb9360ccff180d38441165ef9b673ffcd4a10e48e537879c7ec360d
02_MASTER_EVIDENCE_BASE/03_INVESTIGATIONS/03_NORMALIZED_BY_ID/INV-053/INV-053_RUN_CARD.md,2248,0570dcf1fd973566d9711d574e8829dc408aabbba0512a6d9b34c3d646e6a50b
02_MASTER_EVIDENCE_BASE/03_INVESTIGATIONS/03_NORMALIZED_BY_ID/INV-053/INV-053_RUN_HANDOFF.md,2930,fb2e4daf5d4dc5aa473f5a661388d34c3783a82f3549b2327353d873c038f094
02_MASTER_EVIDENCE_BASE/03_INVESTIGATIONS/03_NORMALIZED_BY_ID/INV-053/INV-053_RUN_STATE.json,38153,023152dd6aac6e8d4e2d6f555370f86ea139b0d725829377279797717e2b4b42
02_MASTER_EVIDENCE_BASE/03_INVESTIGATIONS/03_NORMALIZED_BY_ID/INV-053/INV-053_TAIL_STAGE.json,21475,a65a0872dc00eef8fb5a2155b06e7ad27439539b8652e0943c13dc656f9bd95c
02_MASTER_EVIDENCE_BASE/03_INVESTIGATIONS/03_NORMALIZED_BY_ID/INV-054/INV-054_BUNDLE.zip,48908,81997b4f28a74392a642b25697e4e59c5b7b51a71ac8a297dc8d47634df759de
02_MASTER_EVIDENCE_BASE/03_INVESTIGATIONS/03_NORMALIZED_BY_ID/INV-054/INV-054_DELIVERY_GATE.log,593,858640adaca67e824e696957d53766e461a2c4d58c54f206aaa5b20565f15029
02_MASTER_EVIDENCE_BASE/03_INVESTIGATIONS/03_NORMALIZED_BY_ID/INV-054/INV-054_INVESTIGATION.md,68354,9b02a7b42d2289c9ea2e2b0d47481f091a4bccc35118d0448f9620ab8b409c03
02_MASTER_EVIDENCE_BASE/03_INVESTIGATIONS/03_NORMALIZED_BY_ID/INV-054/INV-054_MNEMO_SNAPSHOT.json,12919,f49fdbb27d474e08b5fb37b8eb38e9785bd6061b2c3c24c375b1c27b8057dec8
02_MASTER_EVIDENCE_BASE/03_INVESTIGATIONS/03_NORMALIZED_BY_ID/INV-054/INV-054_NARRATIVE.tmp.md,11360,b59909d11998c9b458cdba76d3a59607c358bb0dea4084be032e38a39012ff3b
02_MASTER_EVIDENCE_BASE/03_INVESTIGATIONS/03_NORMALIZED_BY_ID/INV-054/INV-054_POST_RUN_REVIEW.md,2324,77cb1075b7250f7196f87997c67bfe496468d1e0b488c9a3961f8af96b6e32e9
02_MASTER_EVIDENCE_BASE/03_INVESTIGATIONS/03_NORMALIZED_BY_ID/INV-054/INV-054_PRE_GATE.log,588,eba55c8484a985b121ada134b418db0cc915f9a7f7ecc5a7c90a02a4ce1eb5d7
02_MASTER_EVIDENCE_BASE/03_INVESTIGATIONS/03_NORMALIZED_BY_ID/INV-054/INV-054_RUN_CARD.md,2528,2a84951fb76acfe49c5a8202261a275b1927f327aece61a05a97a13c2dd66ec7
02_MASTER_EVIDENCE_BASE/03_INVESTIGATIONS/03_NORMALIZED_BY_ID/INV-054/INV-054_RUN_HANDOFF.md,2661,64c37752d4c1dd713f6143766d652b8c6fe39981e603fcc2854d9cb71d574c1a
02_MASTER_EVIDENCE_BASE/03_INVESTIGATIONS/03_NORMALIZED_BY_ID/INV-054/INV-054_RUN_STATE.json,57714,6d95ed621bc4e8fb48e80a7957e621957ed181ec0eab796963ecd16112efd7e5
02_MASTER_EVIDENCE_BASE/03_INVESTIGATIONS/03_NORMALIZED_BY_ID/INV-054/INV-054_SHA256.txt,989,bafcc8fa5b9fd5b0d7e3e8638d3971a05a61be4cdbbfcf43bf7dad8e19b1cb7a
02_MASTER_EVIDENCE_BASE/03_INVESTIGATIONS/03_NORMALIZED_BY_ID/INV-056/2026-09-08_12-29_astroturfing-front-groups_CERTIFICATION.json,595,256aa5d2fd96a2e7f3fed4315051994e3c0783913c57807257795f722aaa0834
02_MASTER_EVIDENCE_BASE/03_INVESTIGATIONS/03_NORMALIZED_BY_ID/INV-056/2026-09-08_12-29_astroturfing-front-groups_INPUT.md,2820,6694f6b5b99fd0f06e0f003a2f706b59279bb8d902afd9b713b2698b02c130f7
02_MASTER_EVIDENCE_BASE/03_INVESTIGATIONS/03_NORMALIZED_BY_ID/INV-056/2026-09-08_12-29_astroturfing-front-groups_MNEMO_SNAPSHOT.json,21644,e7b82b68e1d7caea680d5e944eeaed4e5b8744fe4f5f8cb6195cb1734c87cd5f
02_MASTER_EVIDENCE_BASE/03_INVESTIGATIONS/03_NORMALIZED_BY_ID/INV-056/2026-09-08_12-29_astroturfing-front-groups_NARRATIVE.tmp.md,10473,21c58d7df692221b54cc8cc01a68280023c6f0b50f622ca8f0b467269ef30fcd
02_MASTER_EVIDENCE_BASE/03_INVESTIGATIONS/03_NORMALIZED_BY_ID/INV-056/2026-09-08_12-29_astroturfing-front-groups_RUN_STATE.json,72284,40e5985e374bf9570d1a0c00a194b354cc7293c91d8eb318b130c9e43caddf16
02_MASTER_EVIDENCE_BASE/03_INVESTIGATIONS/03_NORMALIZED_BY_ID/INV-056/INV-056.md,79535,4fbd7a982c108b2e4ff0fc88cbf81aa2f0b7c0078a1a7acf9e6c209579a1ea15
02_MASTER_EVIDENCE_BASE/03_INVESTIGATIONS/03_NORMALIZED_BY_ID/INV-056/INV-056_RUN_HANDOFF.md,1723,58fed8118644f023e532a2b8caaa5171f5d2de322678aa15dcbced8dfa095f1b
02_MASTER_EVIDENCE_BASE/03_INVESTIGATIONS/03_NORMALIZED_BY_ID/INV-057/INV-057_RUN_HANDOFF.md,3576,ccf6fb7ae7f4d3ccd80bf3c17c22c24197d77ae991ac294a723289d9f0447136
02_MASTER_EVIDENCE_BASE/03_INVESTIGATIONS/03_NORMALIZED_BY_ID/INV-059/INV-059.md,65915,5d8cbb0a182d6f1e58180171b923fa22bec950e6e8ef0349d44b2fd28c4d55bd
02_MASTER_EVIDENCE_BASE/03_INVESTIGATIONS/03_NORMALIZED_BY_ID/INV-059/INV-059_RUN_HANDOFF.md,1816,845d2d2e14d0113d4fea5dc6a9b3d7cf601684ba7e19e8e6ecf9d54f2a4058c7
02_MASTER_EVIDENCE_BASE/03_INVESTIGATIONS/03_NORMALIZED_BY_ID/INV-061/INV-061_RUN_HANDOFF.md,3369,813cd846510520e203eb8d8d7b6c11bc3038b2387dfaea7d6490839926cf26c0
02_MASTER_EVIDENCE_BASE/03_INVESTIGATIONS/03_NORMALIZED_BY_ID/INV-062/INV-062_INVESTIGATION.md,65570,8c58fa3eeb46abff302beb87005aee0af48bb29ec88644b83a8707b4cae2f17b
02_MASTER_EVIDENCE_BASE/03_INVESTIGATIONS/03_NORMALIZED_BY_ID/INV-062/INV-062_RUN_HANDOFF.md,3773,ff8c52095e6353afcab4db2c226362d72014307be52f53f4ca833117de358560
02_MASTER_EVIDENCE_BASE/03_INVESTIGATIONS/03_NORMALIZED_BY_ID/INV-063/INV-063_RUN_HANDOFF.md,3905,e4aa5123897bac2249ef2ff417b37f82f850e7eaf55078057532aa4989007335
02_MASTER_EVIDENCE_BASE/03_INVESTIGATIONS/03_NORMALIZED_BY_ID/INV-064/INV-064_RUN_HANDOFF.md,3758,b640f9d3db3bbbffc11ce25c641337a78cb86eb2990b564f19db6086edccf5af
02_MASTER_EVIDENCE_BASE/03_INVESTIGATIONS/03_NORMALIZED_BY_ID/INV-065/INV-065_RUN_HANDOFF.md,3647,77e5c74246009f39c29e69e5e8fa89af9190431a8674708d6bf2d46ae6e510eb
02_MASTER_EVIDENCE_BASE/03_INVESTIGATIONS/03_NORMALIZED_BY_ID/INV-066/INV-066_INVESTIGATION.md,66525,cc621f6ff8b6bb97895c632fb6228b27b4fa09dbf62c67979cebc6bc7f7fb8ad
02_MASTER_EVIDENCE_BASE/03_INVESTIGATIONS/03_NORMALIZED_BY_ID/INV-066/INV-066_RUN_HANDOFF.md,3829,cb886e3c3e41a2ab8cd0190f47a6f2fecbeb47ddd9240fce20540447bc142d8f
02_MASTER_EVIDENCE_BASE/03_INVESTIGATIONS/03_NORMALIZED_BY_ID/INV-067/INV-067_RUN_HANDOFF.md,3421,491e2462883df117ac08e8d27eba9f6b9c5315d51f37cf60bc711630da7af532
02_MASTER_EVIDENCE_BASE/03_INVESTIGATIONS/03_NORMALIZED_BY_ID/INV-068/INV-068_RUN_HANDOFF.md,1856,b821cead980f92bb7af97e684e5a334db42fec6b51c3e80fc7b86db7645396ac
02_MASTER_EVIDENCE_BASE/03_INVESTIGATIONS/03_NORMALIZED_BY_ID/INV-068/INV-068_SYNTHESIS.md,5422,94f8cb692c0bcd707cdb7a1569dbbae1038bdc3b62636507b57b1894374255f2
02_MASTER_EVIDENCE_BASE/03_INVESTIGATIONS/03_NORMALIZED_BY_ID/INV-068/INV-068_SYNTHESIS_CARD.md,3250,924c0d23f92a939631e0f13f414707a089439288f1446059f5158c07b34ff47a
02_MASTER_EVIDENCE_BASE/03_INVESTIGATIONS/03_NORMALIZED_BY_ID/INV-068/INV-068_SYNTHESIS_CERTIFICATION.json,1676,fc863550da6143b24d426501727a60a021f43585783695e1fe3c6dc5d270c3a9
02_MASTER_EVIDENCE_BASE/03_INVESTIGATIONS/03_NORMALIZED_BY_ID/INV-069/INV-069.md,68905,47c169f73ec4217992935b26ba3066ec172254e2b058db32073dd0eeda73c681
02_MASTER_EVIDENCE_BASE/03_INVESTIGATIONS/03_NORMALIZED_BY_ID/INV-069/INV-069_RUN_HANDOFF.md,1758,1d92538236ec5013049116c6e3a3f2b3b561977decff76cba35af3850eb36ff8
02_MASTER_EVIDENCE_BASE/03_INVESTIGATIONS/03_NORMALIZED_BY_ID/INV-070/INV-070_INVESTIGATION.md,61618,a4ed56cc3aa7a7428e51172fd2ab1c51b223186a5ea33461bffe4a6b290385c3
02_MASTER_EVIDENCE_BASE/03_INVESTIGATIONS/03_NORMALIZED_BY_ID/INV-070/INV-070_RUN_HANDOFF.md,3110,cdb0b841de1ae2450eb3c71699a8f18e5fdd15377ccbc1ca9cac39fe6577d837
02_MASTER_EVIDENCE_BASE/03_INVESTIGATIONS/03_NORMALIZED_BY_ID/INV-071/INV-071_CERTIFICATION.json,625,fbe1ad101bb2dd2b1b0b5776a2809d62946267501a0f7efd4bedc66b7a4265bb
02_MASTER_EVIDENCE_BASE/03_INVESTIGATIONS/03_NORMALIZED_BY_ID/INV-071/INV-071_INVESTIGATION.md,50434,cc0063eb57f6b95f1589cb9d50f81a603bec0415b5069109c4855bdb76f5e810
02_MASTER_EVIDENCE_BASE/03_INVESTIGATIONS/03_NORMALIZED_BY_ID/INV-071/INV-071_PILOT_REVIEW.md,3352,5f5118e52d72133c7015432fe2d306068103c5884d9ec6d7ec7b5617eda3a50a
02_MASTER_EVIDENCE_BASE/03_INVESTIGATIONS/03_NORMALIZED_BY_ID/INV-071/INV-071_RUN_HANDOFF.md,3228,40a5c487ae9f5367cd68895cc24b8d18fd90bf66e4f4d960e9164c2585309879
02_MASTER_EVIDENCE_BASE/03_INVESTIGATIONS/03_NORMALIZED_BY_ID/INV-072/INV-072_RUN_HANDOFF.md,4260,84bd7a9bb42b360015dce03253894b321aec0414c007b14947ac660091fa2db4
02_MASTER_EVIDENCE_BASE/03_INVESTIGATIONS/03_NORMALIZED_BY_ID/INV-073/INV-073.md,58662,1373979b14a25ffd55a4aac6371d77a1671baed9e8b71d19a03ea541b990332a
02_MASTER_EVIDENCE_BASE/03_INVESTIGATIONS/03_NORMALIZED_BY_ID/INV-073/INV-073_RUN_HANDOFF.md,1740,c6dd70c432227a9848af85f33b2945ffab61c89f5243fa628653d8da39664572
02_MASTER_EVIDENCE_BASE/03_INVESTIGATIONS/03_NORMALIZED_BY_ID/INV-074/INV-074_INVESTIGATION.md,63521,492876e943a1a7bc2839d5b46a8ce869dd65c3733fdb01170e9b3f4fa0de4b79
02_MASTER_EVIDENCE_BASE/03_INVESTIGATIONS/03_NORMALIZED_BY_ID/INV-074/INV-074_RUN_HANDOFF.md,3803,0dd8408e1a3def70e7b1d68fa17cc12c37625221a9b5b07a4bbf3499268a9bbb
02_MASTER_EVIDENCE_BASE/03_INVESTIGATIONS/03_NORMALIZED_BY_ID/INV-075/INV-075_NARRATIVE_SOURCE.md,6340,70378e7ee09078c4635484f4f64f2cf21cbe463fac3b60fa094c6b32b823d8d1
02_MASTER_EVIDENCE_BASE/03_INVESTIGATIONS/03_NORMALIZED_BY_ID/INV-075/INV-075_RUN_CARD.md,2326,ca92ec0f59033b4dc9eb259869e3f90323085ea86656133e9d6fb9b139665087
02_MASTER_EVIDENCE_BASE/03_INVESTIGATIONS/03_NORMALIZED_BY_ID/INV-075/INV-075_RUN_HANDOFF.md,3132,064fd35d2b7328ed7c8e590decfaf7b095d40487c6f64dbc29525cf6906d0db6
02_MASTER_EVIDENCE_BASE/03_INVESTIGATIONS/03_NORMALIZED_BY_ID/INV-076/INV-076_INVESTIGATION.md,60879,9c1ca6b8a99d451745edd6fdd39163862c2129504413f9289f0da0d0c7a99a07
02_MASTER_EVIDENCE_BASE/03_INVESTIGATIONS/03_NORMALIZED_BY_ID/INV-076/INV-076_RUN_HANDOFF.md,3531,771b4fcd632f121e1cdccc30a9303123bfd585d7955d40068b49f57e23673111
02_MASTER_EVIDENCE_BASE/03_INVESTIGATIONS/03_NORMALIZED_BY_ID/INV-077/INV-077_RUN_HANDOFF.md,3279,ef05173c09f583d7fc118bf7f727fc719f09851b0708df6e3b095c3de178cf49
02_MASTER_EVIDENCE_BASE/03_INVESTIGATIONS/03_NORMALIZED_BY_ID/INV-078/2026-09-08_07-00_fonds-marianne_CERTIFICATION.json,573,5822125a30ab2e96a264972b0a376da4edb87068f4788b9ab09f7944f11a3846
02_MASTER_EVIDENCE_BASE/03_INVESTIGATIONS/03_NORMALIZED_BY_ID/INV-078/2026-09-08_07-00_fonds-marianne_INPUT.md,2333,75b9badcc0213b8e5a03de12764cfe3d4cd253b79dcca8320ac5050444ee0a56
02_MASTER_EVIDENCE_BASE/03_INVESTIGATIONS/03_NORMALIZED_BY_ID/INV-078/2026-09-08_07-00_fonds-marianne_MNEMO_SNAPSHOT.json,18156,16525e65f5fe89a94831220efe754c40ee3cb513e8e3d2a6e6fe13bf5c866761
02_MASTER_EVIDENCE_BASE/03_INVESTIGATIONS/03_NORMALIZED_BY_ID/INV-078/2026-09-08_07-00_fonds-marianne_NARRATIVE.tmp.md,8735,34043353863c976a1e87f2b24ff86b30735d7499f4bba7c3254cd082c4c277e3
02_MASTER_EVIDENCE_BASE/03_INVESTIGATIONS/03_NORMALIZED_BY_ID/INV-078/2026-09-08_07-00_fonds-marianne_RUN_STATE.json,65252,25c26e7166002f4907dff6cd802036965a28104dcde170d7f89856c6d24ea9d8
02_MASTER_EVIDENCE_BASE/03_INVESTIGATIONS/03_NORMALIZED_BY_ID/INV-078/INV-078.md,71513,1e703106ee58db200596d10a8d55b9f0c9ed2c72e586d3313a6fe1680c4874ab
02_MASTER_EVIDENCE_BASE/03_INVESTIGATIONS/03_NORMALIZED_BY_ID/INV-078/INV-078_RUN_HANDOFF.md,2188,820b5052c0c05b1e60f1cb07524d0f9674e0b0a41f1175a398e183bc01ecd115
02_MASTER_EVIDENCE_BASE/03_INVESTIGATIONS/03_NORMALIZED_BY_ID/INV-079/INV-079.md,73943,b90328704e2b7534bef5581a5eb46718489cf29521cc17ee4a118d75cd2c4a3f
02_MASTER_EVIDENCE_BASE/03_INVESTIGATIONS/03_NORMALIZED_BY_ID/INV-079/INV-079_DELIVERY_GATE.log,589,5aca4f302677e19f7526d3bf6bdfdaa233ef9da429d996b482eae69d66a86320
02_MASTER_EVIDENCE_BASE/03_INVESTIGATIONS/03_NORMALIZED_BY_ID/INV-079/INV-079_MNEMO_SNAPSHOT.json,15491,4bd568e55934d3df92368494a6f28ba5f3831716e0b3fbeb0c08e13ace1ac256
02_MASTER_EVIDENCE_BASE/03_INVESTIGATIONS/03_NORMALIZED_BY_ID/INV-079/INV-079_NARRATIVE.tmp.md,11283,5dfecd62e1019b4ddbdfb1f3174ed11c7fec8e880f41514cd3cd9ee5aa305dce
02_MASTER_EVIDENCE_BASE/03_INVESTIGATIONS/03_NORMALIZED_BY_ID/INV-079/INV-079_POST_RUN_REVIEW.md,3911,3535ed3d7e43cd434b28bc9eb6ea4d4938e9e60d55e3dc6ae19034dd236820b7
02_MASTER_EVIDENCE_BASE/03_INVESTIGATIONS/03_NORMALIZED_BY_ID/INV-079/INV-079_PRE_GATE.log,584,1520784957cc870ee02033cc2cdc82394cdd601e79fdbb76235bd22b6cf62506
02_MASTER_EVIDENCE_BASE/03_INVESTIGATIONS/03_NORMALIZED_BY_ID/INV-079/INV-079_RUN_CARD.md,2692,b5f6ad29fc1b5c9ce708f74915f40e558dd3abc474fb51d7b4849353a02d3db1
02_MASTER_EVIDENCE_BASE/03_INVESTIGATIONS/03_NORMALIZED_BY_ID/INV-079/INV-079_RUN_HANDOFF.md,2133,347ac9fc7596619782f4070151be540e793026e2bdc45325ce901139304a87d6
02_MASTER_EVIDENCE_BASE/03_INVESTIGATIONS/03_NORMALIZED_BY_ID/INV-079/INV-079_RUN_STATE.json,64268,3aa71b46193a067502c2c456d85f70408d9fb92157c3a1dc5708e0e8e657a327
02_MASTER_EVIDENCE_BASE/03_INVESTIGATIONS/03_NORMALIZED_BY_ID/INV-079/INV-079_SHA256.txt,989,0fb22b397c04c2acd2824dc7cf43eb5e8e570e732d2e49a5882a63471ee40cad
02_MASTER_EVIDENCE_BASE/03_INVESTIGATIONS/03_NORMALIZED_BY_ID/INV-080/INV-080.md,62398,87bf847d71fc42c2097ebaaf7ad911d3b060008b8f21c688983c7c9b79f59c22
02_MASTER_EVIDENCE_BASE/03_INVESTIGATIONS/03_NORMALIZED_BY_ID/INV-080/INV-080_CERTIFICATION.json,595,1256fdf06f97a4ea778aa2135c2161b09905547ebca2cdaebc8558b8b95c1097
02_MASTER_EVIDENCE_BASE/03_INVESTIGATIONS/03_NORMALIZED_BY_ID/INV-080/INV-080_INPUT.txt,2475,7ccd71bcdf45263c7885989fcddf53e4a42dd205d30e473b74ee60fdc701fe36
02_MASTER_EVIDENCE_BASE/03_INVESTIGATIONS/03_NORMALIZED_BY_ID/INV-080/INV-080_MNEMO_SNAPSHOT.json,14706,0a4b003f184e29a6c64b90ef046623cbc9bc44e1807cebabd439f08a4faf77fe
02_MASTER_EVIDENCE_BASE/03_INVESTIGATIONS/03_NORMALIZED_BY_ID/INV-080/INV-080_NARRATIVE.tmp.md,5225,447c897808778a9e8c069fa974e4f63b55f7d8e2950d27c978585bc2db197d4d
02_MASTER_EVIDENCE_BASE/03_INVESTIGATIONS/03_NORMALIZED_BY_ID/INV-080/INV-080_POST_RUN_REVIEW.md,2773,26d8a67e8e0a731d6d7b7d70e687206ade876e61149583080a8b4159129aeb7e
02_MASTER_EVIDENCE_BASE/03_INVESTIGATIONS/03_NORMALIZED_BY_ID/INV-080/INV-080_PRE_GATE.log,590,a1d879b8f34b3626f219e6aeed2b67d0ab7c2a7a2d972dd094cf8de0d583fd95
02_MASTER_EVIDENCE_BASE/03_INVESTIGATIONS/03_NORMALIZED_BY_ID/INV-080/INV-080_RUN_HANDOFF.md,1784,fdcb8afe0233186f15b7fbb8a1c3e157a3cb255078cc5423eed8c477f989a355
02_MASTER_EVIDENCE_BASE/03_INVESTIGATIONS/03_NORMALIZED_BY_ID/INV-080/INV-080_RUN_STATE.json,58809,d16418e9938e30ac6ba15c4da9603cc5141a538b218a58b5d0c61d39aea8e039
02_MASTER_EVIDENCE_BASE/03_INVESTIGATIONS/03_NORMALIZED_BY_ID/INV-080/INV-080_SHA256.txt,989,053290c39a8af615d202f44294a7a73b15e6de6bce251668229594ef257b3e13
02_MASTER_EVIDENCE_BASE/03_INVESTIGATIONS/03_NORMALIZED_BY_ID/INV-081/2026-09-06_15-55_propriete-medias-francais_CERTIFICATION.json,595,3b65bae77bd054903eb8a99028c49ba156c424dd3b12d799088c50ef2ff5621f
02_MASTER_EVIDENCE_BASE/03_INVESTIGATIONS/03_NORMALIZED_BY_ID/INV-081/2026-09-06_15-55_propriete-medias-francais_INVESTIGATION.md,55747,0fc4ee6583cdc16a5f02801795f0248c30baa437239d48871390f527f478238c
02_MASTER_EVIDENCE_BASE/03_INVESTIGATIONS/03_NORMALIZED_BY_ID/INV-081/2026-09-06_15-55_propriete-medias-francais_MNEMO_SNAPSHOT.json,9231,3ebbf70afaf4cca3fc05e181d920d6247514681a486d3231b3870b8a2809b07a
02_MASTER_EVIDENCE_BASE/03_INVESTIGATIONS/03_NORMALIZED_BY_ID/INV-081/2026-09-06_15-55_propriete-medias-francais_NARRATIVE.tmp.md,5265,4a4de2d18f04b2856161a7ce36d9f375da9a63ec81c3b23f9db57453eb8cb2aa
02_MASTER_EVIDENCE_BASE/03_INVESTIGATIONS/03_NORMALIZED_BY_ID/INV-081/2026-09-06_15-55_propriete-medias-francais_RUN_STATE.json,51511,138563ff7c58a71171d84ae00d3c30b604d3b07fae9491dd3f2593194ce72116
02_MASTER_EVIDENCE_BASE/03_INVESTIGATIONS/03_NORMALIZED_BY_ID/INV-081/INV-081_BUNDLE.zip,43276,628e49e92fc4f93dc38ddce8e673c89010178a1222fe852fcf81993b3a8412d4
02_MASTER_EVIDENCE_BASE/03_INVESTIGATIONS/03_NORMALIZED_BY_ID/INV-081/INV-081_POST_RUN_REVIEW.md,3324,1adc6243d2ab1c07a7e3f6456d36dd4a27409b57171b3255744eeb38729dec5f
02_MASTER_EVIDENCE_BASE/03_INVESTIGATIONS/03_NORMALIZED_BY_ID/INV-081/INV-081_RUN_CARD.md,2521,aaf5026a47bda414d9f93edb98215c361a5c329671c7c543a26227f317ab7dbe
02_MASTER_EVIDENCE_BASE/03_INVESTIGATIONS/03_NORMALIZED_BY_ID/INV-081/INV-081_RUN_HANDOFF.md,3953,7ac635ec0f5e0726c2cd08bbf7c8d26dcc93daf688c6214ce4080a38bdb11a5f
02_MASTER_EVIDENCE_BASE/03_INVESTIGATIONS/03_NORMALIZED_BY_ID/INV-082/INV-082.md,9534,c9b3824143ca02980d5798b273f3c329bf12beccb492fdb56ea6fa1ef06a0dcd
02_MASTER_EVIDENCE_BASE/03_INVESTIGATIONS/03_NORMALIZED_BY_ID/INV-082/INV-082_CERTIFICATION.json,769,9da1cb211570bfd4c03f69c01557cff998aeea60614fe7d89a166ac5ee8a597e
02_MASTER_EVIDENCE_BASE/03_INVESTIGATIONS/03_NORMALIZED_BY_ID/INV-082/INV-082_CONTRACT_REPAIR.md,2147,19aa0e9e1873f62c2ac7e0383a29a288fd03b27fd2aaed13d135e10ace78b44b
02_MASTER_EVIDENCE_BASE/03_INVESTIGATIONS/03_NORMALIZED_BY_ID/INV-082/INV-082_POST_RUN_REVIEW.md,2386,6265469d7939a161d7703a15f6dd182fa4981c7dbc6338e055ab2e4bcd65ed4a
02_MASTER_EVIDENCE_BASE/03_INVESTIGATIONS/03_NORMALIZED_BY_ID/INV-082/INV-082_RUN_HANDOFF.md,2523,7aed8e1661ed1ab92911f9efdbdb881c2925551d92f1e3282bd39cbd7fcf10ee
02_MASTER_EVIDENCE_BASE/03_INVESTIGATIONS/03_NORMALIZED_BY_ID/INV-082/INV-082_SHA256.txt,645,eb5ca3a61d9839ff7125f55060c7307305ba5c3574c08f579e8d90acbb08f9ce
02_MASTER_EVIDENCE_BASE/03_INVESTIGATIONS/03_NORMALIZED_BY_ID/INV-082/INV-082_SYNTHESIS_CARD.md,2798,19e08677aa3b54f187e98a00dc86222a1ed354148b4f8933362d9158cf371fa3
02_MASTER_EVIDENCE_BASE/03_INVESTIGATIONS/03_NORMALIZED_BY_ID/INV-082/INV-082_SYNTHESIS_INPUT_GATE.md,1391,f508a80a389d659e8acdc51e0e15ed91ce209ef3938d3bb617e2be745938b023
02_MASTER_EVIDENCE_BASE/03_INVESTIGATIONS/03_NORMALIZED_BY_ID/INV-084/INV-084_INVESTIGATION.md,55759,93f63eb197e2e68f23227606f6d9c9183f1e79d4d006ecd3ed3c1d7b995a7137
02_MASTER_EVIDENCE_BASE/03_INVESTIGATIONS/03_NORMALIZED_BY_ID/INV-084/INV-084_RUN_HANDOFF.md,3259,e91978859578c16f797f7d21c77e44a3b600265928900ccdf1cd2355af6e7974
02_MASTER_EVIDENCE_BASE/03_INVESTIGATIONS/03_NORMALIZED_BY_ID/INV-085/2026-09-08_01-02_editorial-selection_CERTIFICATION.json,583,4a91ec830b5e071a33f3dbd5fd91d3468b6d2f68716a298b4c1d64b2949b584a
02_MASTER_EVIDENCE_BASE/03_INVESTIGATIONS/03_NORMALIZED_BY_ID/INV-085/2026-09-08_01-02_editorial-selection_INPUT.md,2643,fe0b4e05962548b95a9eb19ffdcb4434ea37626fdfe74ab05e01bfb29e900d4b
02_MASTER_EVIDENCE_BASE/03_INVESTIGATIONS/03_NORMALIZED_BY_ID/INV-085/2026-09-08_01-02_editorial-selection_MNEMO_SNAPSHOT.json,13904,79d111731e5252eb6b5f62f32751fa029b97a9dde93aaa4ed4227f8cbbeadbb6
02_MASTER_EVIDENCE_BASE/03_INVESTIGATIONS/03_NORMALIZED_BY_ID/INV-085/2026-09-08_01-02_editorial-selection_NARRATIVE.tmp.md,7620,d6b35c428cd1f1af15ee8160868213e3b07e0876017493a6ff36c11c00f1c64b
02_MASTER_EVIDENCE_BASE/03_INVESTIGATIONS/03_NORMALIZED_BY_ID/INV-085/2026-09-08_01-02_editorial-selection_RUN_STATE.json,52139,bb32dfab853ab0bfed79e9a373cebb826c8bc70e2f4431f21f9f7ea9a120149e
02_MASTER_EVIDENCE_BASE/03_INVESTIGATIONS/03_NORMALIZED_BY_ID/INV-085/INV-085.md,58329,890ac7ef2a9412345910d8a638843189979c788f1754f80cff14b2c4c2b1629f
02_MASTER_EVIDENCE_BASE/03_INVESTIGATIONS/03_NORMALIZED_BY_ID/INV-085/INV-085_RUN_HANDOFF.md,2420,907c1e8bee0a4a740bdea31ea0e0fc9ec135297ea1547dc812d52fc1aed49273
02_MASTER_EVIDENCE_BASE/03_INVESTIGATIONS/03_NORMALIZED_BY_ID/INV-087/INV-087_RUN_HANDOFF.md,1347,9568fc6349237c10b61372e53cc9073324aa9dbeaf328f0c4eb0d60a6165d591
02_MASTER_EVIDENCE_BASE/03_INVESTIGATIONS/03_NORMALIZED_BY_ID/INV-088/INV-088_RUN_HANDOFF.md,2243,f7454458d2c9bf3f26032fecec240cb499af0203dd1c73c67061175c2a51d344
02_MASTER_EVIDENCE_BASE/03_INVESTIGATIONS/03_NORMALIZED_BY_ID/INV-088/INV-088_SYNTHESIS.md,5919,222bdeced218b48817447b96f6a3f2b2a8ae92b446d9f7a704d2c747ca3ad430
02_MASTER_EVIDENCE_BASE/03_INVESTIGATIONS/03_NORMALIZED_BY_ID/INV-089/INV-089.md,72646,15a64822a17470147d6a3a33e7f2b1e3b76a89c5a9348561c5d36fcf81ddf75c
02_MASTER_EVIDENCE_BASE/03_INVESTIGATIONS/03_NORMALIZED_BY_ID/INV-089/INV-089_RUN_HANDOFF.md,1681,f55f6adbd79e856d180ecefcbec827830f60d2edf4fd987e04ead6253d93325d
02_MASTER_EVIDENCE_BASE/03_INVESTIGATIONS/03_NORMALIZED_BY_ID/INV-090/2026-09-08_09-42_platform-visibility-friction_CERTIFICATION.json,601,3f1d3eaab0618b58609c92d9717a9c39e3b92b7f4ddcb95c22834bab01017895
02_MASTER_EVIDENCE_BASE/03_INVESTIGATIONS/03_NORMALIZED_BY_ID/INV-090/2026-09-08_09-42_platform-visibility-friction_INPUT.md,2828,9ea6b962289e773301daa757d0abc35462c9e5c816fb00d045afd2f93267ded1
02_MASTER_EVIDENCE_BASE/03_INVESTIGATIONS/03_NORMALIZED_BY_ID/INV-090/2026-09-08_09-42_platform-visibility-friction_MNEMO_SNAPSHOT.json,20954,a087511b6a55b8477f563eaecae9d1575c82d49d1617bf09e72c16e82dd64572
02_MASTER_EVIDENCE_BASE/03_INVESTIGATIONS/03_NORMALIZED_BY_ID/INV-090/2026-09-08_09-42_platform-visibility-friction_NARRATIVE.tmp.md,7739,3fe4496635c92ba939f068f2f59bfce403f0413b4dda22167ca6747200eb6c5d
02_MASTER_EVIDENCE_BASE/03_INVESTIGATIONS/03_NORMALIZED_BY_ID/INV-090/2026-09-08_09-42_platform-visibility-friction_RUN_STATE.json,70223,4faf0bdad01e2e8669e1a67a8013c4e9edcf2933355b35e355124ef42c2c1c1c
02_MASTER_EVIDENCE_BASE/03_INVESTIGATIONS/03_NORMALIZED_BY_ID/INV-090/INV-090.md,75193,aea48fd87b58f1e731c8a22934b641e43ac7d82ac257b808490e4abf03e8e48b
02_MASTER_EVIDENCE_BASE/03_INVESTIGATIONS/03_NORMALIZED_BY_ID/INV-090/INV-090_RUN_HANDOFF.md,1882,aafa90efe1ca71f242054b2dec739cf474280f501e117c3fe4d6d657e4321d08
02_MASTER_EVIDENCE_BASE/03_INVESTIGATIONS/03_NORMALIZED_BY_ID/INV-091/INV-091_RUN_HANDOFF.md,1860,b722a7d3838c47ef0be6cb13bf8ca1b063eb84886492539332e8ada6806c6e19
02_MASTER_EVIDENCE_BASE/03_INVESTIGATIONS/03_NORMALIZED_BY_ID/INV-092/INV-092_INVESTIGATION.md,64326,34b10ad348129aebddda129fe9698dc5bfc7cc9afe532152ad084acb62c04d95
02_MASTER_EVIDENCE_BASE/03_INVESTIGATIONS/03_NORMALIZED_BY_ID/INV-092/INV-092_RUN_HANDOFF.md,3937,cc70c2ee7a0098512ad81091483838a874a9427768bc957be1d0f9c86b1152e0
02_MASTER_EVIDENCE_BASE/03_INVESTIGATIONS/03_NORMALIZED_BY_ID/INV-093/INV-093_BUNDLE.zip,53421,56e97e4402978eecb20588b50fd0f6bbc082ea47c60afd3816a16ade6b22ab60
02_MASTER_EVIDENCE_BASE/03_INVESTIGATIONS/03_NORMALIZED_BY_ID/INV-093/INV-093_DELIVERY_GATE.log,595,6eec8b50603aa6412e3061ca093d6a5802c89d4354caa9f175b7eb7b6ea410bc
02_MASTER_EVIDENCE_BASE/03_INVESTIGATIONS/03_NORMALIZED_BY_ID/INV-093/INV-093_INPUT.txt,2547,1024cec0816e579bf11b7c97fb511042c3dff509de0a1118bfb765938a48563e
02_MASTER_EVIDENCE_BASE/03_INVESTIGATIONS/03_NORMALIZED_BY_ID/INV-093/INV-093_INVESTIGATION.md,73465,550bb01304486c054564e48da1a4482ac937e1e00f2865a2acec21a5f167d393
02_MASTER_EVIDENCE_BASE/03_INVESTIGATIONS/03_NORMALIZED_BY_ID/INV-093/INV-093_MNEMO_SNAPSHOT.json,14807,28c3d83676e4525d372d967b1da87adf23e70b416d5c0c89541cb3242e93bbad
02_MASTER_EVIDENCE_BASE/03_INVESTIGATIONS/03_NORMALIZED_BY_ID/INV-093/INV-093_NARRATIVE.tmp.md,12575,5f1ffe830d7cec97e1f7c0bcf8ed98210bbae07925a49781184a9aed4a3f0272
02_MASTER_EVIDENCE_BASE/03_INVESTIGATIONS/03_NORMALIZED_BY_ID/INV-093/INV-093_POST_RUN_REVIEW.md,2620,876a0994c8a2c74847f6f977f44d8ac933f7319f099a45f2bd1a63291d4f62fe
02_MASTER_EVIDENCE_BASE/03_INVESTIGATIONS/03_NORMALIZED_BY_ID/INV-093/INV-093_PRE_GATE.log,590,b233dacaaf8e5fa54b1dc3b519b7cd525652115f8137c4748d4db6d22db2d3b6
02_MASTER_EVIDENCE_BASE/03_INVESTIGATIONS/03_NORMALIZED_BY_ID/INV-093/INV-093_RUN_HANDOFF.md,2602,0b0feab1eab4df6e1799ac2bb16b7ad0d89bbfd9130fa886690c1e4c19c1b3d5
02_MASTER_EVIDENCE_BASE/03_INVESTIGATIONS/03_NORMALIZED_BY_ID/INV-093/INV-093_RUN_STATE.json,61622,7f507d93ddeddbcf0c7825f19dd1b7b089126219906894efa2533cd635c13fb8
02_MASTER_EVIDENCE_BASE/03_INVESTIGATIONS/03_NORMALIZED_BY_ID/INV-093/INV-093_SHA256.txt,1239,10703300fc1aac0fa5597dd74df99fa43f9b2e601e8aeb07acc4173265d7dd94
02_MASTER_EVIDENCE_BASE/03_INVESTIGATIONS/03_NORMALIZED_BY_ID/INV-094/DASHBOARD_POST_INV094.md,2749,e02ed6cd00a3fcc46aff99cddfb1d0c3779f20fe385495eac9ebd22a02cef828
02_MASTER_EVIDENCE_BASE/03_INVESTIGATIONS/03_NORMALIZED_BY_ID/INV-094/INV-094.md,75365,49d270eac580a90e2bda6dd41a34def54b51a9ac5ef02ac454f13f44c600000d
02_MASTER_EVIDENCE_BASE/03_INVESTIGATIONS/03_NORMALIZED_BY_ID/INV-094/INV-094_CERTIFICATION.json,605,dc74846bbc3a3de798de5f54f21404e3c28997d31ea0ae9a441de6e0aa7c6bf4
02_MASTER_EVIDENCE_BASE/03_INVESTIGATIONS/03_NORMALIZED_BY_ID/INV-094/INV-094_MNEMO_SNAPSHOT.json,15707,eae41346f106adc70c95c09dcc79c2ae136904abaa1b5c9fc013a1827a2fa3d2
02_MASTER_EVIDENCE_BASE/03_INVESTIGATIONS/03_NORMALIZED_BY_ID/INV-094/INV-094_NARRATIVE.tmp.md,13308,e7eeeb21466aac2878f9c6b26bdce5fa21e89542d4cb5ff7b6a25a25751445b4
02_MASTER_EVIDENCE_BASE/03_INVESTIGATIONS/03_NORMALIZED_BY_ID/INV-094/INV-094_POST_RUN_REVIEW.md,2779,af72fd3efd0411512652ef8b5883260b67c2de2fca5593ccb2b31b8e3ecf238e
02_MASTER_EVIDENCE_BASE/03_INVESTIGATIONS/03_NORMALIZED_BY_ID/INV-094/INV-094_PRE_GATE.log,600,0ff6fb4f51652952cc33ab44347b1b3b178666935a9669001a77b83eb86ca3c0
02_MASTER_EVIDENCE_BASE/03_INVESTIGATIONS/03_NORMALIZED_BY_ID/INV-094/INV-094_PRE_GATE_ATTEMPT1_FAIL.log,598,62b30d8562927bb5195cb88cf3dd9814c99f66cf5b2faae162a0a4989c4969ad
02_MASTER_EVIDENCE_BASE/03_INVESTIGATIONS/03_NORMALIZED_BY_ID/INV-094/INV-094_RUN_CARD.md,2369,85349d47bde2167889c50ff4d26736f0d3c49541ff6fdeb13acb0aed33460fbf
02_MASTER_EVIDENCE_BASE/03_INVESTIGATIONS/03_NORMALIZED_BY_ID/INV-094/INV-094_RUN_HANDOFF.md,2491,d89b413cf5fe2f76579596f8875556f04229a0c5debc7137ddaf3d8d9a5faf80
02_MASTER_EVIDENCE_BASE/03_INVESTIGATIONS/03_NORMALIZED_BY_ID/INV-094/INV-094_RUN_STATE.json,62884,6a2ceecda5367dcb2954d1d6250e32d079129d25c94562ee867288f817b5d200
02_MASTER_EVIDENCE_BASE/03_INVESTIGATIONS/03_NORMALIZED_BY_ID/INV-094/INV-094_SHA256.txt,1376,229d295a0515127c15d8649106eb56289be16a561185755a126de9c0281dcb75
02_MASTER_EVIDENCE_BASE/03_INVESTIGATIONS/03_NORMALIZED_BY_ID/INV-094/INVESTIGATION_REGISTRY_POST_INV094.csv,104286,3c901832214e017fbcd60fcb5a0f20abcb545fb628e2f6230197b7b61a82e93d
02_MASTER_EVIDENCE_BASE/03_INVESTIGATIONS/03_NORMALIZED_BY_ID/INV-094/TRACELOG_POST_INV094.md,32261,782b56b426860f0d38630a7f0967358494a595d9ac80fcbc022f517128e3295a
02_MASTER_EVIDENCE_BASE/03_INVESTIGATIONS/03_NORMALIZED_BY_ID/INV-095/INV-095_RUN_HANDOFF.md,2380,e89d6323600a46b539400540553c6177436ab90d6e9555064da27dd008c143ca
02_MASTER_EVIDENCE_BASE/03_INVESTIGATIONS/03_NORMALIZED_BY_ID/INV-095/INV-095_SYNTHESIS.md,6715,c0726eb30f415d1a97bb57f10bb858634fd76b00a18db78cca51893e03c28f90
02_MASTER_EVIDENCE_BASE/03_INVESTIGATIONS/03_NORMALIZED_BY_ID/INV-096/2026-09-08_08-07_political-microtargeting_CERTIFICATION.json,593,f2c9ee028b62822692531f67322ec7fcb986be40bf9cd9c621f109e89854cf8a
02_MASTER_EVIDENCE_BASE/03_INVESTIGATIONS/03_NORMALIZED_BY_ID/INV-096/2026-09-08_08-07_political-microtargeting_INPUT.md,2715,a14783da48c0c5376d086a6c7a600872dd88589a305b122919e0860d6fa2f352
02_MASTER_EVIDENCE_BASE/03_INVESTIGATIONS/03_NORMALIZED_BY_ID/INV-096/2026-09-08_08-07_political-microtargeting_MNEMO_SNAPSHOT.json,17522,10c4e39192703f3c02d2f8b1200a5ee1b156e5cc6d0a438e06c2c683cedb54d9
02_MASTER_EVIDENCE_BASE/03_INVESTIGATIONS/03_NORMALIZED_BY_ID/INV-096/2026-09-08_08-07_political-microtargeting_NARRATIVE.tmp.md,6384,c555be4635c1b68726743e4b05924509beb79ebd1ee0d1e63da885bc3b7099c4
02_MASTER_EVIDENCE_BASE/03_INVESTIGATIONS/03_NORMALIZED_BY_ID/INV-096/2026-09-08_08-07_political-microtargeting_RUN_STATE.json,61598,f2dbe05fbba1ddc79d320ccbf86f010fe1231cc53022e299433623159cef6aa6
02_MASTER_EVIDENCE_BASE/03_INVESTIGATIONS/03_NORMALIZED_BY_ID/INV-096/INV-096.md,65548,39167cd27a9357fd67eb541cf5003a48c227f6d1bc15c40905e4be0cb8cd03a9
02_MASTER_EVIDENCE_BASE/03_INVESTIGATIONS/03_NORMALIZED_BY_ID/INV-096/INV-096_RUN_HANDOFF.md,1637,a0d11d332dd841506a408c45436fbc9d4b07092e1c102ff84b1c0e323e201f87
02_MASTER_EVIDENCE_BASE/03_INVESTIGATIONS/03_NORMALIZED_BY_ID/INV-097/INV-097_RUN_HANDOFF.md,2365,fb6019477f47e8976ce16620fad1eb177f16c85cbb1b101a5b767f94ba271d29
02_MASTER_EVIDENCE_BASE/03_INVESTIGATIONS/03_NORMALIZED_BY_ID/INV-098/2026-09-08_05-09_vote-buying-clientelism_CERTIFICATION.json,591,8d7550ead2782a0d7ad7db56a4f491bebcc655138ebd543ab01f5d7629b729d4
02_MASTER_EVIDENCE_BASE/03_INVESTIGATIONS/03_NORMALIZED_BY_ID/INV-098/2026-09-08_05-09_vote-buying-clientelism_INPUT.md,2314,4c6667cf6fa6510faa2e07e0d78d8ba317b2b1e902bae8c6d195dc679a2d6f4a
02_MASTER_EVIDENCE_BASE/03_INVESTIGATIONS/03_NORMALIZED_BY_ID/INV-098/2026-09-08_05-09_vote-buying-clientelism_MNEMO_SNAPSHOT.json,16510,ede2b7139d569731191c171c7325624a12367b2cd9df569b3aaecb7bde05f766
02_MASTER_EVIDENCE_BASE/03_INVESTIGATIONS/03_NORMALIZED_BY_ID/INV-098/2026-09-08_05-09_vote-buying-clientelism_NARRATIVE.tmp.md,10827,ef37836b77706ae52692ce45b8b532288c77b2c65ba78cef28827906f0da02d5
02_MASTER_EVIDENCE_BASE/03_INVESTIGATIONS/03_NORMALIZED_BY_ID/INV-098/2026-09-08_05-09_vote-buying-clientelism_RUN_STATE.json,64554,7a9f8f82fa7e2e468e7209d2ff74b6488dce0b8ee9d28bf5f175b5932f5d5487
02_MASTER_EVIDENCE_BASE/03_INVESTIGATIONS/03_NORMALIZED_BY_ID/INV-098/INV-098.md,74383,079d75fefa898d51f03740e1887e6e6bc6bf7ceb823dcb77c8cb7aacc27e9e53
02_MASTER_EVIDENCE_BASE/03_INVESTIGATIONS/03_NORMALIZED_BY_ID/INV-098/INV-098_RUN_HANDOFF.md,2281,d3fd028f48ac3bba7ad6305d00887db5f73d0021734d1be279ccb018950f0c5a
02_MASTER_EVIDENCE_BASE/03_INVESTIGATIONS/03_NORMALIZED_BY_ID/INV-099/2026-09-08_05-54_electoral-fraud-claims_CERTIFICATION.json,589,dbaba8236b0dd55b6b4aaf6b3b655f72a327522e9fc65d7c15bf3c35a2eefcfd
02_MASTER_EVIDENCE_BASE/03_INVESTIGATIONS/03_NORMALIZED_BY_ID/INV-099/2026-09-08_05-54_electoral-fraud-claims_INPUT.md,2392,3d4b54ab89a07ef6da09a0e5c0bec86666ae72a57e0b36431e40a33e41331a96
02_MASTER_EVIDENCE_BASE/03_INVESTIGATIONS/03_NORMALIZED_BY_ID/INV-099/2026-09-08_05-54_electoral-fraud-claims_MNEMO_SNAPSHOT.json,15609,5a95b2857a97cd452b72728eb38d4df0ccad4c320cf96b84c6c4df95ace86459
02_MASTER_EVIDENCE_BASE/03_INVESTIGATIONS/03_NORMALIZED_BY_ID/INV-099/2026-09-08_05-54_electoral-fraud-claims_NARRATIVE.tmp.md,11286,9da918eb458e396559393e82bbb9deba5d5fcf6a5226768c2716367593e68dc9
02_MASTER_EVIDENCE_BASE/03_INVESTIGATIONS/03_NORMALIZED_BY_ID/INV-099/2026-09-08_05-54_electoral-fraud-claims_RUN_STATE.json,62150,4da016daa1e86e65e7097ed70f328dc726f7bb202deae14e03829b57e057a127
02_MASTER_EVIDENCE_BASE/03_INVESTIGATIONS/03_NORMALIZED_BY_ID/INV-099/INV-099.md,71975,8ccc120b67a3163eac81d312bf5bd96a9de9f32facaaf24b260b1e6e475ce5de
02_MASTER_EVIDENCE_BASE/03_INVESTIGATIONS/03_NORMALIZED_BY_ID/INV-099/INV-099_RUN_HANDOFF.md,2190,2d6c454ecd3ed8af64cf61328461cd69ba7b227eff1dd40fe88e412b5771c1a4
02_MASTER_EVIDENCE_BASE/03_INVESTIGATIONS/03_NORMALIZED_BY_ID/INV-100/INV-100_BUNDLE.zip,54287,d1a834751f5fd6c776c7b1a6709688ce1d33a787bdc595a4081c38df6572a961
02_MASTER_EVIDENCE_BASE/03_INVESTIGATIONS/03_NORMALIZED_BY_ID/INV-100/INV-100_CERTIFICATION.json,601,cc5306de0e1ecfcf76b061cf7efeb91914f2741cbd58c9ce51f80a84122bd966
02_MASTER_EVIDENCE_BASE/03_INVESTIGATIONS/03_NORMALIZED_BY_ID/INV-100/INV-100_DELIVERY_GATE.json,600,f5536c5ca3824bba14a328f5a836f7015eb2350e98afbac9f2e1ed9bab279240
02_MASTER_EVIDENCE_BASE/03_INVESTIGATIONS/03_NORMALIZED_BY_ID/INV-100/INV-100_INVESTIGATION.md,72296,12a9cb06c54fbab16dba416a39b4c1e1355d76c67a492da577bdffb117e0d39e
02_MASTER_EVIDENCE_BASE/03_INVESTIGATIONS/03_NORMALIZED_BY_ID/INV-100/INV-100_MNEMO_SNAPSHOT.json,14379,05efc4c9cbb536da523e1da936d7ab1d36e31fe2b2750f9331628f1bd45db436
02_MASTER_EVIDENCE_BASE/03_INVESTIGATIONS/03_NORMALIZED_BY_ID/INV-100/INV-100_NARRATIVE.tmp.md,12293,d5141bb4c515fcc9edd9fc6216858f29a433a050f30b14d33684231fe08bd526
02_MASTER_EVIDENCE_BASE/03_INVESTIGATIONS/03_NORMALIZED_BY_ID/INV-100/INV-100_POST_RUN_REVIEW.md,3265,a50e6f5a148acdeae5c2c5a0e04eed9ccd63acee48467ec5836721803f06debf
02_MASTER_EVIDENCE_BASE/03_INVESTIGATIONS/03_NORMALIZED_BY_ID/INV-100/INV-100_PRE_GATE.json,596,4597b27cbc85db4734b856a46119824c9ccd3a017448b9907339262ad54fb4f3
02_MASTER_EVIDENCE_BASE/03_INVESTIGATIONS/03_NORMALIZED_BY_ID/INV-100/INV-100_RUN_CARD.md,2239,b2cb293b8a8f4df17a11640248479e706c08517230c798b1222522fb2c3f4c4e
02_MASTER_EVIDENCE_BASE/03_INVESTIGATIONS/03_NORMALIZED_BY_ID/INV-100/INV-100_RUN_HANDOFF.md,1524,aa8fb0bf28eb888c88e5c913703a9e5d008ab7dc73bd3e052e193dc98bd385e6
02_MASTER_EVIDENCE_BASE/03_INVESTIGATIONS/03_NORMALIZED_BY_ID/INV-100/INV-100_RUN_STATE.json,60037,e7f622a0ecac98a16e3ce093bb8af8c72111f6027f45bc2138953f8de10cc95f
02_MASTER_EVIDENCE_BASE/03_INVESTIGATIONS/03_NORMALIZED_BY_ID/INV-100/INV-100_SHA256.txt,991,009d4a9c050ea0495718a50f79cd7aa3b369a495449ddd63a930432adcd98378
02_MASTER_EVIDENCE_BASE/03_INVESTIGATIONS/03_NORMALIZED_BY_ID/INV-102/INV-102_RUN_HANDOFF.md,2001,877e97439c837fa5c1160d5437f9767050aa62d454fe599fd369dec554fc1bdd
02_MASTER_EVIDENCE_BASE/03_INVESTIGATIONS/03_NORMALIZED_BY_ID/INV-102/INV-102_SYNTHESIS.md,6893,75fa98241d24fd42da93cc65aaa5fd55b9e4799ca3c14505d865591e2f100777
02_MASTER_EVIDENCE_BASE/03_INVESTIGATIONS/03_NORMALIZED_BY_ID/INV-103/INV-103_BUNDLE.zip,34449,26e4deaf660968b3f9d5f4e2373cfe75582d51c39b4517e8c4f3bac9dc8fcd47
02_MASTER_EVIDENCE_BASE/03_INVESTIGATIONS/03_NORMALIZED_BY_ID/INV-103/INV-103_PILOT_REVIEW.md,3099,afd4da3581a385f789774bc774282b3f99b88aa24380de82365d184fdfd5b514
02_MASTER_EVIDENCE_BASE/03_INVESTIGATIONS/03_NORMALIZED_BY_ID/INV-103/INV-103_RUN_HANDOFF.md,3606,b5bfb845e9f5ee571f577313a973c6bf15556ef64ebe63b5829d20f3c45f873f
02_MASTER_EVIDENCE_BASE/03_INVESTIGATIONS/03_NORMALIZED_BY_ID/INV-103/_CERTIFICATION.json,615,6939bbaa93d43bcec5559dcd7a73618d463b198f883126763c635de2338b20fc
02_MASTER_EVIDENCE_BASE/03_INVESTIGATIONS/03_NORMALIZED_BY_ID/INV-103/_INPUT.md,2169,9b5bee0c0312885ec7574edc58274ef80c4362376620424e90aedd3045d6a7c7
02_MASTER_EVIDENCE_BASE/03_INVESTIGATIONS/03_NORMALIZED_BY_ID/INV-103/_INVESTIGATION.md,46590,41d0b8d330aae2da557e97437cfc8fd4ba844005c606556571cfae853508a2da
02_MASTER_EVIDENCE_BASE/03_INVESTIGATIONS/03_NORMALIZED_BY_ID/INV-103/_MNEMO_SNAPSHOT.json,9734,34c65386beb45b5d886eb83e12d85515137e30494586d5dde1e382d069530a82
02_MASTER_EVIDENCE_BASE/03_INVESTIGATIONS/03_NORMALIZED_BY_ID/INV-103/_NARRATIVE.tmp.md,3180,f015b8b0505577bda825843d67728421b89dedadd8a4399e8ad1dcbcd728a488
02_MASTER_EVIDENCE_BASE/03_INVESTIGATIONS/03_NORMALIZED_BY_ID/INV-103/_RUN_STATE.json,43417,1d18fae4df92884883a198ff51cf1b9681f29cab00dd3116bd669ff0d12fede0
02_MASTER_EVIDENCE_BASE/03_INVESTIGATIONS/03_NORMALIZED_BY_ID/INV-104/INV-104_RUN_HANDOFF.md,1827,a33cdb2bab469cf82ebd27eca02b985d14c3b52778b26447ad99f1d7ae710d8f
02_MASTER_EVIDENCE_BASE/03_INVESTIGATIONS/03_NORMALIZED_BY_ID/INV-104/INV-104_SYNTHESIS.md,4433,2c52d84aa40b9a63c7a42e4a706d209eb222dccc208d16b1ebc24bae15e8d36f
02_MASTER_EVIDENCE_BASE/03_INVESTIGATIONS/03_NORMALIZED_BY_ID/INV-104/INV-104_SYNTHESIS_CARD.md,3032,ec833d1da529ff38f3402a9b81854cb63bc3258842797068fe5a36226f003df6
02_MASTER_EVIDENCE_BASE/03_INVESTIGATIONS/03_NORMALIZED_BY_ID/INV-104/INV-104_SYNTHESIS_CERTIFICATION.json,966,bf00d67521cf9b4f4c35848f7e64ebbed8ec4f9e18640aad7eabdc0f362ed357
02_MASTER_EVIDENCE_BASE/03_INVESTIGATIONS/03_NORMALIZED_BY_ID/INV-111/INV-111_CENTRAL_DELTA.md,727,b172adbd70342a2f727fc2bc97fd737c929562fd68ba5503ac67f069b69b1b66
02_MASTER_EVIDENCE_BASE/03_INVESTIGATIONS/03_NORMALIZED_BY_ID/INV-111/INV-111_NARRATIVE_SOURCE.md,5194,60d5e67df1d7ba02ab79b3c57f5da3dc89a802a7d7d75691061d0d5dc3ed7409
02_MASTER_EVIDENCE_BASE/03_INVESTIGATIONS/03_NORMALIZED_BY_ID/INV-111/INV-111_RUN_CARD.md,2580,9a5f5b38462384e5eb9837f36b257166c2a2a013b2af10977cc5870000649d60
02_MASTER_EVIDENCE_BASE/03_INVESTIGATIONS/03_NORMALIZED_BY_ID/INV-111/INV-111_RUN_HANDOFF.md,2859,6926d8a7bcb0b0bf7a9e9cb0e3d5fddc9398118c98b949d58cd7b9f47fff8f7a
02_MASTER_EVIDENCE_BASE/03_INVESTIGATIONS/03_NORMALIZED_BY_ID/INV-112/INV-112_NARRATIVE_SOURCE.md,6156,3366ca6d64f20faf9c45a757f716aa9b205c9664a4c07d62c6eb020cf60ffb5b
02_MASTER_EVIDENCE_BASE/03_INVESTIGATIONS/03_NORMALIZED_BY_ID/INV-112/INV-112_RUN_CARD.md,2551,3e95b685bfb872649d79d11cd692b71544d5a55be72bfab37e71ae04bbc16881
02_MASTER_EVIDENCE_BASE/03_INVESTIGATIONS/03_NORMALIZED_BY_ID/INV-112/INV-112_RUN_HANDOFF.md,3030,3e8783729ce6d1e63330a509cdf26043a1efcfe5110e2628085218e6a1190e3e
02_MASTER_EVIDENCE_BASE/03_INVESTIGATIONS/03_NORMALIZED_BY_ID/INV-119/INV-119_INVESTIGATION.md,73500,d11138d4de79d418204708a64e5382c9811ae4d5d4017daaa68111d56cdb6a0d
02_MASTER_EVIDENCE_BASE/03_INVESTIGATIONS/03_NORMALIZED_BY_ID/INV-119/INV-119_RUN_HANDOFF.md,4709,2ae552aa65bc3527c5d9cd1900ac41df1ab959bae5a9ddc187934bab330f3d19
02_MASTER_EVIDENCE_BASE/03_INVESTIGATIONS/03_NORMALIZED_BY_ID/INV-120/INV-120_CENTRAL_DELTA.md,788,7623af84c925832422eb67b006f6330fc3a0e9c447ffa4dbbcb68d33d671eea8
02_MASTER_EVIDENCE_BASE/03_INVESTIGATIONS/03_NORMALIZED_BY_ID/INV-120/INV-120_NARRATIVE_SOURCE.md,3644,aeb8243a0fdb8d850d98ebc8335bc66f75e0620bc3ce5db4893fdf39409342c4
02_MASTER_EVIDENCE_BASE/03_INVESTIGATIONS/03_NORMALIZED_BY_ID/INV-120/INV-120_RUN_CARD.md,2607,de7edb674283f26c4a8010e0b44a482bb763f32de73275910fc028d810de6bb8
02_MASTER_EVIDENCE_BASE/03_INVESTIGATIONS/03_NORMALIZED_BY_ID/INV-120/INV-120_RUN_HANDOFF.md,3335,cbf2277dd041b749c75d2f3d5425d561ef73f19db3ae1f31f08603abaa509b60
02_MASTER_EVIDENCE_BASE/03_INVESTIGATIONS/03_NORMALIZED_BY_ID/INV-121/INV-121_CENTRAL_DELTA.md,761,7c64f22ae71f0862309259be3d9152f6079c6c05f1e984294df03ecd041cdc94
02_MASTER_EVIDENCE_BASE/03_INVESTIGATIONS/03_NORMALIZED_BY_ID/INV-121/INV-121_NARRATIVE_SOURCE.md,3395,c98facd261058f56b8526c5257384f62dd18836dab2a486eda9e6f883bbb925b
02_MASTER_EVIDENCE_BASE/03_INVESTIGATIONS/03_NORMALIZED_BY_ID/INV-121/INV-121_RUN_CARD.md,2547,9e67ff9dfc33e4e83b59c682b24d7608d184e3e72fe7127dbeee289401e27df3
02_MASTER_EVIDENCE_BASE/03_INVESTIGATIONS/03_NORMALIZED_BY_ID/INV-121/INV-121_RUN_HANDOFF.md,3077,7637fed954f2368f4d929d866c4ab46741e5f79ab5c1b91f0c2019130f6781d4
02_MASTER_EVIDENCE_BASE/03_INVESTIGATIONS/03_NORMALIZED_BY_ID/INV-122/INV-122_CENTRAL_DELTA.md,589,3855bf3f0de085e10ec0156acef680eb84a072901e3a70e7cece0c7bccca3ee3
02_MASTER_EVIDENCE_BASE/03_INVESTIGATIONS/03_NORMALIZED_BY_ID/INV-122/INV-122_CERTIFICATION.json,597,e92461595224b0fb2ae92515f03084a9427a1a13ecd3e793c8e6052be40c7d0b
02_MASTER_EVIDENCE_BASE/03_INVESTIGATIONS/03_NORMALIZED_BY_ID/INV-122/INV-122_NARRATIVE_SOURCE.md,4941,d59f2049c06ad14f49dd2228e18b50b79d47ecc72ae63e5a36015cb487d34fd9
02_MASTER_EVIDENCE_BASE/03_INVESTIGATIONS/03_NORMALIZED_BY_ID/INV-122/INV-122_RUN_CARD.md,2678,7c7661e7458e6601630eaf08d9b0bd2e69275af4015615698916ceb592162917
02_MASTER_EVIDENCE_BASE/03_INVESTIGATIONS/03_NORMALIZED_BY_ID/INV-122/INV-122_RUN_HANDOFF.md,3016,6a087d28dfa41f6466bca744740ccb43a336630e93fa132bf767f89fb7b21468
02_MASTER_EVIDENCE_BASE/03_INVESTIGATIONS/03_NORMALIZED_BY_ID/INV-124/INV-124.md,65653,cdefeeab4836c01a95a2b9f0b20a6d152542f19cabe9ba267a34f4b2d4842f4d
02_MASTER_EVIDENCE_BASE/03_INVESTIGATIONS/03_NORMALIZED_BY_ID/INV-124/INV-124_DELIVERY_GATE.log,595,20ca5b50dbde112f8ed67d126f0ced915ab9f14406dcf2edc454cdede72982b4
02_MASTER_EVIDENCE_BASE/03_INVESTIGATIONS/03_NORMALIZED_BY_ID/INV-124/INV-124_INPUT.md,2559,bfd71896d80612d6fba908fcb6d170ecdc2f043cc8fed39ec799ae5d8b51f3cc
02_MASTER_EVIDENCE_BASE/03_INVESTIGATIONS/03_NORMALIZED_BY_ID/INV-124/INV-124_MNEMO_SNAPSHOT.json,15883,8375aa62f6b12a7278cd0f5825c3faa3bf9fe072138330d49145b7adfb1e2d32
02_MASTER_EVIDENCE_BASE/03_INVESTIGATIONS/03_NORMALIZED_BY_ID/INV-124/INV-124_NARRATIVE.tmp.md,6670,93f72a93e1bb4202c3212b7f34e069eae50ef6b0ea9521c9bce5bc7e07d40e22
02_MASTER_EVIDENCE_BASE/03_INVESTIGATIONS/03_NORMALIZED_BY_ID/INV-124/INV-124_POST_RUN_REVIEW.md,2676,81bf01eebb9c87d9e2c1aa8adeeb3e38a80c202be3012be540dc72586d55f938
02_MASTER_EVIDENCE_BASE/03_INVESTIGATIONS/03_NORMALIZED_BY_ID/INV-124/INV-124_PRE_GATE.log,590,402c078bf5aef703026df466c91e08fd483066529128632e6a0bcc7f348efbbb
02_MASTER_EVIDENCE_BASE/03_INVESTIGATIONS/03_NORMALIZED_BY_ID/INV-124/INV-124_RUN_HANDOFF.md,2287,9c77cc8bafdf50cb43bad1b99fa96a1347f5b205170b78ebebdf5bd2478a14b4
02_MASTER_EVIDENCE_BASE/03_INVESTIGATIONS/03_NORMALIZED_BY_ID/INV-124/INV-124_RUN_STATE.json,60667,253e80e614bb341c62ee375f215f8b5225aaf429a161a66443ac1315037e65ea
02_MASTER_EVIDENCE_BASE/03_INVESTIGATIONS/03_NORMALIZED_BY_ID/INV-124/INV-124_SHA256.txt,988,9696d2ebe1169fd214632283c53c54b722e5765e5b03129790baf58d50bb4d00
02_MASTER_EVIDENCE_BASE/03_INVESTIGATIONS/03_NORMALIZED_BY_ID/INV-125/INV-125_INVESTIGATION.md,65322,df1fea2515d1b3af6fdecc4dc67cfd313dc5506fd9e5e410201e28ce3b0c91b7
02_MASTER_EVIDENCE_BASE/03_INVESTIGATIONS/03_NORMALIZED_BY_ID/INV-125/INV-125_RUN_HANDOFF.md,3227,f3a42319fe6504421589f0a5856c94013d34f0f541d7cfceb4898d39b9d84c25
02_MASTER_EVIDENCE_BASE/03_INVESTIGATIONS/03_NORMALIZED_BY_ID/INV-126/INV-126_RUN_HANDOFF.md,3373,80178eb5a73f3cab427f2e5f68064ac8cc8c5aa1162b3643e900861872201604
02_MASTER_EVIDENCE_BASE/03_INVESTIGATIONS/03_NORMALIZED_BY_ID/INV-127/INV-127_INVESTIGATION.md,71614,6eda01016b9dcb0151802b15416f90905bedb4b1b3f3ac633f9fe426935c2361
02_MASTER_EVIDENCE_BASE/03_INVESTIGATIONS/03_NORMALIZED_BY_ID/INV-127/INV-127_RUN_HANDOFF.md,4345,1df04f65fe231d6622003cc287355719a10bd3d9a18b5b2ee4f450d495a80fd7
02_MASTER_EVIDENCE_BASE/03_INVESTIGATIONS/03_NORMALIZED_BY_ID/INV-128/INV-128_BUNDLE.zip,52649,44c3ef6027e2d334668aa8c4b467e6f93fddf1ac2826b30532271045288219bd
02_MASTER_EVIDENCE_BASE/03_INVESTIGATIONS/03_NORMALIZED_BY_ID/INV-128/INV-128_CERTIFICATION.json,581,53aa3196657f4d06c2299265fa76cddf1befc4e6c4761f1b1a057a63956c1829
02_MASTER_EVIDENCE_BASE/03_INVESTIGATIONS/03_NORMALIZED_BY_ID/INV-128/INV-128_INVESTIGATION.md,69898,f75c96e5b32e77d14e87ad78af1711c01c46023a2bfc62366f1f327cd6244053
02_MASTER_EVIDENCE_BASE/03_INVESTIGATIONS/03_NORMALIZED_BY_ID/INV-128/INV-128_MNEMO_SNAPSHOT.json,12111,6f9a74f7c985d39210eee1f0b9d7cda32ac240fd754d86ade315bb5a4c2032ac
02_MASTER_EVIDENCE_BASE/03_INVESTIGATIONS/03_NORMALIZED_BY_ID/INV-128/INV-128_NARRATIVE.tmp.md,14564,a6d6391201a8cefe965694a01344726109f26dea46873a6295885be188427d8b
02_MASTER_EVIDENCE_BASE/03_INVESTIGATIONS/03_NORMALIZED_BY_ID/INV-128/INV-128_POST_RUN_REVIEW.md,2881,f1d27435d96ed212b4d50e22102b1beb7b0c4f9426c5f46c5ad4a7351f688920
02_MASTER_EVIDENCE_BASE/03_INVESTIGATIONS/03_NORMALIZED_BY_ID/INV-128/INV-128_RUN_CARD.md,2434,0d7909dfd828e3c222322bdf7365c5cb511a5b8c5537b28e2b04fd4c501a8f0e
02_MASTER_EVIDENCE_BASE/03_INVESTIGATIONS/03_NORMALIZED_BY_ID/INV-128/INV-128_RUN_HANDOFF.md,4354,e6ebbe716642c098fccd8d02f7ebd4bb6677f8647b7022e530d0c83fbdfc977d
02_MASTER_EVIDENCE_BASE/03_INVESTIGATIONS/03_NORMALIZED_BY_ID/INV-128/INV-128_RUN_STATE.json,55816,5def101485cc650532a329dac98e6d87647aaaab96a9208d67c9b75337a37df4
02_MASTER_EVIDENCE_BASE/03_INVESTIGATIONS/03_NORMALIZED_BY_ID/INV-129/INV-054_RUN_HANDOFF.md,2661,64c37752d4c1dd713f6143766d652b8c6fe39981e603fcc2854d9cb71d574c1a
02_MASTER_EVIDENCE_BASE/03_INVESTIGATIONS/03_NORMALIZED_BY_ID/INV-129/INV-080_RUN_HANDOFF.md,1784,fdcb8afe0233186f15b7fbb8a1c3e157a3cb255078cc5423eed8c477f989a355
02_MASTER_EVIDENCE_BASE/03_INVESTIGATIONS/03_NORMALIZED_BY_ID/INV-129/INV-100_RUN_HANDOFF.md,1524,aa8fb0bf28eb888c88e5c913703a9e5d008ab7dc73bd3e052e193dc98bd385e6
02_MASTER_EVIDENCE_BASE/03_INVESTIGATIONS/03_NORMALIZED_BY_ID/INV-129/INV-124_RUN_HANDOFF.md,2287,9c77cc8bafdf50cb43bad1b99fa96a1347f5b205170b78ebebdf5bd2478a14b4
02_MASTER_EVIDENCE_BASE/03_INVESTIGATIONS/03_NORMALIZED_BY_ID/INV-129/INV-129.md,9639,95bcf40b55ad2776e77aabed0e089d442043f0357e8528c85e7e9bd885688de5
02_MASTER_EVIDENCE_BASE/03_INVESTIGATIONS/03_NORMALIZED_BY_ID/INV-129/INV-129_CERTIFICATION.json,769,f27d4dec2e12370b9ad35c9100d20982d88df28908edaad797e57343f8addaf3
02_MASTER_EVIDENCE_BASE/03_INVESTIGATIONS/03_NORMALIZED_BY_ID/INV-129/INV-129_POST_RUN_REVIEW.md,2159,aaf91f508e307af835e48c04a689277469b7bb11812cf83cd526fc181b6883cc
02_MASTER_EVIDENCE_BASE/03_INVESTIGATIONS/03_NORMALIZED_BY_ID/INV-129/INV-129_RUN_HANDOFF.md,1828,6bfa2b21689ae3483b128bcc797f0e27c1bd4f9b4a8762c9b53cbdf906d57835
02_MASTER_EVIDENCE_BASE/03_INVESTIGATIONS/03_NORMALIZED_BY_ID/INV-129/INV-129_SHA256.txt,908,e5a57a127cd99e84b290876b3b9e800229dbceaa9836bb34a779e5f298253305
02_MASTER_EVIDENCE_BASE/03_INVESTIGATIONS/03_NORMALIZED_BY_ID/INV-129/INV-129_SYNTHESIS_CARD.md,2923,a51ebd68f4eaf995d2d3379b33178b14aa8d00a8e4e314713b3656de4527f827
02_MASTER_EVIDENCE_BASE/03_INVESTIGATIONS/03_NORMALIZED_BY_ID/INV-129/INV-129_SYNTHESIS_INPUT_GATE.md,1629,40e9ed7a9ad94f8f77744e616a58c1512b9bdc4157ba5da43f7a718ec3e62c90
02_MASTER_EVIDENCE_BASE/03_INVESTIGATIONS/03_NORMALIZED_BY_ID/INV-130/INV-130_INVESTIGATION.md,55061,78f3f859ae58d558c36aede8dbe14ffbe077c788737b9151df7d9b42b0286c32
02_MASTER_EVIDENCE_BASE/03_INVESTIGATIONS/03_NORMALIZED_BY_ID/INV-130/INV-130_RUN_HANDOFF.md,5034,3c8bff38c670b740e936bb8fe8813ca69160f2ce6c0f9330dc8245e838ec9b80
02_MASTER_EVIDENCE_BASE/03_INVESTIGATIONS/03_NORMALIZED_BY_ID/INV-131/INV-131_INVESTIGATION.md,56253,a98c4850dcdd8fa4680e480de6c11f2eb958a182d6c74cf1ad951bbb5a0dd797
02_MASTER_EVIDENCE_BASE/03_INVESTIGATIONS/03_NORMALIZED_BY_ID/INV-131/INV-131_RUN_HANDOFF.md,4924,cb41fa76b99a2e8a0b743c02a5600112b07079b3ea78bf151e34a6dad1aa0b62
02_MASTER_EVIDENCE_BASE/03_INVESTIGATIONS/03_NORMALIZED_BY_ID/INV-132/INV-132_RUN_HANDOFF.md,4232,8c562eaac0781514ebc237c2202b41284a9529f1e1bd33ee89db0edf67fd0673
02_MASTER_EVIDENCE_BASE/03_INVESTIGATIONS/03_NORMALIZED_BY_ID/INV-133/INV-133_RUN_HANDOFF.md,2548,cae23632efed1c4fd32be2026b69767812a11c666d470676e06c385e993ecea5
02_MASTER_EVIDENCE_BASE/03_INVESTIGATIONS/03_NORMALIZED_BY_ID/INV-133/INV-133_SYNTHESIS.md,13195,548453768fca7f36828d2415fb51cd13492e25906a715f8ade2b81f0a7545ed3
02_MASTER_EVIDENCE_BASE/03_INVESTIGATIONS/03_NORMALIZED_BY_ID/INV-133/INV-133_SYNTHESIS_CARD.md,3440,26800175d79c5d67765a63b68037e6c29f2de046749374e133f829300a320e4f
02_MASTER_EVIDENCE_BASE/03_INVESTIGATIONS/03_NORMALIZED_BY_ID/INV-133/INV-133_SYNTHESIS_CERTIFICATION.json,2716,81af4e35c530d4d78156345763823a9f5b222807ab96247cb62d4da4cd46b6f1
02_MASTER_EVIDENCE_BASE/03_INVESTIGATIONS/03_NORMALIZED_BY_ID/INV-134/2026-09-06_18-05_attribution-ingerence_CERTIFICATION.json,587,d0604957a408ea1f6dec5b7a28895e6962fd4cc94078158bde385760a11ddfe2
02_MASTER_EVIDENCE_BASE/03_INVESTIGATIONS/03_NORMALIZED_BY_ID/INV-134/2026-09-06_18-05_attribution-ingerence_INVESTIGATION.md,76324,1af305d79fa8357672d05408c56994be5c20d640beee77929a4eed876eced56a
02_MASTER_EVIDENCE_BASE/03_INVESTIGATIONS/03_NORMALIZED_BY_ID/INV-134/2026-09-06_18-05_attribution-ingerence_MNEMO_SNAPSHOT.json,13658,7baf5211ab0dce1d9fd8880289d9b281bd93e985b591c236f67d84ca02cb0522
02_MASTER_EVIDENCE_BASE/03_INVESTIGATIONS/03_NORMALIZED_BY_ID/INV-134/2026-09-06_18-05_attribution-ingerence_NARRATIVE.tmp.md,16492,45e7ee6b35902d0a9c877b0f5f48349464b2b7eae24565f1b66a8fd282286f06
02_MASTER_EVIDENCE_BASE/03_INVESTIGATIONS/03_NORMALIZED_BY_ID/INV-134/2026-09-06_18-05_attribution-ingerence_RUN_STATE.json,58628,d02ae6caec9ac1ae4ad552f72bc8b1bdda05cd1bad80983c0e79265cd4dd31c4
02_MASTER_EVIDENCE_BASE/03_INVESTIGATIONS/03_NORMALIZED_BY_ID/INV-134/INV-134_BUNDLE.zip,55889,28676a4de3a86ce82051297a7eec0abbae6028ed78ae451043029d13c6378063
02_MASTER_EVIDENCE_BASE/03_INVESTIGATIONS/03_NORMALIZED_BY_ID/INV-134/INV-134_POST_RUN_REVIEW.md,3615,bc893547b9cd5e3953859605b8c79b96a8fad8ce633122fe358ca3cf4b92fd6e
02_MASTER_EVIDENCE_BASE/03_INVESTIGATIONS/03_NORMALIZED_BY_ID/INV-134/INV-134_RUN_CARD.md,2160,785a52114285ad80ccf9bb44f8d39eea80e993e4a13bdd89b9669f85c42e0507
02_MASTER_EVIDENCE_BASE/03_INVESTIGATIONS/03_NORMALIZED_BY_ID/INV-134/INV-134_RUN_HANDOFF.md,4677,86ecbc873978c6a375d21dd9f145f299f2ba3edd8460615d040034b459e7cd6a
02_MASTER_EVIDENCE_BASE/03_INVESTIGATIONS/03_NORMALIZED_BY_ID/INV-134/INV-134_SHA256.txt,692,9a058418ef7f5eb78149485273f41b971e047f0c485152fe09511fea91361c96
02_MASTER_EVIDENCE_BASE/03_INVESTIGATIONS/03_NORMALIZED_BY_ID/INV-135/DASHBOARD.md,1182,df38dd982493d465ba94dac2de40d133b48e84d1b91b8fa75b09118a50322624
02_MASTER_EVIDENCE_BASE/03_INVESTIGATIONS/03_NORMALIZED_BY_ID/INV-135/INV-135_BUNDLE.zip,81340,8d240c8be3ec417f26067dea33c791f44840ba8ac4993f60e2eaefb7e07cd895
02_MASTER_EVIDENCE_BASE/03_INVESTIGATIONS/03_NORMALIZED_BY_ID/INV-135/INV-135_CERTIFICATION.json,571,e5adb53fbae32d5a635a4de237895429fc3422ca1eea116d8d28f84e3000531b
02_MASTER_EVIDENCE_BASE/03_INVESTIGATIONS/03_NORMALIZED_BY_ID/INV-135/INV-135_INVESTIGATION.md,80221,353a82a97819f95366c9ab146b64c2ed72865fd4df2fec2cfd168bad6c555c72
02_MASTER_EVIDENCE_BASE/03_INVESTIGATIONS/03_NORMALIZED_BY_ID/INV-135/INV-135_MNEMO_SNAPSHOT.json,13954,40609a97752c9c0f3615876b029e9289cea11e1a0c7e8cb8d4db2e271e100651
02_MASTER_EVIDENCE_BASE/03_INVESTIGATIONS/03_NORMALIZED_BY_ID/INV-135/INV-135_NARRATIVE.tmp.md,17711,714c6133423fa2cd9874acbbac42385638520e6e461e0fd016b75c4676855124
02_MASTER_EVIDENCE_BASE/03_INVESTIGATIONS/03_NORMALIZED_BY_ID/INV-135/INV-135_POST_RUN_REVIEW.md,3295,f7a513568c02242ef179f3ddbf0aa15c71b6c9f923fd2c3a311c5bcd7f7e7731
02_MASTER_EVIDENCE_BASE/03_INVESTIGATIONS/03_NORMALIZED_BY_ID/INV-135/INV-135_RUN_CARD.md,1822,ba4fd06707cd8aefba0339919bee3e97d81e6109f5370385a293c817b2b75c7b
02_MASTER_EVIDENCE_BASE/03_INVESTIGATIONS/03_NORMALIZED_BY_ID/INV-135/INV-135_RUN_HANDOFF.md,4587,656b7327adaeb9c776c276883292f54f4ff53d4d41607c14bd4a76532ca03187
02_MASTER_EVIDENCE_BASE/03_INVESTIGATIONS/03_NORMALIZED_BY_ID/INV-135/INV-135_RUN_STATE.json,60302,5c7992ce7053679df40f5425b30c681982c9bee03b105312bcb6422a31a62ac3
02_MASTER_EVIDENCE_BASE/03_INVESTIGATIONS/03_NORMALIZED_BY_ID/INV-135/INV-135_SHA256.txt,810,6af2d0166dc187631d8910f78a5818f55c94b2d0e1cf96297e5d762b70f9cc6e
02_MASTER_EVIDENCE_BASE/03_INVESTIGATIONS/03_NORMALIZED_BY_ID/INV-135/INVESTIGATION_REGISTRY.csv,88408,3a9612a7e9d9fc5c06290eaf3e13e5a89d72a6518380803fdb39bdfcfab38f2f
02_MASTER_EVIDENCE_BASE/03_INVESTIGATIONS/03_NORMALIZED_BY_ID/INV-135/TRACELOG.md,7818,9ab8c5e4b4e9483564e7709f174fa7e051ef76131dce0de465b3bc3c0a074e15
02_MASTER_EVIDENCE_BASE/03_INVESTIGATIONS/03_NORMALIZED_BY_ID/INV-136/INV-136_BUNDLE.zip,47558,5d7ad479b3dedaedf83604b511c97b310d4103638ed572556cfb5d22bbd55fc7
02_MASTER_EVIDENCE_BASE/03_INVESTIGATIONS/03_NORMALIZED_BY_ID/INV-136/INV-136_POST_RUN_REVIEW.md,3932,77ec6b79d0a69bdc8ec9d9530a439e470bbd77ed41a8d13fc82bf04b9d4e84de
02_MASTER_EVIDENCE_BASE/03_INVESTIGATIONS/03_NORMALIZED_BY_ID/INV-136/INV-136_RUN_CARD.md,1986,d7ed08f318f9baee19453e309e66a0efe40d87a57e1f83ec244870527b313a74
02_MASTER_EVIDENCE_BASE/03_INVESTIGATIONS/03_NORMALIZED_BY_ID/INV-136/INV-136_RUN_HANDOFF.md,4311,89ec70a74acccd17ec08856f6d2368b124cc34ee354f6f8b0fd78acd86175f9b
02_MASTER_EVIDENCE_BASE/03_INVESTIGATIONS/03_NORMALIZED_BY_ID/INV-136/INV-136_SHA256.txt,724,1bbc91a07a064947075e6f1e44a05aacf3c82f977df45d1c1e6e6952bebab25f
02_MASTER_EVIDENCE_BASE/03_INVESTIGATIONS/03_NORMALIZED_BY_ID/INV-136/_CERTIFICATION.json,591,1930d6ceaf4380384fd30e5e2119fa3d7d9ec13c779cd12e6674571bf69d4da8
02_MASTER_EVIDENCE_BASE/03_INVESTIGATIONS/03_NORMALIZED_BY_ID/INV-136/_INVESTIGATION.md,71010,64e654d0ae7a34168c47b47234757787ff91295c1655b37c526478857f3cc899
02_MASTER_EVIDENCE_BASE/03_INVESTIGATIONS/03_NORMALIZED_BY_ID/INV-136/_MNEMO_SNAPSHOT.json,12624,004d81e270ec41b0bb49150a3c87135725f707ecbd1debc99593b82a38bf340e
02_MASTER_EVIDENCE_BASE/03_INVESTIGATIONS/03_NORMALIZED_BY_ID/INV-136/_NARRATIVE.tmp.md,7177,bf26bba3156f93ca28e6bdf4802b007f26b4dcb1b68301d004225bef97e2f1ff
02_MASTER_EVIDENCE_BASE/03_INVESTIGATIONS/03_NORMALIZED_BY_ID/INV-136/_RUN_STATE.json,62601,bc4cb81cb0f6f91d62dcf9acaf96b5f7392ef6661b6c9fb5c0e72af181908aba
02_MASTER_EVIDENCE_BASE/03_INVESTIGATIONS/03_NORMALIZED_BY_ID/INV-137/2026-09-06_20-25_renseignement-executif-medias_CERTIFICATION.json,603,b94dd4354291538dc54d0c37a306b9d29d1657cc5503748bb0c79b8e40dde256
02_MASTER_EVIDENCE_BASE/03_INVESTIGATIONS/03_NORMALIZED_BY_ID/INV-137/2026-09-06_20-25_renseignement-executif-medias_INVESTIGATION.md,71291,8dc049a5ba14faa972fd2db9f3aca2d8eeedf2954fc085900b51a4a5db92ee04
02_MASTER_EVIDENCE_BASE/03_INVESTIGATIONS/03_NORMALIZED_BY_ID/INV-137/2026-09-06_20-25_renseignement-executif-medias_MNEMO_SNAPSHOT.json,13155,4f4b0ff325821e1e36e4dc3606c8d88527dccb152777a0f3fc446f3ad091816c
02_MASTER_EVIDENCE_BASE/03_INVESTIGATIONS/03_NORMALIZED_BY_ID/INV-137/2026-09-06_20-25_renseignement-executif-medias_NARRATIVE.tmp.md,8497,f43d9582377230e9d09a0f33b5d3dec6379fccd21e9d12bae54f2c73f737183d
02_MASTER_EVIDENCE_BASE/03_INVESTIGATIONS/03_NORMALIZED_BY_ID/INV-137/2026-09-06_20-25_renseignement-executif-medias_RUN_STATE.json,61886,57518a4fbfef88be2e13945c70af57100614e2a7045391896706568af076287a
02_MASTER_EVIDENCE_BASE/03_INVESTIGATIONS/03_NORMALIZED_BY_ID/INV-137/DASHBOARD.md,1182,df38dd982493d465ba94dac2de40d133b48e84d1b91b8fa75b09118a50322624
02_MASTER_EVIDENCE_BASE/03_INVESTIGATIONS/03_NORMALIZED_BY_ID/INV-137/INV-137_BUNDLE.zip,77854,ef854839209b3997b5cd7ee9fdad7025af49a222047349aae23ba8457a2cd7b8
02_MASTER_EVIDENCE_BASE/03_INVESTIGATIONS/03_NORMALIZED_BY_ID/INV-137/INV-137_POST_RUN_REVIEW.md,3353,49a2303be32c068d326ad63b90844146cd38a5577c267f77814e3945e41b95bd
02_MASTER_EVIDENCE_BASE/03_INVESTIGATIONS/03_NORMALIZED_BY_ID/INV-137/INV-137_RUN_CARD.md,1901,f16c6d16732be42fc4b1c6ed007be384d283dc13f58161a4f966140218c43218
02_MASTER_EVIDENCE_BASE/03_INVESTIGATIONS/03_NORMALIZED_BY_ID/INV-137/INV-137_RUN_HANDOFF.md,4644,ffe90b6162ddec2d94bd84cf90fadaa18829b18ff6ce03c6f32970ea9092a85f
02_MASTER_EVIDENCE_BASE/03_INVESTIGATIONS/03_NORMALIZED_BY_ID/INV-137/INV-137_SHA256.txt,809,99e1aa3d78a36726da49ae3e64419eda31c69a880ead0812579d5607ed1b5dfd
02_MASTER_EVIDENCE_BASE/03_INVESTIGATIONS/03_NORMALIZED_BY_ID/INV-137/INVESTIGATION_REGISTRY.csv,88550,516b4e2983457004c3a7314bd15cb43cfbf9978cf50b7767f16fc9d6dfcc32de
02_MASTER_EVIDENCE_BASE/03_INVESTIGATIONS/03_NORMALIZED_BY_ID/INV-137/METHOD_PACK.md,6468,2b82f9e415b739e16252f845910c7d4b91600446e2e1d5010d3c4e14fa06635c
02_MASTER_EVIDENCE_BASE/03_INVESTIGATIONS/03_NORMALIZED_BY_ID/INV-137/TRACELOG.md,9898,76f87b23b8727449a7538348f30001839b16a7dd1b84ded4b8a5a22bb79b40cc
02_MASTER_EVIDENCE_BASE/03_INVESTIGATIONS/03_NORMALIZED_BY_ID/INV-138/INV-138_CANONICAL_ASSEMBLED.zip,71974,1522639192c9113ec0b7dd0bdc8230d7e739415d2212dae188499da33cf399c5
02_MASTER_EVIDENCE_BASE/03_INVESTIGATIONS/03_NORMALIZED_BY_ID/INV-138/INV-138_CERTIFICATION.json,642,408f61f103cf319efda30439626f86a038a3b54608496a522b46607a97ee53cc
02_MASTER_EVIDENCE_BASE/03_INVESTIGATIONS/03_NORMALIZED_BY_ID/INV-138/INV-138_INVESTIGATION.md,108033,54cc64ec22dff754b445b41bb921b9dd7b90c1397c4938a891f79675e050d823
02_MASTER_EVIDENCE_BASE/03_INVESTIGATIONS/03_NORMALIZED_BY_ID/INV-138/INV-138_MNEMO_SNAPSHOT.json,16966,6f92ae672014397387c9c89f68cc838224f61e455c59e6130127a0f2400d934b
02_MASTER_EVIDENCE_BASE/03_INVESTIGATIONS/03_NORMALIZED_BY_ID/INV-138/INV-138_NARRATIVE.tmp.md,19151,bbd21ab2ed3ab616e43c6677d2320de2e3f5223c6090ff333da783f1ac6e4352
02_MASTER_EVIDENCE_BASE/03_INVESTIGATIONS/03_NORMALIZED_BY_ID/INV-138/INV-138_POST_RUN_REVIEW.md,3366,4e5549ce441526a55a66d3edd5e9fffd5cb5f3a967014c16d05f82f86414f85b
02_MASTER_EVIDENCE_BASE/03_INVESTIGATIONS/03_NORMALIZED_BY_ID/INV-138/INV-138_RUN_CARD.md,2065,12d28e0dcfe9e054848adcedd88cb5073bc28a38297b68e9616dc5c30dc0dc0b
02_MASTER_EVIDENCE_BASE/03_INVESTIGATIONS/03_NORMALIZED_BY_ID/INV-138/INV-138_RUN_HANDOFF.md,3725,33cf00cd572c2109187d853d87848aa22c0d81371fdbfcc089e3a085d8551845
02_MASTER_EVIDENCE_BASE/03_INVESTIGATIONS/03_NORMALIZED_BY_ID/INV-138/INV-138_RUN_STATE.json,85547,fdf03f019a5e7498da9e59bfb8ab3c9eab6fe88b383563a61f6636dcb1f6b413
02_MASTER_EVIDENCE_BASE/03_INVESTIGATIONS/03_NORMALIZED_BY_ID/INV-138/INV-138_SHA256.txt,1005,0d21ad6105e1dfba61a7e990dcbcc568a317e7fb01f45c8e679ae765a76fdd97
02_MASTER_EVIDENCE_BASE/03_INVESTIGATIONS/03_NORMALIZED_BY_ID/INV-139/INV-139_RECOVERY_HANDOFF.md,3940,4f1519ff60088529dcb42bed830fc5df8c8aa2218063e3dcb73f8e0d11a8405a
02_MASTER_EVIDENCE_BASE/03_INVESTIGATIONS/03_NORMALIZED_BY_ID/INV-140/INV-140_RECOVERY_HANDOFF.md,3023,aec894571a3eee531ea92bd386da1ecb664e9a7bd27c82ee2a73b330f26cb083
02_MASTER_EVIDENCE_BASE/03_INVESTIGATIONS/03_NORMALIZED_BY_ID/INV-141/INV-141.md,57651,8e8676060f13f45c52fd2310e512a83d3536547c999dc46ee995a26616b9021d
02_MASTER_EVIDENCE_BASE/03_INVESTIGATIONS/03_NORMALIZED_BY_ID/INV-141/INV-141_RUN_HANDOFF.md,1852,98f326e53fb15de5aca4ee9167baa951e6f27ec34d19c3379426bf691288acf0
02_MASTER_EVIDENCE_BASE/03_INVESTIGATIONS/03_NORMALIZED_BY_ID/INV-142/INV-142.md,64182,2178976ff4badaf6562165bb4daacfb0ad5665dc4bbba23c364d5b1d9590ac3d
02_MASTER_EVIDENCE_BASE/03_INVESTIGATIONS/03_NORMALIZED_BY_ID/INV-142/INV-142_RUN_HANDOFF.md,1703,e456020e4cd9ff6e9d3237181589e150354759a789f3bebfc186975af6bad6fc
02_MASTER_EVIDENCE_BASE/03_INVESTIGATIONS/03_NORMALIZED_BY_ID/INV-143/2026-09-08_06-18_institutional-election-timing_CERTIFICATION.json,603,b29dcb80bec4e29c6509780fdbedbcf748ac78a859675c8296f838d3ed89275c
02_MASTER_EVIDENCE_BASE/03_INVESTIGATIONS/03_NORMALIZED_BY_ID/INV-143/2026-09-08_06-18_institutional-election-timing_INPUT.md,1975,cf3003c7e6cd5417bc8acbe7922ca3245d7aea97fee906d5e709b02ac0855fb8
02_MASTER_EVIDENCE_BASE/03_INVESTIGATIONS/03_NORMALIZED_BY_ID/INV-143/2026-09-08_06-18_institutional-election-timing_MNEMO_SNAPSHOT.json,18810,4b0bdf7d3f201236fb656e55832a81385ece0a7d754f06abc8c79cad5aa07d66
02_MASTER_EVIDENCE_BASE/03_INVESTIGATIONS/03_NORMALIZED_BY_ID/INV-143/2026-09-08_06-18_institutional-election-timing_NARRATIVE.tmp.md,10078,25ad07f72cf779b120af08afab3ec7139f76fb60420f272e8d06676efde54256
02_MASTER_EVIDENCE_BASE/03_INVESTIGATIONS/03_NORMALIZED_BY_ID/INV-143/2026-09-08_06-18_institutional-election-timing_RUN_STATE.json,65668,510e89bf2c546e3baaf1559e5a78a7174d0622379a5846071eece99ada0aacd8
02_MASTER_EVIDENCE_BASE/03_INVESTIGATIONS/03_NORMALIZED_BY_ID/INV-143/INV-143.md,73423,7bd52e8ce923565a55b3157de5b21332b6f39837dc5ee7b2c15502de05b31e30
02_MASTER_EVIDENCE_BASE/03_INVESTIGATIONS/03_NORMALIZED_BY_ID/INV-143/INV-143_RUN_HANDOFF.md,2404,4189a0ba0643aff7ca2229584106c1956d066a6d2fb64b62b5c196538f03d72f
02_MASTER_EVIDENCE_BASE/03_INVESTIGATIONS/03_NORMALIZED_BY_ID/INV-144/INV-144.md,10094,61bae983b3aa9d09aded345166d9a1edced884fe4a2c379468c916f8af01c9f0
02_MASTER_EVIDENCE_BASE/03_INVESTIGATIONS/03_NORMALIZED_BY_ID/INV-144/INV-144_RUN_HANDOFF.md,1606,6c1e8e83c1a8962ac7a54f7f9f7c45bf7ccf54adf146a7e418d338f10ec78c41
02_MASTER_EVIDENCE_BASE/03_INVESTIGATIONS/03_NORMALIZED_BY_ID/INV-145/INV-145_BUNDLE.zip,45912,fc9a2513f91347e1ef2fc7e4975edca3aa77e469005c00e5435b9af6c3ca815a
02_MASTER_EVIDENCE_BASE/03_INVESTIGATIONS/03_NORMALIZED_BY_ID/INV-145/INV-145_CERTIFICATION.json,626,1f8c86a3884f57bebe813807eeaecce4f87871660064d781babf77c8bbf220e4
02_MASTER_EVIDENCE_BASE/03_INVESTIGATIONS/03_NORMALIZED_BY_ID/INV-145/INV-145_INVESTIGATION.md,62513,2bc95a3d85ae5b0d7abda185b350067600ca3bd8e544d10a942f157940ac0c5a
02_MASTER_EVIDENCE_BASE/03_INVESTIGATIONS/03_NORMALIZED_BY_ID/INV-145/INV-145_MNEMO_SNAPSHOT.json,11405,447d8e54218025c4366dd26732b367124025d1332ec977e064ce0281f9b3c631
02_MASTER_EVIDENCE_BASE/03_INVESTIGATIONS/03_NORMALIZED_BY_ID/INV-145/INV-145_NARRATIVE.tmp.md,8222,9d35e65297f885ae9c5b11ca293652b0cd90aa92d8f10ecfcd0cdf9d93be82e4
02_MASTER_EVIDENCE_BASE/03_INVESTIGATIONS/03_NORMALIZED_BY_ID/INV-145/INV-145_POST_RUN_REVIEW.md,2884,4a65d3d8ee5da97fb1556cc39a82ff3cd66521b80c95a5b0f29f30d0ffe4461f
02_MASTER_EVIDENCE_BASE/03_INVESTIGATIONS/03_NORMALIZED_BY_ID/INV-145/INV-145_RUN_CARD.md,2017,71922fc117f2e36bfe0ae71bc90f74050b5d1c011abef1eca1def5dae945f591
02_MASTER_EVIDENCE_BASE/03_INVESTIGATIONS/03_NORMALIZED_BY_ID/INV-145/INV-145_RUN_HANDOFF.md,2885,e1987224267601dc9d8ea84bbf33137cd9d2df7b0b348484cb26e7be6a085aee
02_MASTER_EVIDENCE_BASE/03_INVESTIGATIONS/03_NORMALIZED_BY_ID/INV-145/INV-145_RUN_STATE.json,53774,9707155b75bafda6d2173e04ab5362af9f2352b0202bf2f921713713a7e999f2
02_MASTER_EVIDENCE_BASE/03_INVESTIGATIONS/03_NORMALIZED_BY_ID/INV-145/INV-145_SHA256.txt,809,c92a3720d47da2b7c2c2d20df814dfc6460fbf87fa746c316cb48965c23d469c
02_MASTER_EVIDENCE_BASE/03_INVESTIGATIONS/03_NORMALIZED_BY_ID/INV-146/INV-139_RECOVERY_HANDOFF.md,3940,4f1519ff60088529dcb42bed830fc5df8c8aa2218063e3dcb73f8e0d11a8405a
02_MASTER_EVIDENCE_BASE/03_INVESTIGATIONS/03_NORMALIZED_BY_ID/INV-146/INV-140_RECOVERY_HANDOFF.md,3023,aec894571a3eee531ea92bd386da1ecb664e9a7bd27c82ee2a73b330f26cb083
02_MASTER_EVIDENCE_BASE/03_INVESTIGATIONS/03_NORMALIZED_BY_ID/INV-146/INV-146_BUNDLE.zip,20438,7ebd342ea57c31af3aba1fde7db9c63db89e7f25b0d96d726e8e0dce9164f6b5
02_MASTER_EVIDENCE_BASE/03_INVESTIGATIONS/03_NORMALIZED_BY_ID/INV-146/INV-146_CERTIFICATION.json,1114,6726d48d2ccae389894d357b9b89abbe1b511f6d8d821d0e934b2615c68503d8
02_MASTER_EVIDENCE_BASE/03_INVESTIGATIONS/03_NORMALIZED_BY_ID/INV-146/INV-146_POST_RUN_REVIEW.md,4020,b0f59fa38682fa1d09eb13c7e5ed2fe0bf8a4c727a54ccd68778ad6bc90376a9
02_MASTER_EVIDENCE_BASE/03_INVESTIGATIONS/03_NORMALIZED_BY_ID/INV-146/INV-146_RUN_HANDOFF.md,3425,fa9d75722e36f42fe74febe2f06f0f7144143a601fb45873115230f9ff6d4889
02_MASTER_EVIDENCE_BASE/03_INVESTIGATIONS/03_NORMALIZED_BY_ID/INV-146/INV-146_SHA256.txt,740,7f9cec09d26530ff5ac0e4d3ab9bf92953dff50f2e348ac6c0c356f269281fbc
02_MASTER_EVIDENCE_BASE/03_INVESTIGATIONS/03_NORMALIZED_BY_ID/INV-146/INV-146_SYNTHESIS.md,19289,9cf2a68c467cdc3a850e4494bda6b32044ee4f003d4623f4b161a62624bd3f8b
02_MASTER_EVIDENCE_BASE/03_INVESTIGATIONS/03_NORMALIZED_BY_ID/INV-146/INV-146_SYNTHESIS_CARD.md,3091,6f45981cbb617c7f923f31fe99271df6c048ef9276582f96e2413f1fcb2cd667
02_MASTER_EVIDENCE_BASE/03_INVESTIGATIONS/03_NORMALIZED_BY_ID/INV-146/INV-146_SYNTHESIS_INPUT_GATE.md,3184,7c561d2499508e92cc3202049deb6c17309b1ad7de21c6b088a516ca54712d76
02_MASTER_EVIDENCE_BASE/03_INVESTIGATIONS/03_NORMALIZED_BY_ID/INV-147/INV-147_CERTIFICATION.json,591,691bfa196db7189d13d4225471d03b41c764678f848e55e223d0c80ff042affe
02_MASTER_EVIDENCE_BASE/03_INVESTIGATIONS/03_NORMALIZED_BY_ID/INV-147/INV-147_DELIVERY_GATE.json,590,153bcd27084eda824964d0d29ad739da9966c839043d86f0829aaca6fcdcc0d4
02_MASTER_EVIDENCE_BASE/03_INVESTIGATIONS/03_NORMALIZED_BY_ID/INV-147/INV-147_INVESTIGATION.md,56324,791ecce8ecccc4e9b37aad3b58ccf2bacb5861de60fefeb116f9a01e053ae96a
02_MASTER_EVIDENCE_BASE/03_INVESTIGATIONS/03_NORMALIZED_BY_ID/INV-147/INV-147_PRE_GATE.json,585,7ab9c14e7ef21089f2808bc14cd0d1d6d41bff55e9edfd668f75713ddca6f709
02_MASTER_EVIDENCE_BASE/03_INVESTIGATIONS/03_NORMALIZED_BY_ID/INV-147/INV-147_RUN_HANDOFF.md,5067,16939bfcfb3bfd441029b65434eb7c230c3f2b45a67edc516b19d09f5e1ee575
02_MASTER_EVIDENCE_BASE/03_INVESTIGATIONS/03_NORMALIZED_BY_ID/INV-147/INV-147_RUN_STATE.json,54075,6ecab0a8377a702d1fbebc6f811ead443b68637f43bd9885c858b910cab677e2
02_MASTER_EVIDENCE_BASE/03_INVESTIGATIONS/CANONICAL_6_GAPS_PRIMARY_CASE.csv,8630,7ff6bc677ce105f877b80d0445825527bc54417557ca0a63a692b78ca75231d0
02_MASTER_EVIDENCE_BASE/03_INVESTIGATIONS/DIRECT_CONTROL/INV-001-R1_REPLAY.md,2900,c3b02fe75ee3ccd0804ac9ab420489b1b7af7710b7aa9920aa00a4f626ed1105
02_MASTER_EVIDENCE_BASE/03_INVESTIGATIONS/DIRECT_CONTROL/INV-002_REPORT.md,12301,f4de1fac8ea62469b00987cc8461e2bc702b98b66a501f0fb6c930f7dcd5503b
02_MASTER_EVIDENCE_BASE/03_INVESTIGATIONS/DIRECT_CONTROL/METHOD_PACK.md,10418,845ce64c23f1ad4184dc1cb016b90bf694f56dc65df16d36d26085d07201439d
02_MASTER_EVIDENCE_BASE/03_INVESTIGATIONS/DIRECT_RECOVERED_HANDOFFS/INV-010_RUN_HANDOFF.md,2842,98ab3ccd5806547ffa3e0783c9486047d6fa02de01123162c3bb573da49c7bef
02_MASTER_EVIDENCE_BASE/03_INVESTIGATIONS/DIRECT_RECOVERED_HANDOFFS/INV-011_RUN_HANDOFF.md,3513,5ea4d64db55b0ce39d3ed2bbc6cbbc3c3b07fd3cf39fa605685f7606b37d6a4b
02_MASTER_EVIDENCE_BASE/03_INVESTIGATIONS/DIRECT_RECOVERED_HANDOFFS/INV-012_RUN_HANDOFF.md,1905,e5fd7fa9b4d13e73a2f9f14418c086751c4ed6f313afe99d0ea483e4be615396
02_MASTER_EVIDENCE_BASE/03_INVESTIGATIONS/DIRECT_RECOVERED_HANDOFFS/INV-013_RUN_HANDOFF.md,3913,d96a84e8243169abd5b2c58ea9ea2a8c062e627433e8d4850f98b3056006854d
02_MASTER_EVIDENCE_BASE/03_INVESTIGATIONS/DIRECT_RECOVERED_HANDOFFS/INV-014_RUN_HANDOFF.md,3072,50ce7bf024113125c6f2058fb78780dd5cfa32ec2d7147c3c28db38ae6bb54d9
02_MASTER_EVIDENCE_BASE/03_INVESTIGATIONS/DIRECT_RECOVERED_HANDOFFS/INV-015_RUN_HANDOFF.md,2953,db01166e3c5ecc274633c22d6e707ed17461d40aec2b03eaae3b0553f624cd31
02_MASTER_EVIDENCE_BASE/03_INVESTIGATIONS/DIRECT_RECOVERED_HANDOFFS/INV-016_RUN_HANDOFF.md,3328,ba72ebf222c756a256a208234bed3d9e2b25e83771cce0257f547252fb60166b
02_MASTER_EVIDENCE_BASE/03_INVESTIGATIONS/DIRECT_RECOVERED_HANDOFFS/INV-017_RUN_HANDOFF.md,4222,721166f78b6fc4a851f52ede8d46ea2160063b06425d87560d78c8ca2cda51ef
02_MASTER_EVIDENCE_BASE/03_INVESTIGATIONS/DIRECT_RECOVERED_HANDOFFS/INV-018_RUN_HANDOFF.md,1773,f9e6ab9a87f93fb79ee879c84e96ea6bc9de8459a5f9af78851277f868391da7
02_MASTER_EVIDENCE_BASE/03_INVESTIGATIONS/DIRECT_RECOVERED_HANDOFFS/INV-019_RUN_HANDOFF.md,2438,c72fff3b19b5ab1b2bd36b064544c1a3635f42e3d30b99c8c225e616f1d76c9b
02_MASTER_EVIDENCE_BASE/03_INVESTIGATIONS/DIRECT_RECOVERED_HANDOFFS/INV-021_RUN_HANDOFF.md,4935,b0d39c25d01137befba1657c01d41c9d110715e66fad76a0d219d7c5cd830825
02_MASTER_EVIDENCE_BASE/03_INVESTIGATIONS/DIRECT_RECOVERED_HANDOFFS/INV-022_RUN_HANDOFF.md,5292,23728306a8c672f7ed4b31f7e8c668676a16dcb6a295716df25697855d03ebe0
02_MASTER_EVIDENCE_BASE/03_INVESTIGATIONS/DIRECT_RECOVERED_HANDOFFS/INV-023_RUN_HANDOFF.md,5660,defda8829828ff9b8bd85fd99887da2f75b5d01c79cbb90f2dedb7d55ec810b1
02_MASTER_EVIDENCE_BASE/03_INVESTIGATIONS/DIRECT_RECOVERED_HANDOFFS/INV-025_RUN_HANDOFF.md,3756,53c7f49ab0020f83cdc2ddfc4fa2f87af61011044ebb884bfc90f424cbb7de0d
02_MASTER_EVIDENCE_BASE/03_INVESTIGATIONS/DIRECT_RECOVERED_HANDOFFS/INV-026_RUN_HANDOFF.md,3144,bf70cae7b998ae0aa16949f1f12cb8258d4d4de9527316832b9cb398531ae4cb
02_MASTER_EVIDENCE_BASE/03_INVESTIGATIONS/DIRECT_RECOVERED_HANDOFFS/INV-027_RUN_HANDOFF.md,3701,4f5f3e49e73d863a66bcf8a228cc93005b57e22ca07e46cffa4991b040cde3f8
02_MASTER_EVIDENCE_BASE/03_INVESTIGATIONS/DIRECT_RECOVERED_HANDOFFS/INV-028_RUN_HANDOFF.md,3672,4ba6f5f56688585cbd83d323ad16676e615a881434d3849b4ea6d0cd26def8d0
02_MASTER_EVIDENCE_BASE/03_INVESTIGATIONS/DIRECT_RECOVERED_HANDOFFS/INV-029_RUN_HANDOFF.md,2764,893fdc5fc47202de0c22b362eca6dc7586b52edf0262274c6dd93884693be6c0
02_MASTER_EVIDENCE_BASE/03_INVESTIGATIONS/DIRECT_RECOVERED_HANDOFFS/INV-030_RUN_HANDOFF.md,3921,b3366c5aef1e512fa479bcf819fc0ad87ec86aa93af76b5452be2878d3bb1bf8
02_MASTER_EVIDENCE_BASE/03_INVESTIGATIONS/DIRECT_RECOVERED_HANDOFFS/INV-033_RUN_HANDOFF.md,2430,a33fa3cb614d41e2c2ac4319f2081bfaa210f7f556997cc853ac81a5b5549ebb
02_MASTER_EVIDENCE_BASE/03_INVESTIGATIONS/DIRECT_RECOVERED_HANDOFFS/INV-036_RUN_HANDOFF.md,3717,24381e87846ca89bd5446739a061ed75198483c2a3da27b67882a89f83d84485
02_MASTER_EVIDENCE_BASE/03_INVESTIGATIONS/DIRECT_RECOVERED_HANDOFFS/INV-037_RUN_HANDOFF.md,3004,a48f909396f4272cea5c9743915743d4f8b9d7ab4086e1b0ce4377f4166c93a5
02_MASTER_EVIDENCE_BASE/03_INVESTIGATIONS/DIRECT_RECOVERED_HANDOFFS/INV-039_RUN_HANDOFF.md,3796,f161f85f3b3e4ac598054a114b461a01b480ef2fb646c39112e3ff7df8733748
02_MASTER_EVIDENCE_BASE/03_INVESTIGATIONS/DIRECT_RECOVERED_HANDOFFS/INV-041_RUN_HANDOFF.md,3932,755ca22180fafb8699be5da76c9ebd24d62e5ed39d17312906942491763342f9
02_MASTER_EVIDENCE_BASE/03_INVESTIGATIONS/DIRECT_RECOVERED_HANDOFFS/INV-042_RUN_HANDOFF.md,3320,ee30ab176cfb9f73b9f225cb9ff05d0d994d3913f667954800580c20ccb87925
02_MASTER_EVIDENCE_BASE/03_INVESTIGATIONS/DIRECT_RECOVERED_HANDOFFS/INV-043_RUN_HANDOFF.md,4027,f9a2ef582d9a35ca8b7de6dfefeaf578dacac1544834a7a4cbb4ee2ba14f3ac9
02_MASTER_EVIDENCE_BASE/03_INVESTIGATIONS/DIRECT_RECOVERED_HANDOFFS/INV-044_RUN_HANDOFF.md,1737,e85cbeebba1a91a9a084b1ed811144dee0e9db755c867b30fd0b5ae2ecf1fda1
02_MASTER_EVIDENCE_BASE/03_INVESTIGATIONS/DIRECT_RECOVERED_HANDOFFS/INV-045_RUN_HANDOFF.md,2228,dceb321e6ed9d0f0e13be5d6cd7a12cfacbdda929b2ec10c0a83eaa70088cc01
02_MASTER_EVIDENCE_BASE/03_INVESTIGATIONS/DIRECT_RECOVERED_HANDOFFS/INV-046_RUN_HANDOFF.md,2877,eb957002612d086217cba34030f91e3b867844744ad07a9811e06aabb9359b12
02_MASTER_EVIDENCE_BASE/03_INVESTIGATIONS/DIRECT_RECOVERED_HANDOFFS/INV-047_RUN_HANDOFF.md,4724,117e7b67c5ad6c68fc006ca02c7991665b9b561bc5ede80f942ddb9cca492533
02_MASTER_EVIDENCE_BASE/03_INVESTIGATIONS/DIRECT_RECOVERED_HANDOFFS/INV-048_RUN_HANDOFF.md,3435,02ae047dac6d31df1353295080acb7130200919098357b5af1fbca5af5c4a3a2
02_MASTER_EVIDENCE_BASE/03_INVESTIGATIONS/DIRECT_RECOVERED_HANDOFFS/INV-049_RUN_HANDOFF.md,2398,53b700412f23822520263f58965856384a77fa82053df12fc2d5ea6671830bfa
02_MASTER_EVIDENCE_BASE/03_INVESTIGATIONS/DIRECT_RECOVERED_HANDOFFS/INV-051_RUN_HANDOFF.md,3222,b11e8dee775ff460c6e4465c9afff31892c4d1b4f2ab34e3902944f6379a10e0
02_MASTER_EVIDENCE_BASE/03_INVESTIGATIONS/DIRECT_RECOVERED_HANDOFFS/INV-053_RUN_HANDOFF.md,2930,fb2e4daf5d4dc5aa473f5a661388d34c3783a82f3549b2327353d873c038f094
02_MASTER_EVIDENCE_BASE/03_INVESTIGATIONS/DIRECT_RECOVERED_HANDOFFS/INV-054_RUN_HANDOFF.md,2661,64c37752d4c1dd713f6143766d652b8c6fe39981e603fcc2854d9cb71d574c1a
02_MASTER_EVIDENCE_BASE/03_INVESTIGATIONS/DIRECT_RECOVERED_HANDOFFS/INV-056_RUN_HANDOFF.md,1723,58fed8118644f023e532a2b8caaa5171f5d2de322678aa15dcbced8dfa095f1b
02_MASTER_EVIDENCE_BASE/03_INVESTIGATIONS/DIRECT_RECOVERED_HANDOFFS/INV-057_RUN_HANDOFF.md,3576,ccf6fb7ae7f4d3ccd80bf3c17c22c24197d77ae991ac294a723289d9f0447136
02_MASTER_EVIDENCE_BASE/03_INVESTIGATIONS/DIRECT_RECOVERED_HANDOFFS/INV-059_RUN_HANDOFF.md,1816,845d2d2e14d0113d4fea5dc6a9b3d7cf601684ba7e19e8e6ecf9d54f2a4058c7
02_MASTER_EVIDENCE_BASE/03_INVESTIGATIONS/DIRECT_RECOVERED_HANDOFFS/INV-061_RUN_HANDOFF.md,3369,813cd846510520e203eb8d8d7b6c11bc3038b2387dfaea7d6490839926cf26c0
02_MASTER_EVIDENCE_BASE/03_INVESTIGATIONS/DIRECT_RECOVERED_HANDOFFS/INV-062_RUN_HANDOFF.md,3773,ff8c52095e6353afcab4db2c226362d72014307be52f53f4ca833117de358560
02_MASTER_EVIDENCE_BASE/03_INVESTIGATIONS/DIRECT_RECOVERED_HANDOFFS/INV-063_RUN_HANDOFF.md,3905,e4aa5123897bac2249ef2ff417b37f82f850e7eaf55078057532aa4989007335
02_MASTER_EVIDENCE_BASE/03_INVESTIGATIONS/DIRECT_RECOVERED_HANDOFFS/INV-064_RUN_HANDOFF.md,3758,b640f9d3db3bbbffc11ce25c641337a78cb86eb2990b564f19db6086edccf5af
02_MASTER_EVIDENCE_BASE/03_INVESTIGATIONS/DIRECT_RECOVERED_HANDOFFS/INV-065_RUN_HANDOFF.md,3647,77e5c74246009f39c29e69e5e8fa89af9190431a8674708d6bf2d46ae6e510eb
02_MASTER_EVIDENCE_BASE/03_INVESTIGATIONS/DIRECT_RECOVERED_HANDOFFS/INV-066_RUN_HANDOFF.md,3829,cb886e3c3e41a2ab8cd0190f47a6f2fecbeb47ddd9240fce20540447bc142d8f
02_MASTER_EVIDENCE_BASE/03_INVESTIGATIONS/DIRECT_RECOVERED_HANDOFFS/INV-067_RUN_HANDOFF.md,3421,491e2462883df117ac08e8d27eba9f6b9c5315d51f37cf60bc711630da7af532
02_MASTER_EVIDENCE_BASE/03_INVESTIGATIONS/DIRECT_RECOVERED_HANDOFFS/INV-069_RUN_HANDOFF.md,1758,1d92538236ec5013049116c6e3a3f2b3b561977decff76cba35af3850eb36ff8
02_MASTER_EVIDENCE_BASE/03_INVESTIGATIONS/DIRECT_RECOVERED_HANDOFFS/INV-070_RUN_HANDOFF.md,3110,cdb0b841de1ae2450eb3c71699a8f18e5fdd15377ccbc1ca9cac39fe6577d837
02_MASTER_EVIDENCE_BASE/03_INVESTIGATIONS/DIRECT_RECOVERED_HANDOFFS/INV-071_RUN_HANDOFF.md,3228,40a5c487ae9f5367cd68895cc24b8d18fd90bf66e4f4d960e9164c2585309879
02_MASTER_EVIDENCE_BASE/03_INVESTIGATIONS/DIRECT_RECOVERED_HANDOFFS/INV-072_RUN_HANDOFF.md,4260,84bd7a9bb42b360015dce03253894b321aec0414c007b14947ac660091fa2db4
02_MASTER_EVIDENCE_BASE/03_INVESTIGATIONS/DIRECT_RECOVERED_HANDOFFS/INV-073_RUN_HANDOFF.md,1740,c6dd70c432227a9848af85f33b2945ffab61c89f5243fa628653d8da39664572
02_MASTER_EVIDENCE_BASE/03_INVESTIGATIONS/DIRECT_RECOVERED_HANDOFFS/INV-074_RUN_HANDOFF.md,3803,0dd8408e1a3def70e7b1d68fa17cc12c37625221a9b5b07a4bbf3499268a9bbb
02_MASTER_EVIDENCE_BASE/03_INVESTIGATIONS/DIRECT_RECOVERED_HANDOFFS/INV-075_RUN_HANDOFF.md,3132,064fd35d2b7328ed7c8e590decfaf7b095d40487c6f64dbc29525cf6906d0db6
02_MASTER_EVIDENCE_BASE/03_INVESTIGATIONS/DIRECT_RECOVERED_HANDOFFS/INV-076_RUN_HANDOFF.md,3531,771b4fcd632f121e1cdccc30a9303123bfd585d7955d40068b49f57e23673111
02_MASTER_EVIDENCE_BASE/03_INVESTIGATIONS/DIRECT_RECOVERED_HANDOFFS/INV-077_RUN_HANDOFF.md,3279,ef05173c09f583d7fc118bf7f727fc719f09851b0708df6e3b095c3de178cf49
02_MASTER_EVIDENCE_BASE/03_INVESTIGATIONS/DIRECT_RECOVERED_HANDOFFS/INV-078_RUN_HANDOFF.md,2188,820b5052c0c05b1e60f1cb07524d0f9674e0b0a41f1175a398e183bc01ecd115
02_MASTER_EVIDENCE_BASE/03_INVESTIGATIONS/DIRECT_RECOVERED_HANDOFFS/INV-079_RUN_HANDOFF.md,2133,347ac9fc7596619782f4070151be540e793026e2bdc45325ce901139304a87d6
02_MASTER_EVIDENCE_BASE/03_INVESTIGATIONS/DIRECT_RECOVERED_HANDOFFS/INV-080_RUN_HANDOFF.md,1784,fdcb8afe0233186f15b7fbb8a1c3e157a3cb255078cc5423eed8c477f989a355
02_MASTER_EVIDENCE_BASE/03_INVESTIGATIONS/DIRECT_RECOVERED_HANDOFFS/INV-081_RUN_HANDOFF.md,3953,7ac635ec0f5e0726c2cd08bbf7c8d26dcc93daf688c6214ce4080a38bdb11a5f
02_MASTER_EVIDENCE_BASE/03_INVESTIGATIONS/DIRECT_RECOVERED_HANDOFFS/INV-084_RUN_HANDOFF.md,3259,e91978859578c16f797f7d21c77e44a3b600265928900ccdf1cd2355af6e7974
02_MASTER_EVIDENCE_BASE/03_INVESTIGATIONS/DIRECT_RECOVERED_HANDOFFS/INV-085_RUN_HANDOFF.md,2420,907c1e8bee0a4a740bdea31ea0e0fc9ec135297ea1547dc812d52fc1aed49273
02_MASTER_EVIDENCE_BASE/03_INVESTIGATIONS/DIRECT_RECOVERED_HANDOFFS/INV-087_RUN_HANDOFF.md,1347,9568fc6349237c10b61372e53cc9073324aa9dbeaf328f0c4eb0d60a6165d591
02_MASTER_EVIDENCE_BASE/03_INVESTIGATIONS/DIRECT_RECOVERED_HANDOFFS/INV-089_RUN_HANDOFF.md,1681,f55f6adbd79e856d180ecefcbec827830f60d2edf4fd987e04ead6253d93325d
02_MASTER_EVIDENCE_BASE/03_INVESTIGATIONS/DIRECT_RECOVERED_HANDOFFS/INV-090_RUN_HANDOFF.md,1882,aafa90efe1ca71f242054b2dec739cf474280f501e117c3fe4d6d657e4321d08
02_MASTER_EVIDENCE_BASE/03_INVESTIGATIONS/DIRECT_RECOVERED_HANDOFFS/INV-091_RUN_HANDOFF.md,1860,b722a7d3838c47ef0be6cb13bf8ca1b063eb84886492539332e8ada6806c6e19
02_MASTER_EVIDENCE_BASE/03_INVESTIGATIONS/DIRECT_RECOVERED_HANDOFFS/INV-092_RUN_HANDOFF.md,3937,cc70c2ee7a0098512ad81091483838a874a9427768bc957be1d0f9c86b1152e0
02_MASTER_EVIDENCE_BASE/03_INVESTIGATIONS/DIRECT_RECOVERED_HANDOFFS/INV-093_RUN_HANDOFF.md,2602,0b0feab1eab4df6e1799ac2bb16b7ad0d89bbfd9130fa886690c1e4c19c1b3d5
02_MASTER_EVIDENCE_BASE/03_INVESTIGATIONS/DIRECT_RECOVERED_HANDOFFS/INV-094_RUN_HANDOFF.md,2491,d89b413cf5fe2f76579596f8875556f04229a0c5debc7137ddaf3d8d9a5faf80
02_MASTER_EVIDENCE_BASE/03_INVESTIGATIONS/DIRECT_RECOVERED_HANDOFFS/INV-096_RUN_HANDOFF.md,1637,a0d11d332dd841506a408c45436fbc9d4b07092e1c102ff84b1c0e323e201f87
02_MASTER_EVIDENCE_BASE/03_INVESTIGATIONS/DIRECT_RECOVERED_HANDOFFS/INV-097_RUN_HANDOFF.md,2365,fb6019477f47e8976ce16620fad1eb177f16c85cbb1b101a5b767f94ba271d29
02_MASTER_EVIDENCE_BASE/03_INVESTIGATIONS/DIRECT_RECOVERED_HANDOFFS/INV-098_RUN_HANDOFF.md,2281,d3fd028f48ac3bba7ad6305d00887db5f73d0021734d1be279ccb018950f0c5a
02_MASTER_EVIDENCE_BASE/03_INVESTIGATIONS/DIRECT_RECOVERED_HANDOFFS/INV-099_RUN_HANDOFF.md,2190,2d6c454ecd3ed8af64cf61328461cd69ba7b227eff1dd40fe88e412b5771c1a4
02_MASTER_EVIDENCE_BASE/03_INVESTIGATIONS/DIRECT_RECOVERED_HANDOFFS/INV-100_RUN_HANDOFF.md,1524,aa8fb0bf28eb888c88e5c913703a9e5d008ab7dc73bd3e052e193dc98bd385e6
02_MASTER_EVIDENCE_BASE/03_INVESTIGATIONS/DIRECT_RECOVERED_HANDOFFS/INV-103_RUN_HANDOFF.md,3606,b5bfb845e9f5ee571f577313a973c6bf15556ef64ebe63b5829d20f3c45f873f
02_MASTER_EVIDENCE_BASE/03_INVESTIGATIONS/DIRECT_RECOVERED_HANDOFFS/INV-111_RUN_HANDOFF.md,2859,6926d8a7bcb0b0bf7a9e9cb0e3d5fddc9398118c98b949d58cd7b9f47fff8f7a
02_MASTER_EVIDENCE_BASE/03_INVESTIGATIONS/DIRECT_RECOVERED_HANDOFFS/INV-112_RUN_HANDOFF.md,3030,3e8783729ce6d1e63330a509cdf26043a1efcfe5110e2628085218e6a1190e3e
02_MASTER_EVIDENCE_BASE/03_INVESTIGATIONS/DIRECT_RECOVERED_HANDOFFS/INV-119_RUN_HANDOFF.md,4709,2ae552aa65bc3527c5d9cd1900ac41df1ab959bae5a9ddc187934bab330f3d19
02_MASTER_EVIDENCE_BASE/03_INVESTIGATIONS/DIRECT_RECOVERED_HANDOFFS/INV-120_RUN_HANDOFF.md,3335,cbf2277dd041b749c75d2f3d5425d561ef73f19db3ae1f31f08603abaa509b60
02_MASTER_EVIDENCE_BASE/03_INVESTIGATIONS/DIRECT_RECOVERED_HANDOFFS/INV-121_RUN_HANDOFF.md,3077,7637fed954f2368f4d929d866c4ab46741e5f79ab5c1b91f0c2019130f6781d4
02_MASTER_EVIDENCE_BASE/03_INVESTIGATIONS/DIRECT_RECOVERED_HANDOFFS/INV-122_RUN_HANDOFF.md,3016,6a087d28dfa41f6466bca744740ccb43a336630e93fa132bf767f89fb7b21468
02_MASTER_EVIDENCE_BASE/03_INVESTIGATIONS/DIRECT_RECOVERED_HANDOFFS/INV-124_RUN_HANDOFF.md,2287,9c77cc8bafdf50cb43bad1b99fa96a1347f5b205170b78ebebdf5bd2478a14b4
02_MASTER_EVIDENCE_BASE/03_INVESTIGATIONS/DIRECT_RECOVERED_HANDOFFS/INV-125_RUN_HANDOFF.md,3227,f3a42319fe6504421589f0a5856c94013d34f0f541d7cfceb4898d39b9d84c25
02_MASTER_EVIDENCE_BASE/03_INVESTIGATIONS/DIRECT_RECOVERED_HANDOFFS/INV-126_RUN_HANDOFF.md,3373,80178eb5a73f3cab427f2e5f68064ac8cc8c5aa1162b3643e900861872201604
02_MASTER_EVIDENCE_BASE/03_INVESTIGATIONS/DIRECT_RECOVERED_HANDOFFS/INV-127_RUN_HANDOFF.md,4345,1df04f65fe231d6622003cc287355719a10bd3d9a18b5b2ee4f450d495a80fd7
02_MASTER_EVIDENCE_BASE/03_INVESTIGATIONS/DIRECT_RECOVERED_HANDOFFS/INV-128_RUN_HANDOFF.md,4354,e6ebbe716642c098fccd8d02f7ebd4bb6677f8647b7022e530d0c83fbdfc977d
02_MASTER_EVIDENCE_BASE/03_INVESTIGATIONS/DIRECT_RECOVERED_HANDOFFS/INV-130_RUN_HANDOFF.md,5034,3c8bff38c670b740e936bb8fe8813ca69160f2ce6c0f9330dc8245e838ec9b80
02_MASTER_EVIDENCE_BASE/03_INVESTIGATIONS/DIRECT_RECOVERED_HANDOFFS/INV-131_RUN_HANDOFF.md,4924,cb41fa76b99a2e8a0b743c02a5600112b07079b3ea78bf151e34a6dad1aa0b62
02_MASTER_EVIDENCE_BASE/03_INVESTIGATIONS/DIRECT_RECOVERED_HANDOFFS/INV-132_RUN_HANDOFF.md,4232,8c562eaac0781514ebc237c2202b41284a9529f1e1bd33ee89db0edf67fd0673
02_MASTER_EVIDENCE_BASE/03_INVESTIGATIONS/DIRECT_RECOVERED_HANDOFFS/INV-134_RUN_HANDOFF.md,4677,86ecbc873978c6a375d21dd9f145f299f2ba3edd8460615d040034b459e7cd6a
02_MASTER_EVIDENCE_BASE/03_INVESTIGATIONS/DIRECT_RECOVERED_HANDOFFS/INV-135_RUN_HANDOFF.md,4587,656b7327adaeb9c776c276883292f54f4ff53d4d41607c14bd4a76532ca03187
02_MASTER_EVIDENCE_BASE/03_INVESTIGATIONS/DIRECT_RECOVERED_HANDOFFS/INV-136_RUN_HANDOFF.md,4311,89ec70a74acccd17ec08856f6d2368b124cc34ee354f6f8b0fd78acd86175f9b
02_MASTER_EVIDENCE_BASE/03_INVESTIGATIONS/DIRECT_RECOVERED_HANDOFFS/INV-137_RUN_HANDOFF.md,4644,ffe90b6162ddec2d94bd84cf90fadaa18829b18ff6ce03c6f32970ea9092a85f
02_MASTER_EVIDENCE_BASE/03_INVESTIGATIONS/DIRECT_RECOVERED_HANDOFFS/INV-138_RUN_HANDOFF.md,3725,33cf00cd572c2109187d853d87848aa22c0d81371fdbfcc089e3a085d8551845
02_MASTER_EVIDENCE_BASE/03_INVESTIGATIONS/DIRECT_RECOVERED_HANDOFFS/INV-141_RUN_HANDOFF.md,1852,98f326e53fb15de5aca4ee9167baa951e6f27ec34d19c3379426bf691288acf0
02_MASTER_EVIDENCE_BASE/03_INVESTIGATIONS/DIRECT_RECOVERED_HANDOFFS/INV-142_RUN_HANDOFF.md,1703,e456020e4cd9ff6e9d3237181589e150354759a789f3bebfc186975af6bad6fc
02_MASTER_EVIDENCE_BASE/03_INVESTIGATIONS/DIRECT_RECOVERED_HANDOFFS/INV-143_RUN_HANDOFF.md,2404,4189a0ba0643aff7ca2229584106c1956d066a6d2fb64b62b5c196538f03d72f
02_MASTER_EVIDENCE_BASE/03_INVESTIGATIONS/DIRECT_RECOVERED_HANDOFFS/INV-145_RUN_HANDOFF.md,2885,e1987224267601dc9d8ea84bbf33137cd9d2df7b0b348484cb26e7be6a085aee
02_MASTER_EVIDENCE_BASE/03_INVESTIGATIONS/DIRECT_RECOVERED_HANDOFFS/INV-147_RUN_HANDOFF.md,5067,16939bfcfb3bfd441029b65434eb7c230c3f2b45a67edc516b19d09f5e1ee575
02_MASTER_EVIDENCE_BASE/03_INVESTIGATIONS/DIRECT_RECOVERED_INVESTIGATIONS/2026-09-08_05-09_vote-buying-clientelism_INVESTIGATION.md,74383,079d75fefa898d51f03740e1887e6e6bc6bf7ceb823dcb77c8cb7aacc27e9e53
02_MASTER_EVIDENCE_BASE/03_INVESTIGATIONS/DIRECT_RECOVERED_INVESTIGATIONS/2026-09-08_05-54_electoral-fraud-claims_INVESTIGATION.md,71975,8ccc120b67a3163eac81d312bf5bd96a9de9f32facaaf24b260b1e6e475ce5de
02_MASTER_EVIDENCE_BASE/03_INVESTIGATIONS/DIRECT_RECOVERED_INVESTIGATIONS/2026-09-08_06-18_institutional-election-timing_INVESTIGATION.md,73423,7bd52e8ce923565a55b3157de5b21332b6f39837dc5ee7b2c15502de05b31e30
02_MASTER_EVIDENCE_BASE/03_INVESTIGATIONS/DIRECT_RECOVERED_INVESTIGATIONS/2026-09-08_08-07_political-microtargeting_INVESTIGATION.md,65548,39167cd27a9357fd67eb541cf5003a48c227f6d1bc15c40905e4be0cb8cd03a9
02_MASTER_EVIDENCE_BASE/03_INVESTIGATIONS/DIRECT_RECOVERED_INVESTIGATIONS/2026-09-08_15-35_spyware-political-compromise_INVESTIGATION.md,57651,8e8676060f13f45c52fd2310e512a83d3536547c999dc46ee995a26616b9021d
02_MASTER_EVIDENCE_BASE/03_INVESTIGATIONS/DIRECT_RECOVERED_INVESTIGATIONS/2026-09-08_17-22_hidden-sponsored-content_INVESTIGATION.md,64182,2178976ff4badaf6562165bb4daacfb0ad5665dc4bbba23c364d5b1d9590ac3d
02_MASTER_EVIDENCE_BASE/03_INVESTIGATIONS/DIRECT_RECOVERED_INVESTIGATIONS/2026-09-08_22-40_algorithmic-political-exposure_INVESTIGATION.md,68011,1e64402c22b4daa16a3ce5963cc1626b5fb42a46cf681b8b1f86006ca4433bf1
02_MASTER_EVIDENCE_BASE/03_INVESTIGATIONS/DIRECT_RECOVERED_INVESTIGATIONS/2026-09-09_04-23_bot-amplification-elections_INVESTIGATION.md,73227,59780a267b3e30f4a5f1bf7df6af8cfb2d559978fda1bd0ab9ad30b0d8f6f763
02_MASTER_EVIDENCE_BASE/03_INVESTIGATIONS/DIRECT_RECOVERED_INVESTIGATIONS/2026-09-09_04-49_poll-influence-elections_INVESTIGATION.md,74973,495820fe6036daf73840ba58f6897b3c1bdc6bd4995c17771372f1fabf36bca1
02_MASTER_EVIDENCE_BASE/03_INVESTIGATIONS/DIRECT_RECOVERED_INVESTIGATIONS/INV-010_INVESTIGATION.md,15542,0908338973d7e0afd68b7b1eb1c41c83f5afef95e3452f929bfdcc61ca182d34
02_MASTER_EVIDENCE_BASE/03_INVESTIGATIONS/DIRECT_RECOVERED_INVESTIGATIONS/INV-011_INVESTIGATION.md,61727,592d94573eb59ec81a0b033592adf7c9b7126c06c4e6dcb5062bf7ea415f10db
02_MASTER_EVIDENCE_BASE/03_INVESTIGATIONS/DIRECT_RECOVERED_INVESTIGATIONS/INV-012_INVESTIGATION.md,58299,405757e260e6ff0382660b013d0e8b5c4c930a0a5dfe7df01d5b8ff538aa25c4
02_MASTER_EVIDENCE_BASE/03_INVESTIGATIONS/DIRECT_RECOVERED_INVESTIGATIONS/INV-013_INVESTIGATION.md,66956,5908d4c9e1e02201600037ddeada24b00801b476f8d3e01c49b5053e46ec7f5f
02_MASTER_EVIDENCE_BASE/03_INVESTIGATIONS/DIRECT_RECOVERED_INVESTIGATIONS/INV-016_INVESTIGATION.md,44483,323d0a35b2479b8409c6dea1fcb5527bbf16584719264c178512e5a6ffe943e1
02_MASTER_EVIDENCE_BASE/03_INVESTIGATIONS/DIRECT_RECOVERED_INVESTIGATIONS/INV-017_INVESTIGATION.md,57953,fcd2e264395613a7141a58d67e47100691a28b7d916e8e4932c96101266e1158
02_MASTER_EVIDENCE_BASE/03_INVESTIGATIONS/DIRECT_RECOVERED_INVESTIGATIONS/INV-025_INVESTIGATION.md,67937,2069e2234c8ca336b96f4abf59ebd21a906bca7c9dd7f508b40d20c17f7918fd
02_MASTER_EVIDENCE_BASE/03_INVESTIGATIONS/DIRECT_RECOVERED_INVESTIGATIONS/INV-027_INVESTIGATION.md,51598,694e8094ae1fa158d36e180f7566411773974c76715424fa6ba265c2d36c7227
02_MASTER_EVIDENCE_BASE/03_INVESTIGATIONS/DIRECT_RECOVERED_INVESTIGATIONS/INV-028_INVESTIGATION.md,64842,ec95309f580365bea401e97404490d8c61835555956c59454f2e06c775f095e6
02_MASTER_EVIDENCE_BASE/03_INVESTIGATIONS/DIRECT_RECOVERED_INVESTIGATIONS/INV-033_INVESTIGATION.md,69673,6882743d76521abaf201035c2d0148116b76c0f3f28fc5bfb95595ea42e67a8e
02_MASTER_EVIDENCE_BASE/03_INVESTIGATIONS/DIRECT_RECOVERED_INVESTIGATIONS/INV-036_INVESTIGATION.md,70345,97f41a1371ea45a452783b64fea3908a5ca8d28475f17cb9793fe6033727910f
02_MASTER_EVIDENCE_BASE/03_INVESTIGATIONS/DIRECT_RECOVERED_INVESTIGATIONS/INV-039_INVESTIGATION.md,65855,ca5113fdeba13fe444538d3d76cc80227d811a50356a002398312d16e1838e8c
02_MASTER_EVIDENCE_BASE/03_INVESTIGATIONS/DIRECT_RECOVERED_INVESTIGATIONS/INV-043_INVESTIGATION.md,73090,35a6d5cf1ebf6e4d9562a912c084a5841c9825b4c5f57d2e4f0e4127d8b8db06
02_MASTER_EVIDENCE_BASE/03_INVESTIGATIONS/DIRECT_RECOVERED_INVESTIGATIONS/INV-045_INVESTIGATION.md,62938,11719a5534ab5311558ddcc7437165c91257d7f87ca76941463f4d2988565ed1
02_MASTER_EVIDENCE_BASE/03_INVESTIGATIONS/DIRECT_RECOVERED_INVESTIGATIONS/INV-047_INVESTIGATION.md,61180,2778bb3a1ff721ca2bf823ae5464a93be8bd60dae063b329e9c727f336066051
02_MASTER_EVIDENCE_BASE/03_INVESTIGATIONS/DIRECT_RECOVERED_INVESTIGATIONS/INV-049_INVESTIGATION.md,47271,f731e05757a6b8bcd0fcee1919677256790000e69f9243bb294704f4ca9d14d4
02_MASTER_EVIDENCE_BASE/03_INVESTIGATIONS/DIRECT_RECOVERED_INVESTIGATIONS/INV-053_INVESTIGATION.md,42820,354d2135419166a77df2faae2981f0641bbb25342ee1aa4fb4ea371dd47301a2
02_MASTER_EVIDENCE_BASE/03_INVESTIGATIONS/DIRECT_RECOVERED_INVESTIGATIONS/INV-054_INVESTIGATION.md,68354,9b02a7b42d2289c9ea2e2b0d47481f091a4bccc35118d0448f9620ab8b409c03
02_MASTER_EVIDENCE_BASE/03_INVESTIGATIONS/DIRECT_RECOVERED_INVESTIGATIONS/INV-062_INVESTIGATION.md,65570,8c58fa3eeb46abff302beb87005aee0af48bb29ec88644b83a8707b4cae2f17b
02_MASTER_EVIDENCE_BASE/03_INVESTIGATIONS/DIRECT_RECOVERED_INVESTIGATIONS/INV-066_INVESTIGATION.md,66525,cc621f6ff8b6bb97895c632fb6228b27b4fa09dbf62c67979cebc6bc7f7fb8ad
02_MASTER_EVIDENCE_BASE/03_INVESTIGATIONS/DIRECT_RECOVERED_INVESTIGATIONS/INV-070_INVESTIGATION.md,61618,a4ed56cc3aa7a7428e51172fd2ab1c51b223186a5ea33461bffe4a6b290385c3
02_MASTER_EVIDENCE_BASE/03_INVESTIGATIONS/DIRECT_RECOVERED_INVESTIGATIONS/INV-071_INVESTIGATION.md,50434,cc0063eb57f6b95f1589cb9d50f81a603bec0415b5069109c4855bdb76f5e810
02_MASTER_EVIDENCE_BASE/03_INVESTIGATIONS/DIRECT_RECOVERED_INVESTIGATIONS/INV-074_INVESTIGATION.md,63521,492876e943a1a7bc2839d5b46a8ce869dd65c3733fdb01170e9b3f4fa0de4b79
02_MASTER_EVIDENCE_BASE/03_INVESTIGATIONS/DIRECT_RECOVERED_INVESTIGATIONS/INV-076_INVESTIGATION.md,60879,9c1ca6b8a99d451745edd6fdd39163862c2129504413f9289f0da0d0c7a99a07
02_MASTER_EVIDENCE_BASE/03_INVESTIGATIONS/DIRECT_RECOVERED_INVESTIGATIONS/INV-081_INVESTIGATION.md,55747,0fc4ee6583cdc16a5f02801795f0248c30baa437239d48871390f527f478238c
02_MASTER_EVIDENCE_BASE/03_INVESTIGATIONS/DIRECT_RECOVERED_INVESTIGATIONS/INV-084_INVESTIGATION.md,55759,93f63eb197e2e68f23227606f6d9c9183f1e79d4d006ecd3ed3c1d7b995a7137
02_MASTER_EVIDENCE_BASE/03_INVESTIGATIONS/DIRECT_RECOVERED_INVESTIGATIONS/INV-085_INVESTIGATION.md,58329,890ac7ef2a9412345910d8a638843189979c788f1754f80cff14b2c4c2b1629f
02_MASTER_EVIDENCE_BASE/03_INVESTIGATIONS/DIRECT_RECOVERED_INVESTIGATIONS/INV-092_INVESTIGATION.md,64326,34b10ad348129aebddda129fe9698dc5bfc7cc9afe532152ad084acb62c04d95
02_MASTER_EVIDENCE_BASE/03_INVESTIGATIONS/DIRECT_RECOVERED_INVESTIGATIONS/INV-093_INVESTIGATION.md,73465,550bb01304486c054564e48da1a4482ac937e1e00f2865a2acec21a5f167d393
02_MASTER_EVIDENCE_BASE/03_INVESTIGATIONS/DIRECT_RECOVERED_INVESTIGATIONS/INV-094_INVESTIGATION.md,75365,49d270eac580a90e2bda6dd41a34def54b51a9ac5ef02ac454f13f44c600000d
02_MASTER_EVIDENCE_BASE/03_INVESTIGATIONS/DIRECT_RECOVERED_INVESTIGATIONS/INV-100_INVESTIGATION.md,72296,12a9cb06c54fbab16dba416a39b4c1e1355d76c67a492da577bdffb117e0d39e
02_MASTER_EVIDENCE_BASE/03_INVESTIGATIONS/DIRECT_RECOVERED_INVESTIGATIONS/INV-103_INVESTIGATION.md,46590,41d0b8d330aae2da557e97437cfc8fd4ba844005c606556571cfae853508a2da
02_MASTER_EVIDENCE_BASE/03_INVESTIGATIONS/DIRECT_RECOVERED_INVESTIGATIONS/INV-119_INVESTIGATION.md,73500,d11138d4de79d418204708a64e5382c9811ae4d5d4017daaa68111d56cdb6a0d
02_MASTER_EVIDENCE_BASE/03_INVESTIGATIONS/DIRECT_RECOVERED_INVESTIGATIONS/INV-124_INVESTIGATION.md,65653,cdefeeab4836c01a95a2b9f0b20a6d152542f19cabe9ba267a34f4b2d4842f4d
02_MASTER_EVIDENCE_BASE/03_INVESTIGATIONS/DIRECT_RECOVERED_INVESTIGATIONS/INV-125_INVESTIGATION.md,65322,df1fea2515d1b3af6fdecc4dc67cfd313dc5506fd9e5e410201e28ce3b0c91b7
02_MASTER_EVIDENCE_BASE/03_INVESTIGATIONS/DIRECT_RECOVERED_INVESTIGATIONS/INV-127_INVESTIGATION.md,71614,6eda01016b9dcb0151802b15416f90905bedb4b1b3f3ac633f9fe426935c2361
02_MASTER_EVIDENCE_BASE/03_INVESTIGATIONS/DIRECT_RECOVERED_INVESTIGATIONS/INV-128_INVESTIGATION.md,69898,f75c96e5b32e77d14e87ad78af1711c01c46023a2bfc62366f1f327cd6244053
02_MASTER_EVIDENCE_BASE/03_INVESTIGATIONS/DIRECT_RECOVERED_INVESTIGATIONS/INV-130_INVESTIGATION.md,55061,78f3f859ae58d558c36aede8dbe14ffbe077c788737b9151df7d9b42b0286c32
02_MASTER_EVIDENCE_BASE/03_INVESTIGATIONS/DIRECT_RECOVERED_INVESTIGATIONS/INV-131_INVESTIGATION.md,56253,a98c4850dcdd8fa4680e480de6c11f2eb958a182d6c74cf1ad951bbb5a0dd797
02_MASTER_EVIDENCE_BASE/03_INVESTIGATIONS/DIRECT_RECOVERED_INVESTIGATIONS/INV-134_INVESTIGATION.md,76324,1af305d79fa8357672d05408c56994be5c20d640beee77929a4eed876eced56a
02_MASTER_EVIDENCE_BASE/03_INVESTIGATIONS/DIRECT_RECOVERED_INVESTIGATIONS/INV-135_INVESTIGATION.md,80221,353a82a97819f95366c9ab146b64c2ed72865fd4df2fec2cfd168bad6c555c72
02_MASTER_EVIDENCE_BASE/03_INVESTIGATIONS/DIRECT_RECOVERED_INVESTIGATIONS/INV-136_INVESTIGATION.md,71010,64e654d0ae7a34168c47b47234757787ff91295c1655b37c526478857f3cc899
02_MASTER_EVIDENCE_BASE/03_INVESTIGATIONS/DIRECT_RECOVERED_INVESTIGATIONS/INV-138_INVESTIGATION.md,108033,54cc64ec22dff754b445b41bb921b9dd7b90c1397c4938a891f79675e050d823
02_MASTER_EVIDENCE_BASE/03_INVESTIGATIONS/DIRECT_RECOVERED_INVESTIGATIONS/INV-147_INVESTIGATION.md,56324,791ecce8ecccc4e9b37aad3b58ccf2bacb5861de60fefeb116f9a01e053ae96a
02_MASTER_EVIDENCE_BASE/03_INVESTIGATIONS/DIRECT_RECOVERED_INVESTIGATIONS/SOURCE_CATALOG.csv,74853,51e91fc3578efc18b4ca51a464fb83c26fbad43a810514873e81cf37754ec4be
02_MASTER_EVIDENCE_BASE/03_INVESTIGATIONS/DIRECT_RECOVERED_INVESTIGATIONS/SOURCE_CATALOG_ALL.tsv,179990,d47db106100ac602ccd1a84b90e9d64077a14f28014c3a948c92e875b679963c
02_MASTER_EVIDENCE_BASE/03_INVESTIGATIONS/DIRECT_SYNTHESIS/INV-038_SYNTHESIS.md,4972,4f56b4c79a972bb0175ce81de8097661c3cc4a23d076179dc491fbb2d0e90a88
02_MASTER_EVIDENCE_BASE/03_INVESTIGATIONS/DIRECT_SYNTHESIS/INV-040_SYNTHESIS.md,11197,63608989b4fb5b34abb26c9cb1a7a0d840109c8e7158b20dcc30540f540d54f7
02_MASTER_EVIDENCE_BASE/03_INVESTIGATIONS/DIRECT_SYNTHESIS/INV-052_SYNTHESIS.md,4988,bb1a88870a0b2cf0455f516dfc7d2126c063987cb120a7d655842cccb82d7c4d
02_MASTER_EVIDENCE_BASE/03_INVESTIGATIONS/DIRECT_SYNTHESIS/INV-068_SYNTHESIS.md,5422,94f8cb692c0bcd707cdb7a1569dbbae1038bdc3b62636507b57b1894374255f2
02_MASTER_EVIDENCE_BASE/03_INVESTIGATIONS/DIRECT_SYNTHESIS/INV-082_SYNTHESIS.md,9534,c9b3824143ca02980d5798b273f3c329bf12beccb492fdb56ea6fa1ef06a0dcd
02_MASTER_EVIDENCE_BASE/03_INVESTIGATIONS/DIRECT_SYNTHESIS/INV-088_SYNTHESIS.md,5919,222bdeced218b48817447b96f6a3f2b2a8ae92b446d9f7a704d2c747ca3ad430
02_MASTER_EVIDENCE_BASE/03_INVESTIGATIONS/DIRECT_SYNTHESIS/INV-095_SYNTHESIS.md,6715,c0726eb30f415d1a97bb57f10bb858634fd76b00a18db78cca51893e03c28f90
02_MASTER_EVIDENCE_BASE/03_INVESTIGATIONS/DIRECT_SYNTHESIS/INV-102_SYNTHESIS.md,6893,75fa98241d24fd42da93cc65aaa5fd55b9e4799ca3c14505d865591e2f100777
02_MASTER_EVIDENCE_BASE/03_INVESTIGATIONS/DIRECT_SYNTHESIS/INV-104_SYNTHESIS.md,4433,2c52d84aa40b9a63c7a42e4a706d209eb222dccc208d16b1ebc24bae15e8d36f
02_MASTER_EVIDENCE_BASE/03_INVESTIGATIONS/DIRECT_SYNTHESIS/INV-129_SYNTHESIS.md,9639,95bcf40b55ad2776e77aabed0e089d442043f0357e8528c85e7e9bd885688de5
02_MASTER_EVIDENCE_BASE/03_INVESTIGATIONS/DIRECT_SYNTHESIS/INV-133_SYNTHESIS.md,13195,548453768fca7f36828d2415fb51cd13492e25906a715f8ade2b81f0a7545ed3
02_MASTER_EVIDENCE_BASE/03_INVESTIGATIONS/DIRECT_SYNTHESIS/INV-144_SYNTHESIS.md,10094,61bae983b3aa9d09aded345166d9a1edced884fe4a2c379468c916f8af01c9f0
02_MASTER_EVIDENCE_BASE/03_INVESTIGATIONS/DIRECT_SYNTHESIS/INV-146_SYNTHESIS.md,19289,9cf2a68c467cdc3a850e4494bda6b32044ee4f003d4623f4b161a62624bd3f8b
02_MASTER_EVIDENCE_BASE/03_INVESTIGATIONS/INVESTIGATION_ARTIFACT_MATRIX.csv,14018,101b8deb243eb1cd355b0abe626f188b9e666b845ac1ac79dccadc304d5f247e
02_MASTER_EVIDENCE_BASE/03_INVESTIGATIONS/PROVENANCE_INDEX.csv,679567,fcd7453e2cacef9f7a3d94ffb055b19e584a2ed1ad51133c640f0ef30d3e8aaa
02_MASTER_EVIDENCE_BASE/03_INVESTIGATIONS/SOURCE_ARCHIVES.csv,2702,00100fca22fb3ecd40765b677d1680fab814df822b5124b4a18a1844f86064b8
02_MASTER_EVIDENCE_BASE/04_FORENSIC_CORPUS/FORENSIC_CORPUS_REBUILT_2026-09-11/01_TERMINAL_RESULTS/INV-010_RUN_HANDOFF.md,2842,98ab3ccd5806547ffa3e0783c9486047d6fa02de01123162c3bb573da49c7bef
02_MASTER_EVIDENCE_BASE/04_FORENSIC_CORPUS/FORENSIC_CORPUS_REBUILT_2026-09-11/01_TERMINAL_RESULTS/INV-011_RUN_HANDOFF.md,3513,5ea4d64db55b0ce39d3ed2bbc6cbbc3c3b07fd3cf39fa605685f7606b37d6a4b
02_MASTER_EVIDENCE_BASE/04_FORENSIC_CORPUS/FORENSIC_CORPUS_REBUILT_2026-09-11/01_TERMINAL_RESULTS/INV-012_RUN_HANDOFF.md,1905,e5fd7fa9b4d13e73a2f9f14418c086751c4ed6f313afe99d0ea483e4be615396
02_MASTER_EVIDENCE_BASE/04_FORENSIC_CORPUS/FORENSIC_CORPUS_REBUILT_2026-09-11/01_TERMINAL_RESULTS/INV-013_RUN_HANDOFF.md,3913,d96a84e8243169abd5b2c58ea9ea2a8c062e627433e8d4850f98b3056006854d
02_MASTER_EVIDENCE_BASE/04_FORENSIC_CORPUS/FORENSIC_CORPUS_REBUILT_2026-09-11/01_TERMINAL_RESULTS/INV-014_RUN_HANDOFF.md,3072,50ce7bf024113125c6f2058fb78780dd5cfa32ec2d7147c3c28db38ae6bb54d9
02_MASTER_EVIDENCE_BASE/04_FORENSIC_CORPUS/FORENSIC_CORPUS_REBUILT_2026-09-11/01_TERMINAL_RESULTS/INV-015_RUN_HANDOFF.md,2953,db01166e3c5ecc274633c22d6e707ed17461d40aec2b03eaae3b0553f624cd31
02_MASTER_EVIDENCE_BASE/04_FORENSIC_CORPUS/FORENSIC_CORPUS_REBUILT_2026-09-11/01_TERMINAL_RESULTS/INV-016_RUN_HANDOFF.md,3328,ba72ebf222c756a256a208234bed3d9e2b25e83771cce0257f547252fb60166b
02_MASTER_EVIDENCE_BASE/04_FORENSIC_CORPUS/FORENSIC_CORPUS_REBUILT_2026-09-11/01_TERMINAL_RESULTS/INV-017_RUN_HANDOFF.md,4222,721166f78b6fc4a851f52ede8d46ea2160063b06425d87560d78c8ca2cda51ef
02_MASTER_EVIDENCE_BASE/04_FORENSIC_CORPUS/FORENSIC_CORPUS_REBUILT_2026-09-11/01_TERMINAL_RESULTS/INV-018_RUN_HANDOFF.md,1773,f9e6ab9a87f93fb79ee879c84e96ea6bc9de8459a5f9af78851277f868391da7
02_MASTER_EVIDENCE_BASE/04_FORENSIC_CORPUS/FORENSIC_CORPUS_REBUILT_2026-09-11/01_TERMINAL_RESULTS/INV-019_RUN_HANDOFF.md,2438,c72fff3b19b5ab1b2bd36b064544c1a3635f42e3d30b99c8c225e616f1d76c9b
02_MASTER_EVIDENCE_BASE/04_FORENSIC_CORPUS/FORENSIC_CORPUS_REBUILT_2026-09-11/01_TERMINAL_RESULTS/INV-021_RUN_HANDOFF.md,4935,b0d39c25d01137befba1657c01d41c9d110715e66fad76a0d219d7c5cd830825
02_MASTER_EVIDENCE_BASE/04_FORENSIC_CORPUS/FORENSIC_CORPUS_REBUILT_2026-09-11/01_TERMINAL_RESULTS/INV-022_RUN_HANDOFF.md,5292,23728306a8c672f7ed4b31f7e8c668676a16dcb6a295716df25697855d03ebe0
02_MASTER_EVIDENCE_BASE/04_FORENSIC_CORPUS/FORENSIC_CORPUS_REBUILT_2026-09-11/01_TERMINAL_RESULTS/INV-023_RUN_HANDOFF.md,5660,defda8829828ff9b8bd85fd99887da2f75b5d01c79cbb90f2dedb7d55ec810b1
02_MASTER_EVIDENCE_BASE/04_FORENSIC_CORPUS/FORENSIC_CORPUS_REBUILT_2026-09-11/01_TERMINAL_RESULTS/INV-025_RUN_HANDOFF.md,3756,53c7f49ab0020f83cdc2ddfc4fa2f87af61011044ebb884bfc90f424cbb7de0d
02_MASTER_EVIDENCE_BASE/04_FORENSIC_CORPUS/FORENSIC_CORPUS_REBUILT_2026-09-11/01_TERMINAL_RESULTS/INV-026_RUN_HANDOFF.md,3144,bf70cae7b998ae0aa16949f1f12cb8258d4d4de9527316832b9cb398531ae4cb
02_MASTER_EVIDENCE_BASE/04_FORENSIC_CORPUS/FORENSIC_CORPUS_REBUILT_2026-09-11/01_TERMINAL_RESULTS/INV-027_RUN_HANDOFF.md,3701,4f5f3e49e73d863a66bcf8a228cc93005b57e22ca07e46cffa4991b040cde3f8
02_MASTER_EVIDENCE_BASE/04_FORENSIC_CORPUS/FORENSIC_CORPUS_REBUILT_2026-09-11/01_TERMINAL_RESULTS/INV-028_RUN_HANDOFF.md,3672,4ba6f5f56688585cbd83d323ad16676e615a881434d3849b4ea6d0cd26def8d0
02_MASTER_EVIDENCE_BASE/04_FORENSIC_CORPUS/FORENSIC_CORPUS_REBUILT_2026-09-11/01_TERMINAL_RESULTS/INV-029_RUN_HANDOFF.md,2764,893fdc5fc47202de0c22b362eca6dc7586b52edf0262274c6dd93884693be6c0
02_MASTER_EVIDENCE_BASE/04_FORENSIC_CORPUS/FORENSIC_CORPUS_REBUILT_2026-09-11/01_TERMINAL_RESULTS/INV-030_RUN_HANDOFF.md,3921,b3366c5aef1e512fa479bcf819fc0ad87ec86aa93af76b5452be2878d3bb1bf8
02_MASTER_EVIDENCE_BASE/04_FORENSIC_CORPUS/FORENSIC_CORPUS_REBUILT_2026-09-11/01_TERMINAL_RESULTS/INV-033_RUN_HANDOFF.md,2430,a33fa3cb614d41e2c2ac4319f2081bfaa210f7f556997cc853ac81a5b5549ebb
02_MASTER_EVIDENCE_BASE/04_FORENSIC_CORPUS/FORENSIC_CORPUS_REBUILT_2026-09-11/01_TERMINAL_RESULTS/INV-036_RUN_HANDOFF.md,3717,24381e87846ca89bd5446739a061ed75198483c2a3da27b67882a89f83d84485
02_MASTER_EVIDENCE_BASE/04_FORENSIC_CORPUS/FORENSIC_CORPUS_REBUILT_2026-09-11/01_TERMINAL_RESULTS/INV-037_RUN_HANDOFF.md,3004,a48f909396f4272cea5c9743915743d4f8b9d7ab4086e1b0ce4377f4166c93a5
02_MASTER_EVIDENCE_BASE/04_FORENSIC_CORPUS/FORENSIC_CORPUS_REBUILT_2026-09-11/01_TERMINAL_RESULTS/INV-039_RUN_HANDOFF.md,3796,f161f85f3b3e4ac598054a114b461a01b480ef2fb646c39112e3ff7df8733748
02_MASTER_EVIDENCE_BASE/04_FORENSIC_CORPUS/FORENSIC_CORPUS_REBUILT_2026-09-11/01_TERMINAL_RESULTS/INV-041_RUN_HANDOFF.md,3932,755ca22180fafb8699be5da76c9ebd24d62e5ed39d17312906942491763342f9
02_MASTER_EVIDENCE_BASE/04_FORENSIC_CORPUS/FORENSIC_CORPUS_REBUILT_2026-09-11/01_TERMINAL_RESULTS/INV-042_RUN_HANDOFF.md,3320,ee30ab176cfb9f73b9f225cb9ff05d0d994d3913f667954800580c20ccb87925
02_MASTER_EVIDENCE_BASE/04_FORENSIC_CORPUS/FORENSIC_CORPUS_REBUILT_2026-09-11/01_TERMINAL_RESULTS/INV-043_RUN_HANDOFF.md,4027,f9a2ef582d9a35ca8b7de6dfefeaf578dacac1544834a7a4cbb4ee2ba14f3ac9
02_MASTER_EVIDENCE_BASE/04_FORENSIC_CORPUS/FORENSIC_CORPUS_REBUILT_2026-09-11/01_TERMINAL_RESULTS/INV-045_RUN_HANDOFF.md,2228,dceb321e6ed9d0f0e13be5d6cd7a12cfacbdda929b2ec10c0a83eaa70088cc01
02_MASTER_EVIDENCE_BASE/04_FORENSIC_CORPUS/FORENSIC_CORPUS_REBUILT_2026-09-11/01_TERMINAL_RESULTS/INV-046_RUN_HANDOFF.md,2877,eb957002612d086217cba34030f91e3b867844744ad07a9811e06aabb9359b12
02_MASTER_EVIDENCE_BASE/04_FORENSIC_CORPUS/FORENSIC_CORPUS_REBUILT_2026-09-11/01_TERMINAL_RESULTS/INV-047_RUN_HANDOFF.md,4724,117e7b67c5ad6c68fc006ca02c7991665b9b561bc5ede80f942ddb9cca492533
02_MASTER_EVIDENCE_BASE/04_FORENSIC_CORPUS/FORENSIC_CORPUS_REBUILT_2026-09-11/01_TERMINAL_RESULTS/INV-048_RUN_HANDOFF.md,3435,02ae047dac6d31df1353295080acb7130200919098357b5af1fbca5af5c4a3a2
02_MASTER_EVIDENCE_BASE/04_FORENSIC_CORPUS/FORENSIC_CORPUS_REBUILT_2026-09-11/01_TERMINAL_RESULTS/INV-049_RUN_HANDOFF.md,2398,53b700412f23822520263f58965856384a77fa82053df12fc2d5ea6671830bfa
02_MASTER_EVIDENCE_BASE/04_FORENSIC_CORPUS/FORENSIC_CORPUS_REBUILT_2026-09-11/01_TERMINAL_RESULTS/INV-051_RUN_HANDOFF.md,3222,b11e8dee775ff460c6e4465c9afff31892c4d1b4f2ab34e3902944f6379a10e0
02_MASTER_EVIDENCE_BASE/04_FORENSIC_CORPUS/FORENSIC_CORPUS_REBUILT_2026-09-11/01_TERMINAL_RESULTS/INV-053_RUN_HANDOFF.md,2930,fb2e4daf5d4dc5aa473f5a661388d34c3783a82f3549b2327353d873c038f094
02_MASTER_EVIDENCE_BASE/04_FORENSIC_CORPUS/FORENSIC_CORPUS_REBUILT_2026-09-11/01_TERMINAL_RESULTS/INV-054_RUN_HANDOFF.md,2661,64c37752d4c1dd713f6143766d652b8c6fe39981e603fcc2854d9cb71d574c1a
02_MASTER_EVIDENCE_BASE/04_FORENSIC_CORPUS/FORENSIC_CORPUS_REBUILT_2026-09-11/01_TERMINAL_RESULTS/INV-056_RUN_HANDOFF.md,1723,58fed8118644f023e532a2b8caaa5171f5d2de322678aa15dcbced8dfa095f1b
02_MASTER_EVIDENCE_BASE/04_FORENSIC_CORPUS/FORENSIC_CORPUS_REBUILT_2026-09-11/01_TERMINAL_RESULTS/INV-057_RUN_HANDOFF.md,3576,ccf6fb7ae7f4d3ccd80bf3c17c22c24197d77ae991ac294a723289d9f0447136
02_MASTER_EVIDENCE_BASE/04_FORENSIC_CORPUS/FORENSIC_CORPUS_REBUILT_2026-09-11/01_TERMINAL_RESULTS/INV-059_RUN_HANDOFF.md,1816,845d2d2e14d0113d4fea5dc6a9b3d7cf601684ba7e19e8e6ecf9d54f2a4058c7
02_MASTER_EVIDENCE_BASE/04_FORENSIC_CORPUS/FORENSIC_CORPUS_REBUILT_2026-09-11/01_TERMINAL_RESULTS/INV-061_RUN_HANDOFF.md,3369,813cd846510520e203eb8d8d7b6c11bc3038b2387dfaea7d6490839926cf26c0
02_MASTER_EVIDENCE_BASE/04_FORENSIC_CORPUS/FORENSIC_CORPUS_REBUILT_2026-09-11/01_TERMINAL_RESULTS/INV-062_RUN_HANDOFF.md,3773,ff8c52095e6353afcab4db2c226362d72014307be52f53f4ca833117de358560
02_MASTER_EVIDENCE_BASE/04_FORENSIC_CORPUS/FORENSIC_CORPUS_REBUILT_2026-09-11/01_TERMINAL_RESULTS/INV-063_RUN_HANDOFF.md,3905,e4aa5123897bac2249ef2ff417b37f82f850e7eaf55078057532aa4989007335
02_MASTER_EVIDENCE_BASE/04_FORENSIC_CORPUS/FORENSIC_CORPUS_REBUILT_2026-09-11/01_TERMINAL_RESULTS/INV-064_RUN_HANDOFF.md,3758,b640f9d3db3bbbffc11ce25c641337a78cb86eb2990b564f19db6086edccf5af
02_MASTER_EVIDENCE_BASE/04_FORENSIC_CORPUS/FORENSIC_CORPUS_REBUILT_2026-09-11/01_TERMINAL_RESULTS/INV-065_RUN_HANDOFF.md,3647,77e5c74246009f39c29e69e5e8fa89af9190431a8674708d6bf2d46ae6e510eb
02_MASTER_EVIDENCE_BASE/04_FORENSIC_CORPUS/FORENSIC_CORPUS_REBUILT_2026-09-11/01_TERMINAL_RESULTS/INV-066_RUN_HANDOFF.md,3829,cb886e3c3e41a2ab8cd0190f47a6f2fecbeb47ddd9240fce20540447bc142d8f
02_MASTER_EVIDENCE_BASE/04_FORENSIC_CORPUS/FORENSIC_CORPUS_REBUILT_2026-09-11/01_TERMINAL_RESULTS/INV-067_RUN_HANDOFF.md,3421,491e2462883df117ac08e8d27eba9f6b9c5315d51f37cf60bc711630da7af532
02_MASTER_EVIDENCE_BASE/04_FORENSIC_CORPUS/FORENSIC_CORPUS_REBUILT_2026-09-11/01_TERMINAL_RESULTS/INV-069_RUN_HANDOFF.md,1758,1d92538236ec5013049116c6e3a3f2b3b561977decff76cba35af3850eb36ff8
02_MASTER_EVIDENCE_BASE/04_FORENSIC_CORPUS/FORENSIC_CORPUS_REBUILT_2026-09-11/01_TERMINAL_RESULTS/INV-070_RUN_HANDOFF.md,3110,cdb0b841de1ae2450eb3c71699a8f18e5fdd15377ccbc1ca9cac39fe6577d837
02_MASTER_EVIDENCE_BASE/04_FORENSIC_CORPUS/FORENSIC_CORPUS_REBUILT_2026-09-11/01_TERMINAL_RESULTS/INV-071_RUN_HANDOFF.md,3228,40a5c487ae9f5367cd68895cc24b8d18fd90bf66e4f4d960e9164c2585309879
02_MASTER_EVIDENCE_BASE/04_FORENSIC_CORPUS/FORENSIC_CORPUS_REBUILT_2026-09-11/01_TERMINAL_RESULTS/INV-072_RUN_HANDOFF.md,4260,84bd7a9bb42b360015dce03253894b321aec0414c007b14947ac660091fa2db4
02_MASTER_EVIDENCE_BASE/04_FORENSIC_CORPUS/FORENSIC_CORPUS_REBUILT_2026-09-11/01_TERMINAL_RESULTS/INV-073_RUN_HANDOFF.md,1740,c6dd70c432227a9848af85f33b2945ffab61c89f5243fa628653d8da39664572
02_MASTER_EVIDENCE_BASE/04_FORENSIC_CORPUS/FORENSIC_CORPUS_REBUILT_2026-09-11/01_TERMINAL_RESULTS/INV-074_RUN_HANDOFF.md,3803,0dd8408e1a3def70e7b1d68fa17cc12c37625221a9b5b07a4bbf3499268a9bbb
02_MASTER_EVIDENCE_BASE/04_FORENSIC_CORPUS/FORENSIC_CORPUS_REBUILT_2026-09-11/01_TERMINAL_RESULTS/INV-075_RUN_HANDOFF.md,3132,064fd35d2b7328ed7c8e590decfaf7b095d40487c6f64dbc29525cf6906d0db6
02_MASTER_EVIDENCE_BASE/04_FORENSIC_CORPUS/FORENSIC_CORPUS_REBUILT_2026-09-11/01_TERMINAL_RESULTS/INV-076_RUN_HANDOFF.md,3531,771b4fcd632f121e1cdccc30a9303123bfd585d7955d40068b49f57e23673111
02_MASTER_EVIDENCE_BASE/04_FORENSIC_CORPUS/FORENSIC_CORPUS_REBUILT_2026-09-11/01_TERMINAL_RESULTS/INV-077_RUN_HANDOFF.md,3279,ef05173c09f583d7fc118bf7f727fc719f09851b0708df6e3b095c3de178cf49
02_MASTER_EVIDENCE_BASE/04_FORENSIC_CORPUS/FORENSIC_CORPUS_REBUILT_2026-09-11/01_TERMINAL_RESULTS/INV-078_RUN_HANDOFF.md,2188,820b5052c0c05b1e60f1cb07524d0f9674e0b0a41f1175a398e183bc01ecd115
02_MASTER_EVIDENCE_BASE/04_FORENSIC_CORPUS/FORENSIC_CORPUS_REBUILT_2026-09-11/01_TERMINAL_RESULTS/INV-079_RUN_HANDOFF.md,2133,347ac9fc7596619782f4070151be540e793026e2bdc45325ce901139304a87d6
02_MASTER_EVIDENCE_BASE/04_FORENSIC_CORPUS/FORENSIC_CORPUS_REBUILT_2026-09-11/01_TERMINAL_RESULTS/INV-080_RUN_HANDOFF.md,1784,fdcb8afe0233186f15b7fbb8a1c3e157a3cb255078cc5423eed8c477f989a355
02_MASTER_EVIDENCE_BASE/04_FORENSIC_CORPUS/FORENSIC_CORPUS_REBUILT_2026-09-11/01_TERMINAL_RESULTS/INV-081_RUN_HANDOFF.md,3953,7ac635ec0f5e0726c2cd08bbf7c8d26dcc93daf688c6214ce4080a38bdb11a5f
02_MASTER_EVIDENCE_BASE/04_FORENSIC_CORPUS/FORENSIC_CORPUS_REBUILT_2026-09-11/01_TERMINAL_RESULTS/INV-084_RUN_HANDOFF.md,3259,e91978859578c16f797f7d21c77e44a3b600265928900ccdf1cd2355af6e7974
02_MASTER_EVIDENCE_BASE/04_FORENSIC_CORPUS/FORENSIC_CORPUS_REBUILT_2026-09-11/01_TERMINAL_RESULTS/INV-085_RUN_HANDOFF.md,2420,907c1e8bee0a4a740bdea31ea0e0fc9ec135297ea1547dc812d52fc1aed49273
02_MASTER_EVIDENCE_BASE/04_FORENSIC_CORPUS/FORENSIC_CORPUS_REBUILT_2026-09-11/01_TERMINAL_RESULTS/INV-087_RUN_HANDOFF.md,1347,9568fc6349237c10b61372e53cc9073324aa9dbeaf328f0c4eb0d60a6165d591
02_MASTER_EVIDENCE_BASE/04_FORENSIC_CORPUS/FORENSIC_CORPUS_REBUILT_2026-09-11/01_TERMINAL_RESULTS/INV-089_RUN_HANDOFF.md,1681,f55f6adbd79e856d180ecefcbec827830f60d2edf4fd987e04ead6253d93325d
02_MASTER_EVIDENCE_BASE/04_FORENSIC_CORPUS/FORENSIC_CORPUS_REBUILT_2026-09-11/01_TERMINAL_RESULTS/INV-090_RUN_HANDOFF.md,1882,aafa90efe1ca71f242054b2dec739cf474280f501e117c3fe4d6d657e4321d08
02_MASTER_EVIDENCE_BASE/04_FORENSIC_CORPUS/FORENSIC_CORPUS_REBUILT_2026-09-11/01_TERMINAL_RESULTS/INV-091_RUN_HANDOFF.md,1860,b722a7d3838c47ef0be6cb13bf8ca1b063eb84886492539332e8ada6806c6e19
02_MASTER_EVIDENCE_BASE/04_FORENSIC_CORPUS/FORENSIC_CORPUS_REBUILT_2026-09-11/01_TERMINAL_RESULTS/INV-092_RUN_HANDOFF.md,3937,cc70c2ee7a0098512ad81091483838a874a9427768bc957be1d0f9c86b1152e0
02_MASTER_EVIDENCE_BASE/04_FORENSIC_CORPUS/FORENSIC_CORPUS_REBUILT_2026-09-11/01_TERMINAL_RESULTS/INV-093_RUN_HANDOFF.md,2602,0b0feab1eab4df6e1799ac2bb16b7ad0d89bbfd9130fa886690c1e4c19c1b3d5
02_MASTER_EVIDENCE_BASE/04_FORENSIC_CORPUS/FORENSIC_CORPUS_REBUILT_2026-09-11/01_TERMINAL_RESULTS/INV-094_RUN_HANDOFF.md,2491,d89b413cf5fe2f76579596f8875556f04229a0c5debc7137ddaf3d8d9a5faf80
02_MASTER_EVIDENCE_BASE/04_FORENSIC_CORPUS/FORENSIC_CORPUS_REBUILT_2026-09-11/01_TERMINAL_RESULTS/INV-096_RUN_HANDOFF.md,1637,a0d11d332dd841506a408c45436fbc9d4b07092e1c102ff84b1c0e323e201f87
02_MASTER_EVIDENCE_BASE/04_FORENSIC_CORPUS/FORENSIC_CORPUS_REBUILT_2026-09-11/01_TERMINAL_RESULTS/INV-097_RUN_HANDOFF.md,2365,fb6019477f47e8976ce16620fad1eb177f16c85cbb1b101a5b767f94ba271d29
02_MASTER_EVIDENCE_BASE/04_FORENSIC_CORPUS/FORENSIC_CORPUS_REBUILT_2026-09-11/01_TERMINAL_RESULTS/INV-098_RUN_HANDOFF.md,2281,d3fd028f48ac3bba7ad6305d00887db5f73d0021734d1be279ccb018950f0c5a
02_MASTER_EVIDENCE_BASE/04_FORENSIC_CORPUS/FORENSIC_CORPUS_REBUILT_2026-09-11/01_TERMINAL_RESULTS/INV-099_RUN_HANDOFF.md,2190,2d6c454ecd3ed8af64cf61328461cd69ba7b227eff1dd40fe88e412b5771c1a4
02_MASTER_EVIDENCE_BASE/04_FORENSIC_CORPUS/FORENSIC_CORPUS_REBUILT_2026-09-11/01_TERMINAL_RESULTS/INV-100_RUN_HANDOFF.md,1524,aa8fb0bf28eb888c88e5c913703a9e5d008ab7dc73bd3e052e193dc98bd385e6
02_MASTER_EVIDENCE_BASE/04_FORENSIC_CORPUS/FORENSIC_CORPUS_REBUILT_2026-09-11/01_TERMINAL_RESULTS/INV-103_RUN_HANDOFF.md,3606,b5bfb845e9f5ee571f577313a973c6bf15556ef64ebe63b5829d20f3c45f873f
02_MASTER_EVIDENCE_BASE/04_FORENSIC_CORPUS/FORENSIC_CORPUS_REBUILT_2026-09-11/01_TERMINAL_RESULTS/INV-111_RUN_HANDOFF.md,2859,6926d8a7bcb0b0bf7a9e9cb0e3d5fddc9398118c98b949d58cd7b9f47fff8f7a
02_MASTER_EVIDENCE_BASE/04_FORENSIC_CORPUS/FORENSIC_CORPUS_REBUILT_2026-09-11/01_TERMINAL_RESULTS/INV-112_RUN_HANDOFF.md,3030,3e8783729ce6d1e63330a509cdf26043a1efcfe5110e2628085218e6a1190e3e
02_MASTER_EVIDENCE_BASE/04_FORENSIC_CORPUS/FORENSIC_CORPUS_REBUILT_2026-09-11/01_TERMINAL_RESULTS/INV-119_RUN_HANDOFF.md,4709,2ae552aa65bc3527c5d9cd1900ac41df1ab959bae5a9ddc187934bab330f3d19
02_MASTER_EVIDENCE_BASE/04_FORENSIC_CORPUS/FORENSIC_CORPUS_REBUILT_2026-09-11/01_TERMINAL_RESULTS/INV-120_RUN_HANDOFF.md,3335,cbf2277dd041b749c75d2f3d5425d561ef73f19db3ae1f31f08603abaa509b60
02_MASTER_EVIDENCE_BASE/04_FORENSIC_CORPUS/FORENSIC_CORPUS_REBUILT_2026-09-11/01_TERMINAL_RESULTS/INV-121_RUN_HANDOFF.md,3077,7637fed954f2368f4d929d866c4ab46741e5f79ab5c1b91f0c2019130f6781d4
02_MASTER_EVIDENCE_BASE/04_FORENSIC_CORPUS/FORENSIC_CORPUS_REBUILT_2026-09-11/01_TERMINAL_RESULTS/INV-122_RUN_HANDOFF.md,3016,6a087d28dfa41f6466bca744740ccb43a336630e93fa132bf767f89fb7b21468
02_MASTER_EVIDENCE_BASE/04_FORENSIC_CORPUS/FORENSIC_CORPUS_REBUILT_2026-09-11/01_TERMINAL_RESULTS/INV-124_RUN_HANDOFF.md,2287,9c77cc8bafdf50cb43bad1b99fa96a1347f5b205170b78ebebdf5bd2478a14b4
02_MASTER_EVIDENCE_BASE/04_FORENSIC_CORPUS/FORENSIC_CORPUS_REBUILT_2026-09-11/01_TERMINAL_RESULTS/INV-125_RUN_HANDOFF.md,3227,f3a42319fe6504421589f0a5856c94013d34f0f541d7cfceb4898d39b9d84c25
02_MASTER_EVIDENCE_BASE/04_FORENSIC_CORPUS/FORENSIC_CORPUS_REBUILT_2026-09-11/01_TERMINAL_RESULTS/INV-126_RUN_HANDOFF.md,3373,80178eb5a73f3cab427f2e5f68064ac8cc8c5aa1162b3643e900861872201604
02_MASTER_EVIDENCE_BASE/04_FORENSIC_CORPUS/FORENSIC_CORPUS_REBUILT_2026-09-11/01_TERMINAL_RESULTS/INV-127_RUN_HANDOFF.md,4345,1df04f65fe231d6622003cc287355719a10bd3d9a18b5b2ee4f450d495a80fd7
02_MASTER_EVIDENCE_BASE/04_FORENSIC_CORPUS/FORENSIC_CORPUS_REBUILT_2026-09-11/01_TERMINAL_RESULTS/INV-128_RUN_HANDOFF.md,4354,e6ebbe716642c098fccd8d02f7ebd4bb6677f8647b7022e530d0c83fbdfc977d
02_MASTER_EVIDENCE_BASE/04_FORENSIC_CORPUS/FORENSIC_CORPUS_REBUILT_2026-09-11/01_TERMINAL_RESULTS/INV-130_RUN_HANDOFF.md,5034,3c8bff38c670b740e936bb8fe8813ca69160f2ce6c0f9330dc8245e838ec9b80
02_MASTER_EVIDENCE_BASE/04_FORENSIC_CORPUS/FORENSIC_CORPUS_REBUILT_2026-09-11/01_TERMINAL_RESULTS/INV-131_RUN_HANDOFF.md,4924,cb41fa76b99a2e8a0b743c02a5600112b07079b3ea78bf151e34a6dad1aa0b62
02_MASTER_EVIDENCE_BASE/04_FORENSIC_CORPUS/FORENSIC_CORPUS_REBUILT_2026-09-11/01_TERMINAL_RESULTS/INV-132_RUN_HANDOFF.md,4232,8c562eaac0781514ebc237c2202b41284a9529f1e1bd33ee89db0edf67fd0673
02_MASTER_EVIDENCE_BASE/04_FORENSIC_CORPUS/FORENSIC_CORPUS_REBUILT_2026-09-11/01_TERMINAL_RESULTS/INV-134_RUN_HANDOFF.md,4677,86ecbc873978c6a375d21dd9f145f299f2ba3edd8460615d040034b459e7cd6a
02_MASTER_EVIDENCE_BASE/04_FORENSIC_CORPUS/FORENSIC_CORPUS_REBUILT_2026-09-11/01_TERMINAL_RESULTS/INV-135_RUN_HANDOFF.md,4587,656b7327adaeb9c776c276883292f54f4ff53d4d41607c14bd4a76532ca03187
02_MASTER_EVIDENCE_BASE/04_FORENSIC_CORPUS/FORENSIC_CORPUS_REBUILT_2026-09-11/01_TERMINAL_RESULTS/INV-136_RUN_HANDOFF.md,4311,89ec70a74acccd17ec08856f6d2368b124cc34ee354f6f8b0fd78acd86175f9b
02_MASTER_EVIDENCE_BASE/04_FORENSIC_CORPUS/FORENSIC_CORPUS_REBUILT_2026-09-11/01_TERMINAL_RESULTS/INV-137_RUN_HANDOFF.md,4644,ffe90b6162ddec2d94bd84cf90fadaa18829b18ff6ce03c6f32970ea9092a85f
02_MASTER_EVIDENCE_BASE/04_FORENSIC_CORPUS/FORENSIC_CORPUS_REBUILT_2026-09-11/01_TERMINAL_RESULTS/INV-138_RUN_HANDOFF.md,3725,33cf00cd572c2109187d853d87848aa22c0d81371fdbfcc089e3a085d8551845
02_MASTER_EVIDENCE_BASE/04_FORENSIC_CORPUS/FORENSIC_CORPUS_REBUILT_2026-09-11/01_TERMINAL_RESULTS/INV-141_RUN_HANDOFF.md,1852,98f326e53fb15de5aca4ee9167baa951e6f27ec34d19c3379426bf691288acf0
02_MASTER_EVIDENCE_BASE/04_FORENSIC_CORPUS/FORENSIC_CORPUS_REBUILT_2026-09-11/01_TERMINAL_RESULTS/INV-142_RUN_HANDOFF.md,1703,e456020e4cd9ff6e9d3237181589e150354759a789f3bebfc186975af6bad6fc
02_MASTER_EVIDENCE_BASE/04_FORENSIC_CORPUS/FORENSIC_CORPUS_REBUILT_2026-09-11/01_TERMINAL_RESULTS/INV-143_RUN_HANDOFF.md,2404,4189a0ba0643aff7ca2229584106c1956d066a6d2fb64b62b5c196538f03d72f
02_MASTER_EVIDENCE_BASE/04_FORENSIC_CORPUS/FORENSIC_CORPUS_REBUILT_2026-09-11/01_TERMINAL_RESULTS/INV-145_RUN_HANDOFF.md,2885,e1987224267601dc9d8ea84bbf33137cd9d2df7b0b348484cb26e7be6a085aee
02_MASTER_EVIDENCE_BASE/04_FORENSIC_CORPUS/FORENSIC_CORPUS_REBUILT_2026-09-11/01_TERMINAL_RESULTS/INV-147_RUN_HANDOFF.md,5067,16939bfcfb3bfd441029b65434eb7c230c3f2b45a67edc516b19d09f5e1ee575
02_MASTER_EVIDENCE_BASE/04_FORENSIC_CORPUS/FORENSIC_CORPUS_REBUILT_2026-09-11/02_BOUNDED_RECOVERY/INV-044_RUN_HANDOFF.md,1737,e85cbeebba1a91a9a084b1ed811144dee0e9db755c867b30fd0b5ae2ecf1fda1
02_MASTER_EVIDENCE_BASE/04_FORENSIC_CORPUS/FORENSIC_CORPUS_REBUILT_2026-09-11/03_DERIVED_SYNTHESES/INV-038_SYNTHESIS.md,4972,4f56b4c79a972bb0175ce81de8097661c3cc4a23d076179dc491fbb2d0e90a88
02_MASTER_EVIDENCE_BASE/04_FORENSIC_CORPUS/FORENSIC_CORPUS_REBUILT_2026-09-11/03_DERIVED_SYNTHESES/INV-040_SYNTHESIS.md,11197,63608989b4fb5b34abb26c9cb1a7a0d840109c8e7158b20dcc30540f540d54f7
02_MASTER_EVIDENCE_BASE/04_FORENSIC_CORPUS/FORENSIC_CORPUS_REBUILT_2026-09-11/03_DERIVED_SYNTHESES/INV-052_SYNTHESIS.md,4988,bb1a88870a0b2cf0455f516dfc7d2126c063987cb120a7d655842cccb82d7c4d
02_MASTER_EVIDENCE_BASE/04_FORENSIC_CORPUS/FORENSIC_CORPUS_REBUILT_2026-09-11/03_DERIVED_SYNTHESES/INV-068_SYNTHESIS.md,5422,94f8cb692c0bcd707cdb7a1569dbbae1038bdc3b62636507b57b1894374255f2
02_MASTER_EVIDENCE_BASE/04_FORENSIC_CORPUS/FORENSIC_CORPUS_REBUILT_2026-09-11/03_DERIVED_SYNTHESES/INV-082_SYNTHESIS.md,9534,c9b3824143ca02980d5798b273f3c329bf12beccb492fdb56ea6fa1ef06a0dcd
02_MASTER_EVIDENCE_BASE/04_FORENSIC_CORPUS/FORENSIC_CORPUS_REBUILT_2026-09-11/03_DERIVED_SYNTHESES/INV-088_SYNTHESIS.md,5919,222bdeced218b48817447b96f6a3f2b2a8ae92b446d9f7a704d2c747ca3ad430
02_MASTER_EVIDENCE_BASE/04_FORENSIC_CORPUS/FORENSIC_CORPUS_REBUILT_2026-09-11/03_DERIVED_SYNTHESES/INV-095_SYNTHESIS.md,6715,c0726eb30f415d1a97bb57f10bb858634fd76b00a18db78cca51893e03c28f90
02_MASTER_EVIDENCE_BASE/04_FORENSIC_CORPUS/FORENSIC_CORPUS_REBUILT_2026-09-11/03_DERIVED_SYNTHESES/INV-102_SYNTHESIS.md,6893,75fa98241d24fd42da93cc65aaa5fd55b9e4799ca3c14505d865591e2f100777
02_MASTER_EVIDENCE_BASE/04_FORENSIC_CORPUS/FORENSIC_CORPUS_REBUILT_2026-09-11/03_DERIVED_SYNTHESES/INV-104_SYNTHESIS.md,4433,2c52d84aa40b9a63c7a42e4a706d209eb222dccc208d16b1ebc24bae15e8d36f
02_MASTER_EVIDENCE_BASE/04_FORENSIC_CORPUS/FORENSIC_CORPUS_REBUILT_2026-09-11/03_DERIVED_SYNTHESES/INV-129_SYNTHESIS.md,9639,95bcf40b55ad2776e77aabed0e089d442043f0357e8528c85e7e9bd885688de5
02_MASTER_EVIDENCE_BASE/04_FORENSIC_CORPUS/FORENSIC_CORPUS_REBUILT_2026-09-11/03_DERIVED_SYNTHESES/INV-133_SYNTHESIS.md,13195,548453768fca7f36828d2415fb51cd13492e25906a715f8ade2b81f0a7545ed3
02_MASTER_EVIDENCE_BASE/04_FORENSIC_CORPUS/FORENSIC_CORPUS_REBUILT_2026-09-11/03_DERIVED_SYNTHESES/INV-144_SYNTHESIS.md,10094,61bae983b3aa9d09aded345166d9a1edced884fe4a2c379468c916f8af01c9f0
02_MASTER_EVIDENCE_BASE/04_FORENSIC_CORPUS/FORENSIC_CORPUS_REBUILT_2026-09-11/03_DERIVED_SYNTHESES/INV-146_SYNTHESIS.md,19289,9cf2a68c467cdc3a850e4494bda6b32044ee4f003d4623f4b161a62624bd3f8b
02_MASTER_EVIDENCE_BASE/04_FORENSIC_CORPUS/FORENSIC_CORPUS_REBUILT_2026-09-11/04_CONTROL/INV-001-R1_REPLAY.md,2900,c3b02fe75ee3ccd0804ac9ab420489b1b7af7710b7aa9920aa00a4f626ed1105
02_MASTER_EVIDENCE_BASE/04_FORENSIC_CORPUS/FORENSIC_CORPUS_REBUILT_2026-09-11/04_CONTROL/INV-002_REPORT.md,12301,f4de1fac8ea62469b00987cc8461e2bc702b98b66a501f0fb6c930f7dcd5503b
02_MASTER_EVIDENCE_BASE/04_FORENSIC_CORPUS/FORENSIC_CORPUS_REBUILT_2026-09-11/04_CONTROL/METHOD_PACK.md,10418,845ce64c23f1ad4184dc1cb016b90bf694f56dc65df16d36d26085d07201439d
02_MASTER_EVIDENCE_BASE/04_FORENSIC_CORPUS/FORENSIC_CORPUS_REBUILT_2026-09-11/05_EXCLUDED/INV-035_MISSING.md,236,2f737892c001bb92a4db72f04389cb7e5155e6587f23e3ae83451939d29c84d0
02_MASTER_EVIDENCE_BASE/04_FORENSIC_CORPUS/FORENSIC_CORPUS_REBUILT_2026-09-11/AUDIT_INPUTS/A1_AUTHORITY.md,1938,57985fa99fa0830500ed93960d27970a76bc3ce45093f578ef55b245482cb0c5
02_MASTER_EVIDENCE_BASE/04_FORENSIC_CORPUS/FORENSIC_CORPUS_REBUILT_2026-09-11/AUDIT_INPUTS/A1_CONTEXT_REDUCTION.md,1399,21ad6f99b71d572e36cf8203fb1037fa8f8d12126eec369fd8d21b8803e9aa56
02_MASTER_EVIDENCE_BASE/04_FORENSIC_CORPUS/FORENSIC_CORPUS_REBUILT_2026-09-11/AUDIT_INPUTS/A1_PROVENANCE.md,1173,6df7093d25329bed8eba80c9ddc7461e7e38dc91ed1a96203fc24a03a239cd55
02_MASTER_EVIDENCE_BASE/04_FORENSIC_CORPUS/FORENSIC_CORPUS_REBUILT_2026-09-11/AUDIT_INPUTS/A1_QUINTESSENCES.csv,264099,48b5dfbe82a4bdc3436b8471937fcc0429371c12c0e9a376a1f5631f14e2ac43
02_MASTER_EVIDENCE_BASE/04_FORENSIC_CORPUS/FORENSIC_CORPUS_REBUILT_2026-09-11/AUDIT_INPUTS/INVESTIGATION_REGISTRY.csv,192299,165a29d3748c625c263fb16c433fcf2cdd8202db5edcfc31f8de6cb92cf2fb89
02_MASTER_EVIDENCE_BASE/04_FORENSIC_CORPUS/FORENSIC_CORPUS_REBUILT_2026-09-11/CORPUS_121_AUDIT.csv,198086,6610d76563fafb8ee4951a02ca4819101c80f12c0e89296fe17d817998b13ca7
02_MASTER_EVIDENCE_BASE/04_FORENSIC_CORPUS/FORENSIC_CORPUS_REBUILT_2026-09-11/CORPUS_121_AUDIT.jsonl,270463,cefd980ee3298b05ce4b6a90a5afa7478c8af24d29d0312fc32c91ab4e887f95
02_MASTER_EVIDENCE_BASE/04_FORENSIC_CORPUS/FORENSIC_CORPUS_REBUILT_2026-09-11/README.md,404,56aab1a05a191a73384271bdd9484978e075d5c2349f765001d5e24c10bf3ef4
02_MASTER_EVIDENCE_BASE/04_FORENSIC_CORPUS/FORENSIC_CORPUS_REBUILT_2026-09-11/RECONSTRUCTION_REPORT.md,5065,8a772185a7b3ddbb2687be7437324955d84e5b5ada1804d94785604c25bf32cc
02_MASTER_EVIDENCE_BASE/04_FORENSIC_CORPUS/FORENSIC_CORPUS_REBUILT_2026-09-11/SOURCE_INDEX.csv,11851,9a05f066891ac9592cd692c6cef18cc637ba52b818e3c02f450f53784cf5a62f
02_MASTER_EVIDENCE_BASE/BUNDLE_METADATA.json,719,b33de794a8ddca6ff017eac76c1afcb43f74762b8bc59e2a13624a5024d20b43
02_MASTER_EVIDENCE_BASE/EXHAUSTIVENESS_REPORT.md,4591,9733b9936be8246a6ccc10c91c3cc4581fb82ffff73309c54719ce7576661163
02_MASTER_EVIDENCE_BASE/README_MASTER.md,3249,88362ee6c7b63b50bb4087efc8ced5e3adf22a7bcd551612934934afa8991e43
03_CURRENT_DELTA_13/DELTA_13_INDEX.csv,2854,3b4039a872fd24a8dc8b931b7469ae0306cfe6b9acca517b56604c69cea764ac
03_CURRENT_DELTA_13/INV-024_RUN_HANDOFF.md,3496,6381876993b8e92d1be8583e5deb7efad46f6db5f9891948c7461fc77c4559b3
03_CURRENT_DELTA_13/INV-031_RUN_HANDOFF.md,3438,cb4e78a22e4dc80c851fb116385be515714257f6100251e909764737cf38407e
03_CURRENT_DELTA_13/INV-123_RUN_HANDOFF.md,2542,e9326db4e63dd491c4b897d8b48b4ac64f6d2be2b374ce0c84ec13eb3280fba1
03_CURRENT_DELTA_13/INV-148_PRE_COLLECTION.md,5713,a17299648381190218d8820e651f56ad3da0ef64b8131a9547afb6f449f7e343
03_CURRENT_DELTA_13/INV-148_RUN_HANDOFF.md,2759,0b26e5a590e6eae9deae242371af3458b4c370a2309a0b347f12fa43e5eafd3f
03_CURRENT_DELTA_13/INV-149_PRE_COLLECTION.md,3974,a816601d70ffcfebe5dba8a74f5bebe6d68439117eeb4dba526acdf019e4758b
03_CURRENT_DELTA_13/INV-149_RUN_HANDOFF.md,2789,75ec7f0fd0d9f434830994760e40bc2e6168a510bfb20d8c19fdab7d847b422b
03_CURRENT_DELTA_13/INV-150_PRE_COLLECTION.md,4674,bf4e6b54be2b3e86c64912dd51d77b4d5b36baf6bad12a803c8476ced3d0072e
03_CURRENT_DELTA_13/INV-150_RUN_HANDOFF.md,3187,dd0333739096fe5e01acf54b2fe0b645ca4195b6cb2827d940b50f03fe7007bd
03_CURRENT_DELTA_13/INV-151_RUN_HANDOFF.md,3174,d2e35ef99bce9636147acd11917022ee16629c964491c3163f811b6d629c6ca5
03_CURRENT_DELTA_13/INV-152_RUN_HANDOFF.md,3980,fccbaf687356724185927efb98e6dc0a750de1334295b73b8577093f47d4adca
03_CURRENT_DELTA_13/INV-153_RUN_HANDOFF.md,3809,32098514c8d2febc30dfa1d0790c4d5bd9f6e7b710136909733a648805edfc3c
03_CURRENT_DELTA_13/INV-154_RUN_HANDOFF.md,2931,b733dd1be42f1d2c5bce11f4ff24d6743db1d66199e1e3a374a87973c4de78df
03_CURRENT_DELTA_13/INV-155_RUN_HANDOFF.md,3284,3d2913f9695919ce75fb99eae5667f91b56595ba6a8abadb14dcf7759a1769cb
03_CURRENT_DELTA_13/INV-156_RUN_HANDOFF.md,3053,0f9d30cf24bd3a3d06b183642bf5f415ad490fce767c0530f1bfc485018e80b8
03_CURRENT_DELTA_13/INV-157_RUN_HANDOFF.md,4372,2886c8c466bd979bc2816c36e3bb1321193990efe291683b813d86b44af9cf10
04_CURRENT_REGISTRY/A1_AUTHORITY_CURRENT_REFERENCE.md,1086,933fef1dd3e2d6a8161c18e3e8a55a68e6d979b4a3f010285e28c986ed201e48
04_CURRENT_REGISTRY/CURRENT_113_PRIMARY_CASE.csv,33329,e33482194506e258978819c968535c14eb1b417da02574e424c8d76c691a3dc9
04_CURRENT_REGISTRY/INVESTIGATION_REGISTRY_CURRENT.csv,203436,b2b62ee885e436a9fc2a04ae39e3d322de74f6c8bbd218e20006c096849abaae
90_READ_LAST/CURRENT_OUTPUTS_AND_PRIOR_AUDITS.zip,278566,39cf9c7bc6e4eed23eb1a4350319d24aeca7ccd87fc5a914b14da32819df4429
90_READ_LAST/HISTORICAL_ARTICLE_PIPELINE_2026-09-11.zip,3806136,c769f549008e6c7c87bc7cbc9adb490b8924d01a9ff7debb5b38e911bd9ef444
BUNDLE_METADATA_CURRENT.json,552,7ebcc1a0baf5b6eb004393264bb1030569d20599ba3cedb8300e3d0ed2cf7c33
VERIFY_BUNDLE.py,545,0588823c5b13fdb93370aa49e14d08376328708d5043e3b74351cca7802aec00
