id,workstream,title,status,priority,type,mode,coverage,utility,dependencies,parent,merged_into,gate,object_question,scope,corpus_refs,truth_engine,renard,result_path,next_action
INV-001,W0,"Audit d’intégrité du corpus Substack : manifest, doublons, absents, versions, contradictions index/CSV/HTML",CLOSED,P0,STRUCTURAL,N/A,SUBSTANTIAL_PRIOR,HIGH,,,,NONE,,,,N/A_STRUCTURAL,NO,INV-001/INV-001-R1_REPLAY.md,NONE — CLOSED/PASS.
INV-002,W0,"Cartographie des articles : faits établis, hypothèses, claims forts, réfutations, gaps, acteurs, flux, mécanismes",CLOSED,P0,STRUCTURAL,N/A,SUBSTANTIAL_PRIOR,HIGH,INV-001,,,NONE,,,,N/A_CORPUS_MAPPING,NO,INV-002/INV-002_REPORT.md,NONE — CLOSED/PASS.
INV-003,W0,"Taxonomie générale du pouvoir d’influence : persuasion, lobbying, propagande, manipulation, astroturfing, capture, corruption, coercition, ingérence, subversion, psyops",CLOSED,P0,CONTROL_SPEC,N/A_METHOD,PARTIAL,HIGH,,,,NONE,,,A082:183123537.lempire-du-mensonge-rapport-dautopsie;A008:208733314.la-fabrique-de-la-menace-comment;A004:210182384.lingerence-sans-mesure;A091:181572197.lindustrie-de-linfluence-enquete,N/A_METHOD,N/A_METHOD,METHOD_PACK/METHOD_PACK.md,NONE — CLOSED by METHOD_PACK.
INV-004,W0,Échelle probatoire de l’influence : intérêt → capacité → accès → action → coordination → exposition → persuasion → comportement → impact,CLOSED,P0,CONTROL_SPEC,N/A_METHOD,PARTIAL,HIGH,,,,NONE,,,A004:210182384.lingerence-sans-mesure;A006:209222653.du-narratif-a-lingerence-le-seuil;A002:212051560.qui-fabrique-lautorite-du-vrai;A008:208733314.la-fabrique-de-la-menace-comment,N/A_METHOD,N/A_METHOD,METHOD_PACK/METHOD_PACK.md,NONE — CLOSED by METHOD_PACK.
INV-005,W0,"Mesurer réellement l’effet d’une opération d’influence : contrefactuels, causalité, attribution, exposition, persuasion, changement électoral",CLOSED,P0,CONTROL_SPEC,N/A_METHOD,PARTIAL,HIGH,,,,NONE,,,A004:210182384.lingerence-sans-mesure;A002:212051560.qui-fabrique-lautorite-du-vrai;A013:203962785.un-geyser-de-6-metres-a-clichy-autopsie,N/A_METHOD,N/A_METHOD,METHOD_PACK/METHOD_PACK.md,NONE — CLOSED by METHOD_PACK.
INV-006,W0,Source officielle et vérité : valeur des sources primaires sans privilège automatique de véracité interprétative,CLOSED,P0,CONTROL_SPEC,N/A_METHOD,SUBSTANTIAL_PRIOR,HIGH,,,,NONE,,,A001:212538645.qui-fact-checke-les-fact-checkers;A002:212051560.qui-fabrique-lautorite-du-vrai;A004:210182384.lingerence-sans-mesure;A006:209222653.du-narratif-a-lingerence-le-seuil;A118:180054346.kallas-et-les-19-pays-ce-que-les,N/A_METHOD,N/A_METHOD,METHOD_PACK/METHOD_PACK.md,NONE — CLOSED by METHOD_PACK.
INV-007,W0,Méthodologie anti-faux-complot : réseau ≠ coordination ; financeur ≠ commanditaire ; convergence ≠ planification ; corrélation ≠ causalité,CLOSED,P0,CONTROL_SPEC,N/A_METHOD,PARTIAL,HIGH,,,,NONE,,,A002:212051560.qui-fabrique-lautorite-du-vrai;A004:210182384.lingerence-sans-mesure;A055:192483249.ce-nest-pas-du-satanisme-cest-une;A068:187674415.le-triangle-de-la-capture-le-mecanisme,N/A_METHOD,N/A_METHOD,METHOD_PACK/METHOD_PACK.md,NONE — CLOSED by METHOD_PACK.
INV-008,W0,"Contre-théories obligatoires : pluralisme, capture sectorielle, réseaux, émergence sans chef, coordinations ponctuelles, architecture cohérente",CLOSED,P0,CONTROL_SPEC,N/A_METHOD,PARTIAL,HIGH,,,,NONE,,,A014:202848231.lecart-legalitelegitimite-la-signature;A039:198659211.opposition-controlee-anatomie-dun;A068:187674415.le-triangle-de-la-capture-le-mecanisme;A082:183123537.lempire-du-mensonge-rapport-dautopsie,N/A_METHOD,N/A_METHOD,METHOD_PACK/METHOD_PACK.md,NONE — CLOSED by METHOD_PACK.
INV-009,W1,"Généalogie de la propagande démocratique moderne : Bernays, relations publiques, publicité politique, État, industrie",BACKLOG,P1,PRIMARY,DEEPEN,PARTIAL,HIGH,,,,PILOT_VALIDATED,"Quels mécanismes issus des relations publiques, de la publicité et de la communication d'État permettent réellement de relier conception du message, ciblage, exposition et modification mesurable d'attitudes ou de comportements politiques, et lesquels relèvent seulement d'une généalogie intellectuelle ou professionnelle ?","États-Unis/Europe, XXe–XXIe siècles, avec priorité aux cas documentés et mesurables. Tracer concepteur/commanditaire -> technique/message -> canal/ciblage -> exposition -> mesure d'attitude/comportement -> effet politique éventuel. Prioriser archives, campagnes identifiables, contrats, travaux expérimentaux/quasi-expérimentaux et évaluations. Gardes : filiation intellectuelle != continuité opérationnelle ; publicité != propagande ; intention != persuasion ; exposition != comportement ; influence != contrôle.",A082:183123537.lempire-du-mensonge-rapport-dautopsie;A071:186904003.larchitecture-de-la-censure-europeenne,NOT_RUN,UNDECIDED,,PLAN_REFRAME_HOLD | historical genealogy remains contextual; isolate a new operational mechanism or discriminating case before any TE run. No Truth Engine run in current form.
INV-010,W1,"CIA et élections étrangères : Italie, Chili et autres cas documentés ; techniques, argent, médias, partis, résultats",CLOSED,P1,PRIMARY,DEEPEN,PARTIAL,HIGH,,,,NONE,"Dans quels cas historiquement documentés les États-Unis, notamment via la CIA, ont-ils matériellement tenté d’influencer des élections étrangères, par quels mécanismes, et jusqu’à quel niveau I0..I7 les effets sont-ils démontrables ?","Focaliser 1945–1975, avec Italie 1948 et Chili 1964/1970 comme cas principaux. Ajouter d’autres cas seulement si une documentation primaire/quasi-primaire apporte un discriminant. Distinguer influence électorale, déstabilisation et changement de régime ; ne pas extrapoler aux opérations contemporaines.",A118:180054346.kallas-et-les-19-pays-ce-que-les;A082:183123537.lempire-du-mensonge-rapport-dautopsie,DELIVERY_PASS_R2A2,CLOSED_NO_FURTHER_MATERIAL_DELTA,INV-010_RUN_HANDOFF.md,CLOSED — pilot reviewed; targeted RENARD closed.
INV-011,W1,"CIA, médias et Operation Mockingbird : faits établis, mythes, continuités éventuelles",CLOSED,P1,PRIMARY,DEEPEN,PARTIAL,HIGH,,,,CORE_MISSION_V2_SELECTED_2026-09-09_POST_INV025-R1,"Quelles relations, opérations ou formes de soutien entre la CIA et des acteurs médiatiques sont documentées autour d'Operation Mockingbird, lesquelles relèvent de mythes ou d'extrapolations, et quelles preuves permettent de distinguer contact, financement, placement, tasking, contrôle éditorial et effet politique ?","États-Unis, principalement des années 1940 aux années 1970, avec prolongements ultérieurs seulement lorsqu'une continuité est documentable. Tracer service/autorité -> intermédiaire ou média/journaliste -> ressource, relation ou instruction -> contenu/action identifiable -> diffusion -> effet. Prioriser archives déclassifiées, commissions parlementaires, documents internes authentifiés et travaux historiques fondés sur archives. Gardes : contact != tasking ; financement != contrôle éditorial ; source relation != opération ; publication favorable != commandement ; opération != effet politique ; cas historique != continuité actuelle.",A071:186904003.larchitecture-de-la-censure-europeenne,DELIVERY_PASS_R3P1,NO,INV-011_RUN_HANDOFF.md,NONE - CLOSED; see RUN_HANDOFF.
INV-012,W1,"COINTELPRO et ingénierie politique intérieure américaine : infiltration, fragmentation, surveillance, neutralisation",CLOSED,P1,PRIMARY,DEEPEN,PARTIAL,HIGH,,,,CORE_MISSION_V2_SELECTED_2026-09-09_POST_INV087-R1,"Quelles opérations de COINTELPRO ont effectivement utilisé infiltration, surveillance, désinformation, provocation, fragmentation ou neutralisation contre des organisations et mouvements politiques intérieurs américains, quelles chaînes de commandement et actions sont documentées, et quels effets organisationnels, comportementaux ou démocratiques peuvent être attribués sans confondre surveillance, intention, action, dommage et causalité politique ?","États-Unis, principalement 1956–1971, avec suites judiciaires, parlementaires et déclassifiées nécessaires à l'attribution. Tracer autorité/mandat -> cible -> collecte/infiltration -> action disruptive ou informationnelle -> intermédiaire éventuel -> réaction de la cible -> dommage organisationnel/comportemental -> effet politique. Prioriser documents FBI déclassifiés, Church Committee, décisions judiciaires, dossiers officiels et travaux historiques fondés sur archives. Gardes : surveillance != disruption ; infiltration != provocation ; document interne != exécution ; proximité != tasking ; opération != effet politique ; illégalité/abus != changement électoral ; cas historique != preuve d'une pratique actuelle.",A071:186904003.larchitecture-de-la-censure-europeenne;A082:183123537.lempire-du-mensonge-rapport-dautopsie,DELIVERY_PASS_R3P1,NO,INV-012_RUN_HANDOFF.md,NONE - CLOSED; domestic-state disruption comparator available; reopen only on material denominator or causal evidence.
INV-013,W1,"Active Measures soviétiques puis russes : continuités, ruptures, doctrine et efficacité réelle",CLOSED,P1,PRIMARY,DEEPEN,PARTIAL,HIGH,,,,CORE_MISSION_V2_SELECTED_2026-09-09_POST_INV036-R1,"Quelles techniques des Active Measures soviétiques puis russes sont documentées, lesquelles montrent continuité ou rupture, et quels effets peuvent être attribués à des opérations identifiées sans confondre doctrine, capacité, exécution, exposition, persuasion et résultat politique ?","URSS/Russie et cibles européennes/occidentales, principalement 1950–2026 à travers un nombre limité de cas documentables. Tracer autorité/opérateur -> actif, front, média, faux document ou canal -> message/action -> distribution -> exposition -> réaction/comportement -> effet politique éventuel. Prioriser archives, dossiers officiels, attributions techniques, plateformes et études causales. Gardes : doctrine != opération ; attribution != effet ; diffusion != persuasion ; répétition de tactique != commandement continu ; activité != efficacité ; cas étranger != effet France/UE.",A004:210182384.lingerence-sans-mesure;A008:208733314.la-fabrique-de-la-menace-comment;A013:203962785.un-geyser-de-6-metres-a-clichy-autopsie;A116:180061326.qui-a-vraiment-la-tete-dans-le-sable,DELIVERY_PASS_R3P1,NO,INV-013_RUN_HANDOFF.md,NONE - CLOSED; see RUN_HANDOFF.
INV-014,W1,"Révolutions de couleur : Serbie, Géorgie, Ukraine, Kirghizistan ; dynamique endogène versus assistance extérieure",CLOSED,P1,PRIMARY,DEEPEN,PARTIAL,HIGH,,,,CORE_MISSION_V2_SELECTED_2026-09-09_POST_INV012-R1,"Dans les cas de Serbie 2000, Géorgie 2003, Ukraine 2004 et Kirghizistan 2005, quelles chaînes d'assistance extérieure sont documentées (financement, formation, observation électorale, médias, technologies, conseil ou diplomatie), quelles capacités et dynamiques endogènes préexistaient, et quelles preuves permettent d'attribuer une contribution causale à l'assistance sans la confondre avec orchestration, commandement ou changement de régime imposé ?","1998–2006 pour les quatre séquences, avec antécédents strictement nécessaires. Tracer financeur/État/ONG -> véhicule -> bénéficiaire/intermédiaire -> capacité/action -> mobilisation/compétition électorale -> résultat institutionnel, puis tester les explications endogènes et les contrôles négatifs. Prioriser contrats/grants, archives, rapports d'observation, données électorales, documents d'organisations locales, témoignages contradictoires et travaux causaux/comparatifs. Gardes : funding != command ; training != tasking ; assistance != orchestration ; contact != control ; protest != foreign operation ; chronology != causality ; fraud allegation != proven fraud ; mobilization != changed winner ; similar tactics != common command.",A100:180377342.bandera-vs-petain-ce-que-les-faits;A111:180120693.macron-et-la-paix-en-ukraine-ce-que;A118:180054346.kallas-et-les-19-pays-ce-que-les,DELIVERY_PASS_R3P1,NO,INV-014_RUN_HANDOFF.md,NONE - CLOSED; see RUN_HANDOFF.
INV-015,W1,"Otpor, CANVAS et exportation des techniques de mobilisation politique",CLOSED,P1,CASE,GREENFIELD,NEW,HIGH,,INV-014,,CORE_MISSION_V2_SELECTED_2026-09-11_POST_INV112-R1,"Dans quels cas les méthodes associées à Otpor/CANVAS ont-elles été effectivement transférées à des mouvements politiques, par quels financements, formations ou intermédiaires, et quels effets sur capacité de mobilisation ou résultat politique peuvent être établis sans confondre assistance, inspiration, orchestration et contrôle ?","Serbie puis cas internationaux documentables, principalement 1998–2026. Tracer organisme/formateur/financeur -> formation/ressource -> organisation bénéficiaire -> adoption observable de méthodes -> mobilisation mesurée -> résultat éventuel. Prioriser documents de programme, budgets, supports de formation, témoignages croisés et données de mobilisation. Gardes : formation != tasking ; financement != commandement ; méthode similaire != transfert prouvé ; mobilisation != résultat politique ; assistance extérieure != orchestration.",,DELIVERY_PASS_R3P1,NO,INV-015_RUN_HANDOFF.md,NONE - CLOSED; see RUN_HANDOFF.
INV-016,W1,"Printemps arabes : spontanéité, réseaux sociaux, assistance occidentale, ONG, diplomatie et intérêts géopolitiques",CLOSED,P1,PRIMARY,GREENFIELD,NEW,HIGH,,,,CORE_MISSION_V2_SELECTED_2026-09-11_POST_INV053-R1,"Pour des cas bornés des printemps arabes, quelles chaînes relient assistance extérieure, plateformes, ONG, diplomatie ou soutien matériel à l'organisation de la mobilisation et à ses effets, sans attribuer à ces facteurs une causalité générale sur le déclenchement ou l'issue des soulèvements ?","Cas sélectionnés 2010–2013 où les flux et actions sont documentables. Tracer acteur extérieur -> ressource/formation/plateforme/diplomatie -> bénéficiaire ou audience -> action de mobilisation -> exposition/participation -> effet politique. Prioriser archives, programmes d'aide, données de plateformes, communications diplomatiques, chronologies et études causales. Gardes : soutien != déclenchement ; réseau social != révolution ; financement != contrôle ; simultanéité != coordination ; changement de régime != effet attribuable à un seul mécanisme.",,DELIVERY_PASS_R3P1,NO,INV-016_RUN_HANDOFF.md,NONE - CLOSED; see RUN_HANDOFF.
INV-017,W1,"Cambridge Analytica : données, psychométrie, microtargeting et différence entre capacité revendiquée et efficacité démontrée",CLOSED,P1,CASE,DEEPEN,PARTIAL,HIGH,,INV-096,,CORE_MISSION_V2_SELECTED_2026-09-10_POST_INV027-R1,"Dans le cas Cambridge Analytica, quelles chaînes données -> profilage/psychométrie -> ciblage -> publicité -> exposition sont effectivement documentées, et quelles preuves permettent de séparer capacité revendiquée, ciblage réellement exécuté, persuasion mesurée et effet électoral ?","Royaume-Uni et États-Unis, principalement 2014–2018, avec suites réglementaires et académiques nécessaires. Tracer collecte/licence de données -> modèle/segmentation -> audience/ciblage -> créatif/publicité -> exposition -> attitude/comportement/vote -> résultat. Prioriser documents judiciaires/réglementaires, plateformes, campagnes, datasets et études expérimentales ou électorales. Gardes : data access != psychometric accuracy ; targeting != exposure ; exposure != persuasion ; persuasion != vote ; vendor claim != validated effect ; election outcome != attributable causal effect.",A071:186904003.larchitecture-de-la-censure-europeenne;A082:183123537.lempire-du-mensonge-rapport-dautopsie,DELIVERY_PASS_R3P1,NO,INV-017_RUN_HANDOFF.md,NONE - CLOSED; see RUN_HANDOFF.
INV-018,W1,"Élections américaines 2016 : opération russe démontrée, effet électoral non démontré, construction politique ultérieure du récit",CLOSED,P1,CASE,DEEPEN,PARTIAL,HIGH,,INV-013,,CORE_MISSION_V2_SELECTED_2026-09-08_POST_INV091-R1,"Quelles composantes de l'opération russe autour de l'élection présidentielle américaine de 2016 sont directement établies, quelles preuves relient chacune à des acteurs étatiques ou paraétatiques russes, quelle exposition ou modification de comportement est mesurable, et jusqu'où peut-on ou non attribuer un effet au résultat électoral sans confondre opération, contacts, coordination, persuasion, causalité électorale et construction politique ultérieure du récit ?","États-Unis, 2015–2020, centré sur l'élection de 2016 et ses suites probatoires immédiates. Séparer au minimum hack-and-leak, opérations IRA/social media, contacts avec acteurs de campagne, attribution étatique, exposition, persuasion, comportement et résultat électoral. Prioriser actes d'accusation et décisions judiciaires, rapport Mueller, rapports bipartisan du Senate Intelligence Committee, évaluations renseignement avec leur niveau probatoire explicite, données plateformes et travaux académiques mesurant exposition/effet. Gardes : attribution != electoral_effect ; hacking != persuasion ; publication != vote_change ; reach/impressions != persuasion ; contacts != coordination ; coordination != conspiracy ; indictment != conviction ; intelligence_assessment != independent_corroboration ; absence_of_charge != proof_of_absence ; political_narrative != underlying_operation.",A118:180054346.kallas-et-les-19-pays-ce-que-les;A004:210182384.lingerence-sans-mesure,DELIVERY_PASS_R3P1,NO,INV-018_RUN_HANDOFF.md,"CLOSED — Russian multi-channel 2016 operation established; general campaign-Russia coordination and causal winner change not established. Reopen only on IRA-specific causal outcome, authenticated tasking/agreement, or counterfactual winner evidence."
INV-019,W2,"États-Unis : architecture publique de promotion de la démocratie — State Department, USAID, NED, USAGM, médias/société civile/élections",CLOSED,P1,PRIMARY,DEEPEN,PARTIAL,HIGH,,,,NONE,"Quelle est l’architecture publique américaine de promotion de la démocratie à l’étranger, quels flux et mécanismes relient State Department, USAID, NED, USAGM et bénéficiaires, et quelles interfaces avec l’action clandestine sont réellement documentées ?","1983–2026. Cartographier bases juridiques, budgets/flux, critères, bénéficiaires, médias/société civile/élections et transparence. L’action CIA n’entre que lorsqu’une interface documentée avec l’architecture publique existe ; ne pas assimiler financement public et commandement clandestin.",A090:181766389.les-telegraphistes-de-la-terreur;A004:210182384.lingerence-sans-mesure,DELIVERY_PASS_R2A2,NO,INV-019_RUN_HANDOFF.md,CLOSED — pilot PASS; RENARD NO.
INV-020,W2,États-Unis : frontière diplomatie publique / soft power / influence / action clandestine,MERGED,P1,MERGED,MERGED,PARTIAL,HIGH,,INV-019,INV-019,N/A,,,A118:180054346.kallas-et-les-19-pays-ce-que-les;A082:183123537.lempire-du-mensonge-rapport-dautopsie,NOT_RUN,UNDECIDED,,Traité comme axe/cas dans INV-019; aucun run séparé.
INV-021,W2,"Services américains et France/Europe depuis la guerre froide : renseignement, influence, souveraineté, cas documentables",CLOSED,P1,PRIMARY,DEEPEN,PARTIAL,HIGH,,,,CORE_MISSION_V2_SELECTED_2026-09-10_POST_INV131-R1,"Quels cas documentables permettent d'établir une chaîne spécifique entre services ou dispositifs américains et une action d'influence en France ou en Europe, avec quel degré d'attribution, de tasking, d'exposition et d'effet, sans généraliser depuis la seule présence du renseignement ou des alliances ?","France/Europe, guerre froide–2026, uniquement cas actor-specific ou programme-specific. Tracer service/structure -> mandat/tasking/ressource -> intermédiaire/opération -> cible/canal -> exposition ou décision -> effet. Prioriser archives déclassifiées, dossiers judiciaires/parlementaires, documents officiels et travaux historiques sourcés. Gardes : renseignement != influence ; alliance != contrôle ; contact != tasking ; financement != commandement ; opération historique != continuité contemporaine ; attribution != effet.",A020:199655242.le-numerique-colonise-70-des-donnees;A071:186904003.larchitecture-de-la-censure-europeenne;A118:180054346.kallas-et-les-19-pays-ce-que-les,DELIVERY_PASS_R3P1,NO,INV-021_RUN_HANDOFF.md,NONE - CLOSED; see RUN_HANDOFF.
INV-022,W2,"Russie : opérations d’influence visant la France — acteurs, infrastructures, campagnes, audiences, impacts réels",CLOSED,P1,PRIMARY,RECHECK_EXTEND,SUBSTANTIAL_PRIOR,HIGH,,,,NONE,"Quelles opérations d’influence attribuables à des acteurs russes ont matériellement visé la France, quelles infrastructures/acteurs les ont soutenues, quelle exposition est documentée et quels effets réels peuvent être établis ?","France et infrastructures étrangères causalement liées au ciblage de la France, 2022–2026-09-06. Inclure opérations informationnelles, attribution, infrastructures, acteurs/réseaux, audience/exposition, causalité/impact et contre-mesures ; exclure cyber/espionnage sans lien matériel, propagande générique non ciblée France et effets de persuasion/électoraux non soutenus.",A004:210182384.lingerence-sans-mesure;A008:208733314.la-fabrique-de-la-menace-comment;A013:203962785.un-geyser-de-6-metres-a-clichy-autopsie;A116:180061326.qui-a-vraiment-la-tete-dans-le-sable;A119:180052771.qui-est-vraiment-louis-duclos,DELIVERY_PASS_R3,NO,INV-022_RUN_HANDOFF.md,NONE — CLOSED after post-run review; RENARD NO; future updates only on material new attribution/impact evidence.
INV-023,W2,"Russie : financement, contacts et relations avec partis/mouvements européens",CLOSED,P1,CASE,DEEPEN,PARTIAL,HIGH,,INV-022,,NONE,"Quels financements, accords, contacts structurés, rémunérations ou formes de coopération entre acteurs russes et partis/mouvements politiques européens sont matériellement établis entre 2014 et 2026, quels niveaux de relation/coordination peuvent être prouvés, et quelles allégations restent non établies ?","Union européenne, plus Royaume-Uni lorsque matériel, 2014–2026-09-06. Cas discriminants et non exhaustifs : financement partisan, accords formels, paid influence, contacts structurés, accès, coordination/tasking et issues juridiques ; exclure sympathie idéologique, convergence de vote, diplomatie ordinaire et culpabilité par association.",A116:180061326.qui-a-vraiment-la-tete-dans-le-sable;A119:180052771.qui-est-vraiment-louis-duclos,DELIVERY_PASS_R3P1,NO,INV-023_RUN_HANDOFF.md,NONE — CLOSED after post-run review; RENARD NO; pre-run registry-gate deviation logged.
INV-024,W2,"Chine : système d’influence en France et en Europe — entreprises, diaspora, universités, médias, diplomatie, standards technologiques",BACKLOG,P1,PRIMARY,DEEPEN,PARTIAL,HIGH,,,,PILOT_VALIDATED,"Quels mécanismes chinois distincts et documentables en France/Europe permettent d'établir une action d'influence, de coercition, de capture ou de diffusion à partir d'une chaîne acteur -> intermédiaire -> action -> cible -> effet, et lesquels restent de la diplomatie, du commerce, de la coopération ou du soft power ?","France/UE, principalement 2015–2026. Décomposer par mécanisme, pas par nationalité : diaspora/United Front, universités, médias, lobbying économique, standards technologiques ou autres cas seulement s'ils ferment une chaîne spécifique. Prioriser documents officiels chinois/européens, registres, contrats, cas judiciaires et traces d'opération. Gardes : acteur chinois != État chinois ; investissement != influence ; diaspora != relais ; partenariat universitaire != tasking ; standardisation != capture ; soft power != ingérence.",A008:208733314.la-fabrique-de-la-menace-comment;A020:199655242.le-numerique-colonise-70-des-donnees,NOT_RUN,UNDECIDED,,PLAN_REFRAME_HOLD | China bundle remains multi-mechanism; isolate one residual chain not already closed by United Front/soft-power/dependency work. No Truth Engine run in current form.
INV-025,W2,"Chine : United Front et frontière entre diaspora, influence et contrôle politique",CLOSED,P1,CASE,GREENFIELD,NEW,HIGH,,INV-024,,CORE_MISSION_V2_SELECTED_2026-09-09_POST_INV066-R1,"Quels mécanismes attribuables au système du United Front chinois sont documentés en France et en Europe, et comment distinguer représentation ou activité diasporique normale, influence, mobilisation, pression, contrôle politique et tasking étatique ?","France et Union européenne, principalement 2015–2026. Tracer organe/acteur d'État ou du Parti -> intermédiaire, association, entreprise ou individu -> ressource/contact/message/instruction -> cible diasporique, institutionnelle ou publique -> action/mobilisation/pression -> effet. Prioriser documents officiels, registres, communications authentifiées, décisions judiciaires et cas attribués. Gardes : diaspora != state proxy ; contact != tasking ; affiliation != control ; funding != command ; influence != coercion ; allegation != proof ; foreign comparator != France/EU effect.",,DELIVERY_PASS_R3P1,NO,INV-025_RUN_HANDOFF.md,NONE - CLOSED; see RUN_HANDOFF.
INV-026,W2,"Israël : influence étatique, diplomatique, industrielle, sécuritaire et informationnelle en France/UE",CLOSED,P1,PRIMARY,DEEPEN,PARTIAL,HIGH,,,,CORE_MISSION_RECLASSIFIED_2026-09-07_0610_R,"Quels mécanismes documentables permettent à des acteurs étatiques ou paraétatiques israéliens de chercher à influencer en France ou dans l’UE des décisions publiques, perceptions, coalitions politiques, politiques de sécurité ou l’environnement informationnel ; et jusqu’où peut-on établir financement, tasking, coordination, exposition et effet sans confondre diplomatie, lobbying privé, affinité politique et ingérence ?","France/UE 2017–2026, comparateurs seulement lorsqu’ils discriminent le mécanisme. Inclure diplomatie publique, ministères/ambassades, campagnes informationnelles, opérations numériques attribuées, soutien ou financement d’intermédiaires, relations sécuritaires/industrielles lorsqu’elles visent une décision ou perception politique, et cas judiciaires/parlementaires documentés. Exclure toute assimilation d’organisations juives, pro-israéliennes ou privées à l’État sans preuve de relation ; Israël != tout acteur pro-israélien ; financement/proximité != tasking ; lobbying légal != ingérence ; plaidoyer sur un conflit != opération étatique par nature.",A023:199655095.la-defense-rongee-449-md-sans-munitions;A055:192483249.ce-nest-pas-du-satanisme-cest-une;A057:192293819.la-democratie-en-cage,DELIVERY_PASS_R3P1,NO,INV-026_RUN_HANDOFF.md,NONE — CLOSED; Israel-as-sender symmetry controls available to INV-146; recheck only on material new sponsor/tasking/causal evidence.
INV-027,W2,"ELNET France : financements, voyages parlementaires, réseaux politiques, déclarations HATVP, effets démontrables",CLOSED,P1,CASE,RECHECK_EXTEND,SUBSTANTIAL_PRIOR,HIGH,,INV-026,,CORE_MISSION_V2_SELECTED_2026-09-10_POST_INV041-R1,"Quels financements, voyages, événements, réseaux et contacts institutionnels d'ELNET France sont documentés, et quelles preuves permettent de relier ces ressources à un accès, une position ou une décision politique identifiable sans confondre relation, lobbying, influence et capture ?","France, principalement 2017–2026. Tracer financeur/ressource -> ELNET France -> voyage, événement, rencontre ou production -> responsable public/parlementaire -> position/action identifiable -> décision ou effet. Prioriser comptes, déclarations HATVP, agendas, invitations, documents parlementaires, financements et chronologies vérifiables. Gardes : funding != tasking ; voyage != capture ; accès != influence ; proximité != coordination ; position alignée != causalité ; lobbying légal != effet démontré.",A023:199655095.la-defense-rongee-449-md-sans-munitions;A045:194518266.lingenierie-de-lenclos;A055:192483249.ce-nest-pas-du-satanisme-cest-une;A057:192293819.la-democratie-en-cage,DELIVERY_PASS_R3P1,NO,INV-027_RUN_HANDOFF.md,NONE - CLOSED; see RUN_HANDOFF.
INV-028,W2,"AIPAC : mécanisme américain de lobbying pro-israélien, pouvoir électoral, financement, limites du parallèle avec la France",CLOSED,P1,CASE,DEEPEN,PARTIAL,HIGH,,INV-026,,CORE_MISSION_V2_SELECTED_2026-09-10_POST_INV013-R1,"Par quels mécanismes AIPAC et les structures électorales ou de lobbying associées influencent-elles la compétition électorale et les décisions publiques américaines, avec quels effets démontrables, et quelles limites empêchent de transposer mécaniquement ce modèle à la France ?","États-Unis, principalement 2010–2026, avec antécédents nécessaires et comparaison française limitée aux mécanismes réellement comparables. Tracer organisation/ressources -> lobbying, endorsement ou dépense électorale documentée -> candidat/élu -> position, vote ou comportement de campagne -> résultat électoral/politique. Prioriser disclosures FEC, lobbying disclosures, votes, campagnes et études causales. Gardes : donation != vote acheté ; endorsement != control ; spending != electoral effect ; lobbying != capture ; association != tasking ; US mechanism != France mechanism.",A055:192483249.ce-nest-pas-du-satanisme-cest-une,DELIVERY_PASS_R3P1,NO,INV-028_RUN_HANDOFF.md,NONE - CLOSED; see RUN_HANDOFF.
INV-029,W2,"Allemagne : exercice de puissance au sein de l’UE — institutions, coalitions, poids économique et réglementaire",CLOSED,P1,PRIMARY,DEEPEN,PARTIAL,HIGH,,,,CORE_MISSION_V2_SELECTED_2026-09-10_POST_INV046-R1,"Par quels mécanismes institutionnels, de coalition, économiques ou réglementaires l'Allemagne peut-elle convertir préférences nationales et ressources en décisions européennes identifiables, et quels cas permettent de distinguer influence normale, pouvoir structurel et contrainte sur les choix d'autres États ?","Union européenne, principalement 2010–2026, sur dossiers décisionnels bornés. Tracer préférence allemande -> position/coalition/ressource -> procédure UE -> modification ou décision identifiable -> effet distributif/institutionnel. Prioriser documents Conseil/Commission/Parlement, positions nationales, textes versionnés, données de vote/coalition et analyses de négociation. Gardes : poids économique != contrôle ; position allemande != décision UE ; coalition != domination ; gain national != capture ; corrélation de préférences != causalité.",A024:199655040.leurope-piege-francais-12-contentieux;A060:190739827.le-sabotage-energetique-francais;A063:189855247.le-sanctuaire-inverse-comment-la,DELIVERY_PASS_R3P1,NO,INV-029_RUN_HANDOFF.md,NONE - CLOSED; see RUN_HANDOFF.
INV-030,W2,"France-Allemagne : nucléaire — divergence doctrinale, concurrence industrielle, règles européennes, intention versus effet",CLOSED,P1,CASE,RECHECK_EXTEND,SUBSTANTIAL_PRIOR,HIGH,,INV-029,,CORE_MISSION_V2_SELECTED_2026-09-09_POST_INV126-R1,"Dans les divergences franco-allemandes sur le nucléaire, quelles actions, coalitions et règles européennes ont produit des effets identifiables sur la politique ou l'économie du nucléaire, et quelles preuves permettent de distinguer intérêts nationaux, concurrence, négociation normale, intention stratégique et effet causal ?","France, Allemagne et institutions de l'Union européenne, principalement 2015–2026. Tracer position gouvernementale/industrielle -> coalition, négociation ou proposition -> texte/règle européenne -> contrainte, avantage ou signal d'investissement -> décision publique/industrielle -> effet. Prioriser textes UE, positions officielles, minutes, votes, données industrielles et chronologies. Gardes : divergence != hostilité ; intérêt économique != intention politique ; position != résultat ; corrélation réglementaire != causalité ; effet défavorable != sabotage.",A060:190739827.le-sabotage-energetique-francais;A063:189855247.le-sanctuaire-inverse-comment-la;A114:180084168.energies-renouvelables-le-double,DELIVERY_PASS_R3P1,NO,INV-030_RUN_HANDOFF.md,NONE - CLOSED; see RUN_HANDOFF.
INV-031,W2,"Royaume-Uni : influence financière, diplomatique, médiatique et renseignement en Europe",BACKLOG,P1,PRIMARY,GREENFIELD,NEW,HIGH,,,,PILOT_VALIDATED,"Quels mécanismes britanniques documentables continuent d'influencer des décisions, marchés, médias ou dispositifs de sécurité européens après le Brexit, et quelles chaînes permettent de distinguer coopération, lobbying, dépendance et influence politique effective ?","Royaume-Uni/Europe, principalement 2016–2026. Tracer acteur britannique public/privé -> ressource, réseau, contrat, lobbying ou coopération -> institution/cible européenne -> décision, accès ou exposition mesurable -> effet. Prioriser accords, registres de lobbying, contrats, documents diplomatiques et données financières. Gardes : coopération != contrôle ; City != gouvernement ; média britannique != influence causale ; partage de renseignement != tasking politique ; présence économique != décision capturée.",,NOT_RUN,UNDECIDED,,PLAN_REFRAME_HOLD | UK bundle remains heterogeneous; isolate one finance/diplomacy/media/intelligence mechanism before any run. No Truth Engine run in current form.
INV-032,W2,"Qatar : investissements, lobbying, sport, médias, islam, politique et soft power en France",BACKLOG,P1,PRIMARY,DEEPEN,PARTIAL,HIGH,,,,PILOT_VALIDATED,"Dans quels cas des ressources qataries en France produisent-elles un accès, une visibilité, une dépendance ou une décision politique identifiable, et quelles preuves supplémentaires sont nécessaires pour distinguer investissement, soft power, lobbying, financement religieux, influence et tasking ?","France, principalement 2010–2026, cas documentés et séparés par véhicule : investissements, sport, médias, lobbying, associations/religion, relations politiques. Tracer financeur/entité -> véhicule -> bénéficiaire/intermédiaire -> accès/action -> décision ou exposition -> effet. Prioriser registres, comptes, contrats, documents judiciaires/parlementaires et communications authentifiées. Gardes : argent != commandement ; proximité != quid pro quo ; investissement != influence ; religion != radicalisation ; soft power != ingérence.",A083:183424330.lagonie-du-souverain-la-singularite;A115:180081515.ukraine-ce-que-hayer-trump-et-zelenskyy,NOT_RUN,UNDECIDED,,PLAN_REFRAME_HOLD | Qatar bundle remains multi-vehicle; isolate one residual mechanism beyond Qatargate/soft-power work. No Truth Engine run in current form.
INV-033,W2,"Émirats arabes unis : influence clandestine et réputationnelle en Europe, dont réseaux de renseignement privé lorsque démontrés",CLOSED,P1,PRIMARY,DEEPEN,PARTIAL,HIGH,,,,CORE_MISSION_RECLASSIFIED_2026-09-07_0650,"Quels mécanismes attribuables aux Émirats arabes unis ou à des commanditaires émiratis peuvent être documentés en France/Europe — lobbying et relations publiques, financements, campagnes réputationnelles, renseignement privé, surveillance ou opérations clandestines — et jusqu’où peut-on établir la chaîne commanditaire → intermédiaire/prestataire → action → cible → exposition/effet sans confondre intérêt émirati, relation commerciale, nationalité et tasking étatique ?","2017–2026, priorité France/UE avec comparateurs européens documentables. Inclure Alp Services/« Abu Dhabi Secrets » et autres cas seulement lorsqu’une chaîne client, paiement, instruction, action et cible est sourçable ; distinguer gouvernement/entités publiques, clients privés émiratis, prestataires et relais locaux. Exclure investissement ou proximité diplomatique sans mécanisme d’influence. Financement ≠ commandement ; accès ≠ contrôle ; origine émiratie ≠ attribution étatique ; opération ≠ effet.",A071:186904003.larchitecture-de-la-censure-europeenne,DELIVERY_PASS_R3P1,NO,INV-033_RUN_HANDOFF.md,CLOSED — UAE-linked private-intelligence/covert-reputation control routed to INV-146; recheck only on material judicial/tasking/causal evidence.
INV-034,W2,"Arabie saoudite : finance, religion, lobbying, industrie et relations politiques françaises",BACKLOG,P1,PRIMARY,DEEPEN,PARTIAL,HIGH,,,,PILOT_VALIDATED,"Dans quels cas des flux, institutions ou réseaux liés à l'Arabie saoudite en France peuvent-ils être reliés à une action d'influence ou à une décision identifiable, sans confondre commerce, religion, diplomatie, lobbying, coopération industrielle et tasking politique ?","France, principalement 2010–2026, cas bornés par véhicule. Tracer acteur/financeur -> contrat, don, réseau ou intermédiaire -> cible française -> accès/message/décision -> effet. Prioriser registres, contrats, financements, documents institutionnels et judiciaires. Gardes : relation commerciale != influence ; financement religieux != commandement ; achat public != capture ; proximité diplomatique != tasking ; alignement de position != causalité.",A083:183424330.lagonie-du-souverain-la-singularite;A115:180081515.ukraine-ce-que-hayer-trump-et-zelenskyy,NOT_RUN,UNDECIDED,,PLAN_REFRAME_HOLD | Saudi bundle remains multi-vehicle; isolate one actor-specific chain before any run. No Truth Engine run in current form.
INV-035,W2,"Ukraine : diplomatie d’influence de guerre en France/UE, financement, communication, relais politiques et médiatiques",CLOSED,P1,PRIMARY,RECHECK_EXTEND,SUBSTANTIAL_PRIOR,HIGH,,,,CORE_MISSION_V2_SELECTED_2026-09-10_POST_INV021-R1,"Quels mécanismes de diplomatie d'influence ukrainienne en France/UE depuis 2022 sont documentés jusqu'à l'exposition, l'accès ou une décision identifiable, et quels effets peuvent être attribués sans confondre communication de guerre, solidarité, lobbying, relais autonomes et orchestration ?","France/UE, 2022–2026. Tracer institution/acteur ukrainien -> financement, message, campagne, relais ou accès -> cible médiatique/politique/publique -> exposition ou décision -> effet mesuré. Prioriser communications officielles, registres, budgets, campagnes identifiables, données d'audience et décisions. Gardes : communication de guerre != désinformation ; relais favorable != agent ; financement != tasking ; exposition != persuasion ; soutien politique != causalité ukrainienne.",A008:208733314.la-fabrique-de-la-menace-comment;A058:191802696.la-guerre-des-autres;A090:181766389.les-telegraphistes-de-la-terreur;A099:180396722.alla-poedie-cafards-censure-et-opacite;A100:180377342.bandera-vs-petain-ce-que-les-faits;A103:180267309.corruption-en-ukraine-garraud-a-t;A104:180261963.democratie-rare-en-temps-de-guerre-82a;A111:180120693.macron-et-la-paix-en-ukraine-ce-que;A115:180081515.ukraine-ce-que-hayer-trump-et-zelenskyy;A118:180054346.kallas-et-les-19-pays-ce-que-les;A119:180052771.qui-est-vraiment-louis-duclos,DELIVERY_PASS_R3P1,NO,INV-035_RUN_HANDOFF.md,NONE - CLOSED; see RUN_HANDOFF.
INV-036,W2,"Turquie : État, diaspora, religion, associations et mobilisation politique en Europe",CLOSED,P1,PRIMARY,GREENFIELD,NEW,HIGH,,,,CORE_MISSION_V2_SELECTED_2026-09-09_POST_INV048-R1,"Quels mécanismes relient l'État turc à des organisations religieuses, associatives ou diasporiques en Europe, et quelles preuves permettent de distinguer service communautaire, influence, mobilisation politique, pression, contrôle et effet sur les institutions ou comportements démocratiques ?","France et Europe, principalement 2015–2026. Tracer institution/acteur turc -> organisation, association, réseau religieux ou intermédiaire -> financement, message, consigne ou service -> population/cible -> mobilisation, pression ou action -> effet politique/institutionnel. Prioriser financements, statuts, communications authentifiées, dossiers judiciaires, élections et études comparatives. Gardes : diaspora != proxy ; religion != tasking ; funding != command ; mobilisation != coercion ; contact != control ; participation != ingérence ; action != effet électoral.",,DELIVERY_PASS_R3P1,NO,INV-036_RUN_HANDOFF.md,NONE - CLOSED; see RUN_HANDOFF.
INV-037,W2,"Iran : influence, diasporas, réseaux politiques et opérations informationnelles en Europe",CLOSED,P1,PRIMARY,DEEPEN,PARTIAL,HIGH,,,,CORE_MISSION_V2_SELECTED_2026-09-11_POST_INV029-R1,"Quels cas iraniens documentables en Europe permettent d'établir une chaîne entre acteur étatique ou para-étatique, intermédiaire, action informationnelle ou diasporique, cible et effet, et lesquels restent des activités diplomatiques, communautaires ou d'opposition ordinaires ?","Europe, principalement 2015–2026, avec priorité aux cas judiciaires, sécuritaires ou opérationnels vérifiables. Tracer acteur -> intermédiaire/tasking/ressource -> action -> cible -> exposition/contrainte/décision -> effet. Gardes : origine iranienne != lien étatique ; diaspora != relais ; opposition au régime != proxy ; attribution != persuasion ; opération de sécurité != influence politique.",A075:186127641.limpasse-persique-pourquoi-loccident,DELIVERY_PASS_R3P1,NO,INV-037_RUN_HANDOFF.md,NONE - CLOSED; see RUN_HANDOFF.
INV-038,W2,"Maroc et Algérie : influence politique, diplomatique et diasporique en France — séparer les deux États dans l’enquête",CLOSED,P1,SYNTHESIS,SYNTHESIS,NEW,HIGH,INV-130;INV-131,,,CORE_MISSION_V2_SYNTHESIS_SELECTED_2026-09-11_POST_INV040-R1,"Quels mécanismes d’influence marocains et algériens en France sont réellement isomorphes, où divergent-ils, et quelles preuves permettent de distinguer diplomatie/cooperation/diaspora ordinaire, influence politique, tasking, coercition ou ingérence sans fusionner les causalités des deux États ?",Synthèse stricte de INV-130 et INV-131 une fois CLOSED. Comparer uniquement des chaînes homologues acteur public/para-public -> intermédiaire/ressource/tasking -> action -> cible -> accès/exposition/décision -> effet. Aucun Truth Engine ni web générique. Gardes : nationalité/diaspora != lien étatique ; coopération != contrôle ; investissement != influence ; proximité != tasking ; un cas marocain != preuve sur l’Algérie et inversement.,,NOT_RUN_BY_DESIGN,NO,INV-038_RUN_HANDOFF.md,NONE — CLOSED / SYNTHESIS_PASS; matched Morocco/Algeria mechanism comparison; route bounded delta to INV-133.
INV-039,W3,"Qui exerce réellement le pouvoir dans l’UE ? Commission, Conseil, Parlement, CJUE, BCE, États, lobbies",CLOSED,P1,PRIMARY,RECHECK_EXTEND,SUBSTANTIAL_PRIOR,HIGH,,,,POST_PILOT_DYNAMIC_SELECTION_2026-09-06_TIE_REGISTRY_ORDER,"Selon le type de décision, qui dispose réellement de quels pouvoirs dans l'Union européenne entre Commission, Conseil européen, Conseil de l'UE, Parlement, CJUE, BCE et États membres, et où l'accès des lobbies peut-il influer sans être confondu avec une autorité formelle ou un contrôle de résultat ?","Union européenne, architecture en vigueur et pratique 2010–2026, avec priorité au cadre actuel. Distinguer initiative/agenda, codécision et veto, budget, actes d'exécution et délégués, mise en œuvre nationale, nominations, contrôle juridictionnel, politique monétaire, sanctions/conditionnalité et révision des traités. Comparer pouvoir juridique formel, capacité d'agenda, contrôle de mise en œuvre et influence d'accès. Ne pas produire un classement global unique des institutions et ne pas inférer capture à partir du lobbying seul.",A014:202848231.lecart-legalitelegitimite-la-signature;A022:199655164.le-verrou-28-recours-au-493-57-dabstention;A024:199655040.leurope-piege-francais-12-contentieux;A037:199049245.le-changement-de-regime-pourquoi;A057:192293819.la-democratie-en-cage,DELIVERY_PASS_R3P1,NO,INV-039_RUN_HANDOFF.md,NONE — CLOSED; procedure-specific power map available to INV-040; synthesis remains blocked by other constitutive investigations.
INV-040,W3,Déficit démocratique européen : réalité mesurable versus slogan politique,CLOSED,P1,SYNTHESIS,SYNTHESIS,SUBSTANTIAL_PRIOR,HIGH,INV-039;INV-041;INV-042;INV-043;INV-044;INV-045;INV-046;INV-047;INV-048,,,CORE_MISSION_V2_SYNTHESIS_SELECTED_2026-09-11_POST_INV016-R1,"Dans quelle mesure l’architecture institutionnelle de l’Union européenne distribue-t-elle initiative, expertise, accès, veto, contrôle et responsabilité de façon susceptible de produire un déficit démocratique mesurable, et quels mécanismes relèvent plutôt de la délégation, de la co-législation ou de contre-pouvoirs réels ?","Synthèse stricte des dépendances INV-039 à INV-048 une fois CLOSED. Comparer initiative réglementaire, lobbying/consultation, DSA/gouvernance informationnelle, dispositifs anti-FIMI, certification, Chat Control/eIDAS, sanctions et puissance normative. Aucun Truth Engine ni collecte web. Gardes : complexité != déficit ; délégation != capture ; consultation != adoption ; pouvoir réglementaire != absence de contrôle ; effet défavorable != illégitimité.",A007:206399715.le-peuple-nexiste-que-sur-convocation;A010:205911763.le-verrou-invisible-anatomie-du-ric;A014:202848231.lecart-legalitelegitimite-la-signature;A022:199655164.le-verrou-28-recours-au-493-57-dabstention;A037:199049245.le-changement-de-regime-pourquoi;A057:192293819.la-democratie-en-cage,NOT_RUN_BY_DESIGN,NO,INV-040_RUN_HANDOFF.md,"NONE — CLOSED / SYNTHESIS_PASS; polycentric delegation, asymmetric agenda/access and fragmented accountability established; unitary capture not established; route bounded delta to INV-133."
INV-041,W3,"Commission européenne et production réglementaire : initiative, expertise, consultations, trilogues, actes délégués",CLOSED,P1,PRIMARY,DEEPEN,PARTIAL,HIGH,,,,CORE_MISSION_V2_SELECTED_2026-09-10_POST_INV076-R1,"Comment les initiatives réglementaires de la Commission européenne transforment-elles consultations, expertise, contributions d'intérêts, négociations et actes d'exécution ou délégués en normes, et quelles contributions peuvent être reliées à des modifications identifiables sans confondre participation, accès et capture ?","Union européenne, principalement 2019–2026. Tracer initiative -> consultation/expertise/contribution -> proposition ou draft -> négociation/amendement/trilogue lorsque pertinent -> acte final ou acte délégué/d'exécution -> effet. Prioriser consultations, impact assessments, versions de textes, amendements, agendas, groupes d'experts et dossiers législatifs. Gardes : consultation != adoption ; expertise != capture ; accès != influence ; alignement de texte != tasking ; amendement != causalité sans trace ; Commission != totalité du processus législatif.",A024:199655040.leurope-piege-francais-12-contentieux;A048:194040178.lingenierie-de-la-possession;A061:190587326.ue-mercosur-le-mensonge-sanitaire,DELIVERY_PASS_R3P1,NO,INV-041_RUN_HANDOFF.md,NONE - CLOSED; see RUN_HANDOFF.
INV-042,W3,"Lobbying européen : acteurs, dépenses, accès, consultations, portes tournantes",CLOSED,P1,PRIMARY,DEEPEN,PARTIAL,HIGH,,,,CORE_MISSION_V2_SELECTED_2026-09-09_POST_INV014-R1,"Quels acteurs publics, privés, sectoriels ou associatifs cherchent à influencer les institutions de l'Union européenne par lobbying déclaré, accès, consultations, groupes d'experts ou portes tournantes, quelles chaînes ressources -> intermédiaire -> accès -> position/amendement -> décision sont documentées, et quelles preuves permettent de distinguer participation et expertise légitimes, avantage d'accès, conflit d'intérêts, capture et effet causal sur une politique publique ?","Union européenne, principalement Commission, Parlement et agences, 2019–2026, avec antécédents strictement nécessaires. Tracer intérêt/financeur -> organisation ou cabinet de lobbying -> ressources/dépenses déclarées -> réunions, consultations, groupes d'experts, secondments ou portes tournantes -> proposition/position/amendement identifiable -> décision/règle -> effet. Prioriser Transparency Register, agendas/réunions publiés, consultations, documents législatifs et amendements, déclarations d'intérêts, décisions éthiques et travaux causaux/comparatifs. Gardes : spending != access ; access != influence ; consultation != capture ; position_alignment != tasking ; revolving_door != proven_conflict ; conflict != capture ; lobbying_legal != neutral ; correlation != policy_causality.",A024:199655040.leurope-piege-francais-12-contentieux;A056:192351575.le-reseau-qui-nous-facture;A068:187674415.le-triangle-de-la-capture-le-mecanisme;A091:181572197.lindustrie-de-linfluence-enquete,DELIVERY_PASS_R3P1,NO,INV-042_RUN_HANDOFF.md,NONE - CLOSED; see RUN_HANDOFF.
INV-043,W3,"DSA comme dispositif de gouvernance informationnelle : obligations réelles, intermédiaires, effets et recours",CLOSED,P1,PRIMARY,RECHECK_EXTEND,SUBSTANTIAL_PRIOR,HIGH,,,,CORE_MISSION_V2_SELECTED_2026-09-09_POST_INV067-R1,"Quelles obligations du Digital Services Act structurent réellement la gouvernance des contenus et des systèmes de recommandation, quels intermédiaires et autorités interviennent entre la règle, le signalement, l'évaluation du risque, la modération ou la réduction de visibilité et le recours, et quelles preuves permettent d'attribuer des effets mesurables sur contenus, comportements ou débat démocratique sans confondre obligation légale, application, décision de plateforme, censure et effet politique ?","Union européenne, principalement 2022–2026, avec antécédents strictement nécessaires et application générale depuis 2024. Tracer règlement/acte d'exécution -> obligation -> acteur responsable (plateforme, fournisseur intermédiaire, signaleur de confiance, coordinateur des services numériques, Commission, auditeur ou chercheur) -> décision/action identifiable (signalement, retrait, restriction, recommandation, évaluation/mitigation de risque) -> effet sur disponibilité/visibilité/recommandation -> recours, contrôle ou sanction -> effet comportemental/démocratique mesuré. Prioriser texte du DSA et actes associés, décisions/enquêtes Commission et DSC, rapports de transparence, base de décisions de modération, audits, décisions de justice et études empiriques. Gardes : obligation != exécution ; notice != retrait ; trusted_flagger != ordre étatique ; risk_assessment != censure ; compliance != suppression de point de vue ; moderation != changement d'opinion ou d'élection ; décision plateforme != décision Commission ; transparence != causalité ; chronologie != causalité.",A002:212051560.qui-fabrique-lautorite-du-vrai;A004:210182384.lingerence-sans-mesure;A006:209222653.du-narratif-a-lingerence-le-seuil;A071:186904003.larchitecture-de-la-censure-europeenne;A074:186286764.ce-que-macron-appelle-protection,DELIVERY_PASS_R3P1,NO,INV-043_RUN_HANDOFF.md,NONE - CLOSED; see RUN_HANDOFF.
INV-044,W3,European Democracy Shield / EDMO / EUvsDisinfo / anti-FIMI : appareil européen de défense cognitive,CLOSED,P1,PRIMARY,DEEPEN,PARTIAL,HIGH,,,,CORE_MISSION_RECLASSIFIED_2026-09-07_1133,"Quels dispositifs institutionnels, financiers, techniques et partenariaux composent l’appareil européen de lutte contre la désinformation et les FIMI (European Democracy Shield, EDMO, EUvsDisinfo et dispositifs connexes), quels pouvoirs, flux, intermédiaires, métriques et voies de recours sont réellement documentés, et où s’arrêtent coordination, financement, expertise ou signalement sans preuve de contrôle éditorial, de censure ou d’effet politique ?","Union européenne, 2018–2026, avec priorité aux mécanismes ayant un effet ou une interface en France. Tracer base juridique/mandat, gouvernance, budgets/subventions/marchés, acteurs et prestataires, flux d’information et de signalement, relations avec plateformes/fact-checkers/chercheurs, protections électorales, métriques, audits, corrections et recours. Distinguer coordination de pouvoir contraignant, financement de commandement, participation de capture, signalement de retrait effectif, action sur contenu d’effet politique. Ne pas présumer qu’anti-FIMI = censure ni qu’un budget croissant = menace fabriquée.",A002:212051560.qui-fabrique-lautorite-du-vrai;A004:210182384.lingerence-sans-mesure;A071:186904003.larchitecture-de-la-censure-europeenne;A072:186844276.tristan-mendes-france-la-machine,DELIVERY_PASS_R3P1,NO,INV-044_RUN_HANDOFF.md,NONE — CLOSED; distributed EU information-governance architecture established; centralized Commission censorship chain not established; feed INV-040 and INV-144.
INV-045,W3,"EFCSN, IFCN, fact-checkers et financement européen : certification comme infrastructure d’accès",CLOSED,P1,PRIMARY,RECHECK_EXTEND,SUBSTANTIAL_PRIOR,HIGH,,,,CORE_MISSION_RECLASSIFIED_2026-09-07_POST_INV129,"Comment les dispositifs de certification des fact-checkers (notamment EFCSN/IFCN) et les financements ou partenariats européens structurent-ils l’accès à des contrats de plateformes, financements, partenariats institutionnels ou signaux de légitimité, quels critères, audits, recours et conflits sont documentés, et jusqu’où peut-on établir un effet de gatekeeping sans confondre certification, financement, commandement éditorial, délégation publique ou censure ?","France/UE, 2019–2026, avec comparateurs internationaux seulement lorsqu’ils éclairent le mécanisme de certification. Tracer gouvernance des certificateurs, critères, procédure d’admission/retrait, audit/recours, financements pertinents, relations avec plateformes et institutions publiques, avantages d’accès éventuels, exclusions documentées et effets observables. Gardes : certification != state_approval ; funding != editorial_command ; eligibility != guaranteed_access ; non_certification != censorship ; platform_contract != public_delegation ; audit != control. Alimenter INV-040, INV-088 et INV-144.",A001:212538645.qui-fact-checke-les-fact-checkers;A002:212051560.qui-fabrique-lautorite-du-vrai;A004:210182384.lingerence-sans-mesure;A072:186844276.tristan-mendes-france-la-machine,DELIVERY_PASS_R3P1,NO,INV-045_RUN_HANDOFF.md,"NONE — CLOSED; program-specific certification/access gates and EU funding capacity established; universal public authority, editorial command and political effect not established; delta routed to INV-040, INV-088, INV-144."
INV-046,W3,"Chat Control, eIDAS, identité numérique, portefeuille européen : sécurité versus infrastructure potentielle de contrôle",CLOSED,P1,PRIMARY,RECHECK_EXTEND,SUBSTANTIAL_PRIOR,HIGH,,,,CORE_MISSION_V2_SELECTED_2026-09-10_POST_INV147-R1,"Quelles capacités concrètes de Chat Control, eIDAS et du portefeuille européen d'identité modifient réellement collecte, authentification, accès, traçabilité ou contrôle des communications, et dans quelles conditions ces capacités peuvent-elles affecter libertés, anonymat ou participation démocratique sans présumer un usage politique abusif ?","Union européenne, textes adoptés/proposés et implémentations 2021–2026. Tracer règle -> capacité technique -> acteur habilité -> donnée/action accessible -> contrôle/recours -> effet observé ou plausible sous conditions explicitables. Prioriser textes juridiques, architecture technique, analyses d'impact, autorités de contrôle et jurisprudence. Gardes : capacité != usage ; identité numérique != surveillance ; sécurité != neutralité ; risque != abus prouvé ; métadonnée != contenu ; architecture de contrôle != influence politique.",A067:188810196.le-gulag-digital-surveilles-a-100;A071:186904003.larchitecture-de-la-censure-europeenne;A074:186286764.ce-que-macron-appelle-protection;A109:180129975.leurope-construit-elle-un-credit-40d;A110:180128122.leurope-construit-elle-un-credit,DELIVERY_PASS_R3P1,NO,INV-046_RUN_HANDOFF.md,NONE - CLOSED; see RUN_HANDOFF.
INV-047,W3,Sanctions européennes comme instrument de coercition politique et informationnelle,CLOSED,P1,PRIMARY,DEEPEN,PARTIAL,HIGH,,,,CORE_MISSION_V2_SELECTED_2026-09-10_POST_INV017-R1,"Par quels mécanismes les sanctions européennes exercent-elles une contrainte politique, économique ou informationnelle, et quels effets mesurables peuvent être attribués à des mesures identifiées sans confondre décision juridique, mise en œuvre, coercition, signal politique et changement de comportement ?","Union européenne, principalement 2014–2026, à travers un nombre limité de régimes de sanctions documentables. Tracer autorité -> acte juridique/listing/restriction -> intermédiaire financier, commercial ou informationnel -> cible -> coût/contrainte -> adaptation/comportement -> effet politique. Prioriser règlements, décisions, jurisprudence, données de commerce/finance et études causales. Gardes : sanction != censure ; listing != culpabilité ; restriction != compliance ; coût != changement politique ; intention != effet ; corrélation temporelle != causalité.",A006:209222653.du-narratif-a-lingerence-le-seuil;A047:194130616.le-protocole-du-re-enracinement;A058:191802696.la-guerre-des-autres;A087:182502562.la-justice-spectrale-lere-du-bannissement;A118:180054346.kallas-et-les-19-pays-ce-que-les,DELIVERY_PASS_R3P1,NO,INV-047_RUN_HANDOFF.md,NONE - CLOSED; see RUN_HANDOFF.
INV-048,W3,"Commerce, normes et droit européen comme instruments de puissance : Mercosur, concurrence, standards, conditionnalité",CLOSED,P1,PRIMARY,RECHECK_EXTEND,SUBSTANTIAL_PRIOR,HIGH,,,,CORE_MISSION_V2_SELECTED_2026-09-09_POST_INV125-R1,"Comment les accords commerciaux, normes, règles de concurrence et conditionnalités européennes produisent-ils des effets de puissance sur des acteurs ou États, et quelles preuves permettent de distinguer règle commune, avantage de négociation, contrainte, coercition et changement politique causal ?","Union européenne et partenaires directement concernés, principalement 2019–2026, avec cas tels que commerce, standards ou conditionnalités seulement s'ils sont traçables. Tracer règle/accord/standard -> obligation ou condition d'accès -> coût/incitation -> adaptation d'acteur ou d'État -> décision/politique -> effet. Prioriser textes, négociations, données commerciales, décisions et études d'impact. Gardes : norme != coercition ; asymétrie de marché != intention ; compliance != adhésion ; effet économique != effet politique ; corrélation != causalité.",A024:199655040.leurope-piege-francais-12-contentieux;A031:199654478.la-france-desindustrialisee-81-milliards;A048:194040178.lingenierie-de-la-possession;A061:190587326.ue-mercosur-le-mensonge-sanitaire,DELIVERY_PASS_R3P1,NO,INV-048_RUN_HANDOFF.md,NONE - CLOSED; see RUN_HANDOFF.
INV-049,W4,"Open Society Foundations / George Soros : flux réels, bénéficiaires, objectifs, mécanismes, effets ; tester mythologie et dénégation naïve",CLOSED,P1,PRIMARY,DEEPEN,PARTIAL,HIGH,,,,NONE,"Quels financements, bénéficiaires et mécanismes d’Open Society Foundations en France et dans l’UE sont documentés, et quels effets politiques, juridiques, médiatiques ou sociaux peuvent être établis sans confondre financement, influence et contrôle ?","Focus 2015–2026, avec remontée antérieure seulement si nécessaire à la causalité ou à la structure. Prioriser flux identifiables, bénéficiaires, programmes, contentieux/plaidoyer/médias/migration lorsque matériel. Tester symétriquement les récits de contrôle total et de neutralité philanthropique.",A045:194518266.lingenierie-de-lenclos;A072:186844276.tristan-mendes-france-la-machine;A097:180580808.pravda-quand-lelysee-ironise-sur;A098:180481861.quand-lelysee-attaque-un-journaliste,DELIVERY_PASS_R2A2,CLOSED_NO_FURTHER_MATERIAL_DELTA,INV-049_RUN_HANDOFF.md,CLOSED — pilot PASS after targeted RENARD; no further material delta.
INV-050,W4,"OSF en France et dans l’UE : justice, médias, migration, droits fondamentaux, think tanks, contentieux stratégique",MERGED,P1,MERGED,MERGED,PARTIAL,HIGH,,INV-049,INV-049,N/A,,,A045:194518266.lingenierie-de-lenclos;A072:186844276.tristan-mendes-france-la-machine;A097:180580808.pravda-quand-lelysee-ironise-sur;A098:180481861.quand-lelysee-attaque-un-journaliste,NOT_RUN,UNDECIDED,,Traité comme axe/cas dans INV-049; aucun run séparé.
INV-051,W4,"Fondations Gates, Ford, Rockefeller, Omidyar et grandes philanthropies : pouvoir politique sans mandat électif",CLOSED,P1,PRIMARY,DEEPEN,PARTIAL,HIGH,,,,CORE_MISSION_V2_SELECTED_2026-09-11_POST_INV037-R1,"Dans quels cas des grandes fondations privées convertissent-elles financement philanthropique en accès, agenda, production d'expertise ou modification de politique publique identifiable, et quelles preuves distinguent soutien légitime, dépendance, influence et contrôle ?","France/UE avec comparateurs internationaux, principalement 2010–2026. Tracer fondation -> subvention/contrat/programme -> bénéficiaire/intermédiaire -> activité/expertise/accès -> décision ou agenda identifiable -> effet. Prioriser bases de grants, déclarations, contrats, rapports, registres de lobbying et traces de politique publique. Gardes : financement != commandement ; bénéficiaire != relais ; agenda commun != tasking ; expertise financée != conclusion dictée ; accès != capture.",A045:194518266.lingenierie-de-lenclos;A082:183123537.lempire-du-mensonge-rapport-dautopsie,DELIVERY_PASS_R3P1,NO,INV-051_RUN_HANDOFF.md,NONE - CLOSED; see RUN_HANDOFF.
INV-052,W4,"Philanthrocapitalisme : quand le financement privé définit problèmes, métriques et solutions publiques",CLOSED,P1,SYNTHESIS,SYNTHESIS,PARTIAL,HIGH,INV-049;INV-051;INV-053;INV-054;INV-057,,,CORE_MISSION_V2_SYNTHESIS_SELECTED_2026-09-11_POST_DEP_REVIEW-R1,"Quand et comment le financement philanthropique privé convertit-il ressources en définition de problèmes, métriques, expertise, accès ou décision publique, et à quel point cette chaîne diffère-t-elle d’un soutien pluraliste ou d’une simple capacité opérationnelle ?","Synthèse stricte de INV-049, INV-051, INV-053, INV-054, INV-057 et INV-058 lorsqu’elles sont CLOSED ou explicitement remplacées par un contrôle équivalent. Aucun Truth Engine ni web générique. Comparer financeur -> sélection/subvention -> bénéficiaire/intermédiaire -> agenda/expertise/advocacy -> accès/décision -> effet. Gardes : financement != commandement ; mission alignment != tasking ; bénéficiaire != proxy ; accès != capture ; output != effet.",A045:194518266.lingenierie-de-lenclos;A053:193017697.comment-la-richesse-verrouille-le;A082:183123537.lempire-du-mensonge-rapport-dautopsie,NOT_RUN_BY_DESIGN,NO,INV-052_RUN_HANDOFF.md,NONE — CLOSED / SYNTHESIS_PASS; structural funding/agenda/access power established; generalized command/capture not established; route INV-133.
INV-053,W4,"ONG liées aux migrations en France/Europe : qui finance quoi, pourquoi, avec quel effet opérationnel et politique ?",CLOSED,P1,PRIMARY,DEEPEN,PARTIAL,HIGH,,,,CORE_MISSION_V2_SELECTED_2026-09-11_POST_INV111-R1,"Quels flux de financement vers des ONG liées aux migrations en France/Europe produisent des capacités opérationnelles, du lobbying ou de l'accès institutionnel identifiables, et quels effets politiques peuvent être démontrés sans inférer un commandement à partir du seul financement ?","France/UE, principalement 2015–2026. Tracer financeur -> ONG/programme -> activité financée -> cible institutionnelle ou population -> output/action -> décision/effet éventuel. Prioriser comptes, subventions, marchés, registres de lobbying, projets et évaluations. Gardes : financement != tasking ; assistance humanitaire != lobbying ; lobbying != capture ; proximité politique != coordination ; output != effet de politique publique.",A029:199654638.limmigration-sans-cap-340-000-titres;A045:194518266.lingenierie-de-lenclos,DELIVERY_PASS_R3P1,NO,INV-053_RUN_HANDOFF.md,NONE - CLOSED; see RUN_HANDOFF.
INV-054,W4,ONG de droits humains et contentieux stratégique : recours judiciaire comme instrument de transformation politique,CLOSED,P1,PRIMARY,DEEPEN,PARTIAL,HIGH,,,,CORE_MISSION_RECLASSIFIED_2026-09-07_POST_INV044,"Dans quels cas des ONG de droits humains utilisent-elles le contentieux stratégique pour modifier des normes, pratiques ou décisions publiques en France et en Europe, quels financeurs, soutiens, coordinations et choix de dossiers sont documentés, et jusqu'où peut-on établir une chaîne financement/organisation -> stratégie contentieuse -> décision -> mise en œuvre -> effet politique sans confondre recours légal, proximité, financement ou victoire judiciaire avec tasking, capture ou causalité systémique ?","France/Europe 2015–2026, avec un petit nombre de cas juridiquement documentables et comparables. Tracer identité et gouvernance de l'ONG, financeurs pertinents, choix/objectif du contentieux lorsqu'il est public, représentation juridique, base légale, décision et recours, mise en œuvre, changement institutionnel et preuve éventuelle de coordination/tasking externe. Inclure cas négatifs et échecs. Séparer financement de commandement, accès au juge de contrôle de l'issue, victoire judiciaire d'effet politique durable, contentieux stratégique de procédure abusive. INV-129 synthétisera ensuite lawfare/coercition avec d'autres mécanismes.",A006:209222653.du-narratif-a-lingerence-le-seuil;A045:194518266.lingenierie-de-lenclos;A087:182502562.la-justice-spectrale-lere-du-bannissement,DELIVERY_PASS_R3P1,NO,INV-054_RUN_HANDOFF.md,NONE — CLOSED; strategic litigation is intentional legal influence with case-specific institutional effects; external donor tasking and durable counterfactual effect not established; feed INV-052 and INV-129.
INV-055,W4,Financement public des ONG qui font ensuite pression sur le pouvoir public : boucle institutionnelle et conditions de légitimité,MERGED,P1,MERGED,MERGED,PARTIAL,HIGH,,INV-058,INV-058,N/A,,,A002:212051560.qui-fabrique-lautorite-du-vrai;A004:210182384.lingerence-sans-mesure;A045:194518266.lingenierie-de-lenclos;A072:186844276.tristan-mendes-france-la-machine,NOT_RUN,UNDECIDED,,Traité comme axe/cas dans INV-058; aucun run séparé.
INV-056,W4,Astroturfing : organisations présentées comme grassroots mais financées ou orchestrées par des intérêts structurés,CLOSED,P1,PRIMARY,DEEPEN,PARTIAL,HIGH,,,,CORE_MISSION_V2_SELECTED_2026-09-08_POST_INV090-R1,"Dans quels cas des organisations ou campagnes présentées comme spontanées, citoyennes ou grassroots sont-elles en réalité financées, créées, coordonnées ou amplifiées par des intérêts structurés, et quelles preuves permettent de tracer principal/financeur -> intermédiaire ou front group -> message/action -> cible/audience/décideur -> exposition ou effet sans confondre financement, proximité, alignement et orchestration ?","France/UE 2010–2026, avec comparateurs étrangers uniquement lorsque le mécanisme est isomorphe. Tracer origine et gouvernance de l'organisation, financeurs/contrats/subventions, intermédiaires/prestataires, staffing et instructions lorsqu'elles sont documentées, messages/actions, diffusion/mobilisation, cible et effet observable. Prioriser registres, déclarations financières, contrats, grants, documents internes/fuites authentifiées, enquêtes judiciaires/réglementaires, archives et données de plateformes. Distinguer grassroots authentique, advocacy sponsorisée et déclarée, front group, sockpuppet/astroturf et mobilisation rémunérée. Gardes : funding != tasking ; shared_staff != control ; message_similarity != coordination ; organizational_origin != current_control ; campaign_activity != exposure ; exposure != persuasion ; exposure != electoral/policy_effect ; allegation != proof.",A013:203962785.un-geyser-de-6-metres-a-clichy-autopsie;A091:181572197.lindustrie-de-linfluence-enquete,DELIVERY_PASS_R3P1,NO,INV-056_RUN_HANDOFF.md,NONE — CLOSED; astroturfing/front deception verified case-specifically where concealed principal/tasking/orchestration is evidenced; funding/alignment alone insufficient; prevalence and generalized policy/electoral effect NOT_ESTABLISHED.
INV-057,W4,"ONG comme intermédiaires de politique étrangère : comparaison USA, UE, États et fondations",CLOSED,P1,PRIMARY,DEEPEN,PARTIAL,HIGH,,,,CORE_MISSION_V2_SELECTED_2026-09-10_POST_INV063-R1,"Dans quelles conditions des ONG deviennent-elles des intermédiaires de politique étrangère pour des États, l'Union européenne ou des fondations, et quelles preuves permettent de distinguer financement de mission, autonomie d'exécution, influence, délégation, tasking et effet politique ?","Comparaison États-Unis/Union européenne/États européens, principalement 2015–2026, sur un petit nombre de programmes traçables. Tracer financeur/mandat -> grant/contrat -> ONG -> programme, message ou service -> bénéficiaire/cible -> action/comportement/politique -> effet. Prioriser grants, contrats, appels, livrables, audits, communications et évaluations. Gardes : funding != command ; grant objective != executed tasking ; NGO output != state speech ; service != influence ; correlation != causal effect ; one case != general model.",A004:210182384.lingerence-sans-mesure;A045:194518266.lingenierie-de-lenclos;A090:181766389.les-telegraphistes-de-la-terreur,DELIVERY_PASS_R3P1,NO,INV-057_RUN_HANDOFF.md,NONE - CLOSED; see RUN_HANDOFF.
INV-058,W4,"Qui contrôle les contrôleurs associatifs ? Gouvernance, transparence, conflits d’intérêts et accountability des ONG",BACKLOG,P1,PRIMARY,DEEPEN,PARTIAL,HIGH,,,,PILOT_VALIDATED,"Quels mécanismes d'accountability des ONG permettent réellement de détecter, prévenir ou corriger conflits d'intérêts, opacité financière, dépendances et abus de représentation, et quels défauts produisent des effets institutionnels identifiables ?","France/UE, principalement 2015–2026, sur dispositifs de gouvernance et cas documentés. Tracer obligation/standard -> disclosure/contrôle -> anomalie ou conflit -> correction/sanction/absence de correction -> effet sur accès, financement ou décision. Prioriser statuts, comptes, audits, autorités, décisions de justice et procédures internes publiées. Gardes : opacité != corruption ; conflit != influence ; défaut de contrôle != abus prouvé ; financement public != capture ; gouvernance faible != effet politique.",A002:212051560.qui-fabrique-lautorite-du-vrai;A004:210182384.lingerence-sans-mesure;A045:194518266.lingenierie-de-lenclos;A072:186844276.tristan-mendes-france-la-machine,NOT_RUN,UNDECIDED,,PLAN_REFRAME_HOLD | accountability is currently an indirect control problem; do not run merely to unblock INV-052. No Truth Engine run in current form.
INV-059,W5,Think tanks français : cartographie argent → experts → médias → cabinets → politiques publiques,CLOSED,P1,PRIMARY,DEEPEN,PARTIAL,HIGH,,,,CORE_MISSION_V2_SELECTED_2026-09-08_POST_INV069-R1,"Dans quelle mesure des intérêts publics ou privés financent, structurent ou alimentent des think tanks français, comment leurs productions et experts sont relayés vers médias, cabinets, administrations et décideurs, et quelles preuves permettent de fermer la chaîne financeur/intérêt -> organisation -> expert/production -> média/cabinet -> décision ou politique publique sans confondre financement, accès, réputation, convergence et tasking ?","France, 2015–2026, avec comparateurs européens uniquement lorsque la chaîne est isomorphe. Tracer financeur/subvention/don/contrat -> think tank -> gouvernance/chercheur/expert -> rapport, note, tribune ou événement -> média/cabinet/administration -> reprise, accès ou décision publique observable. Prioriser comptes/rapports de transparence, déclarations de financement, gouvernance, contrats/subventions, productions datées, auditions, nominations et documents de politique publique. Gardes : funding != tasking ; donor != author ; board_role != command ; expert_media_presence != agenda_control ; citation/reprise != policy_adoption ; access != capture ; shared_frame != coordination ; policy_similarity != causal_influence ; opacity != corruption ; exposure != persuasion/effect. INV-085 ferme la sélection éditoriale générique ; INV-142 ferme le sponsoring caché générique : INV-059 doit isoler le mécanisme distinct de narrative laundering par expertise apparemment indépendante.",A036:199422722.la-caste-parasite-qui-gouverne-la;A053:193017697.comment-la-richesse-verrouille-le;A068:187674415.le-triangle-de-la-capture-le-mecanisme,DELIVERY_PASS_R3P1,NO,INV-059_RUN_HANDOFF.md,"NONE — CLOSED; funding/access/expert-output/media/parliamentary reuse pathways established across selected French think tanks; donor-specific tasking, generalized covert sponsor laundering and causal policy adoption not established; reopen only on authenticated donor tasking/content-control evidence, decision-process causality, or a material prevalence denominator."
INV-060,W5,"Institut Montaigne, Terra Nova, Fondapol, Fondation Jean-Jaurès, IFRI : comparaison des modèles d’influence",MERGED,P1,MERGED,MERGED,PARTIAL,HIGH,,INV-059,INV-059,N/A,,,A039:198659211.opposition-controlee-anatomie-dun;A059:191154925.pourquoi-les-electeurs-francais-votent,NOT_RUN,UNDECIDED,,Traité comme axe/cas dans INV-059; aucun run séparé.
INV-061,W5,"Think tanks américains et politique française/européenne : Atlantic Council, German Marshall Fund, Brookings, Heritage, etc.",CLOSED,P1,PRIMARY,DEEPEN,PARTIAL,HIGH,,,,CORE_MISSION_V2_SELECTED_2026-09-10_POST_INV102-R2,"Par quels mécanismes des think tanks américains obtiennent-ils accès, visibilité ou capacité de cadrage dans la politique française/européenne, et quels cas relient financement, expertise ou réseau à une décision identifiable sans confondre diffusion d'idées, lobbying et tasking ?","France/UE, principalement 2010–2026, sur cas et programmes attribuables. Tracer think tank/financeur -> expert/rapport/événement/réseau -> décideur/média -> reprise, accès ou modification identifiable -> effet. Prioriser financements, agendas, registres, citations de rapports, auditions et textes versionnés. Gardes : financement != commandement ; présence médiatique != persuasion ; citation != adoption ; réseau transatlantique != coordination ; proximité idéologique != tasking.",A071:186904003.larchitecture-de-la-censure-europeenne;A082:183123537.lempire-du-mensonge-rapport-dautopsie,DELIVERY_PASS_R3P1,NO,INV-061_RUN_HANDOFF.md,NONE - CLOSED; see RUN_HANDOFF.
INV-062,W5,McKinsey et cabinets de conseil dans l’État français : prestation technique ou délégation cognitive de souveraineté ?,CLOSED,P1,PRIMARY,RECHECK_EXTEND,SUBSTANTIAL_PRIOR,HIGH,,,,CORE_MISSION_V2_SELECTED_2026-09-09_POST_INV074-R1,"Dans les missions de McKinsey et autres cabinets auprès de l'État français, quelles prestations et recommandations ont réellement pénétré la chaîne de décision publique, et quelles preuves permettent de distinguer expertise externalisée, influence, dépendance cognitive, délégation de décision et effet sur une politique ?","France, principalement 2017–2026. Tracer administration/ministère -> contrat -> cabinet -> livrable/recommandation -> reprise, modification ou rejet -> décision publique -> mise en œuvre/effet. Prioriser marchés, contrats, rapports, auditions, documents administratifs, versions de politiques et évaluations. Gardes : consulting != decision ; recommendation != adoption ; contract value != influence ; similarity != authorship ; outsourcing != sovereignty loss by default ; chronology != causality.",A015:202607767.le-systeme-informatique-detat-autopsie;A068:187674415.le-triangle-de-la-capture-le-mecanisme,DELIVERY_PASS_R3P1,NO,INV-062_RUN_HANDOFF.md,NONE - CLOSED; see RUN_HANDOFF.
INV-063,W5,"Big Four et production de normes : conseil, audit, réglementation, marchés publics, revolving doors",CLOSED,P1,PRIMARY,DEEPEN,PARTIAL,HIGH,,,,CORE_MISSION_V2_SELECTED_2026-09-10_POST_INV084-R1,"Comment les Big Four interviennent-ils simultanément dans le conseil, l'audit, les marchés publics et la production de normes, et quelles chaînes permettent d'établir un effet sur une règle ou décision sans confondre expertise, conflit d'intérêts, revolving door, influence et capture ?","France et Union européenne, principalement 2015–2026, sur des dossiers réglementaires ou marchés identifiables. Tracer firme -> contrat, expertise, audit ou personnel -> consultation/groupe/draft -> contribution identifiable -> norme/décision/marché -> effet. Prioriser marchés publics, disclosures, consultations, drafts, déclarations d'intérêts et décisions éthiques. Gardes : multiple roles != conflict proven ; conflict != capture ; access != influence ; revolving door != tasking ; advice != adoption ; correlation != policy causality.",A035:199655748.largent-qui-disparait-80-a-100-milliards;A056:192351575.le-reseau-qui-nous-facture,DELIVERY_PASS_R3P1,NO,INV-063_RUN_HANDOFF.md,NONE - CLOSED; see RUN_HANDOFF.
INV-064,W5,Cabinets de relations publiques et communication stratégique : marché professionnel de fabrication de réputation et d’opinion,CLOSED,P1,PRIMARY,DEEPEN,PARTIAL,HIGH,,,,CORE_MISSION_V2_SELECTED_2026-09-09_POST_INV070-R1,"Par quels mécanismes les cabinets de relations publiques et de communication stratégique transforment-ils les ressources d'un client en visibilité, réputation, cadrage médiatique ou mobilisation, et quels effets peuvent être démontrés sans confondre prestation, persuasion, manipulation, astroturfing et changement de comportement ?","France et Union européenne, principalement 2017–2026, avec cas documentables de campagnes professionnelles. Tracer client -> contrat/agence -> stratégie/contenu/intermédiaire -> média, plateforme ou public -> exposition -> attitude/comportement -> effet. Prioriser contrats, registres de lobbying, bibliothèques publicitaires, contenus attribués, disclosures et mesures d'audience/effet. Gardes : paid service != deception ; messaging != persuasion ; exposure != behavior ; reputation work != astroturfing ; client interest != editorial control.",A008:208733314.la-fabrique-de-la-menace-comment;A082:183123537.lempire-du-mensonge-rapport-dautopsie;A091:181572197.lindustrie-de-linfluence-enquete;A097:180580808.pravda-quand-lelysee-ironise-sur;A098:180481861.quand-lelysee-attaque-un-journaliste,DELIVERY_PASS_R3P1,NO,INV-064_RUN_HANDOFF.md,NONE - CLOSED; see RUN_HANDOFF.
INV-065,W5,"Experts médiatiques : sélection, financement, conflits d’intérêts invisibles",CLOSED,P1,PRIMARY,RECHECK_EXTEND,SUBSTANTIAL_PRIOR,HIGH,,,,CORE_MISSION_V2_SELECTED_2026-09-10_POST_INV072-R1,"Comment les médias sélectionnent-ils leurs experts, quels financements, affiliations ou conflits d'intérêts pertinents sont visibles ou invisibles, et quelles preuves relient cette sélection à un cadrage, un agenda ou un effet sur le public ?","France, principalement 2019–2026, sur émissions, chaînes ou sujets où la sélection est reconstructible. Tracer rédaction/producteur -> sélection d'expert -> affiliations/financements/intérêts -> intervention/message -> exposition -> reprise/cadrage -> effet éventuel. Prioriser listes d'invités, biographies, déclarations d'intérêts, financements, archives d'émissions et mesures d'audience/contenu. Gardes : affiliation != conflit ; conflit != fausseté ; sélection != tasking ; présence != influence ; exposition != persuasion ; déséquilibre != causalité politique.",A012:204169916.le-debat-qui-nexistait-pas-6-mecanismes;A025:199654938.medias-censure-et-desinformation;A072:186844276.tristan-mendes-france-la-machine;A091:181572197.lindustrie-de-linfluence-enquete,DELIVERY_PASS_R3P1,NO,INV-065_RUN_HANDOFF.md,NONE - CLOSED; see RUN_HANDOFF.
INV-066,W5,Recherche académique financée par intérêts publics ou privés : agenda-setting scientifique et indépendance réelle,CLOSED,P1,PRIMARY,DEEPEN,PARTIAL,HIGH,,,,CORE_MISSION_V2_SELECTED_2026-09-09_POST_INV062-R1,"Dans quelle mesure le financement public ou privé de la recherche modifie-t-il l'agenda scientifique, les méthodes, la publication ou l'usage politique des résultats, et quelles preuves permettent de distinguer financement, conflit d'intérêts, biais, influence et contrôle ?","France et Union européenne, principalement 2015–2026, avec comparateurs internationaux lorsque des designs causaux sont nécessaires. Tracer financeur -> grant/contrat -> équipe/projet -> question, design, analyse ou publication -> expertise/citation -> usage médiatique ou réglementaire -> effet. Prioriser grants, protocols, disclosures, données de réplication, méta-recherches et décisions. Gardes : funding != result ; conflict != bias proven ; association != causality ; publication bias != sponsor tasking ; scientific disagreement != capture.",A001:212538645.qui-fact-checke-les-fact-checkers;A002:212051560.qui-fabrique-lautorite-du-vrai;A042:197963983.climat-les-deux-escroqueries;A069:187436825.darwin-et-evolution-enquete-sur-les,DELIVERY_PASS_R3P1,NO,INV-066_RUN_HANDOFF.md,NONE - CLOSED; see RUN_HANDOFF.
INV-067,W5,"Groupes d’experts publics : composition, conflits d’intérêts, sélection et pouvoir normatif",CLOSED,P1,PRIMARY,DEEPEN,PARTIAL,HIGH,,,,CORE_MISSION_V2_SELECTED_2026-09-09_POST_INV042-R1,"Dans les groupes d’experts publics intervenant sur des politiques françaises ou européennes, comment la composition, les règles de sélection, les affiliations et conflits d’intérêts influencent-ils l’accès à l’expertise, la formulation de recommandations et, éventuellement, les décisions ou normes adoptées, et quelles preuves permettent de distinguer présence, expertise, biais de composition, influence et capture ?","France et Union européenne, principalement 2017–2026, avec antécédents strictement nécessaires. Tracer autorité de création -> règles de nomination/sélection -> membres, affiliations et intérêts déclarés -> contributions/recommandations -> reprise identifiable dans proposition, avis, norme ou décision -> effet. Prioriser registres officiels de groupes, mandats, listes de membres, déclarations d’intérêts, procès-verbaux, avis/recommandations, versions de textes et décisions d’éthique/contrôle. Gardes : membership != influence ; expertise != tasking ; affiliation != conflict ; conflict != capture ; recommendation != adoption ; composition_bias != policy_effect ; chronology != causality.",A002:212051560.qui-fabrique-lautorite-du-vrai;A014:202848231.lecart-legalitelegitimite-la-signature;A042:197963983.climat-les-deux-escroqueries,DELIVERY_PASS_R3P1,NO,INV-067_RUN_HANDOFF.md,NONE - CLOSED; see RUN_HANDOFF.
INV-068,W5,Narrative laundering : intérêt → think tank → expert → média → décideur → apparence de consensus indépendant,CLOSED,P1,SYNTHESIS,SYNTHESIS,SUBSTANTIAL_PRIOR,HIGH,INV-059;INV-061;INV-062;INV-063;INV-064;INV-065;INV-066;INV-067;INV-085,,,CORE_MISSION_V2_SYNTHESIS_SELECTED_2026-09-11_POST_INV038-R1,"Dans quelles conditions une chaîne intérêt/financeur -> think tank -> expert -> média -> décideur produit-elle une apparence de consensus indépendant, et quelles arêtes sont réellement établies entre financement, accès, reprise, coordination, tasking, persuasion et décision ?","Synthèse stricte des handoffs CLOSED INV-059, INV-061 à INV-067 et INV-085. Aucun Truth Engine ni web générique. Comparer ressources, droits de participation, sélection d’experts, amplification, auditions/reprises et effets. Gardes : funding != command ; expert selection != tasking ; citation/reprise != adoption ; répétition != consensus causal ; réseau != coordination.",A008:208733314.la-fabrique-de-la-menace-comment;A012:204169916.le-debat-qui-nexistait-pas-6-mecanismes;A025:199654938.medias-censure-et-desinformation;A072:186844276.tristan-mendes-france-la-machine;A091:181572197.lindustrie-de-linfluence-enquete,NOT_RUN_BY_DESIGN,NO,INV-068_RUN_HANDOFF.md,NONE — CLOSED / SYNTHESIS_PASS; intermediation/amplification established; generalized laundering/tasking/policy causality not established; route bounded delta to INV-133.
INV-069,W6,"Communication gouvernementale française : SIG, Élysée, ministères, budgets, campagnes et objectifs comportementaux",CLOSED,P1,PRIMARY,RECHECK_EXTEND,SUBSTANTIAL_PRIOR,HIGH,,,,CORE_MISSION_V2_SELECTED_2026-09-08_POST_INV142-R1,"Quels budgets, marchés, prestataires, campagnes, canaux, ciblages et objectifs comportementaux composent la communication gouvernementale française, et quelles preuves permettent de distinguer information de service public, persuasion institutionnelle, communication partisane, ciblage comportemental et effet réellement mesuré sur préférences, comportements ou décisions ?","France, 2017–2026. Tracer SIG/Élysée/ministère ou organisme public -> budget/marché/prestataire -> campagne/message -> canal/ciblage -> audience/exposition -> mesure de comportement ou effet politique. Prioriser rapports SIG, documents budgétaires et marchés publics, Cour des comptes/Parlement, pièces de campagne, bibliothèques publicitaires et évaluations. Distinguer information administrative, communication institutionnelle, publicité d’intérêt général, campagne comportementale et communication électorale/partisane. Gardes : public_communication != propaganda ; budget != persuasion ; objective != effect ; reach != behavior ; institution != party ; legality != neutrality ; message_alignment != hidden_coordination ; campaign_metric != electoral_effect. INV-142 sert seulement de contrôle sur le sponsoring caché, pas de preuve générique contre la communication publique.",A008:208733314.la-fabrique-de-la-menace-comment;A013:203962785.un-geyser-de-6-metres-a-clichy-autopsie;A014:202848231.lecart-legalitelegitimite-la-signature;A077:185893876.budget-2026-larchitecture-du-mensonge;A079:185160908.annie-genevard-plus-de-cas-de-dnc;A097:180580808.pravda-quand-lelysee-ironise-sur;A098:180481861.quand-lelysee-attaque-un-journaliste;A106:180194877.407-mensonges-lautopsie-dun-systeme;A111:180120693.macron-et-la-paix-en-ukraine-ce-que,DELIVERY_PASS_R3P1,NO,INV-069_RUN_HANDOFF.md,"NONE — CLOSED; centralized government communication/opinion-analysis/media-buying/segmentation infrastructure and campaign exposure established; behavioral objectives documented case-specifically; generalized partisan misuse and causal preference/behavior/electoral effect not established; recheck only on authenticated partisan tasking, credible causal campaign-outcome designs, or material full-spend/provider denominator."
INV-070,W6,"Sciences comportementales dans l’État : DITP, nudges, architecture de choix, éthique et usages réels",CLOSED,P1,PRIMARY,DEEPEN,PARTIAL,HIGH,,,,CORE_MISSION_V2_SELECTED_2026-09-09_POST_INV011-R1,"Quelles interventions issues des sciences comportementales ont réellement été conçues ou déployées par l'État français, avec quels objectifs et effets mesurés, et où se situe la frontière entre information, nudge, architecture de choix, manipulation et coercition ?","France, principalement 2017–2026. Tracer autorité/unité comportementale -> diagnostic -> intervention ou architecture de choix -> population cible -> exposition -> comportement mesuré -> résultat de politique publique. Prioriser protocoles, expérimentations, marchés, documents DITP, évaluations et données. Gardes : nudge != coercion ; intention != effect ; behavior change != welfare gain ; experiment != population effect ; design choice != manipulation by default ; measured outcome != democratic effect.",A082:183123537.lempire-du-mensonge-rapport-dautopsie,DELIVERY_PASS_R3P1,NO,INV-070_RUN_HANDOFF.md,NONE - CLOSED; see RUN_HANDOFF.
INV-071,W6,"VIGINUM : doctrine, critères, données, attribution, mesure d’impact et accountability",CLOSED,P1,PRIMARY,RECHECK_EXTEND,SUBSTANTIAL_PRIOR,HIGH,,,,NONE,"Que fait réellement VIGINUM depuis sa création : autorités, critères, méthodes, données, attribution, communication, mesure d’impact, contrôles et effets observés ; et que ses publications ne permettent-elles pas de conclure ?","France, 2021–2026. Distinguer détection de comportement coordonné, attribution étrangère, qualification narrative, impact mesuré et conséquences administratives/politiques. Prioriser textes fondateurs, rapports, méthodologies, cas et contrôles.",A004:210182384.lingerence-sans-mesure;A006:209222653.du-narratif-a-lingerence-le-seuil;A013:203962785.un-geyser-de-6-metres-a-clichy-autopsie;A072:186844276.tristan-mendes-france-la-machine,DELIVERY_PASS_R2A2,NO,INV-071_RUN_HANDOFF.md,CLOSED — pilot PASS; RENARD NO.
INV-072,W6,SGDSN et doctrine française de guerre/influence informationnelle,CLOSED,P1,PRIMARY,DEEPEN,PARTIAL,HIGH,,,,CORE_MISSION_V2_SELECTED_2026-09-10_POST_INV057-R1,"Quelle doctrine et quelles capacités le SGDSN mobilise-t-il en matière d'influence ou de lutte informationnelle, quelles opérations ou coordinations sont effectivement documentées, et quels effets peuvent être attribués sans confondre doctrine, surveillance, contre-mesure, communication publique et manipulation ?","France, principalement 2017–2026. Tracer mandat/doctrine -> structure/programme -> coordination, détection, communication ou contre-mesure -> intermédiaire/plateforme/média/public -> action ou exposition -> effet. Prioriser textes officiels, rapports, budgets, marchés, communications, décisions et cas attribués. Gardes : doctrine != operation ; detection != censorship ; coordination != tasking ; countermeasure != manipulation ; official claim != independent proof ; action != effect.",A004:210182384.lingerence-sans-mesure;A012:204169916.le-debat-qui-nexistait-pas-6-mecanismes;A082:183123537.lempire-du-mensonge-rapport-dautopsie,DELIVERY_PASS_R3P1,NO,INV-072_RUN_HANDOFF.md,NONE - CLOSED; see RUN_HANDOFF.
INV-073,W6,"Armées françaises et guerre cognitive / influence : doctrines, capacités, cibles et frontière intérieur/extérieur",CLOSED,P1,PRIMARY,DEEPEN,PARTIAL,HIGH,,,,CORE_MISSION_V2_SELECTED_2026-09-08_POST_INV056-R1,"Quelles doctrines et capacités d’influence ou de guerre cognitive sont officiellement attribuées aux armées françaises, quelles opérations et cibles sont effectivement documentées, et quelles preuves permettent de distinguer communication stratégique externe, opération militaire d’influence, action informationnelle visant des publics français, exercice/entraînement et accusation non établie ?","France, 2010–2026, avec théâtres extérieurs lorsqu’ils éclairent directement une capacité ou opération française. Prioriser doctrines et documents MINARM/CICDE/COMCYBER, rapports parlementaires, décisions ou enquêtes officielles, archives techniques et attributions de plateformes. Tracer autorité/doctrine -> unité/capacité -> tasking/opération -> persona/message/canal -> cible géographique et population -> exposition -> effet observable. Examiner explicitement la frontière intérieur/extérieur et les bases juridiques. Gardes : doctrine != operation ; capability != use ; exercise != real_operation ; strategic_communication != covert_manipulation ; foreign_target != domestic_target ; associated_individuals != institutional_tasking ; attribution != command_chain ; operation != persuasion ; exposure != electoral/policy_effect. INV-056/Meta France CIB reste un lead borné, pas une preuve d’une architecture intérieure générale.",A012:204169916.le-debat-qui-nexistait-pas-6-mecanismes;A058:191802696.la-guerre-des-autres;A082:183123537.lempire-du-mensonge-rapport-dautopsie;A090:181766389.les-telegraphistes-de-la-terreur;A105:180223640.larmee-potemkine-quand-le-spectre,DELIVERY_PASS_R3P1,NO,INV-073_RUN_HANDOFF.md,"NONE — CLOSED; French military ILI/L2I doctrine/capability and exterior operational boundary established; 2020 France-origin CIB institutional tasking and downstream political/electoral effect not established; recheck only on authenticated tasking, deliberate domestic-targeting or causal evidence."
INV-074,W6,"ARCOM : régulateur, arbitre politique ou infrastructure procédurale ?",CLOSED,P1,PRIMARY,RECHECK_EXTEND,SUBSTANTIAL_PRIOR,HIGH,,,,CORE_MISSION_V2_SELECTED_2026-09-09_POST_INV030-R1,"Par quels mécanismes l'ARCOM exerce-t-elle ses pouvoirs de régulation sur médias et plateformes, et quelles preuves permettent de distinguer procédure légale, arbitrage, sanction, incitation éditoriale, biais politique et effet sur le pluralisme ?","France, principalement 2019–2026. Tracer mandat/règle -> saisine/monitoring -> procédure -> décision, sanction, convention ou allocation -> média/plateforme -> adaptation -> contenu, accès ou pluralisme -> effet. Prioriser décisions, délibérations, conventions, jurisprudence, données de temps de parole et recours. Gardes : regulation != political control ; sanction != censorship by default ; appointment != tasking ; compliance != editorial capture ; asymmetry != intent ; decision != downstream democratic effect.",A022:199655164.le-verrou-28-recours-au-493-57-dabstention;A025:199654938.medias-censure-et-desinformation;A049:193809543.audiovisuel-public-anatomie-dune;A091:181572197.lindustrie-de-linfluence-enquete,DELIVERY_PASS_R3P1,NO,INV-074_RUN_HANDOFF.md,NONE - CLOSED; see RUN_HANDOFF.
INV-075,W6,"Audiovisuel public : argent, gouvernance, production privée, nominations et indépendance éditoriale",CLOSED,P1,PRIMARY,RECHECK_EXTEND,SUBSTANTIAL_PRIOR,HIGH,,,,CORE_MISSION_V2_SELECTED_2026-09-11_POST_INV015-R1,"Dans l'audiovisuel public français, quels mécanismes de financement, nomination, gouvernance et recours à la production privée peuvent affecter priorités éditoriales ou sélection des contenus, et quelles preuves permettent d'établir ou de réfuter une intervention politique identifiable ?","France, principalement 2015–2026. Tracer règle/budget/nomination/contrat -> pouvoir formel ou incitation -> décision éditoriale identifiable -> contenu/exposition -> effet éventuel. Prioriser textes, contrats d'objectifs, budgets, nominations, décisions ARCOM, marchés de production, documents internes publiés et contentieux. Gardes : financement public != contrôle éditorial ; nomination != tasking ; biais perçu != intervention ; production privée != dépendance ; contenu != effet politique.",A025:199654938.medias-censure-et-desinformation;A049:193809543.audiovisuel-public-anatomie-dune,DELIVERY_PASS_R3P1,NO,INV-075_RUN_HANDOFF.md,NONE - CLOSED; see RUN_HANDOFF.
INV-076,W6,Subventions publiques et aides à la presse : dépendance économique et effets possibles sur le pluralisme,CLOSED,P1,CASE,RECHECK_EXTEND,SUBSTANTIAL_PRIOR,HIGH,,INV-081,,CORE_MISSION_V2_SELECTED_2026-09-10_POST_INV065-R1,"Comment les aides et subventions publiques à la presse sont-elles allouées, quel poids représentent-elles pour les bénéficiaires, et quelles preuves permettent de relier cette dépendance éventuelle à un effet sur l'indépendance éditoriale ou le pluralisme ?","France, principalement 2017–2026. Tracer dispositif/budget -> critères -> attribution -> bénéficiaire -> poids dans les revenus/économie -> incitation, pression ou contrepartie documentée -> contenu/structure de marché -> pluralisme. Prioriser bases d'aides, comptes, règles d'éligibilité, audits, correspondances authentifiées et séries de contenu. Gardes : subsidy != control ; eligibility != tasking ; dependence != editorial effect ; favorable coverage != quid pro quo ; pluralism measure != causal mechanism.",A025:199654938.medias-censure-et-desinformation;A049:193809543.audiovisuel-public-anatomie-dune;A091:181572197.lindustrie-de-linfluence-enquete,DELIVERY_PASS_R3P1,NO,INV-076_RUN_HANDOFF.md,NONE - CLOSED; see RUN_HANDOFF.
INV-077,W6,Publicité et campagnes institutionnelles comme levier économique sur les médias,CLOSED,P1,PRIMARY,DEEPEN,PARTIAL,HIGH,,,,CORE_MISSION_V2_SELECTED_2026-09-09_POST_INV043-R1,"Dans quelle mesure les dépenses de publicité et les campagnes institutionnelles d'acteurs publics en France créent-elles un levier économique sur les médias, et quelles preuves permettent de distinguer achat d'espace normal, avantage d'allocation, dépendance financière, pression ou contrepartie éditoriale et effet causal sur la couverture de l'information ?","France, principalement 2017–2026, avec antécédents strictement nécessaires. Tracer annonceur public (SIG, ministère, opérateur, collectivité) -> budget/marché/agence -> achat ou allocation publicitaire -> média bénéficiaire -> poids économique/dépendance -> interaction, pression ou contrepartie documentée -> contenu/couverture identifiable -> effet. Prioriser budgets et marchés publics, plans médias, comptes et revenus publicitaires, données de régies, correspondances ou instructions authentifiées, séries de couverture et designs comparatifs. Gardes : spending != influence ; allocation != tasking ; revenue dependence != editorial control ; favorable coverage != quid pro quo ; chronology != causality ; public campaign != propaganda by default.",A025:199654938.medias-censure-et-desinformation;A049:193809543.audiovisuel-public-anatomie-dune,DELIVERY_PASS_R3P1,NO,INV-077_RUN_HANDOFF.md,NONE - CLOSED; see RUN_HANDOFF.
INV-078,W6,Fonds Marianne et financement étatique de la contre-influence : anatomie complète,CLOSED,P1,PRIMARY,RECHECK_EXTEND,SUBSTANTIAL_PRIOR,HIGH,,,,CORE_MISSION_RECLASSIFIED_2026-09-08_POST_INV143,"Quels flux financiers, décisions de sélection, bénéficiaires, objectifs, livrables, contrôles, conflits d’intérêts ou irrégularités documentés composent le Fonds Marianne, et quelles preuves permettent de distinguer financement public de contre-influence, dysfonctionnement de gouvernance, favoritisme, commandement éditorial, opération politique et effet ?","France, Fonds Marianne 2021–2026. Reconstituer création, gouvernance, crédits, appels/sélection, bénéficiaires et montants, objectifs/livrables, contrôles administratifs, parlementaires ou judiciaires, conflits d’intérêts et suites. Tracer financeur -> décisionnaire -> bénéficiaire -> prestation/livrable -> contrôle -> conséquence. Gardes : funding != command ; irregularity != corruption ; selection_failure != political_tasking ; beneficiary_output != state_editorial_control ; allegation != proof ; investigation != guilt ; public_funding != censorship ; expenditure != political_effect. Alimenter INV-144.",A002:212051560.qui-fabrique-lautorite-du-vrai;A039:198659211.opposition-controlee-anatomie-dun;A072:186844276.tristan-mendes-france-la-machine,DELIVERY_PASS_R3P1,NO,INV-078_RUN_HANDOFF.md,"NONE — CLOSED; public counter-discourse funding, selection/governance failures and beneficiary-output issues established; direct state editorial tasking, final criminal guilt and causal political/electoral effect not established; route terminal delta to INV-144."
INV-079,W6,"Associations et prestataires subventionnés pour lutter contre désinformation, haine ou radicalisation",CLOSED,P1,PRIMARY,RECHECK_EXTEND,SUBSTANTIAL_PRIOR,HIGH,,,,CORE_MISSION_RECLASSIFIED_2026-09-07_POST_INV045,"Quels financements, subventions, marchés ou partenariats publics soutiennent en France et dans l’UE des associations ou prestataires chargés de lutter contre la désinformation, la haine ou la radicalisation, quels objectifs, livrables, critères de sélection, contrôles et voies de recours sont documentés, et jusqu’où ces flux créent-ils capacité, accès, délégation ou influence sans confondre financement public, commandement éditorial, modération, censure et effet politique ?","France/UE 2018–2026. Étudier des dispositifs publics documentables de subvention, appel à projets ou marché visant prévention de la radicalisation, lutte contre haine/discrimination, éducation aux médias ou lutte contre désinformation. Tracer autorité financeuse, base du programme, bénéficiaire, montant lorsque public, objet/livrables, critères, reporting/évaluation, éventuelle relation avec plateformes ou autorités et effet observable. Exclure Fonds Marianne comme objet principal (INV-078) et certification fact-checkers déjà traitée par INV-045. Gardes : funding != command ; grant != procurement ; service_contract != editorial_control ; monitoring != removal ; public_support != censorship ; output != political_effect ; overlap != coordination. Alimenter INV-088 et INV-144.",A002:212051560.qui-fabrique-lautorite-du-vrai;A004:210182384.lingerence-sans-mesure;A039:198659211.opposition-controlee-anatomie-dun;A072:186844276.tristan-mendes-france-la-machine,DELIVERY_PASS_R3P1,NO,INV-079_RUN_HANDOFF.md,NONE — CLOSED; public funding/capacity ecosystem established; generalized editorial/moderation command and political/electoral causal effect not established; route terminal delta to INV-088 and INV-144.
INV-080,W6,"Sanction administrative sans condamnation judiciaire : gel des avoirs, expulsions, interdictions, réputation et seuil de preuve",CLOSED,P1,PRIMARY,RECHECK_EXTEND,SUBSTANTIAL_PRIOR,HIGH,,,,CORE_MISSION_RECLASSIFIED_2026-09-07_2215,"Dans quels cas des autorités administratives peuvent-elles imposer ou provoquer gel d’avoirs, interdiction, expulsion, restriction de droits ou autre sanction matérielle sans condamnation pénale préalable, avec quel standard de preuve, quels recours et quelles conséquences, et quelles preuves permettent de distinguer mesure de police ou de sécurité légalement fondée, erreur ou disproportion, coercition politique et instrumentalisation intentionnelle ?","France/Europe 2015–2026, avec comparateurs uniquement lorsqu’ils sont juridiquement isomorphes. Tracer autorité, base juridique, déclencheur, éléments de preuve, standard applicable, contradictoire, durée, mesure imposée, contrôle juridictionnel, recours/correction et effets matériels/politiques. Priorité aux gels/sanctions administratives, interdictions, expulsions ou restrictions prononcées sans condamnation pénale préalable. Gardes : administrative_measure != criminal_guilt ; legality != legitimacy ; allegation != proof ; sanction != political_motive ; institutional_effect != electoral_effect ; judicial_review != proof_of_initial_bad_faith.",A006:209222653.du-narratif-a-lingerence-le-seuil;A087:182502562.la-justice-spectrale-lere-du-bannissement,DELIVERY_PASS_R3P1,NO,INV-080_RUN_HANDOFF.md,NONE — CLOSED; preventive administrative powers and judicial controls established case-specifically; general partisan instrumentalization and electoral effect not established; route terminal delta to INV-129.
INV-081,W7,Propriété réelle des médias français : reconstruire les chiffres sans reprendre 9 milliardaires/80-90 % sans dénominateur,CLOSED,P1,PRIMARY,RECHECK_EXTEND,SUBSTANTIAL_PRIOR,HIGH,,,,POST_PILOT_DYNAMIC_SELECTION_2026-09-06,"Quelle est la concentration réelle de la propriété et du contrôle des médias d'information français, selon des dénominateurs explicites et comparables (audience, diffusion, chiffre d'affaires, titres/chaînes/sites et contrôle capitalistique), et que permettent réellement de conclure ces mesures sur le pluralisme sans confondre propriété, audience et contrôle éditorial ?","France, état actuel et trajectoire 2010–2026 lorsque les séries sont comparables. Identifier bénéficiaires effectifs/groupes de contrôle, périmètre des actifs d'information, parts selon plusieurs dénominateurs explicites, service public et indépendants, changements de propriété et limites méthodologiques. Tester spécifiquement les slogans '9 milliardaires' et '80–90 %' sans accepter un pourcentage sans univers, date et métrique. Exclure l'inférence automatique propriété -> ligne éditoriale, qui relève d'INV-082.",A012:204169916.le-debat-qui-nexistait-pas-6-mecanismes;A014:202848231.lecart-legalitelegitimite-la-signature;A022:199655164.le-verrou-28-recours-au-493-57-dabstention;A025:199654938.medias-censure-et-desinformation;A036:199422722.la-caste-parasite-qui-gouverne-la;A049:193809543.audiovisuel-public-anatomie-dune;A091:181572197.lindustrie-de-linfluence-enquete,DELIVERY_PASS_R3P1,NO,INV-081_RUN_HANDOFF.md,NONE — CLOSED; output available to INV-082 and INV-095 when their other dependencies are satisfied.
INV-082,W7,Concentration économique versus concentration éditoriale : quelle causalité peut réellement être démontrée ?,CLOSED,P1,SYNTHESIS,SYNTHESIS,PARTIAL,HIGH,INV-081;INV-085,,,DEPENDENCIES_DONE,"Dans quelle mesure la concentration économique et capitalistique des médias se traduit-elle réellement par une concentration éditoriale observable, par quels mécanismes documentés, et quelles preuves permettent de distinguer capacité structurelle, sélection éditoriale, intervention ou tasking, alignement émergent et contrôle causal ?","Synthèse stricte des dépendances fermées INV-081 et INV-085, centrée sur la France et sur les mécanismes effectivement couverts par leurs deltas terminaux. Comparer uniquement les arêtes isomorphes entre propriété/financement, capacité d'accès, sélection des sujets, autorité éditoriale et contrôle externe. Aucune nouvelle collecte web ni nouveau run Truth Engine. Gardes : economic_concentration != editorial_concentration ; ownership != editorial_command ; funding != topic_tasking ; selection_asymmetry != owner_causation ; shared_output != coordination ; reach != persuasion ; editorial_effect != electoral_effect.",A012:204169916.le-debat-qui-nexistait-pas-6-mecanismes;A025:199654938.medias-censure-et-desinformation;A049:193809543.audiovisuel-public-anatomie-dune;A091:181572197.lindustrie-de-linfluence-enquete,NOT_RUN_BY_DESIGN,NO,INV-082_RUN_HANDOFF.md,NONE — CLOSED; economic concentration and editorial selection established separately; generalized ownership/funding -> editorial-control causality not established; route bounded delta to INV-133.
INV-083,W7,"Dépendances économiques des rédactions : propriétaires, annonceurs, abonnements, subventions, plateformes",MERGED,P1,MERGED,MERGED,SUBSTANTIAL_PRIOR,HIGH,,INV-081,INV-081,N/A,,,A025:199654938.medias-censure-et-desinformation;A049:193809543.audiovisuel-public-anatomie-dune;A091:181572197.lindustrie-de-linfluence-enquete,NOT_RUN,UNDECIDED,,Traité comme axe/cas dans INV-081; aucun run séparé.
INV-084,W7,"AFP, Reuters, AP : pouvoir des agences sur la définition de l’agenda informationnel",CLOSED,P1,PRIMARY,DEEPEN,PARTIAL,HIGH,,,,CORE_MISSION_V2_SELECTED_2026-09-10_POST_INV028-R1,"Comment AFP, Reuters et AP transforment-ils événements, sources et choix éditoriaux en dépêches massivement reprises, et quelles preuves permettent de mesurer leur pouvoir d'agenda sans confondre centralité de source, coordination, cadrage, persuasion et effet politique ?","France et espace informationnel européen, principalement 2019–2026, avec comparaison entre agences et médias clients. Tracer événement/source -> sélection/vérification/cadrage de l'agence -> dépêche -> reprise/syndication -> exposition -> agenda/cadrage aval -> effet éventuel. Prioriser archives de dépêches, corrections, métadonnées de reprise, analyses de contenu et études d'agenda-setting. Gardes : common sourcing != coordination ; syndication != tasking ; framing != falsehood ; exposure != persuasion ; agenda effect != vote effect.",A001:212538645.qui-fact-checke-les-fact-checkers;A002:212051560.qui-fabrique-lautorite-du-vrai;A008:208733314.la-fabrique-de-la-menace-comment,DELIVERY_PASS_R3P1,NO,INV-084_RUN_HANDOFF.md,NONE - CLOSED; see RUN_HANDOFF.
INV-085,W7,Sélection des sujets avant même leur traitement : pouvoir éditorial en amont du verdict,CLOSED,P1,PRIMARY,RECHECK_EXTEND,SUBSTANTIAL_PRIOR,HIGH,,,,CORE_MISSION_RECLASSIFIED_2026-09-07_POST_INV079,"Comment les rédactions, fact-checkers et organisations de vérification sélectionnent-ils les sujets, affirmations ou événements à traiter avant toute conclusion, quels critères, rôles éditoriaux, signaux d'audience ou contraintes institutionnelles sont documentés, et quelles preuves permettent de distinguer agenda éditorial ordinaire, biais de sélection systématique, influence économique/institutionnelle et contrôle externe ?","France/Europe 2019–2026, avec comparateurs internationaux seulement pour des politiques éditoriales isomorphes. Prioriser politiques publiques de sélection des sujets/claims, chartes éditoriales, rôles des éditeurs, critères d'intérêt public/viralité/impact, mécanismes de suggestion ou monitoring, corrections et indépendance déclarée. Tester séparément sélection du sujet, cadrage, verdict et distribution. Ne pas inférer propriété/financement -> sélection sans arête documentée. Gardes : selection != verdict ; agenda != censorship ; ownership != editorial_command ; funding != topic_tasking ; omission != suppression ; correlation != causal_control. Alimenter INV-082 et INV-068.",A001:212538645.qui-fact-checke-les-fact-checkers;A002:212051560.qui-fabrique-lautorite-du-vrai;A008:208733314.la-fabrique-de-la-menace-comment;A012:204169916.le-debat-qui-nexistait-pas-6-mecanismes;A025:199654938.medias-censure-et-desinformation;A091:181572197.lindustrie-de-linfluence-enquete,DELIVERY_PASS_R3P1,NO,INV-085_RUN_HANDOFF.md,NONE — CLOSED; upstream selection gate and relative systematic selection differences established; generalized owner/funder/state/platform topic command and political/electoral causal effect not established; route terminal delta to INV-082 and INV-068.
INV-086,W7,"Plateaux d’experts et pluralisme artificiel : sélection, cadrage, composition et fenêtres d’Overton",MERGED,P1,MERGED,MERGED,SUBSTANTIAL_PRIOR,HIGH,,INV-085,INV-085,N/A,,,A008:208733314.la-fabrique-de-la-menace-comment;A012:204169916.le-debat-qui-nexistait-pas-6-mecanismes;A025:199654938.medias-censure-et-desinformation;A091:181572197.lindustrie-de-linfluence-enquete,NOT_RUN,UNDECIDED,,Traité comme axe/cas dans INV-085; aucun run séparé.
INV-087,W7,"Sondages comme technologie d’influence : formulation, publication, horse-race politics, effets d’entraînement",CLOSED,P1,PRIMARY,DEEPEN,PARTIAL,HIGH,,,,CORE_MISSION_V2_SELECTED_2026-09-09_POST_INV097-R1,"Dans quelle mesure la conception, la formulation, la publication et le cadrage médiatique des sondages politiques modifient-ils les perceptions, préférences, comportements stratégiques ou votes, et quelles preuves permettent de distinguer mesure de l’opinion, effet d’information, bandwagon/underdog, agenda-setting, biais méthodologique et effet électoral causal ?","France/UE, 2012–2026, avec comparateurs internationaux uniquement lorsque les méthodes causales sont directement transposables. Tracer commanditaire/financeur -> questionnaire, échantillon, mode, redressement et choix de publication -> cadrage/horse-race et amplification médiatique -> exposition -> perception des chances/viabilité -> participation, vote stratégique ou préférence -> éventuel effet électoral. Prioriser Commission des sondages, textes et décisions, données méthodologiques publiées, expériences randomisées/quasi-expérimentales, réplications et méta-analyses. Gardes : sondage != création d’opinion ; erreur de sondage != manipulation ; biais méthodologique != intention ; publication != tasking ; corrélation != effet ; bandwagon déclaré != vote changé ; horse-race framing != résultat électoral ; non-publication != suppression sans preuve ; commanditaire != contrôle du résultat.",A059:191154925.pourquoi-les-electeurs-francais-votent,DELIVERY_PASS_R3P1,NO,INV-087_RUN_HANDOFF.md,NONE — CLOSED; polls can change viability information and behavior case-specifically; generalized intentional manipulation and causal winner change not established; reopen only on causal France/EU vote/outcome evidence or authenticated tasking.
INV-088,W7,Fact-checking comme infrastructure de qualification : consolidation des enquêtes existantes,CLOSED,P1,SYNTHESIS,SYNTHESIS,SUBSTANTIAL_PRIOR,HIGH,INV-045;INV-079;INV-089;INV-090;INV-091,,,CORE_MISSION_V2_SYNTHESIS_SELECTED_2026-09-10_POST_INV095-R1,"Dans quelle mesure les dispositifs de certification et de financement, les signaleurs de confiance, les décisions de modération/visibilité et les systèmes de recommandation composent-ils une infrastructure de qualification capable de modifier l'exposition à des contenus politiques, et quelles preuves permettent de distinguer gate procédural, décision de plateforme, tasking étatique, biais systémique, censure et effet politique ?","Synthèse stricte des dépendances fermées INV-045, INV-079, INV-089, INV-090 et INV-091, centrée sur la France/UE et leurs mécanismes effectivement établis. Tracer certification/financement -> capacité ou accès ; signalement prioritaire -> examen -> décision plateforme -> restriction/recours ; règle/recommandation -> exposition -> attitude/comportement/effet. Aucune collecte web ni run Truth Engine. Gardes : certification != autorité universelle ; financement != commandement ; trusted_flagger != ordre de retrait ; décision plateforme != décision étatique ; restriction != censure partisane ; ranking != manipulation ; exposition != persuasion ; persuasion != effet électoral.",A001:212538645.qui-fact-checke-les-fact-checkers;A002:212051560.qui-fabrique-lautorite-du-vrai;A004:210182384.lingerence-sans-mesure;A072:186844276.tristan-mendes-france-la-machine,NOT_RUN_BY_DESIGN,NO,INV-088_RUN_HANDOFF.md,NONE - CLOSED; see RUN_HANDOFF.
INV-089,W7,Trusted flaggers et intermédiaires de modération : pouvoir sans responsabilité directe,CLOSED,P1,CASE,RECHECK_EXTEND,SUBSTANTIAL_PRIOR,HIGH,,INV-088,,CORE_MISSION_V2_SELECTED_2026-09-08_POST_INV059-R1,"Quels acteurs sont qualifiés de trusted flaggers ou intermédiaires de modération en France/UE, par quels mécanismes leurs signalements influencent-ils priorisation, retrait, déréférencement ou réduction de visibilité, quelles garanties et voies de recours s’appliquent, et quelles preuves permettent de distinguer signalement, décision de plateforme, action étatique et effet politique réel ?","France/UE, 2022–2026, avec régimes DSA de trusted flaggers et dispositifs nationaux comparables lorsqu’ils éclairent directement le mécanisme. Tracer désignation/accréditation -> financement/gouvernance -> critères et données de signalement -> traitement par plateforme -> action de modération/visibilité -> recours/correction -> exposition/effet. Prioriser Commission européenne/DSA, coordinateurs des services numériques et régulateurs, transparence plateformes, décisions de justice, audits et données de recours. Gardes : trusted_flagger_signal != platform_decision ; designation != correctness ; volume != prevalence ; removal != censorship ; intermediary != state_tasking ; false_positive != systemic_bias ; platform_action != persuasion/electoral_effect ; funding != command.",A002:212051560.qui-fabrique-lautorite-du-vrai;A004:210182384.lingerence-sans-mesure;A071:186904003.larchitecture-de-la-censure-europeenne;A074:186286764.ce-que-macron-appelle-protection,DELIVERY_PASS_R3P1,NO,INV-089_RUN_HANDOFF.md,"NONE — CLOSED; DSA trusted-flagger priority channel and platform-decision separation established; case-specific moderation outcomes heterogeneous; systemic political bias, state tasking and causal democratic/electoral effect not established; reopen only on notice-level error/appeal denominator, authenticated tasking or causal effect evidence."
INV-090,W7,"Shadow banning, démonétisation, déréférencement et friction algorithmique : existence, fréquence, recours",CLOSED,P1,CASE,RECHECK_EXTEND,SUBSTANTIAL_PRIOR,HIGH,,INV-088,,CORE_MISSION_V2_SELECTED_2026-09-08_POST_INV096-R1,"Dans quels cas les plateformes appliquent-elles réellement shadow banning, démonétisation, déréférencement ou friction algorithmique à des contenus ou acteurs politiques, par quelles règles, signaux ou interventions, à quelle fréquence, avec quels recours ou corrections, et quels effets mesurables sur l’exposition sans confondre baisse de portée, modération ordinaire, changement d’algorithme et ciblage politique ?","France/UE 2018–2026, avec comparateurs étrangers uniquement lorsque le mécanisme est isomorphe. Tracer plateforme -> règle/signal ou éventuelle demande externe -> cible/contenu -> action de ranking, déréférencement, démonétisation ou restriction -> portée/exposition avant-après -> notification -> recours/correction -> effet observable. Prioriser politiques et transparence plateformes, DSA/régulateurs/juridictions, audits ou expériences, datasets et cas documentés. Gardes : reduced_reach != shadowban ; moderation != political_motive ; demonetization != censorship ; ranking_change != targeted_suppression ; complaint != proof ; detected_case != prevalence ; platform_action != state_tasking ; exposure_change != persuasion ; exposure_change != electoral_effect.",A002:212051560.qui-fabrique-lautorite-du-vrai;A004:210182384.lingerence-sans-mesure;A071:186904003.larchitecture-de-la-censure-europeenne;A097:180580808.pravda-quand-lelysee-ironise-sur;A098:180481861.quand-lelysee-attaque-un-journaliste,DELIVERY_PASS_R3P1,NO,INV-090_RUN_HANDOFF.md,"NONE — CLOSED; explicit visibility restriction mechanisms and case-specific exposure effects established; generic partisan shadowban, generalized state tasking and electoral effect NOT_ESTABLISHED; recheck only on typed decision/reach/tasking or causal data."
INV-091,W7,Moteurs de recherche et recommandation : structuration de l’exposition politique sans produire de contenu,CLOSED,P1,CASE,DEEPEN,PARTIAL,HIGH,,INV-088,,CORE_MISSION_V2_SELECTED_2026-09-08_POST_INV089-R1,"Comment les moteurs de recherche et systèmes de recommandation structurent-ils l’exposition à des contenus ou acteurs politiques sans produire eux-mêmes ces contenus, et quelles preuves permettent de distinguer personnalisation ou pertinence, modification de visibilité, biais systématique ou ciblé, intervention externe ou étatique et effet réel sur préférences, comportements ou résultats démocratiques ?","France/UE, 2018–2026, avec comparateurs internationaux uniquement si la méthode est directement transposable. Tracer politique/règle/algorithme -> requête, données ou profil utilisateur -> classement, recommandation, suggestion ou résultat -> variation mesurée de visibilité/exposition -> audit, recours ou expérience -> persuasion, comportement et éventuel effet électoral/politique. Prioriser transparence DSA et audits, accès chercheurs et données de plateforme, documents des moteurs/recommandeurs, régulateurs/juridictions et expériences ou audits crédibles. Gardes : ranking != censorship ; visibility_change != political_motive ; personalization != manipulation ; correlation != causality ; complaint != proof ; algorithmic_bias != intentional_tasking ; platform_design != state_tasking ; exposure != persuasion ; persuasion != electoral_effect ; recommendation != endorsement. INV-089 ferme le canal trusted-flagger ; INV-090 ferme les frictions de visibilité/modération génériques : INV-091 doit isoler le mécanisme distinct de structuration algorithmique de l’exposition.",A002:212051560.qui-fabrique-lautorite-du-vrai;A020:199655242.le-numerique-colonise-70-des-donnees;A071:186904003.larchitecture-de-la-censure-europeenne,DELIVERY_PASS_R3P1,NO,INV-091_RUN_HANDOFF.md,"NONE — CLOSED; algorithmic ranking/recommendation -> differentiated exposure established; downstream political effects contingent and case-specific; no generalized France/EU electoral effect, partisan intent or state tasking established; reopen only on causal France/EU designs, reproducible political-exposure audits or authenticated tasking."
INV-092,W7,"IA générative, deepfakes et opérations d’influence automatisées : changement d’échelle réel ou panique anticipatoire ?",CLOSED,P1,PRIMARY,DEEPEN,PARTIAL,HIGH,,,,CORE_MISSION_V2_SELECTED_2026-09-09_POST_INV077-R1,"Dans les opérations d’influence visant des publics démocratiques, dans quelle mesure l’IA générative, les deepfakes et l’automatisation modifient-elles effectivement le coût, la vitesse, le volume, la personnalisation ou la crédibilité des contenus et de leur diffusion, et quelles preuves permettent de distinguer capacité technique, usage opérationnel, exposition, persuasion, changement de comportement et effet électoral ?","France et Union européenne, principalement 2022–2026, avec comparateurs internationaux strictement nécessaires. Tracer acteur/opérateur -> modèle ou outil -> contenu synthétique/manipulé ou automatisé -> canal de diffusion/ciblage -> exposition/portée -> détection/contre-mesure -> comportement/opinion/participation/vote -> effet démocratique éventuel. Prioriser rapports officiels et plateformes avec données auditables, jeux de données forensiques, études expérimentales ou quasi-expérimentales, incidents attribués avec provenance, mesures de coût/volume/vitesse et études électorales. Gardes : capability != deployment ; synthetic != deceptive ; detection != exposure ; reach != persuasion ; virality != behavior ; automation != coordination ; attribution != effect ; incident != prevalence ; foreign comparator != France/EU effect.",A082:183123537.lempire-du-mensonge-rapport-dautopsie,DELIVERY_PASS_R3P1,NO,INV-092_RUN_HANDOFF.md,NONE - CLOSED; see RUN_HANDOFF.
INV-093,W8,"Financement des campagnes françaises : argent, prêts, micro-partis, prestations, contournements possibles",CLOSED,P1,PRIMARY,DEEPEN,PARTIAL,HIGH,,,,CORE_MISSION_RECLASSIFIED_2026-09-07_1523,"Comment les campagnes électorales françaises sont-elles effectivement financées et contrôlées — dons, prêts, micro-partis, mandataires, prestations, dépenses de campagne et flux connexes —, quelles irrégularités ou contournements sont juridiquement documentés, et jusqu’où peut-on relier un flux financier à un avantage politique, une violation, une sanction ou un effet sans convertir anomalie comptable, proximité ou prêt en fraude ou corruption ?","France, 2012–2026, priorité élections présidentielle, législatives et européennes lorsque les données CNCCFP, juridictionnelles ou comptables sont comparables. Tracer source des fonds, véhicule juridique, bénéficiaire, prestation/dépense, règles applicables, contrôle, décision, recours et conséquence. Distinguer don, prêt, prestation, dette, micro-parti, dépense tierce et avantage en nature. Exclure le financement étranger comme objet principal, traité par INV-094/INV-140, sauf lorsqu’il éclaire une règle ou un mécanisme français. Une irrégularité comptable n’est pas en soi une fraude; rejet ou réformation de comptes n’établit pas une corruption; financement n’établit pas commandement politique.",A003:210245443.limpossible-rassemblement;A039:198659211.opposition-controlee-anatomie-dun;A101:180309272.ladieu-aux-partis-du-diagnostic-de,DELIVERY_PASS_R3P1,NO,INV-093_RUN_HANDOFF.md,NONE — CLOSED; regulated multi-channel financing and graded controls established; upstream individual-fund origin gap remains; route terminal delta to INV-095 and INV-102; recheck only on material primary origin-of-funds or causal evidence.
INV-094,W8,Financement étranger direct ou indirect des partis et candidats européens,CLOSED,P1,CASE,DEEPEN,PARTIAL,HIGH,,INV-093,,CORE_MISSION_RECLASSIFIED_2026-09-07_1933,"Dans quels cas et par quels mécanismes des fonds ou avantages d’origine étrangère atteignent-ils directement ou indirectement des partis ou candidats européens, comment l’origine bénéficiaire et les véhicules intermédiaires sont-ils établis, et quelles preuves permettent de distinguer financement légal ou illégal, contournement, commandement politique et effet électoral ?","France/Europe 2012–2026, priorité aux cas où un parti ou candidat reçoit un prêt, don, avantage en nature, prestation, garantie ou soutien financier attribuable à une source étrangère, directement ou via un véhicule intermédiaire. Tracer source et bénéficiaire réel, véhicule, transfert, base juridique, déclaration/contrôle, décision/sanction, coordination ou tasking éventuel et effet. Complément d’INV-093 (financement domestique réglementé) et d’INV-140 (espace électoral indirect hors partis/candidats). Gardes : foreign funding != interference ; funding != command ; loan != donation ; intermediary != concealed principal ; illegality != electoral effect ; sanction != result changed.",A116:180061326.qui-a-vraiment-la-tete-dans-le-sable;A119:180052771.qui-est-vraiment-louis-duclos,DELIVERY_PASS_R3P1,NO,INV-094_RUN_HANDOFF.md,"NONE — CLOSED; route terminal delta to INV-095; recheck only on material beneficial-owner, contract/counterparty, judicial/prosecutorial or causal evidence."
INV-095,W8,"Sélection des candidats avant l’élection : partis, financeurs, réseaux, médias, grandes écoles et cooptation",CLOSED,P1,SYNTHESIS,SYNTHESIS,SUBSTANTIAL_PRIOR,HIGH,INV-093;INV-094;INV-119;INV-081,,,CORE_MISSION_V2_SYNTHESIS_SELECTED_2026-09-10_POST_INV119-R1,"Dans quelle mesure la sélection des candidats avant l'élection en France est-elle structurée en amont par les règles de financement, les financeurs, les réseaux de formation et de carrière et la concentration médiatique, et quelles chaînes permettent d'établir un effet sur l'accès à la candidature sans confondre ressources, proximité, visibilité, cooptation, veto, tasking et contrôle ?","Synthèse stricte des dépendances fermées INV-093, INV-094, INV-119 et INV-081, centrée sur la France et leurs mécanismes effectivement établis. Tracer financement/règle/ressource, concentration ou réseau -> capacité d'accès/visibilité/sélection -> candidature ou exclusion identifiable -> effet institutionnel éventuel. Aucune collecte web ni run Truth Engine. Gardes : financement != commandement ; flux étranger != tasking ; propriété médiatique != contrôle éditorial ; réseau élitaire != coordination ; accès/visibilité != sélection ; sélection structurelle != système coordonné ; corrélation != causalité.",A003:210245443.limpossible-rassemblement;A014:202848231.lecart-legalitelegitimite-la-signature;A036:199422722.la-caste-parasite-qui-gouverne-la;A039:198659211.opposition-controlee-anatomie-dun;A053:193017697.comment-la-richesse-verrouille-le;A068:187674415.le-triangle-de-la-capture-le-mecanisme;A101:180309272.ladieu-aux-partis-du-diagnostic-de,NOT_RUN_BY_DESIGN,NO,INV-095_RUN_HANDOFF.md,NONE - CLOSED; see RUN_HANDOFF.
INV-096,W8,Microtargeting électoral et données personnelles en France/UE,CLOSED,P1,PRIMARY,DEEPEN,PARTIAL,HIGH,,,,CORE_MISSION_V2_SELECTED_2026-09-08_RECLASSIFICATION-FULLPOOL-2026-09-08-R1,"Dans quelle mesure le microtargeting politique fondé sur des données personnelles est-il effectivement utilisé en France et dans l’UE, par quels acteurs et chaînes data -> segmentation -> message -> delivery -> exposition, et quelles preuves permettent de distinguer capacité technique, ciblage déclaré, exposition réelle, persuasion, changement de comportement ou de vote et effet électoral ?","France/UE, 2016–2026, avec comparateurs Royaume-Uni/États-Unis uniquement lorsque les mécanismes ou méthodes de mesure sont isomorphes. Tracer source et base d’usage des données -> profil/segment -> commanditaire/campagne -> message/créatif -> plateforme/canal -> règles de delivery -> portée/exposition -> mesure de persuasion/comportement/vote. Prioriser décisions CNIL/EDPB et juridictions, bibliothèques publicitaires et transparence plateformes, données de campagnes, audits/expériences et documents de prestataires lorsque vérifiables. Gardes : data_collection != targeting ; targeting != delivery ; delivery != exposure ; exposure != persuasion ; persuasion != vote_change ; personalization != manipulation ; campaign_use != foreign_interference ; claimed_capability != demonstrated_effect. INV-017 Cambridge Analytica reste un cas discriminant, pas une preuve générale.",A071:186904003.larchitecture-de-la-censure-europeenne;A082:183123537.lempire-du-mensonge-rapport-dautopsie,DELIVERY_PASS_R3P1,NO,INV-096_RUN_HANDOFF.md,NONE — CLOSED; data-driven political microtargeting verified as capability/use; persuasion heterogeneous; general vote/result effect NOT_ESTABLISHED; post-Oct-2025 EU paid-platform regime materially changed; recheck only on campaign targeting logs or France/UE causal vote designs.
INV-097,W8,"Bots, faux comptes, astroturfing et amplification artificielle pendant les élections",CLOSED,P1,PRIMARY,RECHECK_EXTEND,SUBSTANTIAL_PRIOR,HIGH,,,,CORE_MISSION_V2_SELECTED_2026-09-09_POST_INV018-R1,"Dans quelle mesure les bots, faux comptes, réseaux coordonnés et techniques d’astroturfing augmentent-ils artificiellement l’exposition à des contenus politiques pendant les élections, qui les opère ou les commande, et quelles preuves permettent de distinguer automatisation, coordination inauthentique, amplification mesurée, persuasion et effet électoral réel ?","France/UE, 2018–2026, avec comparateurs internationaux directement transposables ; le cas russe 2016 d’INV-018 sert uniquement de comparateur déjà fermé. Tracer opérateur/client/tasking -> création ou contrôle de comptes -> degré d’automatisation et coordination -> contenu -> amplification incrémentale mesurée par rapport au baseline organique -> exposition -> réception/comportement -> éventuel effet électoral. Prioriser données plateformes/audits reproductibles, procédures judiciaires ou régulatoires, datasets de réseaux et études causales. Gardes : bot != faux compte ; faux compte != acteur étranger ; réseau != coordination ; coordination != tasking ; astroturfing != automatisation ; détection != prévalence ; suppression de comptes != preuve d’effet ; impressions/reach != persuasion ; amplification != vote_change ; operation != electoral_effect.",A004:210182384.lingerence-sans-mesure;A013:203962785.un-geyser-de-6-metres-a-clichy-autopsie;A071:186904003.larchitecture-de-la-censure-europeenne,DELIVERY_PASS_R3P1,NO,INV-097_RUN_HANDOFF.md,"NONE — CLOSED; artificial amplification via coordinated/inauthentic networks is established case-specifically through distribution and human retransmission; bot/fake-account/coordination/tasking categories remain distinct; generalized France/EU persuasion/electoral effect not established; recheck only on authenticated tasking, platform-scale incremental exposure denominator or causal electoral design."
INV-098,W8,"Achat de votes, clientélisme et redistribution électoraliste : formes modernes et réalité française",CLOSED,P1,PRIMARY,GREENFIELD,NEW,HIGH,,,,CORE_MISSION_RECLASSIFIED_2026-09-08_POST_INV082,"Quelles formes d'achat de votes, de clientélisme électoral et de redistribution explicitement conditionnée à un soutien politique sont documentées en France, avec quelles preuves, quelle fréquence et quels effets, et comment les distinguer de politiques publiques ciblées, promesses électorales, services de circonscription ou redistribution ordinaire sans quid pro quo démontré ?","France 2000–2026, avec comparateurs internationaux uniquement pour des mécanismes ou méthodes de mesure isomorphes. Prioriser décisions judiciaires, rapports officiels, travaux empiriques et cas documentant une chaîne avantage/ressource -> intermédiaire/candidat -> bénéficiaire/groupe -> condition ou attente de soutien -> preuve/recours/effet. Distinguer achat direct de voix, clientélisme, patronage, ciblage budgétaire et promesse programmatique. Gardes : redistribution != vote_buying ; targeted_policy != clientelism ; benefit != quid_pro_quo ; allegation != proof ; conviction_case != prevalence ; correlation != causal_exchange ; local_case != national_architecture ; material_transfer != electoral_effect.",,DELIVERY_PASS_R3P1,NO,INV-098_RUN_HANDOFF.md,"NONE — CLOSED; direct vote-buying case-specifically established; clientelism/electoralist allocation bounded; national prevalence, coordinated architecture and general causal electoral effect not established; route terminal delta to INV-102."
INV-099,W8,"Fraude électorale réelle versus industrie de l’accusation de fraude : fréquence, mécanismes, vérifiabilité",CLOSED,P1,PRIMARY,GREENFIELD,NEW,HIGH,,,,CORE_MISSION_RECLASSIFIED_2026-09-08_POST_INV098,"Quelle est la fréquence et la nature des fraudes électorales effectivement établies en France et en Europe, par quels mécanismes et avec quels effets documentés, et quelles preuves permettent de distinguer fraude avérée, irrégularité ou erreur administrative, allégation non établie et campagne stratégique de délégitimation du scrutin ?","France/Europe 2000–2026, priorité à la France et aux scrutins nationaux ou locaux documentables ; comparateurs internationaux seulement lorsque mécanismes et standards de contrôle sont matériellement isomorphes. Tracer type de fraude ou irrégularité, acteur, mode opératoire, volume et dénominateur, détection, preuve, décision judiciaire ou administrative, correction/recours, effet sur les suffrages ou la sincérité du scrutin et diffusion éventuelle des accusations. Distinguer fraude intentionnelle, erreur, irrégularité procédurale, contentieux, accusation et effet. Gardes : allegation != fraud ; irregularity != fraud ; error != intent ; complaint != proof ; case != prevalence ; fraud_exists != result_changed ; accusation_volume != fraud_frequency ; detected_cases != total_prevalence. Alimenter INV-102.",,DELIVERY_PASS_R3P1,NO,INV-099_RUN_HANDOFF.md,"NONE — CLOSED; case-specific electoral fraud and fraud/error/accusation boundaries established; national prevalence, systemic architecture and general causal political effect not established; route terminal delta to INV-102."
INV-100,W8,Annulation ou neutralisation judiciaire/administrative d’une élection : Roumanie et comparaisons internationales,CLOSED,P1,PRIMARY,DEEPEN,PARTIAL,HIGH,,,,CORE_MISSION_RECLASSIFIED_2026-09-07_0829,"Dans quels cas, sur quelles bases juridiques et avec quel niveau de preuve une juridiction ou une autorité administrative peut-elle annuler, invalider ou neutraliser une élection, une candidature ou un résultat au nom d’irrégularités, d’ingérence, de financement, de désinformation ou de sécurité, et comment distinguer remède institutionnel normal, erreur, effet politique et instrumentalisation démontrée ?","France/Europe 2015–2026 avec la Roumanie comme cas central et comparateurs uniquement s’ils sont juridiquement et procéduralement comparables. Tracer base juridique, faits retenus, origine et qualité des preuves, standard de preuve, calendrier, contradictoire, décision, recours, effet sur la compétition et preuve éventuelle d’intention. Séparer accusation d’ingérence, constat juridictionnel, annulation légale, effet électoral et instrumentalisation. INV-143 traite séparément le timing préélectoral.",A006:209222653.du-narratif-a-lingerence-le-seuil;A057:192293819.la-democratie-en-cage,DELIVERY_PASS_R3P1,NO,INV-100_RUN_HANDOFF.md,NONE — CLOSED; route terminal delta to INV-102 and INV-129; recheck only on material judicial/declassified/causal evidence.
INV-101,W8,"Référendum, RIC et accès du peuple à la décision : qui peut initier la question ?",DEFERRED,P1,DEFER_CONTEXT,DEFER,SUBSTANTIAL_PRIOR,HIGH,,,,ARTICLE_NEEDS_DEMOCRATIC_ALTERNATIVES,,,A003:210245443.limpossible-rassemblement;A007:206399715.le-peuple-nexiste-que-sur-convocation;A010:205911763.le-verrou-invisible-anatomie-du-ric;A022:199655164.le-verrou-28-recours-au-493-57-dabstention;A037:199049245.le-changement-de-regime-pourquoi;A038:199724760.le-peuple-est-le-seul-souverain-le;A057:192293819.la-democratie-en-cage;A101:180309272.ladieu-aux-partis-du-diagnostic-de,NOT_RUN,UNDECIDED,,PLAN_DEFERRED | Réactiver seulement si l’article traite explicitement des alternatives institutionnelles.
INV-102,W8,"Consentement sans choix réel : verrou institutionnel, offre politique, abstention, vote stratégique et légitimité",CLOSED,P1,SYNTHESIS,SYNTHESIS,SUBSTANTIAL_PRIOR,HIGH,INV-093;INV-095;INV-098;INV-099;INV-100,,,CORE_MISSION_V2_SYNTHESIS_SELECTED_2026-09-10_POST_INV088-R1,"Dans quelle mesure le consentement électoral peut-il rester juridiquement valide tout en étant substantiellement contraint par la structuration amont de l'offre de candidats, le vote-buying/clientélisme, la fraude ou l'erreur électorale et l'annulation/neutralisation institutionnelle, et quelles preuves permettent de conclure à une réduction réelle du choix sans confondre contrainte ponctuelle, irrégularité, abstention, vote stratégique, annulation et absence générale de choix ?","Synthèse stricte des dépendances fermées INV-093, INV-095, INV-098, INV-099 et INV-100. France principalement ; le cas roumain d'INV-100 sert uniquement de comparateur borné pour l'annulation institutionnelle. Tracer règles/ressources/sélection amont -> offre accessible ; avantage ou transaction -> comportement individuel ; fraude/erreur -> validité/effet ; décision juridictionnelle/institutionnelle -> neutralisation ou répétition du scrutin -> choix/consentement. Aucune collecte web ni run Truth Engine. Ne pas inférer l'abstention ou le vote stratégique, non directement couverts par les dépendances. Gardes : offre contrainte != absence de choix ; financement != commandement ; clientélisme != vote-buying individuel ; fraude != erreur ; fraude != résultat changé ; annulation != instrumentalisation ; légalité != légitimité substantielle ; corrélation != causalité.",A003:210245443.limpossible-rassemblement;A007:206399715.le-peuple-nexiste-que-sur-convocation;A010:205911763.le-verrou-invisible-anatomie-du-ric;A014:202848231.lecart-legalitelegitimite-la-signature;A022:199655164.le-verrou-28-recours-au-493-57-dabstention;A037:199049245.le-changement-de-regime-pourquoi;A038:199724760.le-peuple-est-le-seul-souverain-le;A041:198170736.le-paradoxe-francais-66-de-colere;A057:192293819.la-democratie-en-cage;A059:191154925.pourquoi-les-electeurs-francais-votent;A101:180309272.ladieu-aux-partis-du-diagnostic-de,NOT_RUN_BY_DESIGN,NO,INV-102_RUN_HANDOFF.md,NONE - CLOSED; see RUN_HANDOFF.
INV-103,W9,Défiance institutionnelle française : mesurer précisément qui n’est plus cru et pourquoi,CLOSED,P1,PRIMARY,DEEPEN,PARTIAL,HIGH,,,,INV-071_PILOT_REVIEW_COMPLETE,"Comment la confiance et la défiance se distribuent-elles réellement entre institutions en France, comment ont-elles évolué, et quelles causes sont soutenues par des preuves plutôt que par de simples corrélations ?","France, 2010–2026 avec focus 2020–2026. Séparer institutions politiques nationales, locales, médias, justice, police/armée, santé et démocratie comme régime. Examiner séries temporelles, comparateurs, déterminants et limites causales ; éviter l’agrégat vague 'défiance envers les institutions'.",A010:205911763.le-verrou-invisible-anatomie-du-ric;A014:202848231.lecart-legalitelegitimite-la-signature;A021:199655311.la-justice-fantome-020-du-pib-86;A022:199655164.le-verrou-28-recours-au-493-57-dabstention;A041:198170736.le-paradoxe-francais-66-de-colere;A057:192293819.la-democratie-en-cage;A059:191154925.pourquoi-les-electeurs-francais-votent;A082:183123537.lempire-du-mensonge-rapport-dautopsie;A106:180194877.407-mensonges-lautopsie-dun-systeme,DELIVERY_PASS_R3P1,NO,INV-103_RUN_HANDOFF.md,NONE — CLOSED after post-run review; RENARD NO; causal upgrades require new identified designs/data.
INV-104,W9,Mensonge institutionnel → défiance → vulnérabilité à la manipulation : la boucle causale existe-t-elle ?,CLOSED,P1,SYNTHESIS,SYNTHESIS,SUBSTANTIAL_PRIOR,HIGH,INV-103;INV-111;INV-112,,,CORE_MISSION_V2_SYNTHESIS_SELECTED_2026-09-11_POST_INV052-R1,"Une perte de confiance envers les institutions augmente-t-elle de façon mesurable la vulnérabilité à la manipulation, à l’indignation ou à l’exploitation de récits complotistes, et quelles chaînes causales permettent de distinguer corrélation, causalité, sélection préalable et effets de plateforme ?","Synthèse stricte de INV-103, INV-106, INV-107, INV-111 et INV-112 lorsque les dépendances réellement matérielles sont CLOSED. Aucun Truth Engine ni web générique. Tracer erreur/mensonge ou perception d’échec -> confiance -> exposition/réception -> comportement informationnel/politique. Ne pas forcer INV-106/107 uniquement pour fermer la synthèse : reframe ou réviser explicitement les dépendances si leur valeur reste HOLD.",A008:208733314.la-fabrique-de-la-menace-comment;A014:202848231.lecart-legalitelegitimite-la-signature;A041:198170736.le-paradoxe-francais-66-de-colere;A065:189043675.la-machine-a-silence;A072:186844276.tristan-mendes-france-la-machine;A077:185893876.budget-2026-larchitecture-du-mensonge;A082:183123537.lempire-du-mensonge-rapport-dautopsie;A097:180580808.pravda-quand-lelysee-ironise-sur;A098:180481861.quand-lelysee-attaque-un-journaliste;A106:180194877.407-mensonges-lautopsie-dun-systeme;A111:180120693.macron-et-la-paix-en-ukraine-ce-que,NOT_RUN_BY_DESIGN,NO,INV-104_RUN_HANDOFF.md,NONE — CLOSED / SYNTHESIS_PASS; mistrust-to-manipulation vulnerability bridge not established; route INV-133.
INV-105,W9,"Autorité, conformisme et obéissance : ce que Milgram, Asch et recherches contemporaines permettent réellement d’extrapoler",BACKLOG,P1,PRIMARY,DEEPEN,PARTIAL,HIGH,,,,PILOT_VALIDATED,"Dans quelles conditions expérimentales l'autorité, la conformité et l'obéissance modifient-elles réellement jugement ou comportement, et jusqu'où ces effets peuvent-ils être extrapolés à des contextes politiques sans confondre laboratoire, situation institutionnelle et soumission durable ?","Revue de mécanisme fondée sur Milgram, Asch et réplications contemporaines, avec applications politiques seulement si un pont empirique est documenté. Tracer manipulation expérimentale -> exposition sociale/autorité -> réponse mesurée -> persistance/transfert éventuel. Prioriser méta-analyses, réplications, études de terrain et limites d'externalité. Gardes : effet de laboratoire != comportement politique ; conformité != croyance ; obéissance != adhésion ; autorité != coercition ; corrélation != causalité.",A052:193239406.oak-island-le-mecanisme-de-capture;A070:187237034.de-lombre-des-cavernes-a-lecran-lumineux;A082:183123537.lempire-du-mensonge-rapport-dautopsie,NOT_RUN,UNDECIDED,,"PLAN_REFRAME_HOLD | general authority/conformity psychology is a causal module, not a standalone influence operation. No Truth Engine run in current form."
INV-106,W9,"Peur et production de menace : terrorisme, guerre, pandémie, climat, immigration, cybermenaces",BACKLOG,P1,PRIMARY,RECHECK_EXTEND,SUBSTANTIAL_PRIOR,HIGH,,,,PILOT_VALIDATED,"Dans quels cas des acteurs identifiables construisent ou amplifient une menace par message, cadrage ou répétition, et quels effets mesurables cette exposition produit-elle sur perception du risque, préférence politique ou comportement, selon les domaines considérés ?","France/Europe, principalement 2015–2026, sur cas bornés dans terrorisme, guerre, pandémie, climat, immigration ou cyber uniquement lorsque commanditaire, message et exposition sont observables. Tracer acteur -> message/cadrage -> canal -> exposition -> perception/comportement -> décision. Gardes : menace réelle != menace fabriquée ; alerte != manipulation ; peur != persuasion ; corrélation temporelle != causalité ; différence de cadrage != intention trompeuse.",A008:208733314.la-fabrique-de-la-menace-comment;A012:204169916.le-debat-qui-nexistait-pas-6-mecanismes;A013:203962785.un-geyser-de-6-metres-a-clichy-autopsie;A058:191802696.la-guerre-des-autres;A071:186904003.larchitecture-de-la-censure-europeenne;A075:186127641.limpasse-persique-pourquoi-loccident;A082:183123537.lempire-du-mensonge-rapport-dautopsie;A090:181766389.les-telegraphistes-de-la-terreur;A104:180261963.democratie-rare-en-temps-de-guerre-82a;A105:180223640.larmee-potemkine-quand-le-spectre,NOT_RUN,UNDECIDED,,PLAN_REFRAME_HOLD | threat-production contract is too broad across domains; select one operator/case before any run. No Truth Engine run in current form.
INV-107,W9,Moral panics et politiques publiques : comment un événement devient urgence collective,BACKLOG,P1,PRIMARY,DEEPEN,PARTIAL,HIGH,,,,PILOT_VALIDATED,"Comment un événement ou une série de signaux devient-il une urgence collective mesurable, par quels acteurs et mécanismes de cadrage, amplification et réponse institutionnelle, et quels effets causaux peuvent être distingués d'une réaction proportionnée à un risque réel ?","France/Europe avec cas comparables, principalement 2010–2026. Tracer événement -> cadrage/claims -> amplification médiatique/politique -> perception publique -> mesure institutionnelle -> effet. Prioriser séries temporelles, contenu, sondages, décisions et études causales. Gardes : forte couverture != panique morale ; réaction rapide != manipulation ; risque réel != construction ; simultanéité média-politique != coordination ; politique adoptée != effet du cadrage seul.",A008:208733314.la-fabrique-de-la-menace-comment;A013:203962785.un-geyser-de-6-metres-a-clichy-autopsie;A075:186127641.limpasse-persique-pourquoi-loccident;A082:183123537.lempire-du-mensonge-rapport-dautopsie;A096:180734703.abattage-massif-en-savoie-la-france,NOT_RUN,UNDECIDED,,PLAN_REFRAME_HOLD | moral-panic contract lacks one discriminating operation/case; reframe before any run. No Truth Engine run in current form.
INV-108,W9,"Identité politique, tribalisme et raisonnement motivé : pourquoi les faits seuls échouent",BACKLOG,P1,PRIMARY,DEEPEN,PARTIAL,HIGH,,,,PILOT_VALIDATED,"Quels effets mesurables de l'identité politique et du raisonnement motivé modifient réception, mémorisation ou acceptation d'informations politiques, et dans quelles conditions ces mécanismes résistent-ils à la correction factuelle ?","Revue de mécanisme expérimentale et quasi-expérimentale, avec priorité aux études politiques réplicables. Tracer identité/partisanship -> exposition informationnelle/correction -> croyance/jugement -> persistance/comportement éventuel. Gardes : polarisation != irrationalité ; identité != cause unique ; correction inefficace != effet boomerang universel ; croyance != vote ; étude américaine != généralisation France/UE.",A059:191154925.pourquoi-les-electeurs-francais-votent;A069:187436825.darwin-et-evolution-enquete-sur-les;A082:183123537.lempire-du-mensonge-rapport-dautopsie,NOT_RUN,UNDECIDED,,PLAN_REFRAME_HOLD | motivated reasoning is a reception module; consume inside case-specific causal analysis. No Truth Engine run in current form.
INV-109,W9,"Illusory truth, répétition et familiarité : limites réelles du pouvoir propagandiste",BACKLOG,P1,PRIMARY,DEEPEN,PARTIAL,HIGH,,,,PILOT_VALIDATED,"Dans quelles conditions la répétition et la familiarité augmentent-elles la croyance ou la perception de vérité d'un message politique, avec quelle durée et quelle taille d'effet, et jusqu'où ce mécanisme se traduit-il en comportement ou choix politique ?","Revue expérimentale/méta-analytique avec applications politiques documentées. Tracer répétition -> familiarité -> jugement de vérité/croyance -> persistance -> comportement éventuel. Prioriser expériences randomisées, réplications, méta-analyses et designs de terrain. Gardes : répétition != persuasion certaine ; familiarité != conviction ; croyance != comportement ; effet moyen != effet individuel ; laboratoire != élection.",A008:208733314.la-fabrique-de-la-menace-comment;A082:183123537.lempire-du-mensonge-rapport-dautopsie,NOT_RUN,UNDECIDED,,PLAN_REFRAME_HOLD | illusory-truth is an effect module; consume inside a specific campaign/exposure design. No Truth Engine run in current form.
INV-110,W9,"Learned helplessness, efficacité politique et résignation démocratique",CONDITIONAL,P1,CONDITIONAL_CASE,CONDITIONAL,PARTIAL,HIGH,INV-103,,,EMPIRICAL_POLITICAL_EFFICACY_GAP,,,A041:198170736.le-paradoxe-francais-66-de-colere;A052:193239406.oak-island-le-mecanisme-de-capture;A082:183123537.lempire-du-mensonge-rapport-dautopsie,NOT_RUN,UNDECIDED,,PLAN_CONDITIONAL | N’activer qu’en reformulant vers efficacité politique/résignation avec littérature empirique contemporaine.
INV-111,W9,Économie de l’indignation : médias et plateformes transforment-ils la colère en produit plutôt qu’en action ?,CLOSED,P1,PRIMARY,RECHECK_EXTEND,SUBSTANTIAL_PRIOR,HIGH,,,,CORE_MISSION_V2_SELECTED_2026-09-11_POST_INV121-R1,"Les systèmes médiatiques et plateformes récompensent-ils structurellement les contenus suscitant indignation ou conflit, et quels effets mesurables ces incitations produisent-elles sur exposition, engagement, production de contenu et comportement politique ?","France/Europe avec comparateurs internationaux, principalement 2015–2026. Tracer métrique/incitation économique ou algorithmique -> sélection/production de contenu -> exposition -> engagement/émotion -> comportement éventuel. Prioriser données de plateformes, expériences, études de recommandation, économie des médias et changements de politique. Gardes : engagement != persuasion ; outrage != manipulation ; corrélation contenu-performance != causalité ; incitation commerciale != tasking politique ; viralité != mobilisation.",A008:208733314.la-fabrique-de-la-menace-comment;A012:204169916.le-debat-qui-nexistait-pas-6-mecanismes;A025:199654938.medias-censure-et-desinformation;A065:189043675.la-machine-a-silence;A072:186844276.tristan-mendes-france-la-machine;A082:183123537.lempire-du-mensonge-rapport-dautopsie;A091:181572197.lindustrie-de-linfluence-enquete,DELIVERY_PASS_R3P1,NO,INV-111_RUN_HANDOFF.md,NONE - CLOSED; see RUN_HANDOFF.
INV-112,W9,"Complotisme comme symptôme, marché et instrument politique : causes réelles, exploitations et erreurs institutionnelles",CLOSED,P1,PRIMARY,RECHECK_EXTEND,SUBSTANTIAL_PRIOR,HIGH,,,,CORE_MISSION_V2_SELECTED_2026-09-11_POST_INV051-R1,"Dans quels cas des récits complotistes sont-ils produits ou exploités intentionnellement par des acteurs identifiables, par quels canaux, et avec quels effets mesurables distincts des causes sociales ou psychologiques qui favorisent leur réception ?","France/Europe, principalement 2015–2026, en séparant origine spontanée, marché attentionnel et exploitation politique. Tracer acteur -> récit/amplification -> audience -> réception -> action ou effet politique. Prioriser contenus attribués, réseaux de diffusion, données d'audience, financements et études causales. Gardes : croyance complotiste != opération d'influence ; corrélation sociale != cause ; monétisation != tasking ; diffusion != persuasion ; erreur institutionnelle != complot.",A001:212538645.qui-fact-checke-les-fact-checkers;A002:212051560.qui-fabrique-lautorite-du-vrai;A008:208733314.la-fabrique-de-la-menace-comment;A059:191154925.pourquoi-les-electeurs-francais-votent;A069:187436825.darwin-et-evolution-enquete-sur-les;A072:186844276.tristan-mendes-france-la-machine;A082:183123537.lempire-du-mensonge-rapport-dautopsie,DELIVERY_PASS_R3P1,NO,INV-112_RUN_HANDOFF.md,NONE - CLOSED; see RUN_HANDOFF.
INV-113,W10,"Franc-maçonnerie : sociologie des réseaux, accès, cooptation et décisions démontrables",CONDITIONAL,P2,CONDITIONAL_CASE,CONDITIONAL,PARTIAL,MEDIUM,INV-132,INV-132,,MATERIAL_LEAD_FROM_INV-132,,,A055:192483249.ce-nest-pas-du-satanisme-cest-une;A010:205911763.le-verrou-invisible-anatomie-du-ric,NOT_RUN,UNDECIDED,,"PLAN_CONDITIONAL | Activer seulement si INV-132 établit un lead matériel, discriminant et documentable."
INV-114,W10,"Le Siècle : composition, circulation des élites, accès et influence démontrable",CONDITIONAL,P2,CONDITIONAL_CASE,CONDITIONAL,PARTIAL,MEDIUM,INV-132,INV-132,,MATERIAL_LEAD_FROM_INV-132,,,A036:199422722.la-caste-parasite-qui-gouverne-la;A055:192483249.ce-nest-pas-du-satanisme-cest-une,NOT_RUN,UNDECIDED,,"PLAN_CONDITIONAL | Activer seulement si INV-132 établit un lead matériel, discriminant et documentable."
INV-115,W10,"Bilderberg : participants, agenda, réseaux, mythes et effets réellement traçables",CONDITIONAL,P2,CONDITIONAL_CASE,CONDITIONAL,PARTIAL,MEDIUM,INV-132,INV-132,,MATERIAL_LEAD_FROM_INV-132,,,A055:192483249.ce-nest-pas-du-satanisme-cest-une,NOT_RUN,UNDECIDED,,"PLAN_CONDITIONAL | Activer seulement si INV-132 établit un lead matériel, discriminant et documentable."
INV-116,W10,"WEF / Young Global Leaders : sélection, réseaux, idées, trajectoires et limites des inférences de contrôle",CONDITIONAL,P2,CONDITIONAL_CASE,CONDITIONAL,PARTIAL,MEDIUM,INV-132,INV-132,,MATERIAL_LEAD_FROM_INV-132,,,A044:194695720.larchitecture-a-luvre;A054:192726440.le-vampire-de-la-croissance;A082:183123537.lempire-du-mensonge-rapport-dautopsie,NOT_RUN,UNDECIDED,,"PLAN_CONDITIONAL | Activer seulement si INV-132 établit un lead matériel, discriminant et documentable."
INV-117,W10,"French-American Foundation / Young Leaders : réseau transatlantique, carrières et influence démontrable",CONDITIONAL,P2,CONDITIONAL_CASE,CONDITIONAL,PARTIAL,MEDIUM,INV-132,INV-132,,MATERIAL_LEAD_FROM_INV-132,,,A036:199422722.la-caste-parasite-qui-gouverne-la;A090:181766389.les-telegraphistes-de-la-terreur,NOT_RUN,UNDECIDED,,"PLAN_CONDITIONAL | Activer seulement si INV-132 établit un lead matériel, discriminant et documentable."
INV-118,W10,CFR / Trilateral Commission / réseaux transatlantiques : influence intellectuelle versus coordination politique,CONDITIONAL,P2,CONDITIONAL_CASE,CONDITIONAL,NEW,MEDIUM,INV-132,INV-132,,MATERIAL_LEAD_FROM_INV-132,,,,NOT_RUN,UNDECIDED,,"PLAN_CONDITIONAL | Activer seulement si INV-132 établit un lead matériel, discriminant et documentable."
INV-119,W10,"Grandes écoles, ENA/INSP, Inspection des finances : reproduction, circulation et concentration des élites administratives",CLOSED,P2,PRIMARY,RECHECK_EXTEND,SUBSTANTIAL_PRIOR,HIGH,,,,CORE_MISSION_V2_SELECTED_2026-09-10_POST_INV127-R1,"Dans quelle mesure les grandes écoles, l’ENA/INSP et l’Inspection des finances concentrent-ils et reproduisent-ils les trajectoires vers les positions de pouvoir administratif, politique et économique en France, par quels mécanismes de sélection, circulation de carrière et réseaux, et quelles preuves permettent de distinguer reproduction d’élites, homogénéité sociale, accès privilégié, revolving doors, capture, coordination politique et simple proximité ?","France, 2000–2026 avec séries antérieures uniquement lorsqu’elles éclairent une trajectoire comparable. Quantifier autant que possible origine sociale et scolaire, accès aux grands corps et postes dirigeants, passages cabinets/administration/entreprises, durées et destinations, règles déontologiques/contrôles et effets documentés. Distinguer sélection scolaire, reproduction sociale, concentration de carrières, réseau relationnel, revolving door, conflit d’intérêts, capture et coordination. Gardes : elite_concentration != coordination ; shared_school != shared_agenda ; revolving_door != capture ; network != tasking ; social_reproduction != corruption ; access != policy_control ; correlation != causal_policy_effect. Alimenter INV-095.",A014:202848231.lecart-legalitelegitimite-la-signature;A036:199422722.la-caste-parasite-qui-gouverne-la;A053:193017697.comment-la-richesse-verrouille-le;A068:187674415.le-triangle-de-la-capture-le-mecanisme,DELIVERY_PASS_R3P1,NO,INV-119_RUN_HANDOFF.md,NONE - CLOSED; see RUN_HANDOFF.
INV-120,W10,"Finance et banques : lobbying, revolving doors, dépendance réglementaire et pouvoir de marché sur la décision publique",CLOSED,P2,PRIMARY,DEEPEN,PARTIAL,HIGH,,,,CORE_MISSION_V2_SELECTED_2026-09-11_POST_INV122-R1,"Dans quels dossiers financiers ou bancaires des actions de lobbying, des revolving doors ou une dépendance réglementaire peuvent-elles être reliées à une modification identifiable de règle ou de décision publique, avec contrôle des explications institutionnelles rivales ?","France/UE, principalement 2010–2026, sur dossiers réglementaires bornés. Tracer acteur financier -> contribution/lobbying/revolving door -> accès/intervention -> delta de texte ou décision -> effet distributif. Prioriser registres de lobbying, consultations, versions de textes, agendas, déclarations d'intérêts et décisions. Gardes : lobbying != capture ; revolving door != conflit prouvé ; conflit != décision capturée ; poids économique != tasking ; alignement de politique != causalité.",A034:199653976.la-dette-instrumentalisee-3-200-milliards;A035:199655748.largent-qui-disparait-80-a-100-milliards;A046:194422681.le-leviathan-de-verre;A053:193017697.comment-la-richesse-verrouille-le;A054:192726440.le-vampire-de-la-croissance;A062:190192234.le-grand-manege-de-la-depossession;A083:183424330.lagonie-du-souverain-la-singularite;A089:182308074.france-2025-lanatomie-dune-feodalite,DELIVERY_PASS_R3P1,NO,INV-120_RUN_HANDOFF.md,NONE - CLOSED; see RUN_HANDOFF.
INV-121,W10,"Industrie pharmaceutique : lobbying, expertise, recherche, régulation, médias et conflits d’intérêts",CLOSED,P2,PRIMARY,DEEPEN,PARTIAL,MEDIUM,,,,CORE_MISSION_V2_SELECTED_2026-09-11_POST_INV120-R1,"Dans quels dossiers pharmaceutiques des financements, expertises, conflits d'intérêts ou actions de lobbying peuvent-ils être reliés à une recommandation, règle, remboursement ou décision publique identifiable, et quelles arêtes restent nécessaires pour établir influence ou capture ?","France/UE, principalement 2010–2026, sur décisions de santé/régulation bornées. Tracer entreprise/financeur -> expert, étude, lobbying ou relation -> instance décisionnelle -> recommandation/delta de texte/décision -> effet. Prioriser déclarations d'intérêts, financements d'études, consultations, avis d'agences, registres et documents versionnés. Gardes : financement != falsification ; conflit != biais démontré ; expertise != tasking ; lobbying != capture ; corrélation de décision != causalité.",A001:212538645.qui-fact-checke-les-fact-checkers;A043:194966421.la-constellation-davril;A045:194518266.lingenierie-de-lenclos;A056:192351575.le-reseau-qui-nous-facture;A082:183123537.lempire-du-mensonge-rapport-dautopsie;A089:182308074.france-2025-lanatomie-dune-feodalite;A095:180851146.france-2025-larchitecture-de-lenfer,DELIVERY_PASS_R3P1,NO,INV-121_RUN_HANDOFF.md,NONE - CLOSED; see RUN_HANDOFF.
INV-122,W10,"Industrie de défense : commandes publiques, lobbying, think tanks, médias et politique étrangère",CLOSED,P2,PRIMARY,RECHECK_EXTEND,SUBSTANTIAL_PRIOR,HIGH,,,,CORE_MISSION_V2_SELECTED_2026-09-11_POST_INV075-R1,"Dans quels dossiers de défense des commandes, activités de lobbying, financements de think tanks ou réseaux d'expertise peuvent-ils être reliés à une décision d'acquisition ou de politique étrangère identifiable, sans confondre intérêt industriel, expertise, sécurité nationale et capture ?","France/UE, principalement 2010–2026, sur programmes ou décisions bornés. Tracer industriel/financeur -> lobbying/expertise/réseau -> décideur/procédure -> décision ou modification identifiable -> effet économique/politique. Prioriser marchés, registres, auditions, déclarations d'intérêts, financements et chronologies décisionnelles. Gardes : contrat != influence ; expertise financée != conclusion dictée ; lobbying != capture ; intérêt stratégique != prétexte ; proximité != tasking.",A023:199655095.la-defense-rongee-449-md-sans-munitions;A058:191802696.la-guerre-des-autres;A063:189855247.le-sanctuaire-inverse-comment-la;A075:186127641.limpasse-persique-pourquoi-loccident;A083:183424330.lagonie-du-souverain-la-singularite;A090:181766389.les-telegraphistes-de-la-terreur;A105:180223640.larmee-potemkine-quand-le-spectre;A107:180162835.service-militaire-volontaire-ce-que;A115:180081515.ukraine-ce-que-hayer-trump-et-zelenskyy,DELIVERY_PASS_R3P1,NO,INV-122_RUN_HANDOFF.md,NONE - CLOSED; see RUN_HANDOFF.
INV-123,W10,"Big Tech : lobbying, infrastructures, modération, données, dépendance étatique et pouvoir normatif",BACKLOG,P2,PRIMARY,RECHECK_EXTEND,SUBSTANTIAL_PRIOR,HIGH,,,,PILOT_VALIDATED,"Dans quels dossiers Big Tech une action identifiable de lobbying, de fourniture d'infrastructure, de gouvernance des données ou de dépendance technique se traduit-elle par une modification de règle, d'accès ou de décision publique, distincte des mécanismes de modération et de recommandation déjà étudiés ?","France/UE, principalement 2015–2026, en excluant comme objets centraux les mécanismes déjà fermés par INV-089/090/091/096/125 sauf comme contrôles. Tracer entreprise -> contribution/contrat/infrastructure/donnée -> accès ou dépendance -> décision/delta de texte -> effet. Prioriser registres, marchés, contrats, consultations, versions législatives et décisions. Gardes : fournisseur != contrôleur politique ; lobbying != capture ; infrastructure != tasking ; dépendance != coercition ; conformité != influence.",A002:212051560.qui-fabrique-lautorite-du-vrai;A004:210182384.lingerence-sans-mesure;A020:199655242.le-numerique-colonise-70-des-donnees;A067:188810196.le-gulag-digital-surveilles-a-100;A071:186904003.larchitecture-de-la-censure-europeenne;A074:186286764.ce-que-macron-appelle-protection;A109:180129975.leurope-construit-elle-un-credit-40d;A110:180128122.leurope-construit-elle-un-credit,NOT_RUN,UNDECIDED,,PLAN_REFRAME_HOLD | Big Tech residual still mixes lobbying/infrastructure/data/dependency; isolate one normative/contractual case. No Truth Engine run in current form.
INV-124,W10,"Debanking, paiements, sanctions et accès financier comme infrastructure privée/publique de coercition",CLOSED,P2,PRIMARY,DEEPEN,PARTIAL,HIGH,,,,CORE_MISSION_RECLASSIFIED_2026-09-07_2124,"Par quels mécanismes banques, prestataires de paiement, réseaux de cartes, plateformes et dispositifs de sanctions ou de conformité peuvent-ils restreindre l’accès financier d’acteurs politiques, médiatiques, associatifs, économiques ou individuels, sur quelle base et avec quels recours, et quelles preuves permettent de distinguer gestion de risque ou conformité, coercition financière, commandement public/privé et effet politique ?","France/Europe 2015–2026, avec comparateurs étrangers uniquement lorsque le mécanisme est isomorphe. Tracer déclencheur, acteur décisionnaire, base juridique ou contractuelle, articulation public/privé, service ou flux affecté, notification/motif, durée, recours/réintégration, coût économique et effet politique éventuel. Distinguer debanking, gel/sanction, fermeture de compte, refus de paiement, déréférencement financier et conformité AML/KYC. Gardes : debanking != censorship ; compliance != political motive ; private decision != state command ; sanction != guilt ; access restriction != political effect ; complaint/association != proof.",A067:188810196.le-gulag-digital-surveilles-a-100;A083:183424330.lagonie-du-souverain-la-singularite;A087:182502562.la-justice-spectrale-lere-du-bannissement;A109:180129975.leurope-construit-elle-un-credit-40d;A110:180128122.leurope-construit-elle-un-credit,DELIVERY_PASS_R3P1,NO,INV-124_RUN_HANDOFF.md,"NONE — CLOSED; financial coercion/exclusion architectures separated; public sanctions establish direct command, generalized private political tasking/effect not established; delta routed to INV-129."
INV-125,W10,"Infrastructures numériques critiques et souveraineté : cloud, hébergement, données, câbles, puces, extraterritorialité et dépendance comme leviers de pouvoir",CLOSED,P1,PRIMARY,DEEPEN,PARTIAL,HIGH,,,,CORE_MISSION_V2_SELECTED_2026-09-09_POST_INV064-R1,"Quelles dépendances envers le cloud, l'hébergement, les données, les câbles, les puces ou des juridictions extraterritoriales peuvent devenir des leviers de pouvoir sur des acteurs français ou européens, et quels effets coercitifs ou politiques sont effectivement documentés ?","France et Union européenne, principalement 2018–2026, sur des infrastructures ou dépendances critiques identifiables. Tracer fournisseur/juridiction/contrôle -> contrat ou dépendance technique -> point de contrainte (ordre, accès, interruption, refus, coût de sortie) -> institution/entreprise/média -> adaptation/décision -> effet. Prioriser contrats, incidents, décisions, règles extraterritoriales, architectures et données de dépendance. Gardes : dependency != coercion ; foreign provider != foreign control ; legal reach != exercised access ; outage != political action ; switching cost != capture ; capability != use.",A020:199655242.le-numerique-colonise-70-des-donnees,DELIVERY_PASS_R3P1,NO,INV-125_RUN_HANDOFF.md,NONE - CLOSED; see RUN_HANDOFF.
INV-126,W10,"Corps intermédiaires, syndicats, fédérations professionnelles et chambres consulaires : représentation légitime versus capture de la décision",CLOSED,P1,PRIMARY,DEEPEN,PARTIAL,HIGH,,,,CORE_MISSION_V2_SELECTED_2026-09-09_POST_INV092-R1,"Dans quelle mesure les corps intermédiaires en France — syndicats de salariés, organisations patronales, fédérations professionnelles et chambres consulaires — transforment-ils une fonction légitime de représentation en influence identifiable sur la décision publique, et quelles preuves permettent de distinguer mandat représentatif, accès institutionnel, expertise/négociation, avantage de procédure, concession obtenue et capture de la décision ?","France, principalement 2017–2026, avec cadre UE seulement lorsqu'il structure directement la représentation française. Tracer organisation -> base représentée/ressources/mandat -> canal institutionnel (consultation, négociation, conseil, audition, mobilisation) -> position/proposition/amendement identifiable -> décision publique -> bénéficiaires/coûts/effets, avec contrôles négatifs et décisions contraires. Prioriser textes de consultation, procès-verbaux, accords, amendements, agendas/auditions, données de représentativité et financement, décisions avant/après et travaux causaux/comparatifs. Gardes : membership != mandate ; representation != capture ; access != influence ; consultation != adoption ; concession != corruption ; funding != tasking ; proximity != control ; correlation != causality ; sectoral benefit != proof of capture.",A112:180109075.liceberg-du-syndicalisme-agricole;A120:180043331.le-double-discours-du-rn-sur-lagriculture,DELIVERY_PASS_R3P1,NO,INV-126_RUN_HANDOFF.md,NONE - CLOSED; see RUN_HANDOFF.
INV-127,W10,"Soft power culturel et académique : universités, bourses, instituts, échanges, langue, culture et formation des élites",CLOSED,P2,PRIMARY,GREENFIELD,NEW,MEDIUM,,,,CORE_MISSION_V2_SELECTED_2026-09-10_POST_INV047-R1,"Par quels mécanismes universités, bourses, instituts culturels, échanges, langue et formation des élites produisent-ils du soft power, et quels effets durables sur réseaux, préférences ou décisions peuvent être démontrés sans confondre exposition culturelle, affinité, influence, recrutement et tasking ?","France et Union européenne, principalement 2010–2026, à travers programmes comparables et données de participants. Tracer État/institution -> programme, bourse, institut ou échange -> participant/public -> exposition, réseau ou compétence -> attitude/affiliation/action -> décision ou effet politique éventuel. Prioriser budgets, critères, alumni, enquêtes longitudinales et études causales. Gardes : participation != alignment ; affinity != tasking ; education != indoctrination ; network != coordination ; attitude != policy action ; soft power != interference.",,DELIVERY_PASS_R3P1,NO,INV-127_RUN_HANDOFF.md,NONE - CLOSED; see RUN_HANDOFF.
INV-128,W10,"Influence-for-hire : renseignement privé, cabinets d’intelligence, réputation, infiltration et campagnes clandestines pour clients étatiques ou privés",CLOSED,P1,PRIMARY,DEEPEN,PARTIAL,HIGH,,,,CORE_MISSION_REFOCUS_2026-09-06,"Quels services d’influence clandestine peuvent être achetés sur le marché privé — faux comptes, hacking, infiltration, faux médias, amplification, renseignement, réputation et suppression de contenu — et dans quels cas peut-on établir une chaîne client → prestataire → action → cible → exposition/effet sans confondre capacité annoncée, démonstration commerciale, opération exécutée, attribution et résultat ?","2010–2026, priorité France/Europe avec comparateurs internationaux lorsque les traces sont meilleures. Étudier notamment les prestataires d’influence-for-hire et leurs chaînes documentées (Team Jorge, STOIC/Zero Zeno, Alp Services/EAU et cas comparables), en séparant strictement identité du client, contrat/paiement, capacité, action effectivement exécutée, cible, portée et effet. Exclure le lobbying déclaré et la PR ordinaire (INV-042/064), le cybercrime sans objectif politique ou réputationnel, et toute attribution de client fondée sur la seule nationalité, géographie ou proximité.",A004:210182384.lingerence-sans-mesure;A071:186904003.larchitecture-de-la-censure-europeenne;A091:181572197.lindustrie-de-linfluence-enquete,DELIVERY_PASS_R3P1,NO,INV-128_RUN_HANDOFF.md,"NONE — CLOSED; route attribution/client gaps to INV-134, indirect electoral funding to INV-140, symmetry to INV-146."
INV-129,W10,"Lawfare et coercition juridique : contentieux stratégique, SLAPP, sanctions administratives, procédures et droit comme instruments d’influence",CLOSED,P1,SYNTHESIS,SYNTHESIS,PARTIAL,HIGH,INV-054;INV-080;INV-100;INV-124,,,DEPENDENCIES_DONE,,,A006:209222653.du-narratif-a-lingerence-le-seuil;A087:182502562.la-justice-spectrale-lere-du-bannissement;A098:180481861.quand-lelysee-attaque-un-journaliste,NOT_RUN,NO,INV-129_RUN_HANDOFF.md,CLOSED — SYNTHESIS PASS; law/procedure as influence/coercion channel established; general coordinated partisan lawfare architecture not established; feed bounded result to INV-133.
INV-130,W2,"Maroc : influence politique, diplomatique, économique, sécuritaire et diasporique en France",CLOSED,P1,PRIMARY,GREENFIELD,NEW,HIGH,,INV-038,,CORE_MISSION_V2_SELECTED_2026-09-10_POST_INV061-R1,"Quels cas marocains en France permettent d'établir une chaîne spécifique entre acteur public ou para-public, intermédiaire, ressource ou action d'influence, cible et effet, et lesquels relèvent de diplomatie, commerce, coopération sécuritaire ou diaspora ordinaire ?","France, principalement 2010–2026, uniquement cas documentables et séparés par mécanisme. Tracer acteur -> intermédiaire/ressource/tasking -> action -> cible -> accès/exposition/décision -> effet. Prioriser dossiers judiciaires, registres, contrats, communications authentifiées et documents officiels. Gardes : nationalité marocaine != lien étatique ; coopération != contrôle ; diaspora != relais ; investissement != influence ; renseignement != action politique ; proximité != tasking.",,DELIVERY_PASS_R3P1,NO,INV-130_RUN_HANDOFF.md,NONE - CLOSED; see RUN_HANDOFF.
INV-131,W2,"Algérie : influence politique, diplomatique, économique, sécuritaire et diasporique en France",CLOSED,P1,PRIMARY,GREENFIELD,NEW,HIGH,,INV-038,,CORE_MISSION_V2_SELECTED_2026-09-10_POST_INV130-R1,"Quels cas algériens en France permettent d'établir une chaîne spécifique entre acteur public ou para-public, intermédiaire, ressource ou action d'influence, cible et effet, et lesquels relèvent de diplomatie, commerce, coopération sécuritaire ou diaspora ordinaire ?","France, principalement 2010–2026, uniquement cas documentables et séparés par mécanisme. Tracer acteur -> intermédiaire/ressource/tasking -> action -> cible -> accès/exposition/décision -> effet. Prioriser dossiers judiciaires, registres, contrats, communications authentifiées et documents officiels. Gardes : nationalité algérienne != lien étatique ; coopération != contrôle ; diaspora != relais ; investissement != influence ; renseignement != action politique ; proximité != tasking.",,DELIVERY_PASS_R3P1,NO,INV-131_RUN_HANDOFF.md,NONE - CLOSED; see RUN_HANDOFF.
INV-132,W10,Réseaux d’élites extra-institutionnels : cartographie comparative France/transnational et triage des cas réellement matériels,CLOSED,P1,PRIMARY,DEEPEN,PARTIAL,HIGH,,,,CORE_MISSION_V2_SELECTED_2026-09-10_POST_INV035-R1,"Quels réseaux d'élites extra-institutionnels présentent des arêtes documentées allant au-delà de la simple coappartenance pour établir accès, coordination, tasking ou influence sur une décision identifiable, et lesquels ne sont que des graphes de sociabilité sans effet démontré ?","France et réseaux transnationaux, principalement 2010–2026, sur cas bornés disposant de traces d'interaction. Tracer membres/organisation -> relation ou ressource -> intervention coordonnée ou accès -> décision/delta identifiable -> effet. Prioriser agendas, communications authentifiées, financements, déclarations, nominations et décisions. Gardes : réseau != coordination ; coappartenance != tasking ; densité de graphe != causalité ; accès != influence ; similarité de trajectoire != architecture de contrôle.",,DELIVERY_PASS_R3P1,NO,INV-132_RUN_HANDOFF.md,NONE - CLOSED; see RUN_HANDOFF.
INV-133,W0,"Synthèse systémique finale : pluralisme, captures sectorielles, réseaux, émergence, coordinations et architecture de pouvoir — départager les modèles concurrents",CLOSED,P0,SYNTHESIS,SYNTHESIS,PARTIAL,HIGH,INV-038;INV-040;INV-052;INV-068;INV-082;INV-088;INV-095;INV-102;INV-104;INV-129;INV-144;INV-146,,,CORE_MISSION_V2_SYNTHESIS_SELECTED_2026-09-11_TERMINAL-R1,"Quel modèle explique le mieux l’ensemble du corpus : pluralisme concurrentiel, captures sectorielles, réseaux d’accès, émergence sans chef, coordinations ponctuelles ou architecture de pouvoir plus intégrée, et quelles prédictions discriminantes restent compatibles avec les faits ?","Synthèse terminale stricte des synthèses/dépendances déclarées lorsqu’elles sont CLOSED. Aucun Truth Engine ni collecte générique. Comparer les modèles sur les mêmes arêtes : ressource -> capacité -> accès -> action -> exposition -> persuasion/comportement -> décision/impact, avec contrôles tasking, coordination, coercition, clandestinité, dépendance et symétrie allié/adversaire/domestique. Ne pas conclure à un centre de commandement à partir d’effets cumulés ou d’isomorphismes.",,NOT_RUN_BY_DESIGN,NO,INV-133_RUN_HANDOFF.md,NONE — CLOSED / TERMINAL_SYNTHESIS_PASS; best-supported systemic model = polycentric emergent power under structural asymmetries; integrated command architecture NOT_ESTABLISHED.
INV-134,W0,"Attribution d’ingérence : chaîne de preuve, degrés de confiance, contradictions, corrections et responsabilités",CLOSED,P1,PRIMARY,RECHECK_EXTEND,PARTIAL,HIGH,,,,CORE_MISSION_GATE,"Lorsqu’un État, un service, une plateforme ou un média attribue une opération à un acteur étranger, quelles preuves permettent de passer de l’incident observable à l’opérateur, puis au commanditaire étatique, à l’intention et à l’effet ; quels degrés de confiance, contradictions, révisions ou rétractations apparaissent ensuite ?","France/UE 2017–2026 avec comparateurs documentables. Auditer des chaînes d’attribution complètes, notamment VIGINUM, rapports de plateformes et cas où versions institutionnelles se contredisent. Cas von der Leyen/GPS 2025 comme test de méthode : distinguer existence d’une perturbation, attribution technique, lien à un État, intention et effet. Toute accusation et tout démenti sont des claims ; aucune autorité n’est une preuve par statut.",A004:210182384.lingerence-sans-mesure;A006:209222653.du-narratif-a-lingerence-le-seuil;A097:180580808.pravda-quand-lelysee-ironise-sur,DELIVERY_PASS_R3P1,NO,INV-134_RUN_HANDOFF.md,NONE — CLOSED; attribution-edge model available to INV-137/144/146; recheck only on material new technical/tasking/causal evidence.
INV-135,W8,"Hack-and-leak, kompromat et divulgations synchronisées : voler, authentifier, falsifier ou publier pour peser sur une élection",CLOSED,P1,PRIMARY,DEEPEN,PARTIAL,HIGH,,,,CORE_MISSION_RECLASSIFIED_2026-09-06,"Comment distinguer dans une opération hack-and-leak l’intrusion, l’attribution du vol, l’authenticité ou l’altération des documents, le choix du moment de publication, l’amplification coordonnée et un effet électoral réellement mesurable ?","Élections 2016–2026 avec priorité France/Europe et comparateurs US. Inclure MacronLeaks 2017, DNC 2016 et autres cas suffisamment documentés. Séparer hack, leak, falsification éventuelle, publication, relais, exposition et effet ; ne pas convertir synchronisation ou bénéfice politique en commandement.",A004:210182384.lingerence-sans-mesure,DELIVERY_PASS_R3P1,NO,INV-135_RUN_HANDOFF.md,"NONE — CLOSED; route attribution chronology to INV-137, timing questions to INV-143, symmetry to INV-146; recheck only on material new technical/judicial/causal evidence."
INV-136,W3,"Corruption étrangère au cœur des institutions européennes : Qatargate/Morocco, Huawei et diplomatie des cadeaux",CLOSED,P1,PRIMARY,DEEPEN,PARTIAL,HIGH,,,,CORE_MISSION_REFOCUS_2026-09-06,"Dans quels dossiers européens peut-on tracer un avantage, paiement, cadeau ou financement provenant d’un intérêt étranger vers un intermédiaire ou responsable public, puis vers un acte politique identifiable ; et où la preuve s’arrête-t-elle à l’accusation, l’enquête ou l’accès sans contrepartie démontrée ?","Institutions UE et Conseil de l’Europe, 2008–2026. Qatargate/Morocco, enquête Huawei 2025 et cas de « caviar diplomacy » comme familles séparées. Encoder procédure, accusations, preuves matérielles, défense, statut judiciaire et acte politique allégué. Pas de culpabilité par mise en examen, perquisition, nationalité ou proximité.",A023:199655095.la-defense-rongee-449-md-sans-munitions;A091:181572197.lindustrie-de-linfluence-enquete,DELIVERY_PASS_R3P1,NO,INV-136_RUN_HANDOFF.md,NONE — CLOSED; recheck Qatargate/Huawei only on material judicial/documentary evidence; route disclosure boundary to INV-145 and symmetry to INV-146.
INV-137,W6,Renseignement → exécutif → médias : la chaîne d’attribution anonyme comme dispositif d’influence,CLOSED,P1,PRIMARY,DEEPEN,PARTIAL,HIGH,,,,CORE_MISSION_GATE,"Comment une évaluation de renseignement ou un briefing non public devient-il une affirmation publique, puis une certitude médiatique et éventuellement une décision politique ; quelles parties de la chaîne sont vérifiables, corrigées ou impossibles à auditer ?","France/UE 2015–2026. Tracer incident → source de renseignement/évaluation → porte-parole/exécutif → médias → mesure politique → correction éventuelle. Comparer briefings nommés, anonymes et documents déclassifiés. Distinguer protection légitime des sources, information probabiliste, fuite stratégique et manipulation démontrée.",A004:210182384.lingerence-sans-mesure;A008:208733314.la-fabrique-de-la-menace-comment,DELIVERY_PASS_R3P1,NO,INV-137_RUN_HANDOFF.md,NONE — CLOSED; disclosure/confidence model available to INV-144/146; recheck Murayev/bounties/Nord Stream only on material declassification/judicial evidence.
INV-138,W2,"France comme puissance d’influence à l’étranger : diplomatie, AFD, médias internationaux, réseaux politiques, assistance électorale et renseignement",CLOSED,P1,PRIMARY,DEEPEN,PARTIAL,HIGH,,,,CORE_MISSION_RECLASSIFIED_2026-09-06_2212,"Quels mécanismes la France utilise-t-elle pour influencer des espaces politiques étrangers, lesquels sont transparents et consentis, lesquels sont coercitifs ou clandestins, et selon quels critères les qualifier sans employer un standard différent de celui appliqué aux puissances visant la France ?","2000–2026, échantillon de cas documentables. Diplomatie publique, AFD, France Médias Monde, coopération institutionnelle/électorale, réseaux politiques, sanctions/conditionnalité et opérations clandestines uniquement lorsque documentées. Ne pas appeler « ingérence » l’aide, le média international ou la diplomatie par nature ; classifier mécanisme, visibilité, consentement, légalité, coordination et effet.",A004:210182384.lingerence-sans-mesure;A091:181572197.lindustrie-de-linfluence-enquete,DELIVERY_PASS_R3P1,NO,INV-138_RUN_HANDOFF.md,NONE - CLOSED; France-as-sender controls available to INV-146; recheck only on material tasking/candidate/causal evidence.
INV-139,W3,"Union européenne comme puissance d’influence extérieure : société civile, observation électorale, partis, conditionnalité et sanctions",CLOSED,P1,PRIMARY,DEEPEN,PARTIAL,HIGH,,,,CORE_MISSION_GATE,"Comment l’UE cherche-t-elle explicitement à modifier institutions, normes, capacités civiques et processus électoraux hors UE, quels instruments financiers ou politiques sont employés, et où se situe la frontière entre coopération, promotion démocratique, conditionnalité, coercition et ingérence selon un standard symétrique ?","2000–2026. Missions d’observation électorale, assistance électorale, financements société civile/médias, diplomatie, conditionnalité commerciale/financière et sanctions. Prioriser bases juridiques, programmes, bénéficiaires et évaluations. Ne pas assimiler intervention ouverte/consentie à opération clandestine.",A024:199655040.leurope-piege-francais-12-contentieux;A091:181572197.lindustrie-de-linfluence-enquete,DELIVERY_PASS_R3P1,NO,INV-139_RECOVERY_HANDOFF.md,CLOSED — Library persistence recovered with bounded handoff; original final bytes unavailable; EU-as-sender symmetry delta usable by INV-146/133.
INV-140,W8,"Financement étranger indirect de l’espace électoral : ONG, médias, fondations, think tanks et campagnes thématiques hors partis",CLOSED,P1,PRIMARY,DEEPEN,PARTIAL,HIGH,,,,CORE_MISSION_RECLASSIFIED_2026-09-06_2354,"Quels financements étrangers légaux ou occultes peuvent agir sur une campagne sans financer directement un parti ou un candidat — médias, ONG, think tanks, sondages, contentieux, campagnes thématiques — et quelles traces permettent d’établir intention électorale, coordination, exposition et effet ?","France/Europe 2017–2027 avec comparateurs. Complément d’INV-094 : exclure le financement direct des partis/candidats. Inclure grants, prestations, médias, campagnes d’enjeu, recherche/sondage et organisations civiques lorsqu’un lien temporel/objectif électoral est documentable. Financement étranger seul ≠ commandement ni illégalité.",A004:210182384.lingerence-sans-mesure;A091:181572197.lindustrie-de-linfluence-enquete,DELIVERY_PASS_R3P1,NO,INV-140_RECOVERY_HANDOFF.md,CLOSED — Library persistence recovered from frozen terminal narrative; origin->vehicle->earmarking->tasking->effect control usable by INV-146/133.
INV-141,W10,"Spyware, surveillance et compromission de responsables politiques, journalistes et opposants comme levier d’influence",CLOSED,P1,PRIMARY,DEEPEN,PARTIAL,HIGH,,,,CORE_MISSION_V2_SELECTED_2026-09-08_POST_INV073-R1,"Quand la compromission numérique de responsables politiques, journalistes ou opposants fournit-elle seulement un accès clandestin à l’information, et quand peut-on documenter chantage, intimidation, changement de comportement, décision ou avantage politique ?","France/Europe 2015–2026 avec cas Pegasus/Predator et autres outils uniquement si la cible, l’opérateur/client et les traces techniques ou judiciaires sont suffisamment établis. Séparer capacité du logiciel, infection, attribution du client, données obtenues, usage ultérieur et effet. Ne pas inférer le commanditaire d’un fournisseur ou d’une infrastructure.",A071:186904003.larchitecture-de-la-censure-europeenne,DELIVERY_PASS_R3P1,NO,INV-141_RUN_HANDOFF.md,NONE — CLOSED; spyware compromise is an influence mechanism only when downstream use/behavior is separately evidenced; Poland closes compromise->exfiltration->media-use case-specifically; Koukakis closes behavior change; generalized blackmail/policy/electoral effect not established; recheck only on authenticated tasking/downstream causal evidence.
INV-142,W7,"Influence cachée par contenu sponsorisé : influenceurs payés, native advertising, faux médias, syndication et relais locaux",CLOSED,P1,PRIMARY,DEEPEN,PARTIAL,HIGH,,,,CORE_MISSION_V2_SELECTED_2026-09-08_POST_INV141-R1,"Comment des intérêts étatiques, politiques ou privés achètent-ils une apparence de parole indépendante via influenceurs, faux médias, publirédactionnel, syndication ou relais locaux, et quelles preuves permettent de relier financeur → intermédiaire → contenu → diffusion → audience/effet ?","France/Europe 2018–2026, avec comparateurs internationaux. Distinguer publicité déclarée, sponsoring imparfaitement signalé, prestataire opaque et campagne clandestine. Inclure contrats, bibliothèques publicitaires, disclosures, factures ou fuites lorsque disponibles. Ne pas inférer paiement à partir d’un message favorable.",A008:208733314.la-fabrique-de-la-menace-comment;A091:181572197.lindustrie-de-linfluence-enquete,DELIVERY_PASS_R3P1,NO,INV-142_RUN_HANDOFF.md,NONE — CLOSED; concealed paid-content/source-laundering mechanism verified through exposure case-specifically; ultimate principal and causal persuasion/electoral/policy effects remain bounded; recheck only on authenticated contracts/tasking or causal outcome evidence.
INV-143,W8,"Timing judiciaire et administratif en période électorale : enquêtes, fuites, inéligibilités, sanctions et « October surprises » institutionnelles",CLOSED,P1,PRIMARY,DEEPEN,PARTIAL,HIGH,,,,CORE_MISSION_RECLASSIFIED_2026-09-08_POST_INV099,"Dans quelles conditions l’ouverture, la publicité ou le calendrier d’une procédure judiciaire/administrative avant un scrutin modifie-t-il la compétition politique, et comment distinguer application normale du droit, fuite opportuniste, erreur de calendrier et instrumentalisation démontrée ?","France/Europe avec comparateurs 2015–2026. Complément d’INV-100 : ici le mécanisme est le timing avant scrutin, pas seulement l’annulation. Tracer autorité compétente, calendrier procédural normal, décisions, fuites/communication, couverture, effet mesuré et preuve éventuelle d’intention. Une décision défavorable à un candidat n’est pas en soi une ingérence.",A006:209222653.du-narratif-a-lingerence-le-seuil,DELIVERY_PASS_R3P1,NO,INV-143_RUN_HANDOFF.md,"NONE — CLOSED; institutional timing/publicity can materially affect electoral competition case-specifically; generalized partisan tasking and changed-election causal effect not established; recheck only on systematic timing-denominator, internal tasking or causal evidence."
INV-144,W6,"Économie politique de la lutte contre l’ingérence : menace, budgets, marchés, prestataires, métriques et incitations à l’expansion",CLOSED,P1,SYNTHESIS,SYNTHESIS,PARTIAL,HIGH,INV-044;INV-045;INV-071;INV-078;INV-079;INV-134,,,DEPENDENCIES_DONE,"Les dispositifs de lutte contre l’ingérence produisent-ils des incitations institutionnelles ou économiques à élargir la menace, et quelles boucles sont réellement documentées sans présumer coordination ou mauvaise foi ?","France/UE 2018–2027. Synthétiser budgets, effectifs, marchés, subventions, prestataires, métriques de succès/impact, pouvoirs acquis, mécanismes de contrôle, faux positifs/corrections et bénéficiaires. Tester au moins trois modèles : adaptation proportionnée à la menace ; expansion bureaucratique/industrielle ; combinaison des deux. Aucun budget croissant n’est une preuve de menace fabriquée.",A004:210182384.lingerence-sans-mesure;A001:212538645.qui-fact-checke-les-fact-checkers;A002:212051560.qui-fabrique-lautorite-du-vrai,NOT_RUN_BY_DESIGN,NO,INV-144_RUN_HANDOFF.md,NONE — CLOSED / SYNTHESIS_PASS; public/institutional counter-interference economy and expansion incentives established; deliberate/coordinated threat inflation not established; route bounded result to INV-133.
INV-145,W0,"Qui est un « agent étranger » ? FARA, dispositifs français et européens : mêmes mécanismes, qualifications et sanctions asymétriques",CLOSED,P1,PRIMARY,DEEPEN,PARTIAL,HIGH,,,,CORE_MISSION_RECLASSIFIED_2026-09-07_0157,"À comportement matériel comparable — financement, représentation d’intérêts, communication, conseil politique, campagne — quand le droit exige-t-il transparence, enregistrement ou sanction comme influence étrangère, et quelles différences de périmètre ou d’application existent entre États-Unis, France et UE ?","Cadres en vigueur 2018–2026 : FARA américain, registre français de l’influence étrangère/HATVP et mécanismes européens pertinents. Comparer définitions, exemptions, obligations, données publiques, sanctions et enforcement sur cas comparables. La différence de droit n’est pas automatiquement un double standard ; la conclusion doit venir de la comparaison.",A004:210182384.lingerence-sans-mesure;A006:209222653.du-narratif-a-lingerence-le-seuil,DELIVERY_PASS_R3P1,NO,INV-145_RUN_HANDOFF.md,CLOSED — legal-design asymmetry established; enforcement asymmetry not established; feed INV-146 when remaining dependencies close.
INV-146,W0,"Asymétrie alliés/adversaires : mêmes mécanismes, mêmes standards de preuve, mêmes mots ?",CLOSED,P1,SYNTHESIS,SYNTHESIS,PARTIAL,HIGH,INV-019;INV-022;INV-026;INV-033;INV-128;INV-134;INV-138;INV-139;INV-140;INV-145,,,DEPENDENCIES_DONE,"À mécanismes comparables, les influences provenant d’alliés, d’adversaires et d’acteurs domestiques sont-elles décrites, documentées et sanctionnées avec les mêmes catégories et seuils de preuve ?","Synthèse comparative France/UE. Construire des paires ou triplets isomorphes par mécanisme : financement, lobbying, média, faux comptes, prestataire clandestin, sanctions, promotion démocratique. Comparer seulement des objets suffisamment semblables en visibilité, légalité, relation au commanditaire, cible et effet. Ne pas conclure à l’asymétrie sur simple différence de pays ou de vocabulaire.",A004:210182384.lingerence-sans-mesure;A091:181572197.lindustrie-de-linfluence-enquete,NOT_RUN,NO,INV-146_RUN_HANDOFF.md,CLOSED — SYNTHESIS PASS; legal-design asymmetry established; systematic evidentiary/vocabulary/enforcement asymmetry not established; feed bounded result to INV-133.
INV-147,W0,"Double standard alliés/adversaires : corpus apparié de labels, seuils de preuve et conséquences institutionnelles",CLOSED,P1,PRIMARY,DEEPEN,PARTIAL,VERY_HIGH,INV-146,INV-146,,CORE_MISSION_V2_SELECTED_2026-09-10_POST_INV132-R1,"À mécanisme isomorphe et niveau de preuve comparable, les acteurs alliés, adversaires et domestiques reçoivent-ils des labels, seuils de preuve ou conséquences institutionnelles différents, et ces écarts subsistent-ils après contrôle des propriétés du mécanisme ?","France/UE principalement 2018–2026, avec FARA uniquement comme comparateur juridique/enforcement lorsque les dénominateurs sont comparables. Construire des paires ou triplets mécanisme-isomorphes avec champs acteur/camp, visibilité, consentement, tasking/contrôle, niveau de preuve public, label institutionnel/médiatique, procédure, conséquence et date. Prioriser documents officiels, registres, décisions, communiqués et corpus médiatiques reproductibles. Gardes : camp géopolitique != mécanisme ; vocabulaire != preuve ; différence juridique != biais d’enforcement ; comptage brut != taux sans dénominateur ; cas non appariés != double standard.",,DELIVERY_PASS_R3P1,NO,INV-147_RUN_HANDOFF.md,NONE - CLOSED; see RUN_HANDOFF.
