inv_id,source_name,source_layer,source_path,sha256,normalized_path,disposition
INV-022,2026-09-06_10-57_russie-operations-influence-france_RUN_STATE.json,expanded:DEMOCRACY_INFLUENCE_ALL_INVESTIGATIONS_2026-09-07.zip,/mnt/data/DEMOCRACY_INFLUENCE_MASTER_EVIDENCE_BUNDLE_2026-09-11/03_INVESTIGATIONS/02_EXPANDED_ARCHIVES/DEMOCRACY_INFLUENCE_ALL_INVESTIGATIONS_2026-09-07/__NESTED_EXPANDED__/DEMOCRACY_INFLUENCE_ALL_INVESTIGATIONS_2026-09-07__99_SOURCE_BUNDLES__INV-022_R3_CANONICAL_6_FILES/2026-09-06_10-57_russie-operations-influence-france_RUN_STATE.json,b639fb372d9599c675dbb4e2821fa3c6e66573be303f66297935db385e17662e,03_INVESTIGATIONS/03_NORMALIZED_BY_ID/INV-022/2026-09-06_10-57_russie-operations-influence-france_RUN_STATE.json,COPIED
INV-022,2026-09-06_10-57_russie-operations-influence-france_INPUT.txt,expanded:DEMOCRACY_INFLUENCE_ALL_INVESTIGATIONS_2026-09-07.zip,/mnt/data/DEMOCRACY_INFLUENCE_MASTER_EVIDENCE_BUNDLE_2026-09-11/03_INVESTIGATIONS/02_EXPANDED_ARCHIVES/DEMOCRACY_INFLUENCE_ALL_INVESTIGATIONS_2026-09-07/__NESTED_EXPANDED__/DEMOCRACY_INFLUENCE_ALL_INVESTIGATIONS_2026-09-07__99_SOURCE_BUNDLES__INV-022_R3_CANONICAL_6_FILES/2026-09-06_10-57_russie-operations-influence-france_INPUT.txt,b4582f7330c39e3a47f6aa7512bfb623ddea7e7e3dd046421e246631a29e05f4,03_INVESTIGATIONS/03_NORMALIZED_BY_ID/INV-022/2026-09-06_10-57_russie-operations-influence-france_INPUT.txt,COPIED
INV-022,2026-09-06_10-57_russie-operations-influence-france_NARRATIVE.tmp.md,expanded:DEMOCRACY_INFLUENCE_ALL_INVESTIGATIONS_2026-09-07.zip,/mnt/data/DEMOCRACY_INFLUENCE_MASTER_EVIDENCE_BUNDLE_2026-09-11/03_INVESTIGATIONS/02_EXPANDED_ARCHIVES/DEMOCRACY_INFLUENCE_ALL_INVESTIGATIONS_2026-09-07/__NESTED_EXPANDED__/DEMOCRACY_INFLUENCE_ALL_INVESTIGATIONS_2026-09-07__99_SOURCE_BUNDLES__INV-022_R3_CANONICAL_6_FILES/2026-09-06_10-57_russie-operations-influence-france_NARRATIVE.tmp.md,79295880570f35fce78ab687b34d0604c56cb8ace01d17cd9a8fcc666cf52766,03_INVESTIGATIONS/03_NORMALIZED_BY_ID/INV-022/2026-09-06_10-57_russie-operations-influence-france_NARRATIVE.tmp.md,COPIED
INV-022,2026-09-06_10-57_russie-operations-influence-france_CERTIFICATION.json,expanded:DEMOCRACY_INFLUENCE_ALL_INVESTIGATIONS_2026-09-07.zip,/mnt/data/DEMOCRACY_INFLUENCE_MASTER_EVIDENCE_BUNDLE_2026-09-11/03_INVESTIGATIONS/02_EXPANDED_ARCHIVES/DEMOCRACY_INFLUENCE_ALL_INVESTIGATIONS_2026-09-07/__NESTED_EXPANDED__/DEMOCRACY_INFLUENCE_ALL_INVESTIGATIONS_2026-09-07__99_SOURCE_BUNDLES__INV-022_R3_CANONICAL_6_FILES/2026-09-06_10-57_russie-operations-influence-france_CERTIFICATION.json,1849eb3855b4b4ee51ce00d865617942beb0cd8088154f7bf95d177589668df9,03_INVESTIGATIONS/03_NORMALIZED_BY_ID/INV-022/2026-09-06_10-57_russie-operations-influence-france_CERTIFICATION.json,COPIED
INV-022,2026-09-06_10-57_russie-operations-influence-france_MNEMO_SNAPSHOT.json,expanded:DEMOCRACY_INFLUENCE_ALL_INVESTIGATIONS_2026-09-07.zip,/mnt/data/DEMOCRACY_INFLUENCE_MASTER_EVIDENCE_BUNDLE_2026-09-11/03_INVESTIGATIONS/02_EXPANDED_ARCHIVES/DEMOCRACY_INFLUENCE_ALL_INVESTIGATIONS_2026-09-07/__NESTED_EXPANDED__/DEMOCRACY_INFLUENCE_ALL_INVESTIGATIONS_2026-09-07__99_SOURCE_BUNDLES__INV-022_R3_CANONICAL_6_FILES/2026-09-06_10-57_russie-operations-influence-france_MNEMO_SNAPSHOT.json,ccadef83af9d6f2dba278bf6f302984705f9a9f3eb9c1855e7299a8f7de8223e,03_INVESTIGATIONS/03_NORMALIZED_BY_ID/INV-022/2026-09-06_10-57_russie-operations-influence-france_MNEMO_SNAPSHOT.json,COPIED
INV-022,2026-09-06_10-57_russie-operations-influence-france_INVESTIGATION.md,expanded:DEMOCRACY_INFLUENCE_ALL_INVESTIGATIONS_2026-09-07.zip,/mnt/data/DEMOCRACY_INFLUENCE_MASTER_EVIDENCE_BUNDLE_2026-09-11/03_INVESTIGATIONS/02_EXPANDED_ARCHIVES/DEMOCRACY_INFLUENCE_ALL_INVESTIGATIONS_2026-09-07/__NESTED_EXPANDED__/DEMOCRACY_INFLUENCE_ALL_INVESTIGATIONS_2026-09-07__99_SOURCE_BUNDLES__INV-022_R3_CANONICAL_6_FILES/2026-09-06_10-57_russie-operations-influence-france_INVESTIGATION.md,a5d3c37a2dec09a07a0d2ec2ab00be4fd794b814729a1c749032cdab07ff806e,03_INVESTIGATIONS/03_NORMALIZED_BY_ID/INV-022/2026-09-06_10-57_russie-operations-influence-france_INVESTIGATION.md,COPIED
INV-054,INV-054_POST_RUN_REVIEW.md,expanded:DEMOCRACY_INFLUENCE_ALL_INVESTIGATIONS_2026-09-07.zip,/mnt/data/DEMOCRACY_INFLUENCE_MASTER_EVIDENCE_BUNDLE_2026-09-11/03_INVESTIGATIONS/02_EXPANDED_ARCHIVES/DEMOCRACY_INFLUENCE_ALL_INVESTIGATIONS_2026-09-07/__NESTED_EXPANDED__/DEMOCRACY_INFLUENCE_ALL_INVESTIGATIONS_2026-09-07__99_SOURCE_BUNDLES__INV-054_BUNDLE/INV-054_POST_RUN_REVIEW.md,77cb1075b7250f7196f87997c67bfe496468d1e0b488c9a3961f8af96b6e32e9,03_INVESTIGATIONS/03_NORMALIZED_BY_ID/INV-054/INV-054_POST_RUN_REVIEW.md,COPIED
INV-054,INV-054_DELIVERY_GATE.log,expanded:DEMOCRACY_INFLUENCE_ALL_INVESTIGATIONS_2026-09-07.zip,/mnt/data/DEMOCRACY_INFLUENCE_MASTER_EVIDENCE_BUNDLE_2026-09-11/03_INVESTIGATIONS/02_EXPANDED_ARCHIVES/DEMOCRACY_INFLUENCE_ALL_INVESTIGATIONS_2026-09-07/__NESTED_EXPANDED__/DEMOCRACY_INFLUENCE_ALL_INVESTIGATIONS_2026-09-07__99_SOURCE_BUNDLES__INV-054_BUNDLE/INV-054_DELIVERY_GATE.log,858640adaca67e824e696957d53766e461a2c4d58c54f206aaa5b20565f15029,03_INVESTIGATIONS/03_NORMALIZED_BY_ID/INV-054/INV-054_DELIVERY_GATE.log,COPIED
INV-054,INV-054_PRE_GATE.log,expanded:DEMOCRACY_INFLUENCE_ALL_INVESTIGATIONS_2026-09-07.zip,/mnt/data/DEMOCRACY_INFLUENCE_MASTER_EVIDENCE_BUNDLE_2026-09-11/03_INVESTIGATIONS/02_EXPANDED_ARCHIVES/DEMOCRACY_INFLUENCE_ALL_INVESTIGATIONS_2026-09-07/__NESTED_EXPANDED__/DEMOCRACY_INFLUENCE_ALL_INVESTIGATIONS_2026-09-07__99_SOURCE_BUNDLES__INV-054_BUNDLE/INV-054_PRE_GATE.log,eba55c8484a985b121ada134b418db0cc915f9a7f7ecc5a7c90a02a4ce1eb5d7,03_INVESTIGATIONS/03_NORMALIZED_BY_ID/INV-054/INV-054_PRE_GATE.log,COPIED
INV-054,INV-054_CERTIFICATION.json,expanded:DEMOCRACY_INFLUENCE_ALL_INVESTIGATIONS_2026-09-07.zip,/mnt/data/DEMOCRACY_INFLUENCE_MASTER_EVIDENCE_BUNDLE_2026-09-11/03_INVESTIGATIONS/02_EXPANDED_ARCHIVES/DEMOCRACY_INFLUENCE_ALL_INVESTIGATIONS_2026-09-07/__NESTED_EXPANDED__/DEMOCRACY_INFLUENCE_ALL_INVESTIGATIONS_2026-09-07__99_SOURCE_BUNDLES__INV-054_BUNDLE/INV-054_CERTIFICATION.json,858640adaca67e824e696957d53766e461a2c4d58c54f206aaa5b20565f15029,03_INVESTIGATIONS/03_NORMALIZED_BY_ID/INV-054/INV-054_DELIVERY_GATE.log,DUPLICATE_SHA
INV-054,INV-054_SHA256.txt,expanded:DEMOCRACY_INFLUENCE_ALL_INVESTIGATIONS_2026-09-07.zip,/mnt/data/DEMOCRACY_INFLUENCE_MASTER_EVIDENCE_BUNDLE_2026-09-11/03_INVESTIGATIONS/02_EXPANDED_ARCHIVES/DEMOCRACY_INFLUENCE_ALL_INVESTIGATIONS_2026-09-07/__NESTED_EXPANDED__/DEMOCRACY_INFLUENCE_ALL_INVESTIGATIONS_2026-09-07__99_SOURCE_BUNDLES__INV-054_BUNDLE/INV-054_SHA256.txt,bafcc8fa5b9fd5b0d7e3e8638d3971a05a61be4cdbbfcf43bf7dad8e19b1cb7a,03_INVESTIGATIONS/03_NORMALIZED_BY_ID/INV-054/INV-054_SHA256.txt,COPIED
INV-054,INV-054_MNEMO_SNAPSHOT.json,expanded:DEMOCRACY_INFLUENCE_ALL_INVESTIGATIONS_2026-09-07.zip,/mnt/data/DEMOCRACY_INFLUENCE_MASTER_EVIDENCE_BUNDLE_2026-09-11/03_INVESTIGATIONS/02_EXPANDED_ARCHIVES/DEMOCRACY_INFLUENCE_ALL_INVESTIGATIONS_2026-09-07/__NESTED_EXPANDED__/DEMOCRACY_INFLUENCE_ALL_INVESTIGATIONS_2026-09-07__99_SOURCE_BUNDLES__INV-054_BUNDLE/INV-054_MNEMO_SNAPSHOT.json,f49fdbb27d474e08b5fb37b8eb38e9785bd6061b2c3c24c375b1c27b8057dec8,03_INVESTIGATIONS/03_NORMALIZED_BY_ID/INV-054/INV-054_MNEMO_SNAPSHOT.json,COPIED
INV-054,INV-054_RUN_CARD.md,expanded:DEMOCRACY_INFLUENCE_ALL_INVESTIGATIONS_2026-09-07.zip,/mnt/data/DEMOCRACY_INFLUENCE_MASTER_EVIDENCE_BUNDLE_2026-09-11/03_INVESTIGATIONS/02_EXPANDED_ARCHIVES/DEMOCRACY_INFLUENCE_ALL_INVESTIGATIONS_2026-09-07/__NESTED_EXPANDED__/DEMOCRACY_INFLUENCE_ALL_INVESTIGATIONS_2026-09-07__99_SOURCE_BUNDLES__INV-054_BUNDLE/INV-054_RUN_CARD.md,2a84951fb76acfe49c5a8202261a275b1927f327aece61a05a97a13c2dd66ec7,03_INVESTIGATIONS/03_NORMALIZED_BY_ID/INV-054/INV-054_RUN_CARD.md,COPIED
INV-054,INV-054_NARRATIVE.tmp.md,expanded:DEMOCRACY_INFLUENCE_ALL_INVESTIGATIONS_2026-09-07.zip,/mnt/data/DEMOCRACY_INFLUENCE_MASTER_EVIDENCE_BUNDLE_2026-09-11/03_INVESTIGATIONS/02_EXPANDED_ARCHIVES/DEMOCRACY_INFLUENCE_ALL_INVESTIGATIONS_2026-09-07/__NESTED_EXPANDED__/DEMOCRACY_INFLUENCE_ALL_INVESTIGATIONS_2026-09-07__99_SOURCE_BUNDLES__INV-054_BUNDLE/INV-054_NARRATIVE.tmp.md,b59909d11998c9b458cdba76d3a59607c358bb0dea4084be032e38a39012ff3b,03_INVESTIGATIONS/03_NORMALIZED_BY_ID/INV-054/INV-054_NARRATIVE.tmp.md,COPIED
INV-054,INV-054_RUN_STATE.json,expanded:DEMOCRACY_INFLUENCE_ALL_INVESTIGATIONS_2026-09-07.zip,/mnt/data/DEMOCRACY_INFLUENCE_MASTER_EVIDENCE_BUNDLE_2026-09-11/03_INVESTIGATIONS/02_EXPANDED_ARCHIVES/DEMOCRACY_INFLUENCE_ALL_INVESTIGATIONS_2026-09-07/__NESTED_EXPANDED__/DEMOCRACY_INFLUENCE_ALL_INVESTIGATIONS_2026-09-07__99_SOURCE_BUNDLES__INV-054_BUNDLE/INV-054_RUN_STATE.json,6d95ed621bc4e8fb48e80a7957e621957ed181ec0eab796963ecd16112efd7e5,03_INVESTIGATIONS/03_NORMALIZED_BY_ID/INV-054/INV-054_RUN_STATE.json,COPIED
INV-054,INV-054_RUN_HANDOFF.md,expanded:DEMOCRACY_INFLUENCE_ALL_INVESTIGATIONS_2026-09-07.zip,/mnt/data/DEMOCRACY_INFLUENCE_MASTER_EVIDENCE_BUNDLE_2026-09-11/03_INVESTIGATIONS/02_EXPANDED_ARCHIVES/DEMOCRACY_INFLUENCE_ALL_INVESTIGATIONS_2026-09-07/__NESTED_EXPANDED__/DEMOCRACY_INFLUENCE_ALL_INVESTIGATIONS_2026-09-07__99_SOURCE_BUNDLES__INV-054_BUNDLE/INV-054_RUN_HANDOFF.md,64c37752d4c1dd713f6143766d652b8c6fe39981e603fcc2854d9cb71d574c1a,03_INVESTIGATIONS/03_NORMALIZED_BY_ID/INV-054/INV-054_RUN_HANDOFF.md,COPIED
INV-054,INV-054_INVESTIGATION.md,expanded:DEMOCRACY_INFLUENCE_ALL_INVESTIGATIONS_2026-09-07.zip,/mnt/data/DEMOCRACY_INFLUENCE_MASTER_EVIDENCE_BUNDLE_2026-09-11/03_INVESTIGATIONS/02_EXPANDED_ARCHIVES/DEMOCRACY_INFLUENCE_ALL_INVESTIGATIONS_2026-09-07/__NESTED_EXPANDED__/DEMOCRACY_INFLUENCE_ALL_INVESTIGATIONS_2026-09-07__99_SOURCE_BUNDLES__INV-054_BUNDLE/INV-054_INVESTIGATION.md,9b02a7b42d2289c9ea2e2b0d47481f091a4bccc35118d0448f9620ab8b409c03,03_INVESTIGATIONS/03_NORMALIZED_BY_ID/INV-054/INV-054_INVESTIGATION.md,COPIED
INV-054,INV-054_INPUT.txt,expanded:DEMOCRACY_INFLUENCE_ALL_INVESTIGATIONS_2026-09-07.zip,/mnt/data/DEMOCRACY_INFLUENCE_MASTER_EVIDENCE_BUNDLE_2026-09-11/03_INVESTIGATIONS/02_EXPANDED_ARCHIVES/DEMOCRACY_INFLUENCE_ALL_INVESTIGATIONS_2026-09-07/__NESTED_EXPANDED__/DEMOCRACY_INFLUENCE_ALL_INVESTIGATIONS_2026-09-07__99_SOURCE_BUNDLES__INV-054_BUNDLE/INV-054_INPUT.txt,2a84951fb76acfe49c5a8202261a275b1927f327aece61a05a97a13c2dd66ec7,03_INVESTIGATIONS/03_NORMALIZED_BY_ID/INV-054/INV-054_RUN_CARD.md,DUPLICATE_SHA
INV-044,INV-044_RUN_STATE.json,expanded:DEMOCRACY_INFLUENCE_ALL_INVESTIGATIONS_2026-09-07.zip,/mnt/data/DEMOCRACY_INFLUENCE_MASTER_EVIDENCE_BUNDLE_2026-09-11/03_INVESTIGATIONS/02_EXPANDED_ARCHIVES/DEMOCRACY_INFLUENCE_ALL_INVESTIGATIONS_2026-09-07/__NESTED_EXPANDED__/DEMOCRACY_INFLUENCE_ALL_INVESTIGATIONS_2026-09-07__99_SOURCE_BUNDLES__INV-044_BUNDLE/INV-044_RUN_STATE.json,3ba2778c9a505eaa032930652c2ea22e38112348ba78bab6f9b301bbc7fcd5d4,03_INVESTIGATIONS/03_NORMALIZED_BY_ID/INV-044/INV-044_RUN_STATE.json,COPIED
INV-044,INV-044_MNEMO_SNAPSHOT.json,expanded:DEMOCRACY_INFLUENCE_ALL_INVESTIGATIONS_2026-09-07.zip,/mnt/data/DEMOCRACY_INFLUENCE_MASTER_EVIDENCE_BUNDLE_2026-09-11/03_INVESTIGATIONS/02_EXPANDED_ARCHIVES/DEMOCRACY_INFLUENCE_ALL_INVESTIGATIONS_2026-09-07/__NESTED_EXPANDED__/DEMOCRACY_INFLUENCE_ALL_INVESTIGATIONS_2026-09-07__99_SOURCE_BUNDLES__INV-044_BUNDLE/INV-044_MNEMO_SNAPSHOT.json,353fdeef4d33a325aa4b27fab05f504f5f6004a09889f9406c141c1c6e0360f2,03_INVESTIGATIONS/03_NORMALIZED_BY_ID/INV-044/INV-044_MNEMO_SNAPSHOT.json,COPIED
INV-044,INV-044_NARRATIVE.tmp.md,expanded:DEMOCRACY_INFLUENCE_ALL_INVESTIGATIONS_2026-09-07.zip,/mnt/data/DEMOCRACY_INFLUENCE_MASTER_EVIDENCE_BUNDLE_2026-09-11/03_INVESTIGATIONS/02_EXPANDED_ARCHIVES/DEMOCRACY_INFLUENCE_ALL_INVESTIGATIONS_2026-09-07/__NESTED_EXPANDED__/DEMOCRACY_INFLUENCE_ALL_INVESTIGATIONS_2026-09-07__99_SOURCE_BUNDLES__INV-044_BUNDLE/INV-044_NARRATIVE.tmp.md,7a408911092b00479bc4a9ab5ddf8dfd913b45df4867b8e2cafe6378e5aae57a,03_INVESTIGATIONS/03_NORMALIZED_BY_ID/INV-044/INV-044_NARRATIVE.tmp.md,COPIED
INV-044,INV-044_POST_RUN_REVIEW.md,expanded:DEMOCRACY_INFLUENCE_ALL_INVESTIGATIONS_2026-09-07.zip,/mnt/data/DEMOCRACY_INFLUENCE_MASTER_EVIDENCE_BUNDLE_2026-09-11/03_INVESTIGATIONS/02_EXPANDED_ARCHIVES/DEMOCRACY_INFLUENCE_ALL_INVESTIGATIONS_2026-09-07/__NESTED_EXPANDED__/DEMOCRACY_INFLUENCE_ALL_INVESTIGATIONS_2026-09-07__99_SOURCE_BUNDLES__INV-044_BUNDLE/INV-044_POST_RUN_REVIEW.md,d96500b470abb66659a864112fff49b91117e3f285c79856548a566fe0ac5437,03_INVESTIGATIONS/03_NORMALIZED_BY_ID/INV-044/INV-044_POST_RUN_REVIEW.md,COPIED
INV-044,INV-044_INPUT.txt,expanded:DEMOCRACY_INFLUENCE_ALL_INVESTIGATIONS_2026-09-07.zip,/mnt/data/DEMOCRACY_INFLUENCE_MASTER_EVIDENCE_BUNDLE_2026-09-11/03_INVESTIGATIONS/02_EXPANDED_ARCHIVES/DEMOCRACY_INFLUENCE_ALL_INVESTIGATIONS_2026-09-07/__NESTED_EXPANDED__/DEMOCRACY_INFLUENCE_ALL_INVESTIGATIONS_2026-09-07__99_SOURCE_BUNDLES__INV-044_BUNDLE/INV-044_INPUT.txt,e93f3c9bdbfcf70fc104c67a3688dc676401806accac9b4ed44a1a2b09760a33,03_INVESTIGATIONS/03_NORMALIZED_BY_ID/INV-044/INV-044_INPUT.txt,COPIED
INV-044,INV-044_CERTIFICATION.json,expanded:DEMOCRACY_INFLUENCE_ALL_INVESTIGATIONS_2026-09-07.zip,/mnt/data/DEMOCRACY_INFLUENCE_MASTER_EVIDENCE_BUNDLE_2026-09-11/03_INVESTIGATIONS/02_EXPANDED_ARCHIVES/DEMOCRACY_INFLUENCE_ALL_INVESTIGATIONS_2026-09-07/__NESTED_EXPANDED__/DEMOCRACY_INFLUENCE_ALL_INVESTIGATIONS_2026-09-07__99_SOURCE_BUNDLES__INV-044_BUNDLE/INV-044_CERTIFICATION.json,07c3a634469b838828334965b5eaaed67aade0c3f7364f6a6b12258810b4bf1b,03_INVESTIGATIONS/03_NORMALIZED_BY_ID/INV-044/INV-044_CERTIFICATION.json,COPIED
INV-044,INV-044_DELIVERY_GATE.json,expanded:DEMOCRACY_INFLUENCE_ALL_INVESTIGATIONS_2026-09-07.zip,/mnt/data/DEMOCRACY_INFLUENCE_MASTER_EVIDENCE_BUNDLE_2026-09-11/03_INVESTIGATIONS/02_EXPANDED_ARCHIVES/DEMOCRACY_INFLUENCE_ALL_INVESTIGATIONS_2026-09-07/__NESTED_EXPANDED__/DEMOCRACY_INFLUENCE_ALL_INVESTIGATIONS_2026-09-07__99_SOURCE_BUNDLES__INV-044_BUNDLE/INV-044_DELIVERY_GATE.json,07c3a634469b838828334965b5eaaed67aade0c3f7364f6a6b12258810b4bf1b,03_INVESTIGATIONS/03_NORMALIZED_BY_ID/INV-044/INV-044_CERTIFICATION.json,DUPLICATE_SHA
INV-044,INV-044_SHA256.txt,expanded:DEMOCRACY_INFLUENCE_ALL_INVESTIGATIONS_2026-09-07.zip,/mnt/data/DEMOCRACY_INFLUENCE_MASTER_EVIDENCE_BUNDLE_2026-09-11/03_INVESTIGATIONS/02_EXPANDED_ARCHIVES/DEMOCRACY_INFLUENCE_ALL_INVESTIGATIONS_2026-09-07/__NESTED_EXPANDED__/DEMOCRACY_INFLUENCE_ALL_INVESTIGATIONS_2026-09-07__99_SOURCE_BUNDLES__INV-044_BUNDLE/INV-044_SHA256.txt,002ac8c26cfe9a181e388d64f4dabc4e19cbfd12fc801626ccbcf635735d06ae,03_INVESTIGATIONS/03_NORMALIZED_BY_ID/INV-044/INV-044_SHA256.txt,COPIED
INV-044,INV-044_INVESTIGATION.md,expanded:DEMOCRACY_INFLUENCE_ALL_INVESTIGATIONS_2026-09-07.zip,/mnt/data/DEMOCRACY_INFLUENCE_MASTER_EVIDENCE_BUNDLE_2026-09-11/03_INVESTIGATIONS/02_EXPANDED_ARCHIVES/DEMOCRACY_INFLUENCE_ALL_INVESTIGATIONS_2026-09-07/__NESTED_EXPANDED__/DEMOCRACY_INFLUENCE_ALL_INVESTIGATIONS_2026-09-07__99_SOURCE_BUNDLES__INV-044_BUNDLE/INV-044_INVESTIGATION.md,5b8a802a0d20c786ff174fa2906daf769884837c8ba88a6e0b64bb3275fc34af,03_INVESTIGATIONS/03_NORMALIZED_BY_ID/INV-044/INV-044_INVESTIGATION.md,COPIED
INV-044,INV-044_PRE_GATE.json,expanded:DEMOCRACY_INFLUENCE_ALL_INVESTIGATIONS_2026-09-07.zip,/mnt/data/DEMOCRACY_INFLUENCE_MASTER_EVIDENCE_BUNDLE_2026-09-11/03_INVESTIGATIONS/02_EXPANDED_ARCHIVES/DEMOCRACY_INFLUENCE_ALL_INVESTIGATIONS_2026-09-07/__NESTED_EXPANDED__/DEMOCRACY_INFLUENCE_ALL_INVESTIGATIONS_2026-09-07__99_SOURCE_BUNDLES__INV-044_BUNDLE/INV-044_PRE_GATE.json,a85bc29c6b2197ca61a339d079a7e91064b298dcfab2c7d7f6a921e425648e8e,03_INVESTIGATIONS/03_NORMALIZED_BY_ID/INV-044/INV-044_PRE_GATE.json,COPIED
INV-044,INV-044_RUN_CARD.md,expanded:DEMOCRACY_INFLUENCE_ALL_INVESTIGATIONS_2026-09-07.zip,/mnt/data/DEMOCRACY_INFLUENCE_MASTER_EVIDENCE_BUNDLE_2026-09-11/03_INVESTIGATIONS/02_EXPANDED_ARCHIVES/DEMOCRACY_INFLUENCE_ALL_INVESTIGATIONS_2026-09-07/__NESTED_EXPANDED__/DEMOCRACY_INFLUENCE_ALL_INVESTIGATIONS_2026-09-07__99_SOURCE_BUNDLES__INV-044_BUNDLE/INV-044_RUN_CARD.md,e93f3c9bdbfcf70fc104c67a3688dc676401806accac9b4ed44a1a2b09760a33,03_INVESTIGATIONS/03_NORMALIZED_BY_ID/INV-044/INV-044_INPUT.txt,DUPLICATE_SHA
INV-044,INV-044_RUN_HANDOFF.md,expanded:DEMOCRACY_INFLUENCE_ALL_INVESTIGATIONS_2026-09-07.zip,/mnt/data/DEMOCRACY_INFLUENCE_MASTER_EVIDENCE_BUNDLE_2026-09-11/03_INVESTIGATIONS/02_EXPANDED_ARCHIVES/DEMOCRACY_INFLUENCE_ALL_INVESTIGATIONS_2026-09-07/__NESTED_EXPANDED__/DEMOCRACY_INFLUENCE_ALL_INVESTIGATIONS_2026-09-07__99_SOURCE_BUNDLES__INV-044_BUNDLE/INV-044_RUN_HANDOFF.md,e3c7258c52842e0cd0a4b425c1ea35ecd0ea452653b75c341ba205aacf4d761f,03_INVESTIGATIONS/03_NORMALIZED_BY_ID/INV-044/INV-044_RUN_HANDOFF.md,COPIED
INV-138,INV-138_SHA256.txt,expanded:DEMOCRACY_INFLUENCE_ALL_INVESTIGATIONS_2026-09-07.zip,/mnt/data/DEMOCRACY_INFLUENCE_MASTER_EVIDENCE_BUNDLE_2026-09-11/03_INVESTIGATIONS/02_EXPANDED_ARCHIVES/DEMOCRACY_INFLUENCE_ALL_INVESTIGATIONS_2026-09-07/__NESTED_EXPANDED__/DEMOCRACY_INFLUENCE_ALL_INVESTIGATIONS_2026-09-07__99_SOURCE_BUNDLES__INV-138_CANONICAL_ASSEMBLED/INV-138_SHA256.txt,0d21ad6105e1dfba61a7e990dcbcc568a317e7fb01f45c8e679ae765a76fdd97,03_INVESTIGATIONS/03_NORMALIZED_BY_ID/INV-138/INV-138_SHA256.txt,COPIED
INV-138,INV-138_CERTIFICATION.json,expanded:DEMOCRACY_INFLUENCE_ALL_INVESTIGATIONS_2026-09-07.zip,/mnt/data/DEMOCRACY_INFLUENCE_MASTER_EVIDENCE_BUNDLE_2026-09-11/03_INVESTIGATIONS/02_EXPANDED_ARCHIVES/DEMOCRACY_INFLUENCE_ALL_INVESTIGATIONS_2026-09-07/__NESTED_EXPANDED__/DEMOCRACY_INFLUENCE_ALL_INVESTIGATIONS_2026-09-07__99_SOURCE_BUNDLES__INV-138_CANONICAL_ASSEMBLED/INV-138_CERTIFICATION.json,408f61f103cf319efda30439626f86a038a3b54608496a522b46607a97ee53cc,03_INVESTIGATIONS/03_NORMALIZED_BY_ID/INV-138/INV-138_CERTIFICATION.json,COPIED
INV-138,INV-138_MNEMO_SNAPSHOT.json,expanded:DEMOCRACY_INFLUENCE_ALL_INVESTIGATIONS_2026-09-07.zip,/mnt/data/DEMOCRACY_INFLUENCE_MASTER_EVIDENCE_BUNDLE_2026-09-11/03_INVESTIGATIONS/02_EXPANDED_ARCHIVES/DEMOCRACY_INFLUENCE_ALL_INVESTIGATIONS_2026-09-07/__NESTED_EXPANDED__/DEMOCRACY_INFLUENCE_ALL_INVESTIGATIONS_2026-09-07__99_SOURCE_BUNDLES__INV-138_CANONICAL_ASSEMBLED/INV-138_MNEMO_SNAPSHOT.json,6f92ae672014397387c9c89f68cc838224f61e455c59e6130127a0f2400d934b,03_INVESTIGATIONS/03_NORMALIZED_BY_ID/INV-138/INV-138_MNEMO_SNAPSHOT.json,COPIED
INV-138,INV-138_RUN_STATE.json,expanded:DEMOCRACY_INFLUENCE_ALL_INVESTIGATIONS_2026-09-07.zip,/mnt/data/DEMOCRACY_INFLUENCE_MASTER_EVIDENCE_BUNDLE_2026-09-11/03_INVESTIGATIONS/02_EXPANDED_ARCHIVES/DEMOCRACY_INFLUENCE_ALL_INVESTIGATIONS_2026-09-07/__NESTED_EXPANDED__/DEMOCRACY_INFLUENCE_ALL_INVESTIGATIONS_2026-09-07__99_SOURCE_BUNDLES__INV-138_CANONICAL_ASSEMBLED/INV-138_RUN_STATE.json,fdf03f019a5e7498da9e59bfb8ab3c9eab6fe88b383563a61f6636dcb1f6b413,03_INVESTIGATIONS/03_NORMALIZED_BY_ID/INV-138/INV-138_RUN_STATE.json,COPIED
INV-138,INV-138_RUN_CARD.md,expanded:DEMOCRACY_INFLUENCE_ALL_INVESTIGATIONS_2026-09-07.zip,/mnt/data/DEMOCRACY_INFLUENCE_MASTER_EVIDENCE_BUNDLE_2026-09-11/03_INVESTIGATIONS/02_EXPANDED_ARCHIVES/DEMOCRACY_INFLUENCE_ALL_INVESTIGATIONS_2026-09-07/__NESTED_EXPANDED__/DEMOCRACY_INFLUENCE_ALL_INVESTIGATIONS_2026-09-07__99_SOURCE_BUNDLES__INV-138_CANONICAL_ASSEMBLED/INV-138_RUN_CARD.md,12d28e0dcfe9e054848adcedd88cb5073bc28a38297b68e9616dc5c30dc0dc0b,03_INVESTIGATIONS/03_NORMALIZED_BY_ID/INV-138/INV-138_RUN_CARD.md,COPIED
INV-138,INV-138_INPUT.md,expanded:DEMOCRACY_INFLUENCE_ALL_INVESTIGATIONS_2026-09-07.zip,/mnt/data/DEMOCRACY_INFLUENCE_MASTER_EVIDENCE_BUNDLE_2026-09-11/03_INVESTIGATIONS/02_EXPANDED_ARCHIVES/DEMOCRACY_INFLUENCE_ALL_INVESTIGATIONS_2026-09-07/__NESTED_EXPANDED__/DEMOCRACY_INFLUENCE_ALL_INVESTIGATIONS_2026-09-07__99_SOURCE_BUNDLES__INV-138_CANONICAL_ASSEMBLED/INV-138_INPUT.md,12d28e0dcfe9e054848adcedd88cb5073bc28a38297b68e9616dc5c30dc0dc0b,03_INVESTIGATIONS/03_NORMALIZED_BY_ID/INV-138/INV-138_RUN_CARD.md,DUPLICATE_SHA
INV-138,INV-138_RUN_HANDOFF.md,expanded:DEMOCRACY_INFLUENCE_ALL_INVESTIGATIONS_2026-09-07.zip,/mnt/data/DEMOCRACY_INFLUENCE_MASTER_EVIDENCE_BUNDLE_2026-09-11/03_INVESTIGATIONS/02_EXPANDED_ARCHIVES/DEMOCRACY_INFLUENCE_ALL_INVESTIGATIONS_2026-09-07/__NESTED_EXPANDED__/DEMOCRACY_INFLUENCE_ALL_INVESTIGATIONS_2026-09-07__99_SOURCE_BUNDLES__INV-138_CANONICAL_ASSEMBLED/INV-138_RUN_HANDOFF.md,33cf00cd572c2109187d853d87848aa22c0d81371fdbfcc089e3a085d8551845,03_INVESTIGATIONS/03_NORMALIZED_BY_ID/INV-138/INV-138_RUN_HANDOFF.md,COPIED
INV-138,INV-138_POST_RUN_REVIEW.md,expanded:DEMOCRACY_INFLUENCE_ALL_INVESTIGATIONS_2026-09-07.zip,/mnt/data/DEMOCRACY_INFLUENCE_MASTER_EVIDENCE_BUNDLE_2026-09-11/03_INVESTIGATIONS/02_EXPANDED_ARCHIVES/DEMOCRACY_INFLUENCE_ALL_INVESTIGATIONS_2026-09-07/__NESTED_EXPANDED__/DEMOCRACY_INFLUENCE_ALL_INVESTIGATIONS_2026-09-07__99_SOURCE_BUNDLES__INV-138_CANONICAL_ASSEMBLED/INV-138_POST_RUN_REVIEW.md,4e5549ce441526a55a66d3edd5e9fffd5cb5f3a967014c16d05f82f86414f85b,03_INVESTIGATIONS/03_NORMALIZED_BY_ID/INV-138/INV-138_POST_RUN_REVIEW.md,COPIED
INV-138,INV-138_NARRATIVE.tmp.md,expanded:DEMOCRACY_INFLUENCE_ALL_INVESTIGATIONS_2026-09-07.zip,/mnt/data/DEMOCRACY_INFLUENCE_MASTER_EVIDENCE_BUNDLE_2026-09-11/03_INVESTIGATIONS/02_EXPANDED_ARCHIVES/DEMOCRACY_INFLUENCE_ALL_INVESTIGATIONS_2026-09-07/__NESTED_EXPANDED__/DEMOCRACY_INFLUENCE_ALL_INVESTIGATIONS_2026-09-07__99_SOURCE_BUNDLES__INV-138_CANONICAL_ASSEMBLED/INV-138_NARRATIVE.tmp.md,bbd21ab2ed3ab616e43c6677d2320de2e3f5223c6090ff333da783f1ac6e4352,03_INVESTIGATIONS/03_NORMALIZED_BY_ID/INV-138/INV-138_NARRATIVE.tmp.md,COPIED
INV-138,INV-138_INVESTIGATION.md,expanded:DEMOCRACY_INFLUENCE_ALL_INVESTIGATIONS_2026-09-07.zip,/mnt/data/DEMOCRACY_INFLUENCE_MASTER_EVIDENCE_BUNDLE_2026-09-11/03_INVESTIGATIONS/02_EXPANDED_ARCHIVES/DEMOCRACY_INFLUENCE_ALL_INVESTIGATIONS_2026-09-07/__NESTED_EXPANDED__/DEMOCRACY_INFLUENCE_ALL_INVESTIGATIONS_2026-09-07__99_SOURCE_BUNDLES__INV-138_CANONICAL_ASSEMBLED/INV-138_INVESTIGATION.md,54cc64ec22dff754b445b41bb921b9dd7b90c1397c4938a891f79675e050d823,03_INVESTIGATIONS/03_NORMALIZED_BY_ID/INV-138/INV-138_INVESTIGATION.md,COPIED
INV-023,2026-09-06_12-58_russie-financement-partis-europe_RUN_STATE.json,expanded:DEMOCRACY_INFLUENCE_ALL_INVESTIGATIONS_2026-09-07.zip,/mnt/data/DEMOCRACY_INFLUENCE_MASTER_EVIDENCE_BUNDLE_2026-09-11/03_INVESTIGATIONS/02_EXPANDED_ARCHIVES/DEMOCRACY_INFLUENCE_ALL_INVESTIGATIONS_2026-09-07/__NESTED_EXPANDED__/DEMOCRACY_INFLUENCE_ALL_INVESTIGATIONS_2026-09-07__99_SOURCE_BUNDLES__INV-023_R3P1_CANONICAL_6_FILES/2026-09-06_12-58_russie-financement-partis-europe_RUN_STATE.json,8f530c4e5074a73da50feb0b26b98d97567f42baa814df69939a18d47c6302e7,03_INVESTIGATIONS/03_NORMALIZED_BY_ID/INV-023/2026-09-06_12-58_russie-financement-partis-europe_RUN_STATE.json,COPIED
INV-023,2026-09-06_12-58_russie-financement-partis-europe_CERTIFICATION.json,expanded:DEMOCRACY_INFLUENCE_ALL_INVESTIGATIONS_2026-09-07.zip,/mnt/data/DEMOCRACY_INFLUENCE_MASTER_EVIDENCE_BUNDLE_2026-09-11/03_INVESTIGATIONS/02_EXPANDED_ARCHIVES/DEMOCRACY_INFLUENCE_ALL_INVESTIGATIONS_2026-09-07/__NESTED_EXPANDED__/DEMOCRACY_INFLUENCE_ALL_INVESTIGATIONS_2026-09-07__99_SOURCE_BUNDLES__INV-023_R3P1_CANONICAL_6_FILES/2026-09-06_12-58_russie-financement-partis-europe_CERTIFICATION.json,0c9610b02a2b37b0fba565084f4da89e09d62ae49173a4c2a92f98d419f2c25a,03_INVESTIGATIONS/03_NORMALIZED_BY_ID/INV-023/2026-09-06_12-58_russie-financement-partis-europe_CERTIFICATION.json,COPIED
INV-023,2026-09-06_12-58_russie-financement-partis-europe_INVESTIGATION.md,expanded:DEMOCRACY_INFLUENCE_ALL_INVESTIGATIONS_2026-09-07.zip,/mnt/data/DEMOCRACY_INFLUENCE_MASTER_EVIDENCE_BUNDLE_2026-09-11/03_INVESTIGATIONS/02_EXPANDED_ARCHIVES/DEMOCRACY_INFLUENCE_ALL_INVESTIGATIONS_2026-09-07/__NESTED_EXPANDED__/DEMOCRACY_INFLUENCE_ALL_INVESTIGATIONS_2026-09-07__99_SOURCE_BUNDLES__INV-023_R3P1_CANONICAL_6_FILES/2026-09-06_12-58_russie-financement-partis-europe_INVESTIGATION.md,d0d9a8e5fb4c1fcc6dcdb3002b2cba5854b7704d4075a5e3d148df670909863c,03_INVESTIGATIONS/03_NORMALIZED_BY_ID/INV-023/2026-09-06_12-58_russie-financement-partis-europe_INVESTIGATION.md,COPIED
INV-023,2026-09-06_12-58_russie-financement-partis-europe_NARRATIVE.tmp.md,expanded:DEMOCRACY_INFLUENCE_ALL_INVESTIGATIONS_2026-09-07.zip,/mnt/data/DEMOCRACY_INFLUENCE_MASTER_EVIDENCE_BUNDLE_2026-09-11/03_INVESTIGATIONS/02_EXPANDED_ARCHIVES/DEMOCRACY_INFLUENCE_ALL_INVESTIGATIONS_2026-09-07/__NESTED_EXPANDED__/DEMOCRACY_INFLUENCE_ALL_INVESTIGATIONS_2026-09-07__99_SOURCE_BUNDLES__INV-023_R3P1_CANONICAL_6_FILES/2026-09-06_12-58_russie-financement-partis-europe_NARRATIVE.tmp.md,2d50f55437910fe87a57d54d6b3d27e389b47486e83406ed0ec22837e489a41d,03_INVESTIGATIONS/03_NORMALIZED_BY_ID/INV-023/2026-09-06_12-58_russie-financement-partis-europe_NARRATIVE.tmp.md,COPIED
INV-023,2026-09-06_12-58_russie-financement-partis-europe_MNEMO_SNAPSHOT.json,expanded:DEMOCRACY_INFLUENCE_ALL_INVESTIGATIONS_2026-09-07.zip,/mnt/data/DEMOCRACY_INFLUENCE_MASTER_EVIDENCE_BUNDLE_2026-09-11/03_INVESTIGATIONS/02_EXPANDED_ARCHIVES/DEMOCRACY_INFLUENCE_ALL_INVESTIGATIONS_2026-09-07/__NESTED_EXPANDED__/DEMOCRACY_INFLUENCE_ALL_INVESTIGATIONS_2026-09-07__99_SOURCE_BUNDLES__INV-023_R3P1_CANONICAL_6_FILES/2026-09-06_12-58_russie-financement-partis-europe_MNEMO_SNAPSHOT.json,4f2aaa0176df698d1240f3b25e36e301c6307d30246ed0efaeabd1c84cb8af69,03_INVESTIGATIONS/03_NORMALIZED_BY_ID/INV-023/2026-09-06_12-58_russie-financement-partis-europe_MNEMO_SNAPSHOT.json,COPIED
INV-023,2026-09-06_12-58_russie-financement-partis-europe_INPUT.txt,expanded:DEMOCRACY_INFLUENCE_ALL_INVESTIGATIONS_2026-09-07.zip,/mnt/data/DEMOCRACY_INFLUENCE_MASTER_EVIDENCE_BUNDLE_2026-09-11/03_INVESTIGATIONS/02_EXPANDED_ARCHIVES/DEMOCRACY_INFLUENCE_ALL_INVESTIGATIONS_2026-09-07/__NESTED_EXPANDED__/DEMOCRACY_INFLUENCE_ALL_INVESTIGATIONS_2026-09-07__99_SOURCE_BUNDLES__INV-023_R3P1_CANONICAL_6_FILES/2026-09-06_12-58_russie-financement-partis-europe_INPUT.txt,7a5e16f441442076c1b9d3a2d002c9089e784dea7c71969158a5353d195d829b,03_INVESTIGATIONS/03_NORMALIZED_BY_ID/INV-023/2026-09-06_12-58_russie-financement-partis-europe_INPUT.txt,COPIED
INV-093,INV-093_INPUT.txt,expanded:DEMOCRACY_INFLUENCE_ALL_INVESTIGATIONS_2026-09-07.zip,/mnt/data/DEMOCRACY_INFLUENCE_MASTER_EVIDENCE_BUNDLE_2026-09-11/03_INVESTIGATIONS/02_EXPANDED_ARCHIVES/DEMOCRACY_INFLUENCE_ALL_INVESTIGATIONS_2026-09-07/__NESTED_EXPANDED__/DEMOCRACY_INFLUENCE_ALL_INVESTIGATIONS_2026-09-07__99_SOURCE_BUNDLES__INV-093_BUNDLE/INV-093_INPUT.txt,1024cec0816e579bf11b7c97fb511042c3dff509de0a1118bfb765938a48563e,03_INVESTIGATIONS/03_NORMALIZED_BY_ID/INV-093/INV-093_INPUT.txt,COPIED
INV-093,INV-093_RUN_HANDOFF.md,expanded:DEMOCRACY_INFLUENCE_ALL_INVESTIGATIONS_2026-09-07.zip,/mnt/data/DEMOCRACY_INFLUENCE_MASTER_EVIDENCE_BUNDLE_2026-09-11/03_INVESTIGATIONS/02_EXPANDED_ARCHIVES/DEMOCRACY_INFLUENCE_ALL_INVESTIGATIONS_2026-09-07/__NESTED_EXPANDED__/DEMOCRACY_INFLUENCE_ALL_INVESTIGATIONS_2026-09-07__99_SOURCE_BUNDLES__INV-093_BUNDLE/INV-093_RUN_HANDOFF.md,0b0feab1eab4df6e1799ac2bb16b7ad0d89bbfd9130fa886690c1e4c19c1b3d5,03_INVESTIGATIONS/03_NORMALIZED_BY_ID/INV-093/INV-093_RUN_HANDOFF.md,COPIED
INV-093,INV-093_RUN_CARD.md,expanded:DEMOCRACY_INFLUENCE_ALL_INVESTIGATIONS_2026-09-07.zip,/mnt/data/DEMOCRACY_INFLUENCE_MASTER_EVIDENCE_BUNDLE_2026-09-11/03_INVESTIGATIONS/02_EXPANDED_ARCHIVES/DEMOCRACY_INFLUENCE_ALL_INVESTIGATIONS_2026-09-07/__NESTED_EXPANDED__/DEMOCRACY_INFLUENCE_ALL_INVESTIGATIONS_2026-09-07__99_SOURCE_BUNDLES__INV-093_BUNDLE/INV-093_RUN_CARD.md,1024cec0816e579bf11b7c97fb511042c3dff509de0a1118bfb765938a48563e,03_INVESTIGATIONS/03_NORMALIZED_BY_ID/INV-093/INV-093_INPUT.txt,DUPLICATE_SHA
INV-093,INV-093_MNEMO_SNAPSHOT.json,expanded:DEMOCRACY_INFLUENCE_ALL_INVESTIGATIONS_2026-09-07.zip,/mnt/data/DEMOCRACY_INFLUENCE_MASTER_EVIDENCE_BUNDLE_2026-09-11/03_INVESTIGATIONS/02_EXPANDED_ARCHIVES/DEMOCRACY_INFLUENCE_ALL_INVESTIGATIONS_2026-09-07/__NESTED_EXPANDED__/DEMOCRACY_INFLUENCE_ALL_INVESTIGATIONS_2026-09-07__99_SOURCE_BUNDLES__INV-093_BUNDLE/INV-093_MNEMO_SNAPSHOT.json,28c3d83676e4525d372d967b1da87adf23e70b416d5c0c89541cb3242e93bbad,03_INVESTIGATIONS/03_NORMALIZED_BY_ID/INV-093/INV-093_MNEMO_SNAPSHOT.json,COPIED
INV-093,INV-093_POST_RUN_REVIEW.md,expanded:DEMOCRACY_INFLUENCE_ALL_INVESTIGATIONS_2026-09-07.zip,/mnt/data/DEMOCRACY_INFLUENCE_MASTER_EVIDENCE_BUNDLE_2026-09-11/03_INVESTIGATIONS/02_EXPANDED_ARCHIVES/DEMOCRACY_INFLUENCE_ALL_INVESTIGATIONS_2026-09-07/__NESTED_EXPANDED__/DEMOCRACY_INFLUENCE_ALL_INVESTIGATIONS_2026-09-07__99_SOURCE_BUNDLES__INV-093_BUNDLE/INV-093_POST_RUN_REVIEW.md,876a0994c8a2c74847f6f977f44d8ac933f7319f099a45f2bd1a63291d4f62fe,03_INVESTIGATIONS/03_NORMALIZED_BY_ID/INV-093/INV-093_POST_RUN_REVIEW.md,COPIED
INV-093,INV-093_SHA256.txt,expanded:DEMOCRACY_INFLUENCE_ALL_INVESTIGATIONS_2026-09-07.zip,/mnt/data/DEMOCRACY_INFLUENCE_MASTER_EVIDENCE_BUNDLE_2026-09-11/03_INVESTIGATIONS/02_EXPANDED_ARCHIVES/DEMOCRACY_INFLUENCE_ALL_INVESTIGATIONS_2026-09-07/__NESTED_EXPANDED__/DEMOCRACY_INFLUENCE_ALL_INVESTIGATIONS_2026-09-07__99_SOURCE_BUNDLES__INV-093_BUNDLE/INV-093_SHA256.txt,10703300fc1aac0fa5597dd74df99fa43f9b2e601e8aeb07acc4173265d7dd94,03_INVESTIGATIONS/03_NORMALIZED_BY_ID/INV-093/INV-093_SHA256.txt,COPIED
INV-093,INV-093_INVESTIGATION.md,expanded:DEMOCRACY_INFLUENCE_ALL_INVESTIGATIONS_2026-09-07.zip,/mnt/data/DEMOCRACY_INFLUENCE_MASTER_EVIDENCE_BUNDLE_2026-09-11/03_INVESTIGATIONS/02_EXPANDED_ARCHIVES/DEMOCRACY_INFLUENCE_ALL_INVESTIGATIONS_2026-09-07/__NESTED_EXPANDED__/DEMOCRACY_INFLUENCE_ALL_INVESTIGATIONS_2026-09-07__99_SOURCE_BUNDLES__INV-093_BUNDLE/INV-093_INVESTIGATION.md,550bb01304486c054564e48da1a4482ac937e1e00f2865a2acec21a5f167d393,03_INVESTIGATIONS/03_NORMALIZED_BY_ID/INV-093/INV-093_INVESTIGATION.md,COPIED
INV-093,INV-093_NARRATIVE.tmp.md,expanded:DEMOCRACY_INFLUENCE_ALL_INVESTIGATIONS_2026-09-07.zip,/mnt/data/DEMOCRACY_INFLUENCE_MASTER_EVIDENCE_BUNDLE_2026-09-11/03_INVESTIGATIONS/02_EXPANDED_ARCHIVES/DEMOCRACY_INFLUENCE_ALL_INVESTIGATIONS_2026-09-07/__NESTED_EXPANDED__/DEMOCRACY_INFLUENCE_ALL_INVESTIGATIONS_2026-09-07__99_SOURCE_BUNDLES__INV-093_BUNDLE/INV-093_NARRATIVE.tmp.md,5f1ffe830d7cec97e1f7c0bcf8ed98210bbae07925a49781184a9aed4a3f0272,03_INVESTIGATIONS/03_NORMALIZED_BY_ID/INV-093/INV-093_NARRATIVE.tmp.md,COPIED
INV-093,INV-093_RUN_STATE.json,expanded:DEMOCRACY_INFLUENCE_ALL_INVESTIGATIONS_2026-09-07.zip,/mnt/data/DEMOCRACY_INFLUENCE_MASTER_EVIDENCE_BUNDLE_2026-09-11/03_INVESTIGATIONS/02_EXPANDED_ARCHIVES/DEMOCRACY_INFLUENCE_ALL_INVESTIGATIONS_2026-09-07/__NESTED_EXPANDED__/DEMOCRACY_INFLUENCE_ALL_INVESTIGATIONS_2026-09-07__99_SOURCE_BUNDLES__INV-093_BUNDLE/INV-093_RUN_STATE.json,7f507d93ddeddbcf0c7825f19dd1b7b089126219906894efa2533cd635c13fb8,03_INVESTIGATIONS/03_NORMALIZED_BY_ID/INV-093/INV-093_RUN_STATE.json,COPIED
INV-093,INV-093_PRE_GATE.log,expanded:DEMOCRACY_INFLUENCE_ALL_INVESTIGATIONS_2026-09-07.zip,/mnt/data/DEMOCRACY_INFLUENCE_MASTER_EVIDENCE_BUNDLE_2026-09-11/03_INVESTIGATIONS/02_EXPANDED_ARCHIVES/DEMOCRACY_INFLUENCE_ALL_INVESTIGATIONS_2026-09-07/__NESTED_EXPANDED__/DEMOCRACY_INFLUENCE_ALL_INVESTIGATIONS_2026-09-07__99_SOURCE_BUNDLES__INV-093_BUNDLE/INV-093_PRE_GATE.log,b233dacaaf8e5fa54b1dc3b519b7cd525652115f8137c4748d4db6d22db2d3b6,03_INVESTIGATIONS/03_NORMALIZED_BY_ID/INV-093/INV-093_PRE_GATE.log,COPIED
INV-093,INV-093_DELIVERY_GATE.log,expanded:DEMOCRACY_INFLUENCE_ALL_INVESTIGATIONS_2026-09-07.zip,/mnt/data/DEMOCRACY_INFLUENCE_MASTER_EVIDENCE_BUNDLE_2026-09-11/03_INVESTIGATIONS/02_EXPANDED_ARCHIVES/DEMOCRACY_INFLUENCE_ALL_INVESTIGATIONS_2026-09-07/__NESTED_EXPANDED__/DEMOCRACY_INFLUENCE_ALL_INVESTIGATIONS_2026-09-07__99_SOURCE_BUNDLES__INV-093_BUNDLE/INV-093_DELIVERY_GATE.log,6eec8b50603aa6412e3061ca093d6a5802c89d4354caa9f175b7eb7b6ea410bc,03_INVESTIGATIONS/03_NORMALIZED_BY_ID/INV-093/INV-093_DELIVERY_GATE.log,COPIED
INV-093,INV-093_CERTIFICATION.json,expanded:DEMOCRACY_INFLUENCE_ALL_INVESTIGATIONS_2026-09-07.zip,/mnt/data/DEMOCRACY_INFLUENCE_MASTER_EVIDENCE_BUNDLE_2026-09-11/03_INVESTIGATIONS/02_EXPANDED_ARCHIVES/DEMOCRACY_INFLUENCE_ALL_INVESTIGATIONS_2026-09-07/__NESTED_EXPANDED__/DEMOCRACY_INFLUENCE_ALL_INVESTIGATIONS_2026-09-07__99_SOURCE_BUNDLES__INV-093_BUNDLE/INV-093_CERTIFICATION.json,6eec8b50603aa6412e3061ca093d6a5802c89d4354caa9f175b7eb7b6ea410bc,03_INVESTIGATIONS/03_NORMALIZED_BY_ID/INV-093/INV-093_DELIVERY_GATE.log,DUPLICATE_SHA
INV-100,INV-100_MNEMO_SNAPSHOT.json,expanded:DEMOCRACY_INFLUENCE_ALL_INVESTIGATIONS_2026-09-07.zip,/mnt/data/DEMOCRACY_INFLUENCE_MASTER_EVIDENCE_BUNDLE_2026-09-11/03_INVESTIGATIONS/02_EXPANDED_ARCHIVES/DEMOCRACY_INFLUENCE_ALL_INVESTIGATIONS_2026-09-07/__NESTED_EXPANDED__/DEMOCRACY_INFLUENCE_ALL_INVESTIGATIONS_2026-09-07__99_SOURCE_BUNDLES__INV-100_BUNDLE/INV-100_MNEMO_SNAPSHOT.json,05efc4c9cbb536da523e1da936d7ab1d36e31fe2b2750f9331628f1bd45db436,03_INVESTIGATIONS/03_NORMALIZED_BY_ID/INV-100/INV-100_MNEMO_SNAPSHOT.json,COPIED
INV-100,INV-100_RUN_HANDOFF.md,expanded:DEMOCRACY_INFLUENCE_ALL_INVESTIGATIONS_2026-09-07.zip,/mnt/data/DEMOCRACY_INFLUENCE_MASTER_EVIDENCE_BUNDLE_2026-09-11/03_INVESTIGATIONS/02_EXPANDED_ARCHIVES/DEMOCRACY_INFLUENCE_ALL_INVESTIGATIONS_2026-09-07/__NESTED_EXPANDED__/DEMOCRACY_INFLUENCE_ALL_INVESTIGATIONS_2026-09-07__99_SOURCE_BUNDLES__INV-100_BUNDLE/INV-100_RUN_HANDOFF.md,aa8fb0bf28eb888c88e5c913703a9e5d008ab7dc73bd3e052e193dc98bd385e6,03_INVESTIGATIONS/03_NORMALIZED_BY_ID/INV-100/INV-100_RUN_HANDOFF.md,COPIED
INV-100,INV-100_CERTIFICATION.json,expanded:DEMOCRACY_INFLUENCE_ALL_INVESTIGATIONS_2026-09-07.zip,/mnt/data/DEMOCRACY_INFLUENCE_MASTER_EVIDENCE_BUNDLE_2026-09-11/03_INVESTIGATIONS/02_EXPANDED_ARCHIVES/DEMOCRACY_INFLUENCE_ALL_INVESTIGATIONS_2026-09-07/__NESTED_EXPANDED__/DEMOCRACY_INFLUENCE_ALL_INVESTIGATIONS_2026-09-07__99_SOURCE_BUNDLES__INV-100_BUNDLE/INV-100_CERTIFICATION.json,cc5306de0e1ecfcf76b061cf7efeb91914f2741cbd58c9ce51f80a84122bd966,03_INVESTIGATIONS/03_NORMALIZED_BY_ID/INV-100/INV-100_CERTIFICATION.json,COPIED
INV-100,INV-100_NARRATIVE.tmp.md,expanded:DEMOCRACY_INFLUENCE_ALL_INVESTIGATIONS_2026-09-07.zip,/mnt/data/DEMOCRACY_INFLUENCE_MASTER_EVIDENCE_BUNDLE_2026-09-11/03_INVESTIGATIONS/02_EXPANDED_ARCHIVES/DEMOCRACY_INFLUENCE_ALL_INVESTIGATIONS_2026-09-07/__NESTED_EXPANDED__/DEMOCRACY_INFLUENCE_ALL_INVESTIGATIONS_2026-09-07__99_SOURCE_BUNDLES__INV-100_BUNDLE/INV-100_NARRATIVE.tmp.md,d5141bb4c515fcc9edd9fc6216858f29a433a050f30b14d33684231fe08bd526,03_INVESTIGATIONS/03_NORMALIZED_BY_ID/INV-100/INV-100_NARRATIVE.tmp.md,COPIED
INV-100,INV-100_RUN_STATE.json,expanded:DEMOCRACY_INFLUENCE_ALL_INVESTIGATIONS_2026-09-07.zip,/mnt/data/DEMOCRACY_INFLUENCE_MASTER_EVIDENCE_BUNDLE_2026-09-11/03_INVESTIGATIONS/02_EXPANDED_ARCHIVES/DEMOCRACY_INFLUENCE_ALL_INVESTIGATIONS_2026-09-07/__NESTED_EXPANDED__/DEMOCRACY_INFLUENCE_ALL_INVESTIGATIONS_2026-09-07__99_SOURCE_BUNDLES__INV-100_BUNDLE/INV-100_RUN_STATE.json,e7f622a0ecac98a16e3ce093bb8af8c72111f6027f45bc2138953f8de10cc95f,03_INVESTIGATIONS/03_NORMALIZED_BY_ID/INV-100/INV-100_RUN_STATE.json,COPIED
INV-100,INV-100_DELIVERY_GATE.json,expanded:DEMOCRACY_INFLUENCE_ALL_INVESTIGATIONS_2026-09-07.zip,/mnt/data/DEMOCRACY_INFLUENCE_MASTER_EVIDENCE_BUNDLE_2026-09-11/03_INVESTIGATIONS/02_EXPANDED_ARCHIVES/DEMOCRACY_INFLUENCE_ALL_INVESTIGATIONS_2026-09-07/__NESTED_EXPANDED__/DEMOCRACY_INFLUENCE_ALL_INVESTIGATIONS_2026-09-07__99_SOURCE_BUNDLES__INV-100_BUNDLE/INV-100_DELIVERY_GATE.json,f5536c5ca3824bba14a328f5a836f7015eb2350e98afbac9f2e1ed9bab279240,03_INVESTIGATIONS/03_NORMALIZED_BY_ID/INV-100/INV-100_DELIVERY_GATE.json,COPIED
INV-100,INV-100_POST_RUN_REVIEW.md,expanded:DEMOCRACY_INFLUENCE_ALL_INVESTIGATIONS_2026-09-07.zip,/mnt/data/DEMOCRACY_INFLUENCE_MASTER_EVIDENCE_BUNDLE_2026-09-11/03_INVESTIGATIONS/02_EXPANDED_ARCHIVES/DEMOCRACY_INFLUENCE_ALL_INVESTIGATIONS_2026-09-07/__NESTED_EXPANDED__/DEMOCRACY_INFLUENCE_ALL_INVESTIGATIONS_2026-09-07__99_SOURCE_BUNDLES__INV-100_BUNDLE/INV-100_POST_RUN_REVIEW.md,a50e6f5a148acdeae5c2c5a0e04eed9ccd63acee48467ec5836721803f06debf,03_INVESTIGATIONS/03_NORMALIZED_BY_ID/INV-100/INV-100_POST_RUN_REVIEW.md,COPIED
INV-100,INV-100_PRE_GATE.json,expanded:DEMOCRACY_INFLUENCE_ALL_INVESTIGATIONS_2026-09-07.zip,/mnt/data/DEMOCRACY_INFLUENCE_MASTER_EVIDENCE_BUNDLE_2026-09-11/03_INVESTIGATIONS/02_EXPANDED_ARCHIVES/DEMOCRACY_INFLUENCE_ALL_INVESTIGATIONS_2026-09-07/__NESTED_EXPANDED__/DEMOCRACY_INFLUENCE_ALL_INVESTIGATIONS_2026-09-07__99_SOURCE_BUNDLES__INV-100_BUNDLE/INV-100_PRE_GATE.json,4597b27cbc85db4734b856a46119824c9ccd3a017448b9907339262ad54fb4f3,03_INVESTIGATIONS/03_NORMALIZED_BY_ID/INV-100/INV-100_PRE_GATE.json,COPIED
INV-100,INV-100_RUN_CARD.md,expanded:DEMOCRACY_INFLUENCE_ALL_INVESTIGATIONS_2026-09-07.zip,/mnt/data/DEMOCRACY_INFLUENCE_MASTER_EVIDENCE_BUNDLE_2026-09-11/03_INVESTIGATIONS/02_EXPANDED_ARCHIVES/DEMOCRACY_INFLUENCE_ALL_INVESTIGATIONS_2026-09-07/__NESTED_EXPANDED__/DEMOCRACY_INFLUENCE_ALL_INVESTIGATIONS_2026-09-07__99_SOURCE_BUNDLES__INV-100_BUNDLE/INV-100_RUN_CARD.md,b2cb293b8a8f4df17a11640248479e706c08517230c798b1222522fb2c3f4c4e,03_INVESTIGATIONS/03_NORMALIZED_BY_ID/INV-100/INV-100_RUN_CARD.md,COPIED
INV-100,INV-100_SHA256.txt,expanded:DEMOCRACY_INFLUENCE_ALL_INVESTIGATIONS_2026-09-07.zip,/mnt/data/DEMOCRACY_INFLUENCE_MASTER_EVIDENCE_BUNDLE_2026-09-11/03_INVESTIGATIONS/02_EXPANDED_ARCHIVES/DEMOCRACY_INFLUENCE_ALL_INVESTIGATIONS_2026-09-07/__NESTED_EXPANDED__/DEMOCRACY_INFLUENCE_ALL_INVESTIGATIONS_2026-09-07__99_SOURCE_BUNDLES__INV-100_BUNDLE/INV-100_SHA256.txt,009d4a9c050ea0495718a50f79cd7aa3b369a495449ddd63a930432adcd98378,03_INVESTIGATIONS/03_NORMALIZED_BY_ID/INV-100/INV-100_SHA256.txt,COPIED
INV-100,INV-100_INPUT.txt,expanded:DEMOCRACY_INFLUENCE_ALL_INVESTIGATIONS_2026-09-07.zip,/mnt/data/DEMOCRACY_INFLUENCE_MASTER_EVIDENCE_BUNDLE_2026-09-11/03_INVESTIGATIONS/02_EXPANDED_ARCHIVES/DEMOCRACY_INFLUENCE_ALL_INVESTIGATIONS_2026-09-07/__NESTED_EXPANDED__/DEMOCRACY_INFLUENCE_ALL_INVESTIGATIONS_2026-09-07__99_SOURCE_BUNDLES__INV-100_BUNDLE/INV-100_INPUT.txt,b2cb293b8a8f4df17a11640248479e706c08517230c798b1222522fb2c3f4c4e,03_INVESTIGATIONS/03_NORMALIZED_BY_ID/INV-100/INV-100_RUN_CARD.md,DUPLICATE_SHA
INV-100,INV-100_INVESTIGATION.md,expanded:DEMOCRACY_INFLUENCE_ALL_INVESTIGATIONS_2026-09-07.zip,/mnt/data/DEMOCRACY_INFLUENCE_MASTER_EVIDENCE_BUNDLE_2026-09-11/03_INVESTIGATIONS/02_EXPANDED_ARCHIVES/DEMOCRACY_INFLUENCE_ALL_INVESTIGATIONS_2026-09-07/__NESTED_EXPANDED__/DEMOCRACY_INFLUENCE_ALL_INVESTIGATIONS_2026-09-07__99_SOURCE_BUNDLES__INV-100_BUNDLE/INV-100_INVESTIGATION.md,12a9cb06c54fbab16dba416a39b4c1e1355d76c67a492da577bdffb117e0d39e,03_INVESTIGATIONS/03_NORMALIZED_BY_ID/INV-100/INV-100_INVESTIGATION.md,COPIED
INV-033,INV-033_MNEMO_SNAPSHOT.json,expanded:DEMOCRACY_INFLUENCE_ALL_INVESTIGATIONS_2026-09-07.zip,/mnt/data/DEMOCRACY_INFLUENCE_MASTER_EVIDENCE_BUNDLE_2026-09-11/03_INVESTIGATIONS/02_EXPANDED_ARCHIVES/DEMOCRACY_INFLUENCE_ALL_INVESTIGATIONS_2026-09-07/__NESTED_EXPANDED__/DEMOCRACY_INFLUENCE_ALL_INVESTIGATIONS_2026-09-07__99_SOURCE_BUNDLES__INV-033_BUNDLE/INV-033_MNEMO_SNAPSHOT.json,868ffbbc3dd8742b3c88e8d8324334816b8f4fb9690e929b5863813b3503e99c,03_INVESTIGATIONS/03_NORMALIZED_BY_ID/INV-033/INV-033_MNEMO_SNAPSHOT.json,COPIED
INV-033,DASHBOARD.md,expanded:DEMOCRACY_INFLUENCE_ALL_INVESTIGATIONS_2026-09-07.zip,/mnt/data/DEMOCRACY_INFLUENCE_MASTER_EVIDENCE_BUNDLE_2026-09-11/03_INVESTIGATIONS/02_EXPANDED_ARCHIVES/DEMOCRACY_INFLUENCE_ALL_INVESTIGATIONS_2026-09-07/__NESTED_EXPANDED__/DEMOCRACY_INFLUENCE_ALL_INVESTIGATIONS_2026-09-07__99_SOURCE_BUNDLES__INV-033_BUNDLE/DASHBOARD.md,64db5de31a11cf88c2a8befcfbb3202a99adc630baa4c9e2cfee31f276875358,03_INVESTIGATIONS/03_NORMALIZED_BY_ID/INV-033/DASHBOARD.md,COPIED
INV-033,INVESTIGATION_REGISTRY.csv,expanded:DEMOCRACY_INFLUENCE_ALL_INVESTIGATIONS_2026-09-07.zip,/mnt/data/DEMOCRACY_INFLUENCE_MASTER_EVIDENCE_BUNDLE_2026-09-11/03_INVESTIGATIONS/02_EXPANDED_ARCHIVES/DEMOCRACY_INFLUENCE_ALL_INVESTIGATIONS_2026-09-07/__NESTED_EXPANDED__/DEMOCRACY_INFLUENCE_ALL_INVESTIGATIONS_2026-09-07__99_SOURCE_BUNDLES__INV-033_BUNDLE/INVESTIGATION_REGISTRY.csv,2448631cfc5573761370ff23a35ab22b3293b063b1a9fcf8898abc480bead111,03_INVESTIGATIONS/03_NORMALIZED_BY_ID/INV-033/INVESTIGATION_REGISTRY.csv,COPIED
INV-033,PRE_VERIFY.txt,expanded:DEMOCRACY_INFLUENCE_ALL_INVESTIGATIONS_2026-09-07.zip,/mnt/data/DEMOCRACY_INFLUENCE_MASTER_EVIDENCE_BUNDLE_2026-09-11/03_INVESTIGATIONS/02_EXPANDED_ARCHIVES/DEMOCRACY_INFLUENCE_ALL_INVESTIGATIONS_2026-09-07/__NESTED_EXPANDED__/DEMOCRACY_INFLUENCE_ALL_INVESTIGATIONS_2026-09-07__99_SOURCE_BUNDLES__INV-033_BUNDLE/PRE_VERIFY.txt,5ebfb6d7c685f6d22380fbdfe6e2346344500edc7554dd8445c5688fd5e93300,03_INVESTIGATIONS/03_NORMALIZED_BY_ID/INV-033/PRE_VERIFY.txt,COPIED
INV-033,TRACELOG.md,expanded:DEMOCRACY_INFLUENCE_ALL_INVESTIGATIONS_2026-09-07.zip,/mnt/data/DEMOCRACY_INFLUENCE_MASTER_EVIDENCE_BUNDLE_2026-09-11/03_INVESTIGATIONS/02_EXPANDED_ARCHIVES/DEMOCRACY_INFLUENCE_ALL_INVESTIGATIONS_2026-09-07/__NESTED_EXPANDED__/DEMOCRACY_INFLUENCE_ALL_INVESTIGATIONS_2026-09-07__99_SOURCE_BUNDLES__INV-033_BUNDLE/TRACELOG.md,19fbb1806aa38bbee1ad12857a36d1d28ce16791f9897a01877d23f4b70d8c7b,03_INVESTIGATIONS/03_NORMALIZED_BY_ID/INV-033/TRACELOG.md,COPIED
INV-033,INV-033_NARRATIVE.tmp.md,expanded:DEMOCRACY_INFLUENCE_ALL_INVESTIGATIONS_2026-09-07.zip,/mnt/data/DEMOCRACY_INFLUENCE_MASTER_EVIDENCE_BUNDLE_2026-09-11/03_INVESTIGATIONS/02_EXPANDED_ARCHIVES/DEMOCRACY_INFLUENCE_ALL_INVESTIGATIONS_2026-09-07/__NESTED_EXPANDED__/DEMOCRACY_INFLUENCE_ALL_INVESTIGATIONS_2026-09-07__99_SOURCE_BUNDLES__INV-033_BUNDLE/INV-033_NARRATIVE.tmp.md,b2dd7dc9c5412f3b1dfb2c1477aa8d5133706a2d9c8686b9e6bd2667324bed0c,03_INVESTIGATIONS/03_NORMALIZED_BY_ID/INV-033/INV-033_NARRATIVE.tmp.md,COPIED
INV-033,DELIVERY_VERIFY.txt,expanded:DEMOCRACY_INFLUENCE_ALL_INVESTIGATIONS_2026-09-07.zip,/mnt/data/DEMOCRACY_INFLUENCE_MASTER_EVIDENCE_BUNDLE_2026-09-11/03_INVESTIGATIONS/02_EXPANDED_ARCHIVES/DEMOCRACY_INFLUENCE_ALL_INVESTIGATIONS_2026-09-07/__NESTED_EXPANDED__/DEMOCRACY_INFLUENCE_ALL_INVESTIGATIONS_2026-09-07__99_SOURCE_BUNDLES__INV-033_BUNDLE/DELIVERY_VERIFY.txt,190eafb6b0ff665a21a7ad486eeffb0e21e4971664f4180b8e83bd3b9a7dbd40,03_INVESTIGATIONS/03_NORMALIZED_BY_ID/INV-033/DELIVERY_VERIFY.txt,COPIED
INV-033,INV-033_RUN_CARD.md,expanded:DEMOCRACY_INFLUENCE_ALL_INVESTIGATIONS_2026-09-07.zip,/mnt/data/DEMOCRACY_INFLUENCE_MASTER_EVIDENCE_BUNDLE_2026-09-11/03_INVESTIGATIONS/02_EXPANDED_ARCHIVES/DEMOCRACY_INFLUENCE_ALL_INVESTIGATIONS_2026-09-07/__NESTED_EXPANDED__/DEMOCRACY_INFLUENCE_ALL_INVESTIGATIONS_2026-09-07__99_SOURCE_BUNDLES__INV-033_BUNDLE/INV-033_RUN_CARD.md,c01967887a2e9736751781f80a0b40ca7f612669e5453fb0f68c4277d7a9171b,03_INVESTIGATIONS/03_NORMALIZED_BY_ID/INV-033/INV-033_RUN_CARD.md,COPIED
INV-033,INV-033_POST_RUN_REVIEW.md,expanded:DEMOCRACY_INFLUENCE_ALL_INVESTIGATIONS_2026-09-07.zip,/mnt/data/DEMOCRACY_INFLUENCE_MASTER_EVIDENCE_BUNDLE_2026-09-11/03_INVESTIGATIONS/02_EXPANDED_ARCHIVES/DEMOCRACY_INFLUENCE_ALL_INVESTIGATIONS_2026-09-07/__NESTED_EXPANDED__/DEMOCRACY_INFLUENCE_ALL_INVESTIGATIONS_2026-09-07__99_SOURCE_BUNDLES__INV-033_BUNDLE/INV-033_POST_RUN_REVIEW.md,fa7fe93df82ac2afa4ebc1c2fd4dfcb432bf790d9d2d3db2092bea65863edd70,03_INVESTIGATIONS/03_NORMALIZED_BY_ID/INV-033/INV-033_POST_RUN_REVIEW.md,COPIED
INV-033,INV-033_INPUT.md,expanded:DEMOCRACY_INFLUENCE_ALL_INVESTIGATIONS_2026-09-07.zip,/mnt/data/DEMOCRACY_INFLUENCE_MASTER_EVIDENCE_BUNDLE_2026-09-11/03_INVESTIGATIONS/02_EXPANDED_ARCHIVES/DEMOCRACY_INFLUENCE_ALL_INVESTIGATIONS_2026-09-07/__NESTED_EXPANDED__/DEMOCRACY_INFLUENCE_ALL_INVESTIGATIONS_2026-09-07__99_SOURCE_BUNDLES__INV-033_BUNDLE/INV-033_INPUT.md,c01967887a2e9736751781f80a0b40ca7f612669e5453fb0f68c4277d7a9171b,03_INVESTIGATIONS/03_NORMALIZED_BY_ID/INV-033/INV-033_RUN_CARD.md,DUPLICATE_SHA
INV-033,DELIVERY_VERIFY_RESULT.json,expanded:DEMOCRACY_INFLUENCE_ALL_INVESTIGATIONS_2026-09-07.zip,/mnt/data/DEMOCRACY_INFLUENCE_MASTER_EVIDENCE_BUNDLE_2026-09-11/03_INVESTIGATIONS/02_EXPANDED_ARCHIVES/DEMOCRACY_INFLUENCE_ALL_INVESTIGATIONS_2026-09-07/__NESTED_EXPANDED__/DEMOCRACY_INFLUENCE_ALL_INVESTIGATIONS_2026-09-07__99_SOURCE_BUNDLES__INV-033_BUNDLE/DELIVERY_VERIFY_RESULT.json,a7718fb0c9d19ca5c5049a07251b3406023f8c215e7376e58c6cb1d11994e258,03_INVESTIGATIONS/03_NORMALIZED_BY_ID/INV-033/DELIVERY_VERIFY_RESULT.json,COPIED
INV-033,INV-033_SHA256.txt,expanded:DEMOCRACY_INFLUENCE_ALL_INVESTIGATIONS_2026-09-07.zip,/mnt/data/DEMOCRACY_INFLUENCE_MASTER_EVIDENCE_BUNDLE_2026-09-11/03_INVESTIGATIONS/02_EXPANDED_ARCHIVES/DEMOCRACY_INFLUENCE_ALL_INVESTIGATIONS_2026-09-07/__NESTED_EXPANDED__/DEMOCRACY_INFLUENCE_ALL_INVESTIGATIONS_2026-09-07__99_SOURCE_BUNDLES__INV-033_BUNDLE/INV-033_SHA256.txt,e1e0ca4c08d99fda664d5237bdfb1997cd373fa7ea3fb18e6298066dbc46ca34,03_INVESTIGATIONS/03_NORMALIZED_BY_ID/INV-033/INV-033_SHA256.txt,COPIED
INV-033,INV-033_RUN_HANDOFF.md,expanded:DEMOCRACY_INFLUENCE_ALL_INVESTIGATIONS_2026-09-07.zip,/mnt/data/DEMOCRACY_INFLUENCE_MASTER_EVIDENCE_BUNDLE_2026-09-11/03_INVESTIGATIONS/02_EXPANDED_ARCHIVES/DEMOCRACY_INFLUENCE_ALL_INVESTIGATIONS_2026-09-07/__NESTED_EXPANDED__/DEMOCRACY_INFLUENCE_ALL_INVESTIGATIONS_2026-09-07__99_SOURCE_BUNDLES__INV-033_BUNDLE/INV-033_RUN_HANDOFF.md,a33fa3cb614d41e2c2ac4319f2081bfaa210f7f556997cc853ac81a5b5549ebb,03_INVESTIGATIONS/03_NORMALIZED_BY_ID/INV-033/INV-033_RUN_HANDOFF.md,COPIED
INV-033,INV-033_CERTIFICATION.json,expanded:DEMOCRACY_INFLUENCE_ALL_INVESTIGATIONS_2026-09-07.zip,/mnt/data/DEMOCRACY_INFLUENCE_MASTER_EVIDENCE_BUNDLE_2026-09-11/03_INVESTIGATIONS/02_EXPANDED_ARCHIVES/DEMOCRACY_INFLUENCE_ALL_INVESTIGATIONS_2026-09-07/__NESTED_EXPANDED__/DEMOCRACY_INFLUENCE_ALL_INVESTIGATIONS_2026-09-07__99_SOURCE_BUNDLES__INV-033_BUNDLE/INV-033_CERTIFICATION.json,190eafb6b0ff665a21a7ad486eeffb0e21e4971664f4180b8e83bd3b9a7dbd40,03_INVESTIGATIONS/03_NORMALIZED_BY_ID/INV-033/DELIVERY_VERIFY.txt,DUPLICATE_SHA
INV-033,INV-033_INVESTIGATION.md,expanded:DEMOCRACY_INFLUENCE_ALL_INVESTIGATIONS_2026-09-07.zip,/mnt/data/DEMOCRACY_INFLUENCE_MASTER_EVIDENCE_BUNDLE_2026-09-11/03_INVESTIGATIONS/02_EXPANDED_ARCHIVES/DEMOCRACY_INFLUENCE_ALL_INVESTIGATIONS_2026-09-07/__NESTED_EXPANDED__/DEMOCRACY_INFLUENCE_ALL_INVESTIGATIONS_2026-09-07__99_SOURCE_BUNDLES__INV-033_BUNDLE/INV-033_INVESTIGATION.md,6882743d76521abaf201035c2d0148116b76c0f3f28fc5bfb95595ea42e67a8e,03_INVESTIGATIONS/03_NORMALIZED_BY_ID/INV-033/INV-033_INVESTIGATION.md,COPIED
INV-033,INV-033_RUN_STATE.json,expanded:DEMOCRACY_INFLUENCE_ALL_INVESTIGATIONS_2026-09-07.zip,/mnt/data/DEMOCRACY_INFLUENCE_MASTER_EVIDENCE_BUNDLE_2026-09-11/03_INVESTIGATIONS/02_EXPANDED_ARCHIVES/DEMOCRACY_INFLUENCE_ALL_INVESTIGATIONS_2026-09-07/__NESTED_EXPANDED__/DEMOCRACY_INFLUENCE_ALL_INVESTIGATIONS_2026-09-07__99_SOURCE_BUNDLES__INV-033_BUNDLE/INV-033_RUN_STATE.json,ede322327835e5c8e4d19fbd11885bf9007623c93dafad18a8eadf7430537adc,03_INVESTIGATIONS/03_NORMALIZED_BY_ID/INV-033/INV-033_RUN_STATE.json,COPIED
INV-033,DEPENDENCY_GATE_INV-146_2026-09-07_0752.md,expanded:DEMOCRACY_INFLUENCE_ALL_INVESTIGATIONS_2026-09-07.zip,/mnt/data/DEMOCRACY_INFLUENCE_MASTER_EVIDENCE_BUNDLE_2026-09-11/03_INVESTIGATIONS/02_EXPANDED_ARCHIVES/DEMOCRACY_INFLUENCE_ALL_INVESTIGATIONS_2026-09-07/__NESTED_EXPANDED__/DEMOCRACY_INFLUENCE_ALL_INVESTIGATIONS_2026-09-07__99_SOURCE_BUNDLES__INV-033_BUNDLE/DEPENDENCY_GATE_INV-146_2026-09-07_0752.md,24ad44dd0550af2a15758d931cf0dcca6cb28d4098f79d941f8a7b63bc3abca4,03_INVESTIGATIONS/03_NORMALIZED_BY_ID/INV-033/DEPENDENCY_GATE_INV-146_2026-09-07_0752.md,COPIED
INV-145,INV-145_RUN_CARD.md,expanded:DEMOCRACY_INFLUENCE_ALL_INVESTIGATIONS_2026-09-07.zip,/mnt/data/DEMOCRACY_INFLUENCE_MASTER_EVIDENCE_BUNDLE_2026-09-11/03_INVESTIGATIONS/02_EXPANDED_ARCHIVES/DEMOCRACY_INFLUENCE_ALL_INVESTIGATIONS_2026-09-07/__NESTED_EXPANDED__/DEMOCRACY_INFLUENCE_ALL_INVESTIGATIONS_2026-09-07__99_SOURCE_BUNDLES__INV-145_BUNDLE/INV-145_RUN_CARD.md,71922fc117f2e36bfe0ae71bc90f74050b5d1c011abef1eca1def5dae945f591,03_INVESTIGATIONS/03_NORMALIZED_BY_ID/INV-145/INV-145_RUN_CARD.md,COPIED
INV-145,INV-145_INPUT.md,expanded:DEMOCRACY_INFLUENCE_ALL_INVESTIGATIONS_2026-09-07.zip,/mnt/data/DEMOCRACY_INFLUENCE_MASTER_EVIDENCE_BUNDLE_2026-09-11/03_INVESTIGATIONS/02_EXPANDED_ARCHIVES/DEMOCRACY_INFLUENCE_ALL_INVESTIGATIONS_2026-09-07/__NESTED_EXPANDED__/DEMOCRACY_INFLUENCE_ALL_INVESTIGATIONS_2026-09-07__99_SOURCE_BUNDLES__INV-145_BUNDLE/INV-145_INPUT.md,71922fc117f2e36bfe0ae71bc90f74050b5d1c011abef1eca1def5dae945f591,03_INVESTIGATIONS/03_NORMALIZED_BY_ID/INV-145/INV-145_RUN_CARD.md,DUPLICATE_SHA
INV-145,INV-145_RUN_STATE.json,expanded:DEMOCRACY_INFLUENCE_ALL_INVESTIGATIONS_2026-09-07.zip,/mnt/data/DEMOCRACY_INFLUENCE_MASTER_EVIDENCE_BUNDLE_2026-09-11/03_INVESTIGATIONS/02_EXPANDED_ARCHIVES/DEMOCRACY_INFLUENCE_ALL_INVESTIGATIONS_2026-09-07/__NESTED_EXPANDED__/DEMOCRACY_INFLUENCE_ALL_INVESTIGATIONS_2026-09-07__99_SOURCE_BUNDLES__INV-145_BUNDLE/INV-145_RUN_STATE.json,9707155b75bafda6d2173e04ab5362af9f2352b0202bf2f921713713a7e999f2,03_INVESTIGATIONS/03_NORMALIZED_BY_ID/INV-145/INV-145_RUN_STATE.json,COPIED
INV-145,INV-145_SHA256.txt,expanded:DEMOCRACY_INFLUENCE_ALL_INVESTIGATIONS_2026-09-07.zip,/mnt/data/DEMOCRACY_INFLUENCE_MASTER_EVIDENCE_BUNDLE_2026-09-11/03_INVESTIGATIONS/02_EXPANDED_ARCHIVES/DEMOCRACY_INFLUENCE_ALL_INVESTIGATIONS_2026-09-07/__NESTED_EXPANDED__/DEMOCRACY_INFLUENCE_ALL_INVESTIGATIONS_2026-09-07__99_SOURCE_BUNDLES__INV-145_BUNDLE/INV-145_SHA256.txt,c92a3720d47da2b7c2c2d20df814dfc6460fbf87fa746c316cb48965c23d469c,03_INVESTIGATIONS/03_NORMALIZED_BY_ID/INV-145/INV-145_SHA256.txt,COPIED
INV-145,INV-145_POST_RUN_REVIEW.md,expanded:DEMOCRACY_INFLUENCE_ALL_INVESTIGATIONS_2026-09-07.zip,/mnt/data/DEMOCRACY_INFLUENCE_MASTER_EVIDENCE_BUNDLE_2026-09-11/03_INVESTIGATIONS/02_EXPANDED_ARCHIVES/DEMOCRACY_INFLUENCE_ALL_INVESTIGATIONS_2026-09-07/__NESTED_EXPANDED__/DEMOCRACY_INFLUENCE_ALL_INVESTIGATIONS_2026-09-07__99_SOURCE_BUNDLES__INV-145_BUNDLE/INV-145_POST_RUN_REVIEW.md,4a65d3d8ee5da97fb1556cc39a82ff3cd66521b80c95a5b0f29f30d0ffe4461f,03_INVESTIGATIONS/03_NORMALIZED_BY_ID/INV-145/INV-145_POST_RUN_REVIEW.md,COPIED
INV-145,INV-145_CERTIFICATION.json,expanded:DEMOCRACY_INFLUENCE_ALL_INVESTIGATIONS_2026-09-07.zip,/mnt/data/DEMOCRACY_INFLUENCE_MASTER_EVIDENCE_BUNDLE_2026-09-11/03_INVESTIGATIONS/02_EXPANDED_ARCHIVES/DEMOCRACY_INFLUENCE_ALL_INVESTIGATIONS_2026-09-07/__NESTED_EXPANDED__/DEMOCRACY_INFLUENCE_ALL_INVESTIGATIONS_2026-09-07__99_SOURCE_BUNDLES__INV-145_BUNDLE/INV-145_CERTIFICATION.json,1f8c86a3884f57bebe813807eeaecce4f87871660064d781babf77c8bbf220e4,03_INVESTIGATIONS/03_NORMALIZED_BY_ID/INV-145/INV-145_CERTIFICATION.json,COPIED
INV-145,INV-145_MNEMO_SNAPSHOT.json,expanded:DEMOCRACY_INFLUENCE_ALL_INVESTIGATIONS_2026-09-07.zip,/mnt/data/DEMOCRACY_INFLUENCE_MASTER_EVIDENCE_BUNDLE_2026-09-11/03_INVESTIGATIONS/02_EXPANDED_ARCHIVES/DEMOCRACY_INFLUENCE_ALL_INVESTIGATIONS_2026-09-07/__NESTED_EXPANDED__/DEMOCRACY_INFLUENCE_ALL_INVESTIGATIONS_2026-09-07__99_SOURCE_BUNDLES__INV-145_BUNDLE/INV-145_MNEMO_SNAPSHOT.json,447d8e54218025c4366dd26732b367124025d1332ec977e064ce0281f9b3c631,03_INVESTIGATIONS/03_NORMALIZED_BY_ID/INV-145/INV-145_MNEMO_SNAPSHOT.json,COPIED
INV-145,INV-145_RUN_HANDOFF.md,expanded:DEMOCRACY_INFLUENCE_ALL_INVESTIGATIONS_2026-09-07.zip,/mnt/data/DEMOCRACY_INFLUENCE_MASTER_EVIDENCE_BUNDLE_2026-09-11/03_INVESTIGATIONS/02_EXPANDED_ARCHIVES/DEMOCRACY_INFLUENCE_ALL_INVESTIGATIONS_2026-09-07/__NESTED_EXPANDED__/DEMOCRACY_INFLUENCE_ALL_INVESTIGATIONS_2026-09-07__99_SOURCE_BUNDLES__INV-145_BUNDLE/INV-145_RUN_HANDOFF.md,e1987224267601dc9d8ea84bbf33137cd9d2df7b0b348484cb26e7be6a085aee,03_INVESTIGATIONS/03_NORMALIZED_BY_ID/INV-145/INV-145_RUN_HANDOFF.md,COPIED
INV-145,INV-145_INVESTIGATION.md,expanded:DEMOCRACY_INFLUENCE_ALL_INVESTIGATIONS_2026-09-07.zip,/mnt/data/DEMOCRACY_INFLUENCE_MASTER_EVIDENCE_BUNDLE_2026-09-11/03_INVESTIGATIONS/02_EXPANDED_ARCHIVES/DEMOCRACY_INFLUENCE_ALL_INVESTIGATIONS_2026-09-07/__NESTED_EXPANDED__/DEMOCRACY_INFLUENCE_ALL_INVESTIGATIONS_2026-09-07__99_SOURCE_BUNDLES__INV-145_BUNDLE/INV-145_INVESTIGATION.md,2bc95a3d85ae5b0d7abda185b350067600ca3bd8e544d10a942f157940ac0c5a,03_INVESTIGATIONS/03_NORMALIZED_BY_ID/INV-145/INV-145_INVESTIGATION.md,COPIED
INV-145,INV-145_NARRATIVE.tmp.md,expanded:DEMOCRACY_INFLUENCE_ALL_INVESTIGATIONS_2026-09-07.zip,/mnt/data/DEMOCRACY_INFLUENCE_MASTER_EVIDENCE_BUNDLE_2026-09-11/03_INVESTIGATIONS/02_EXPANDED_ARCHIVES/DEMOCRACY_INFLUENCE_ALL_INVESTIGATIONS_2026-09-07/__NESTED_EXPANDED__/DEMOCRACY_INFLUENCE_ALL_INVESTIGATIONS_2026-09-07__99_SOURCE_BUNDLES__INV-145_BUNDLE/INV-145_NARRATIVE.tmp.md,9d35e65297f885ae9c5b11ca293652b0cd90aa92d8f10ecfcd0cdf9d93be82e4,03_INVESTIGATIONS/03_NORMALIZED_BY_ID/INV-145/INV-145_NARRATIVE.tmp.md,COPIED
INV-146,INV-139_RECOVERY_HANDOFF.md,expanded:DEMOCRACY_INFLUENCE_ALL_INVESTIGATIONS_2026-09-07.zip,/mnt/data/DEMOCRACY_INFLUENCE_MASTER_EVIDENCE_BUNDLE_2026-09-11/03_INVESTIGATIONS/02_EXPANDED_ARCHIVES/DEMOCRACY_INFLUENCE_ALL_INVESTIGATIONS_2026-09-07/__NESTED_EXPANDED__/DEMOCRACY_INFLUENCE_ALL_INVESTIGATIONS_2026-09-07__99_SOURCE_BUNDLES__INV-146_BUNDLE/INV-146/INV-139_RECOVERY_HANDOFF.md,4f1519ff60088529dcb42bed830fc5df8c8aa2218063e3dcb73f8e0d11a8405a,03_INVESTIGATIONS/03_NORMALIZED_BY_ID/INV-146/INV-139_RECOVERY_HANDOFF.md,COPIED
INV-146,INV-140_RECOVERY_HANDOFF.md,expanded:DEMOCRACY_INFLUENCE_ALL_INVESTIGATIONS_2026-09-07.zip,/mnt/data/DEMOCRACY_INFLUENCE_MASTER_EVIDENCE_BUNDLE_2026-09-11/03_INVESTIGATIONS/02_EXPANDED_ARCHIVES/DEMOCRACY_INFLUENCE_ALL_INVESTIGATIONS_2026-09-07/__NESTED_EXPANDED__/DEMOCRACY_INFLUENCE_ALL_INVESTIGATIONS_2026-09-07__99_SOURCE_BUNDLES__INV-146_BUNDLE/INV-146/INV-140_RECOVERY_HANDOFF.md,aec894571a3eee531ea92bd386da1ecb664e9a7bd27c82ee2a73b330f26cb083,03_INVESTIGATIONS/03_NORMALIZED_BY_ID/INV-146/INV-140_RECOVERY_HANDOFF.md,COPIED
INV-146,INV-146_SHA256.txt,expanded:DEMOCRACY_INFLUENCE_ALL_INVESTIGATIONS_2026-09-07.zip,/mnt/data/DEMOCRACY_INFLUENCE_MASTER_EVIDENCE_BUNDLE_2026-09-11/03_INVESTIGATIONS/02_EXPANDED_ARCHIVES/DEMOCRACY_INFLUENCE_ALL_INVESTIGATIONS_2026-09-07/__NESTED_EXPANDED__/DEMOCRACY_INFLUENCE_ALL_INVESTIGATIONS_2026-09-07__99_SOURCE_BUNDLES__INV-146_BUNDLE/INV-146/INV-146_SHA256.txt,7f9cec09d26530ff5ac0e4d3ab9bf92953dff50f2e348ac6c0c356f269281fbc,03_INVESTIGATIONS/03_NORMALIZED_BY_ID/INV-146/INV-146_SHA256.txt,COPIED
INV-146,INV-146_SYNTHESIS_INPUT_GATE.md,expanded:DEMOCRACY_INFLUENCE_ALL_INVESTIGATIONS_2026-09-07.zip,/mnt/data/DEMOCRACY_INFLUENCE_MASTER_EVIDENCE_BUNDLE_2026-09-11/03_INVESTIGATIONS/02_EXPANDED_ARCHIVES/DEMOCRACY_INFLUENCE_ALL_INVESTIGATIONS_2026-09-07/__NESTED_EXPANDED__/DEMOCRACY_INFLUENCE_ALL_INVESTIGATIONS_2026-09-07__99_SOURCE_BUNDLES__INV-146_BUNDLE/INV-146/INV-146_SYNTHESIS_INPUT_GATE.md,7c561d2499508e92cc3202049deb6c17309b1ad7de21c6b088a516ca54712d76,03_INVESTIGATIONS/03_NORMALIZED_BY_ID/INV-146/INV-146_SYNTHESIS_INPUT_GATE.md,COPIED
INV-146,INV-146_SYNTHESIS_CARD.md,expanded:DEMOCRACY_INFLUENCE_ALL_INVESTIGATIONS_2026-09-07.zip,/mnt/data/DEMOCRACY_INFLUENCE_MASTER_EVIDENCE_BUNDLE_2026-09-11/03_INVESTIGATIONS/02_EXPANDED_ARCHIVES/DEMOCRACY_INFLUENCE_ALL_INVESTIGATIONS_2026-09-07/__NESTED_EXPANDED__/DEMOCRACY_INFLUENCE_ALL_INVESTIGATIONS_2026-09-07__99_SOURCE_BUNDLES__INV-146_BUNDLE/INV-146/INV-146_SYNTHESIS_CARD.md,6f45981cbb617c7f923f31fe99271df6c048ef9276582f96e2413f1fcb2cd667,03_INVESTIGATIONS/03_NORMALIZED_BY_ID/INV-146/INV-146_SYNTHESIS_CARD.md,COPIED
INV-146,INV-146_CERTIFICATION.json,expanded:DEMOCRACY_INFLUENCE_ALL_INVESTIGATIONS_2026-09-07.zip,/mnt/data/DEMOCRACY_INFLUENCE_MASTER_EVIDENCE_BUNDLE_2026-09-11/03_INVESTIGATIONS/02_EXPANDED_ARCHIVES/DEMOCRACY_INFLUENCE_ALL_INVESTIGATIONS_2026-09-07/__NESTED_EXPANDED__/DEMOCRACY_INFLUENCE_ALL_INVESTIGATIONS_2026-09-07__99_SOURCE_BUNDLES__INV-146_BUNDLE/INV-146/INV-146_CERTIFICATION.json,6726d48d2ccae389894d357b9b89abbe1b511f6d8d821d0e934b2615c68503d8,03_INVESTIGATIONS/03_NORMALIZED_BY_ID/INV-146/INV-146_CERTIFICATION.json,COPIED
INV-146,INV-146_POST_RUN_REVIEW.md,expanded:DEMOCRACY_INFLUENCE_ALL_INVESTIGATIONS_2026-09-07.zip,/mnt/data/DEMOCRACY_INFLUENCE_MASTER_EVIDENCE_BUNDLE_2026-09-11/03_INVESTIGATIONS/02_EXPANDED_ARCHIVES/DEMOCRACY_INFLUENCE_ALL_INVESTIGATIONS_2026-09-07/__NESTED_EXPANDED__/DEMOCRACY_INFLUENCE_ALL_INVESTIGATIONS_2026-09-07__99_SOURCE_BUNDLES__INV-146_BUNDLE/INV-146/INV-146_POST_RUN_REVIEW.md,b0f59fa38682fa1d09eb13c7e5ed2fe0bf8a4c727a54ccd68778ad6bc90376a9,03_INVESTIGATIONS/03_NORMALIZED_BY_ID/INV-146/INV-146_POST_RUN_REVIEW.md,COPIED
INV-146,INV-146_RUN_HANDOFF.md,expanded:DEMOCRACY_INFLUENCE_ALL_INVESTIGATIONS_2026-09-07.zip,/mnt/data/DEMOCRACY_INFLUENCE_MASTER_EVIDENCE_BUNDLE_2026-09-11/03_INVESTIGATIONS/02_EXPANDED_ARCHIVES/DEMOCRACY_INFLUENCE_ALL_INVESTIGATIONS_2026-09-07/__NESTED_EXPANDED__/DEMOCRACY_INFLUENCE_ALL_INVESTIGATIONS_2026-09-07__99_SOURCE_BUNDLES__INV-146_BUNDLE/INV-146/INV-146_RUN_HANDOFF.md,fa9d75722e36f42fe74febe2f06f0f7144143a601fb45873115230f9ff6d4889,03_INVESTIGATIONS/03_NORMALIZED_BY_ID/INV-146/INV-146_RUN_HANDOFF.md,COPIED
INV-146,INV-146_SYNTHESIS.md,expanded:DEMOCRACY_INFLUENCE_ALL_INVESTIGATIONS_2026-09-07.zip,/mnt/data/DEMOCRACY_INFLUENCE_MASTER_EVIDENCE_BUNDLE_2026-09-11/03_INVESTIGATIONS/02_EXPANDED_ARCHIVES/DEMOCRACY_INFLUENCE_ALL_INVESTIGATIONS_2026-09-07/__NESTED_EXPANDED__/DEMOCRACY_INFLUENCE_ALL_INVESTIGATIONS_2026-09-07__99_SOURCE_BUNDLES__INV-146_BUNDLE/INV-146/INV-146_SYNTHESIS.md,9cf2a68c467cdc3a850e4494bda6b32044ee4f003d4623f4b161a62624bd3f8b,03_INVESTIGATIONS/03_NORMALIZED_BY_ID/INV-146/INV-146_SYNTHESIS.md,COPIED
INV-134,INV-134_POST_RUN_REVIEW.md,expanded:DEMOCRACY_INFLUENCE_ALL_INVESTIGATIONS_2026-09-07.zip,/mnt/data/DEMOCRACY_INFLUENCE_MASTER_EVIDENCE_BUNDLE_2026-09-11/03_INVESTIGATIONS/02_EXPANDED_ARCHIVES/DEMOCRACY_INFLUENCE_ALL_INVESTIGATIONS_2026-09-07/__NESTED_EXPANDED__/DEMOCRACY_INFLUENCE_ALL_INVESTIGATIONS_2026-09-07__99_SOURCE_BUNDLES__INV-134_BUNDLE/INV-134/control/INV-134_POST_RUN_REVIEW.md,bc893547b9cd5e3953859605b8c79b96a8fad8ce633122fe358ca3cf4b92fd6e,03_INVESTIGATIONS/03_NORMALIZED_BY_ID/INV-134/INV-134_POST_RUN_REVIEW.md,COPIED
INV-134,INV-134_RUN_CARD.md,expanded:DEMOCRACY_INFLUENCE_ALL_INVESTIGATIONS_2026-09-07.zip,/mnt/data/DEMOCRACY_INFLUENCE_MASTER_EVIDENCE_BUNDLE_2026-09-11/03_INVESTIGATIONS/02_EXPANDED_ARCHIVES/DEMOCRACY_INFLUENCE_ALL_INVESTIGATIONS_2026-09-07/__NESTED_EXPANDED__/DEMOCRACY_INFLUENCE_ALL_INVESTIGATIONS_2026-09-07__99_SOURCE_BUNDLES__INV-134_BUNDLE/INV-134/control/INV-134_RUN_CARD.md,785a52114285ad80ccf9bb44f8d39eea80e993e4a13bdd89b9669f85c42e0507,03_INVESTIGATIONS/03_NORMALIZED_BY_ID/INV-134/INV-134_RUN_CARD.md,COPIED
INV-134,INV-134_RUN_HANDOFF.md,expanded:DEMOCRACY_INFLUENCE_ALL_INVESTIGATIONS_2026-09-07.zip,/mnt/data/DEMOCRACY_INFLUENCE_MASTER_EVIDENCE_BUNDLE_2026-09-11/03_INVESTIGATIONS/02_EXPANDED_ARCHIVES/DEMOCRACY_INFLUENCE_ALL_INVESTIGATIONS_2026-09-07/__NESTED_EXPANDED__/DEMOCRACY_INFLUENCE_ALL_INVESTIGATIONS_2026-09-07__99_SOURCE_BUNDLES__INV-134_BUNDLE/INV-134/control/INV-134_RUN_HANDOFF.md,86ecbc873978c6a375d21dd9f145f299f2ba3edd8460615d040034b459e7cd6a,03_INVESTIGATIONS/03_NORMALIZED_BY_ID/INV-134/INV-134_RUN_HANDOFF.md,COPIED
INV-134,INV-134_SHA256.txt,expanded:DEMOCRACY_INFLUENCE_ALL_INVESTIGATIONS_2026-09-07.zip,/mnt/data/DEMOCRACY_INFLUENCE_MASTER_EVIDENCE_BUNDLE_2026-09-11/03_INVESTIGATIONS/02_EXPANDED_ARCHIVES/DEMOCRACY_INFLUENCE_ALL_INVESTIGATIONS_2026-09-07/__NESTED_EXPANDED__/DEMOCRACY_INFLUENCE_ALL_INVESTIGATIONS_2026-09-07__99_SOURCE_BUNDLES__INV-134_BUNDLE/INV-134/control/INV-134_SHA256.txt,9a058418ef7f5eb78149485273f41b971e047f0c485152fe09511fea91361c96,03_INVESTIGATIONS/03_NORMALIZED_BY_ID/INV-134/INV-134_SHA256.txt,COPIED
INV-134,2026-09-06_18-05_attribution-ingerence_CERTIFICATION.json,expanded:DEMOCRACY_INFLUENCE_ALL_INVESTIGATIONS_2026-09-07.zip,/mnt/data/DEMOCRACY_INFLUENCE_MASTER_EVIDENCE_BUNDLE_2026-09-11/03_INVESTIGATIONS/02_EXPANDED_ARCHIVES/DEMOCRACY_INFLUENCE_ALL_INVESTIGATIONS_2026-09-07/__NESTED_EXPANDED__/DEMOCRACY_INFLUENCE_ALL_INVESTIGATIONS_2026-09-07__99_SOURCE_BUNDLES__INV-134_BUNDLE/INV-134/truth-engine/2026-09-06_18-05_attribution-ingerence_CERTIFICATION.json,d0604957a408ea1f6dec5b7a28895e6962fd4cc94078158bde385760a11ddfe2,03_INVESTIGATIONS/03_NORMALIZED_BY_ID/INV-134/2026-09-06_18-05_attribution-ingerence_CERTIFICATION.json,COPIED
INV-134,2026-09-06_18-05_attribution-ingerence_INVESTIGATION.md,expanded:DEMOCRACY_INFLUENCE_ALL_INVESTIGATIONS_2026-09-07.zip,/mnt/data/DEMOCRACY_INFLUENCE_MASTER_EVIDENCE_BUNDLE_2026-09-11/03_INVESTIGATIONS/02_EXPANDED_ARCHIVES/DEMOCRACY_INFLUENCE_ALL_INVESTIGATIONS_2026-09-07/__NESTED_EXPANDED__/DEMOCRACY_INFLUENCE_ALL_INVESTIGATIONS_2026-09-07__99_SOURCE_BUNDLES__INV-134_BUNDLE/INV-134/truth-engine/2026-09-06_18-05_attribution-ingerence_INVESTIGATION.md,1af305d79fa8357672d05408c56994be5c20d640beee77929a4eed876eced56a,03_INVESTIGATIONS/03_NORMALIZED_BY_ID/INV-134/2026-09-06_18-05_attribution-ingerence_INVESTIGATION.md,COPIED
INV-134,2026-09-06_18-05_attribution-ingerence_INPUT.txt,expanded:DEMOCRACY_INFLUENCE_ALL_INVESTIGATIONS_2026-09-07.zip,/mnt/data/DEMOCRACY_INFLUENCE_MASTER_EVIDENCE_BUNDLE_2026-09-11/03_INVESTIGATIONS/02_EXPANDED_ARCHIVES/DEMOCRACY_INFLUENCE_ALL_INVESTIGATIONS_2026-09-07/__NESTED_EXPANDED__/DEMOCRACY_INFLUENCE_ALL_INVESTIGATIONS_2026-09-07__99_SOURCE_BUNDLES__INV-134_BUNDLE/INV-134/truth-engine/2026-09-06_18-05_attribution-ingerence_INPUT.txt,785a52114285ad80ccf9bb44f8d39eea80e993e4a13bdd89b9669f85c42e0507,03_INVESTIGATIONS/03_NORMALIZED_BY_ID/INV-134/INV-134_RUN_CARD.md,DUPLICATE_SHA
INV-134,2026-09-06_18-05_attribution-ingerence_RUN_STATE.json,expanded:DEMOCRACY_INFLUENCE_ALL_INVESTIGATIONS_2026-09-07.zip,/mnt/data/DEMOCRACY_INFLUENCE_MASTER_EVIDENCE_BUNDLE_2026-09-11/03_INVESTIGATIONS/02_EXPANDED_ARCHIVES/DEMOCRACY_INFLUENCE_ALL_INVESTIGATIONS_2026-09-07/__NESTED_EXPANDED__/DEMOCRACY_INFLUENCE_ALL_INVESTIGATIONS_2026-09-07__99_SOURCE_BUNDLES__INV-134_BUNDLE/INV-134/truth-engine/2026-09-06_18-05_attribution-ingerence_RUN_STATE.json,d02ae6caec9ac1ae4ad552f72bc8b1bdda05cd1bad80983c0e79265cd4dd31c4,03_INVESTIGATIONS/03_NORMALIZED_BY_ID/INV-134/2026-09-06_18-05_attribution-ingerence_RUN_STATE.json,COPIED
INV-134,2026-09-06_18-05_attribution-ingerence_NARRATIVE.tmp.md,expanded:DEMOCRACY_INFLUENCE_ALL_INVESTIGATIONS_2026-09-07.zip,/mnt/data/DEMOCRACY_INFLUENCE_MASTER_EVIDENCE_BUNDLE_2026-09-11/03_INVESTIGATIONS/02_EXPANDED_ARCHIVES/DEMOCRACY_INFLUENCE_ALL_INVESTIGATIONS_2026-09-07/__NESTED_EXPANDED__/DEMOCRACY_INFLUENCE_ALL_INVESTIGATIONS_2026-09-07__99_SOURCE_BUNDLES__INV-134_BUNDLE/INV-134/truth-engine/2026-09-06_18-05_attribution-ingerence_NARRATIVE.tmp.md,45e7ee6b35902d0a9c877b0f5f48349464b2b7eae24565f1b66a8fd282286f06,03_INVESTIGATIONS/03_NORMALIZED_BY_ID/INV-134/2026-09-06_18-05_attribution-ingerence_NARRATIVE.tmp.md,COPIED
INV-134,2026-09-06_18-05_attribution-ingerence_MNEMO_SNAPSHOT.json,expanded:DEMOCRACY_INFLUENCE_ALL_INVESTIGATIONS_2026-09-07.zip,/mnt/data/DEMOCRACY_INFLUENCE_MASTER_EVIDENCE_BUNDLE_2026-09-11/03_INVESTIGATIONS/02_EXPANDED_ARCHIVES/DEMOCRACY_INFLUENCE_ALL_INVESTIGATIONS_2026-09-07/__NESTED_EXPANDED__/DEMOCRACY_INFLUENCE_ALL_INVESTIGATIONS_2026-09-07__99_SOURCE_BUNDLES__INV-134_BUNDLE/INV-134/truth-engine/2026-09-06_18-05_attribution-ingerence_MNEMO_SNAPSHOT.json,7baf5211ab0dce1d9fd8880289d9b281bd93e985b591c236f67d84ca02cb0522,03_INVESTIGATIONS/03_NORMALIZED_BY_ID/INV-134/2026-09-06_18-05_attribution-ingerence_MNEMO_SNAPSHOT.json,COPIED
INV-137,INV-137_POST_RUN_REVIEW.md,expanded:DEMOCRACY_INFLUENCE_ALL_INVESTIGATIONS_2026-09-07.zip,/mnt/data/DEMOCRACY_INFLUENCE_MASTER_EVIDENCE_BUNDLE_2026-09-11/03_INVESTIGATIONS/02_EXPANDED_ARCHIVES/DEMOCRACY_INFLUENCE_ALL_INVESTIGATIONS_2026-09-07/__NESTED_EXPANDED__/DEMOCRACY_INFLUENCE_ALL_INVESTIGATIONS_2026-09-07__99_SOURCE_BUNDLES__INV-137_BUNDLE/INV-137/control/INV-137_POST_RUN_REVIEW.md,49a2303be32c068d326ad63b90844146cd38a5577c267f77814e3945e41b95bd,03_INVESTIGATIONS/03_NORMALIZED_BY_ID/INV-137/INV-137_POST_RUN_REVIEW.md,COPIED
INV-137,DASHBOARD.md,expanded:DEMOCRACY_INFLUENCE_ALL_INVESTIGATIONS_2026-09-07.zip,/mnt/data/DEMOCRACY_INFLUENCE_MASTER_EVIDENCE_BUNDLE_2026-09-11/03_INVESTIGATIONS/02_EXPANDED_ARCHIVES/DEMOCRACY_INFLUENCE_ALL_INVESTIGATIONS_2026-09-07/__NESTED_EXPANDED__/DEMOCRACY_INFLUENCE_ALL_INVESTIGATIONS_2026-09-07__99_SOURCE_BUNDLES__INV-137_BUNDLE/INV-137/control/DASHBOARD.md,df38dd982493d465ba94dac2de40d133b48e84d1b91b8fa75b09118a50322624,03_INVESTIGATIONS/03_NORMALIZED_BY_ID/INV-137/DASHBOARD.md,COPIED
INV-137,INVESTIGATION_REGISTRY.csv,expanded:DEMOCRACY_INFLUENCE_ALL_INVESTIGATIONS_2026-09-07.zip,/mnt/data/DEMOCRACY_INFLUENCE_MASTER_EVIDENCE_BUNDLE_2026-09-11/03_INVESTIGATIONS/02_EXPANDED_ARCHIVES/DEMOCRACY_INFLUENCE_ALL_INVESTIGATIONS_2026-09-07/__NESTED_EXPANDED__/DEMOCRACY_INFLUENCE_ALL_INVESTIGATIONS_2026-09-07__99_SOURCE_BUNDLES__INV-137_BUNDLE/INV-137/control/INVESTIGATION_REGISTRY.csv,516b4e2983457004c3a7314bd15cb43cfbf9978cf50b7767f16fc9d6dfcc32de,03_INVESTIGATIONS/03_NORMALIZED_BY_ID/INV-137/INVESTIGATION_REGISTRY.csv,COPIED
INV-137,TRACELOG.md,expanded:DEMOCRACY_INFLUENCE_ALL_INVESTIGATIONS_2026-09-07.zip,/mnt/data/DEMOCRACY_INFLUENCE_MASTER_EVIDENCE_BUNDLE_2026-09-11/03_INVESTIGATIONS/02_EXPANDED_ARCHIVES/DEMOCRACY_INFLUENCE_ALL_INVESTIGATIONS_2026-09-07/__NESTED_EXPANDED__/DEMOCRACY_INFLUENCE_ALL_INVESTIGATIONS_2026-09-07__99_SOURCE_BUNDLES__INV-137_BUNDLE/INV-137/control/TRACELOG.md,76f87b23b8727449a7538348f30001839b16a7dd1b84ded4b8a5a22bb79b40cc,03_INVESTIGATIONS/03_NORMALIZED_BY_ID/INV-137/TRACELOG.md,COPIED
INV-137,INV-137_RUN_HANDOFF.md,expanded:DEMOCRACY_INFLUENCE_ALL_INVESTIGATIONS_2026-09-07.zip,/mnt/data/DEMOCRACY_INFLUENCE_MASTER_EVIDENCE_BUNDLE_2026-09-11/03_INVESTIGATIONS/02_EXPANDED_ARCHIVES/DEMOCRACY_INFLUENCE_ALL_INVESTIGATIONS_2026-09-07/__NESTED_EXPANDED__/DEMOCRACY_INFLUENCE_ALL_INVESTIGATIONS_2026-09-07__99_SOURCE_BUNDLES__INV-137_BUNDLE/INV-137/control/INV-137_RUN_HANDOFF.md,ffe90b6162ddec2d94bd84cf90fadaa18829b18ff6ce03c6f32970ea9092a85f,03_INVESTIGATIONS/03_NORMALIZED_BY_ID/INV-137/INV-137_RUN_HANDOFF.md,COPIED
INV-137,METHOD_PACK.md,expanded:DEMOCRACY_INFLUENCE_ALL_INVESTIGATIONS_2026-09-07.zip,/mnt/data/DEMOCRACY_INFLUENCE_MASTER_EVIDENCE_BUNDLE_2026-09-11/03_INVESTIGATIONS/02_EXPANDED_ARCHIVES/DEMOCRACY_INFLUENCE_ALL_INVESTIGATIONS_2026-09-07/__NESTED_EXPANDED__/DEMOCRACY_INFLUENCE_ALL_INVESTIGATIONS_2026-09-07__99_SOURCE_BUNDLES__INV-137_BUNDLE/INV-137/control/METHOD_PACK.md,2b82f9e415b739e16252f845910c7d4b91600446e2e1d5010d3c4e14fa06635c,03_INVESTIGATIONS/03_NORMALIZED_BY_ID/INV-137/METHOD_PACK.md,COPIED
INV-137,INV-137_RUN_CARD.md,expanded:DEMOCRACY_INFLUENCE_ALL_INVESTIGATIONS_2026-09-07.zip,/mnt/data/DEMOCRACY_INFLUENCE_MASTER_EVIDENCE_BUNDLE_2026-09-11/03_INVESTIGATIONS/02_EXPANDED_ARCHIVES/DEMOCRACY_INFLUENCE_ALL_INVESTIGATIONS_2026-09-07/__NESTED_EXPANDED__/DEMOCRACY_INFLUENCE_ALL_INVESTIGATIONS_2026-09-07__99_SOURCE_BUNDLES__INV-137_BUNDLE/INV-137/control/INV-137_RUN_CARD.md,f16c6d16732be42fc4b1c6ed007be384d283dc13f58161a4f966140218c43218,03_INVESTIGATIONS/03_NORMALIZED_BY_ID/INV-137/INV-137_RUN_CARD.md,COPIED
INV-137,INV-137_SHA256.txt,expanded:DEMOCRACY_INFLUENCE_ALL_INVESTIGATIONS_2026-09-07.zip,/mnt/data/DEMOCRACY_INFLUENCE_MASTER_EVIDENCE_BUNDLE_2026-09-11/03_INVESTIGATIONS/02_EXPANDED_ARCHIVES/DEMOCRACY_INFLUENCE_ALL_INVESTIGATIONS_2026-09-07/__NESTED_EXPANDED__/DEMOCRACY_INFLUENCE_ALL_INVESTIGATIONS_2026-09-07__99_SOURCE_BUNDLES__INV-137_BUNDLE/INV-137/control/INV-137_SHA256.txt,99e1aa3d78a36726da49ae3e64419eda31c69a880ead0812579d5607ed1b5dfd,03_INVESTIGATIONS/03_NORMALIZED_BY_ID/INV-137/INV-137_SHA256.txt,COPIED
INV-137,2026-09-06_20-25_renseignement-executif-medias_INVESTIGATION.md,expanded:DEMOCRACY_INFLUENCE_ALL_INVESTIGATIONS_2026-09-07.zip,/mnt/data/DEMOCRACY_INFLUENCE_MASTER_EVIDENCE_BUNDLE_2026-09-11/03_INVESTIGATIONS/02_EXPANDED_ARCHIVES/DEMOCRACY_INFLUENCE_ALL_INVESTIGATIONS_2026-09-07/__NESTED_EXPANDED__/DEMOCRACY_INFLUENCE_ALL_INVESTIGATIONS_2026-09-07__99_SOURCE_BUNDLES__INV-137_BUNDLE/INV-137/truth-engine/2026-09-06_20-25_renseignement-executif-medias_INVESTIGATION.md,8dc049a5ba14faa972fd2db9f3aca2d8eeedf2954fc085900b51a4a5db92ee04,03_INVESTIGATIONS/03_NORMALIZED_BY_ID/INV-137/2026-09-06_20-25_renseignement-executif-medias_INVESTIGATION.md,COPIED
INV-137,2026-09-06_20-25_renseignement-executif-medias_RUN_STATE.json,expanded:DEMOCRACY_INFLUENCE_ALL_INVESTIGATIONS_2026-09-07.zip,/mnt/data/DEMOCRACY_INFLUENCE_MASTER_EVIDENCE_BUNDLE_2026-09-11/03_INVESTIGATIONS/02_EXPANDED_ARCHIVES/DEMOCRACY_INFLUENCE_ALL_INVESTIGATIONS_2026-09-07/__NESTED_EXPANDED__/DEMOCRACY_INFLUENCE_ALL_INVESTIGATIONS_2026-09-07__99_SOURCE_BUNDLES__INV-137_BUNDLE/INV-137/truth-engine/2026-09-06_20-25_renseignement-executif-medias_RUN_STATE.json,57518a4fbfef88be2e13945c70af57100614e2a7045391896706568af076287a,03_INVESTIGATIONS/03_NORMALIZED_BY_ID/INV-137/2026-09-06_20-25_renseignement-executif-medias_RUN_STATE.json,COPIED
INV-137,2026-09-06_20-25_renseignement-executif-medias_MNEMO_SNAPSHOT.json,expanded:DEMOCRACY_INFLUENCE_ALL_INVESTIGATIONS_2026-09-07.zip,/mnt/data/DEMOCRACY_INFLUENCE_MASTER_EVIDENCE_BUNDLE_2026-09-11/03_INVESTIGATIONS/02_EXPANDED_ARCHIVES/DEMOCRACY_INFLUENCE_ALL_INVESTIGATIONS_2026-09-07/__NESTED_EXPANDED__/DEMOCRACY_INFLUENCE_ALL_INVESTIGATIONS_2026-09-07__99_SOURCE_BUNDLES__INV-137_BUNDLE/INV-137/truth-engine/2026-09-06_20-25_renseignement-executif-medias_MNEMO_SNAPSHOT.json,4f4b0ff325821e1e36e4dc3606c8d88527dccb152777a0f3fc446f3ad091816c,03_INVESTIGATIONS/03_NORMALIZED_BY_ID/INV-137/2026-09-06_20-25_renseignement-executif-medias_MNEMO_SNAPSHOT.json,COPIED
INV-137,2026-09-06_20-25_renseignement-executif-medias_INPUT.md,expanded:DEMOCRACY_INFLUENCE_ALL_INVESTIGATIONS_2026-09-07.zip,/mnt/data/DEMOCRACY_INFLUENCE_MASTER_EVIDENCE_BUNDLE_2026-09-11/03_INVESTIGATIONS/02_EXPANDED_ARCHIVES/DEMOCRACY_INFLUENCE_ALL_INVESTIGATIONS_2026-09-07/__NESTED_EXPANDED__/DEMOCRACY_INFLUENCE_ALL_INVESTIGATIONS_2026-09-07__99_SOURCE_BUNDLES__INV-137_BUNDLE/INV-137/truth-engine/2026-09-06_20-25_renseignement-executif-medias_INPUT.md,f16c6d16732be42fc4b1c6ed007be384d283dc13f58161a4f966140218c43218,03_INVESTIGATIONS/03_NORMALIZED_BY_ID/INV-137/INV-137_RUN_CARD.md,DUPLICATE_SHA
INV-137,2026-09-06_20-25_renseignement-executif-medias_CERTIFICATION.json,expanded:DEMOCRACY_INFLUENCE_ALL_INVESTIGATIONS_2026-09-07.zip,/mnt/data/DEMOCRACY_INFLUENCE_MASTER_EVIDENCE_BUNDLE_2026-09-11/03_INVESTIGATIONS/02_EXPANDED_ARCHIVES/DEMOCRACY_INFLUENCE_ALL_INVESTIGATIONS_2026-09-07/__NESTED_EXPANDED__/DEMOCRACY_INFLUENCE_ALL_INVESTIGATIONS_2026-09-07__99_SOURCE_BUNDLES__INV-137_BUNDLE/INV-137/truth-engine/2026-09-06_20-25_renseignement-executif-medias_CERTIFICATION.json,b94dd4354291538dc54d0c37a306b9d29d1657cc5503748bb0c79b8e40dde256,03_INVESTIGATIONS/03_NORMALIZED_BY_ID/INV-137/2026-09-06_20-25_renseignement-executif-medias_CERTIFICATION.json,COPIED
INV-137,2026-09-06_20-25_renseignement-executif-medias_NARRATIVE.tmp.md,expanded:DEMOCRACY_INFLUENCE_ALL_INVESTIGATIONS_2026-09-07.zip,/mnt/data/DEMOCRACY_INFLUENCE_MASTER_EVIDENCE_BUNDLE_2026-09-11/03_INVESTIGATIONS/02_EXPANDED_ARCHIVES/DEMOCRACY_INFLUENCE_ALL_INVESTIGATIONS_2026-09-07/__NESTED_EXPANDED__/DEMOCRACY_INFLUENCE_ALL_INVESTIGATIONS_2026-09-07__99_SOURCE_BUNDLES__INV-137_BUNDLE/INV-137/truth-engine/2026-09-06_20-25_renseignement-executif-medias_NARRATIVE.tmp.md,f43d9582377230e9d09a0f33b5d3dec6379fccd21e9d12bae54f2c73f737183d,03_INVESTIGATIONS/03_NORMALIZED_BY_ID/INV-137/2026-09-06_20-25_renseignement-executif-medias_NARRATIVE.tmp.md,COPIED
INV-135,DASHBOARD.md,expanded:DEMOCRACY_INFLUENCE_ALL_INVESTIGATIONS_2026-09-07.zip,/mnt/data/DEMOCRACY_INFLUENCE_MASTER_EVIDENCE_BUNDLE_2026-09-11/03_INVESTIGATIONS/02_EXPANDED_ARCHIVES/DEMOCRACY_INFLUENCE_ALL_INVESTIGATIONS_2026-09-07/__NESTED_EXPANDED__/DEMOCRACY_INFLUENCE_ALL_INVESTIGATIONS_2026-09-07__99_SOURCE_BUNDLES__INV-135_BUNDLE/INV-135/DASHBOARD.md,df38dd982493d465ba94dac2de40d133b48e84d1b91b8fa75b09118a50322624,03_INVESTIGATIONS/03_NORMALIZED_BY_ID/INV-135/DASHBOARD.md,COPIED
INV-135,INVESTIGATION_REGISTRY.csv,expanded:DEMOCRACY_INFLUENCE_ALL_INVESTIGATIONS_2026-09-07.zip,/mnt/data/DEMOCRACY_INFLUENCE_MASTER_EVIDENCE_BUNDLE_2026-09-11/03_INVESTIGATIONS/02_EXPANDED_ARCHIVES/DEMOCRACY_INFLUENCE_ALL_INVESTIGATIONS_2026-09-07/__NESTED_EXPANDED__/DEMOCRACY_INFLUENCE_ALL_INVESTIGATIONS_2026-09-07__99_SOURCE_BUNDLES__INV-135_BUNDLE/INV-135/INVESTIGATION_REGISTRY.csv,3a9612a7e9d9fc5c06290eaf3e13e5a89d72a6518380803fdb39bdfcfab38f2f,03_INVESTIGATIONS/03_NORMALIZED_BY_ID/INV-135/INVESTIGATION_REGISTRY.csv,COPIED
INV-135,INV-135_NARRATIVE.tmp.md,expanded:DEMOCRACY_INFLUENCE_ALL_INVESTIGATIONS_2026-09-07.zip,/mnt/data/DEMOCRACY_INFLUENCE_MASTER_EVIDENCE_BUNDLE_2026-09-11/03_INVESTIGATIONS/02_EXPANDED_ARCHIVES/DEMOCRACY_INFLUENCE_ALL_INVESTIGATIONS_2026-09-07/__NESTED_EXPANDED__/DEMOCRACY_INFLUENCE_ALL_INVESTIGATIONS_2026-09-07__99_SOURCE_BUNDLES__INV-135_BUNDLE/INV-135/INV-135_NARRATIVE.tmp.md,714c6133423fa2cd9874acbbac42385638520e6e461e0fd016b75c4676855124,03_INVESTIGATIONS/03_NORMALIZED_BY_ID/INV-135/INV-135_NARRATIVE.tmp.md,COPIED
INV-135,TRACELOG.md,expanded:DEMOCRACY_INFLUENCE_ALL_INVESTIGATIONS_2026-09-07.zip,/mnt/data/DEMOCRACY_INFLUENCE_MASTER_EVIDENCE_BUNDLE_2026-09-11/03_INVESTIGATIONS/02_EXPANDED_ARCHIVES/DEMOCRACY_INFLUENCE_ALL_INVESTIGATIONS_2026-09-07/__NESTED_EXPANDED__/DEMOCRACY_INFLUENCE_ALL_INVESTIGATIONS_2026-09-07__99_SOURCE_BUNDLES__INV-135_BUNDLE/INV-135/TRACELOG.md,9ab8c5e4b4e9483564e7709f174fa7e051ef76131dce0de465b3bc3c0a074e15,03_INVESTIGATIONS/03_NORMALIZED_BY_ID/INV-135/TRACELOG.md,COPIED
INV-135,INV-135_RUN_STATE.json,expanded:DEMOCRACY_INFLUENCE_ALL_INVESTIGATIONS_2026-09-07.zip,/mnt/data/DEMOCRACY_INFLUENCE_MASTER_EVIDENCE_BUNDLE_2026-09-11/03_INVESTIGATIONS/02_EXPANDED_ARCHIVES/DEMOCRACY_INFLUENCE_ALL_INVESTIGATIONS_2026-09-07/__NESTED_EXPANDED__/DEMOCRACY_INFLUENCE_ALL_INVESTIGATIONS_2026-09-07__99_SOURCE_BUNDLES__INV-135_BUNDLE/INV-135/INV-135_RUN_STATE.json,5c7992ce7053679df40f5425b30c681982c9bee03b105312bcb6422a31a62ac3,03_INVESTIGATIONS/03_NORMALIZED_BY_ID/INV-135/INV-135_RUN_STATE.json,COPIED
INV-135,INV-135_POST_RUN_REVIEW.md,expanded:DEMOCRACY_INFLUENCE_ALL_INVESTIGATIONS_2026-09-07.zip,/mnt/data/DEMOCRACY_INFLUENCE_MASTER_EVIDENCE_BUNDLE_2026-09-11/03_INVESTIGATIONS/02_EXPANDED_ARCHIVES/DEMOCRACY_INFLUENCE_ALL_INVESTIGATIONS_2026-09-07/__NESTED_EXPANDED__/DEMOCRACY_INFLUENCE_ALL_INVESTIGATIONS_2026-09-07__99_SOURCE_BUNDLES__INV-135_BUNDLE/INV-135/INV-135_POST_RUN_REVIEW.md,f7a513568c02242ef179f3ddbf0aa15c71b6c9f923fd2c3a311c5bcd7f7e7731,03_INVESTIGATIONS/03_NORMALIZED_BY_ID/INV-135/INV-135_POST_RUN_REVIEW.md,COPIED
INV-135,INV-135_RUN_CARD.md,expanded:DEMOCRACY_INFLUENCE_ALL_INVESTIGATIONS_2026-09-07.zip,/mnt/data/DEMOCRACY_INFLUENCE_MASTER_EVIDENCE_BUNDLE_2026-09-11/03_INVESTIGATIONS/02_EXPANDED_ARCHIVES/DEMOCRACY_INFLUENCE_ALL_INVESTIGATIONS_2026-09-07/__NESTED_EXPANDED__/DEMOCRACY_INFLUENCE_ALL_INVESTIGATIONS_2026-09-07__99_SOURCE_BUNDLES__INV-135_BUNDLE/INV-135/INV-135_RUN_CARD.md,ba4fd06707cd8aefba0339919bee3e97d81e6109f5370385a293c817b2b75c7b,03_INVESTIGATIONS/03_NORMALIZED_BY_ID/INV-135/INV-135_RUN_CARD.md,COPIED
INV-135,INV-135_CERTIFICATION.json,expanded:DEMOCRACY_INFLUENCE_ALL_INVESTIGATIONS_2026-09-07.zip,/mnt/data/DEMOCRACY_INFLUENCE_MASTER_EVIDENCE_BUNDLE_2026-09-11/03_INVESTIGATIONS/02_EXPANDED_ARCHIVES/DEMOCRACY_INFLUENCE_ALL_INVESTIGATIONS_2026-09-07/__NESTED_EXPANDED__/DEMOCRACY_INFLUENCE_ALL_INVESTIGATIONS_2026-09-07__99_SOURCE_BUNDLES__INV-135_BUNDLE/INV-135/INV-135_CERTIFICATION.json,e5adb53fbae32d5a635a4de237895429fc3422ca1eea116d8d28f84e3000531b,03_INVESTIGATIONS/03_NORMALIZED_BY_ID/INV-135/INV-135_CERTIFICATION.json,COPIED
INV-135,INV-135_INPUT.txt,expanded:DEMOCRACY_INFLUENCE_ALL_INVESTIGATIONS_2026-09-07.zip,/mnt/data/DEMOCRACY_INFLUENCE_MASTER_EVIDENCE_BUNDLE_2026-09-11/03_INVESTIGATIONS/02_EXPANDED_ARCHIVES/DEMOCRACY_INFLUENCE_ALL_INVESTIGATIONS_2026-09-07/__NESTED_EXPANDED__/DEMOCRACY_INFLUENCE_ALL_INVESTIGATIONS_2026-09-07__99_SOURCE_BUNDLES__INV-135_BUNDLE/INV-135/INV-135_INPUT.txt,ba4fd06707cd8aefba0339919bee3e97d81e6109f5370385a293c817b2b75c7b,03_INVESTIGATIONS/03_NORMALIZED_BY_ID/INV-135/INV-135_RUN_CARD.md,DUPLICATE_SHA
INV-135,INV-135_MNEMO_SNAPSHOT.json,expanded:DEMOCRACY_INFLUENCE_ALL_INVESTIGATIONS_2026-09-07.zip,/mnt/data/DEMOCRACY_INFLUENCE_MASTER_EVIDENCE_BUNDLE_2026-09-11/03_INVESTIGATIONS/02_EXPANDED_ARCHIVES/DEMOCRACY_INFLUENCE_ALL_INVESTIGATIONS_2026-09-07/__NESTED_EXPANDED__/DEMOCRACY_INFLUENCE_ALL_INVESTIGATIONS_2026-09-07__99_SOURCE_BUNDLES__INV-135_BUNDLE/INV-135/INV-135_MNEMO_SNAPSHOT.json,40609a97752c9c0f3615876b029e9289cea11e1a0c7e8cb8d4db2e271e100651,03_INVESTIGATIONS/03_NORMALIZED_BY_ID/INV-135/INV-135_MNEMO_SNAPSHOT.json,COPIED
INV-135,INV-135_SHA256.txt,expanded:DEMOCRACY_INFLUENCE_ALL_INVESTIGATIONS_2026-09-07.zip,/mnt/data/DEMOCRACY_INFLUENCE_MASTER_EVIDENCE_BUNDLE_2026-09-11/03_INVESTIGATIONS/02_EXPANDED_ARCHIVES/DEMOCRACY_INFLUENCE_ALL_INVESTIGATIONS_2026-09-07/__NESTED_EXPANDED__/DEMOCRACY_INFLUENCE_ALL_INVESTIGATIONS_2026-09-07__99_SOURCE_BUNDLES__INV-135_BUNDLE/INV-135/INV-135_SHA256.txt,6af2d0166dc187631d8910f78a5818f55c94b2d0e1cf96297e5d762b70f9cc6e,03_INVESTIGATIONS/03_NORMALIZED_BY_ID/INV-135/INV-135_SHA256.txt,COPIED
INV-135,INV-135_INVESTIGATION.md,expanded:DEMOCRACY_INFLUENCE_ALL_INVESTIGATIONS_2026-09-07.zip,/mnt/data/DEMOCRACY_INFLUENCE_MASTER_EVIDENCE_BUNDLE_2026-09-11/03_INVESTIGATIONS/02_EXPANDED_ARCHIVES/DEMOCRACY_INFLUENCE_ALL_INVESTIGATIONS_2026-09-07/__NESTED_EXPANDED__/DEMOCRACY_INFLUENCE_ALL_INVESTIGATIONS_2026-09-07__99_SOURCE_BUNDLES__INV-135_BUNDLE/INV-135/INV-135_INVESTIGATION.md,353a82a97819f95366c9ab146b64c2ed72865fd4df2fec2cfd168bad6c555c72,03_INVESTIGATIONS/03_NORMALIZED_BY_ID/INV-135/INV-135_INVESTIGATION.md,COPIED
INV-135,INV-135_RUN_HANDOFF.md,expanded:DEMOCRACY_INFLUENCE_ALL_INVESTIGATIONS_2026-09-07.zip,/mnt/data/DEMOCRACY_INFLUENCE_MASTER_EVIDENCE_BUNDLE_2026-09-11/03_INVESTIGATIONS/02_EXPANDED_ARCHIVES/DEMOCRACY_INFLUENCE_ALL_INVESTIGATIONS_2026-09-07/__NESTED_EXPANDED__/DEMOCRACY_INFLUENCE_ALL_INVESTIGATIONS_2026-09-07__99_SOURCE_BUNDLES__INV-135_BUNDLE/INV-135/INV-135_RUN_HANDOFF.md,656b7327adaeb9c776c276883292f54f4ff53d4d41607c14bd4a76532ca03187,03_INVESTIGATIONS/03_NORMALIZED_BY_ID/INV-135/INV-135_RUN_HANDOFF.md,COPIED
INV-022,README_BUNDLE.md,expanded:DEMOCRACY_INFLUENCE_ALL_INVESTIGATIONS_2026-09-07.zip,/mnt/data/DEMOCRACY_INFLUENCE_MASTER_EVIDENCE_BUNDLE_2026-09-11/03_INVESTIGATIONS/02_EXPANDED_ARCHIVES/DEMOCRACY_INFLUENCE_ALL_INVESTIGATIONS_2026-09-07/__NESTED_EXPANDED__/DEMOCRACY_INFLUENCE_ALL_INVESTIGATIONS_2026-09-07__99_SOURCE_BUNDLES__INV-022_R3_FULL_FORENSIC_BUNDLE/INV-022_R3_FULL_FORENSIC_BUNDLE/README_BUNDLE.md,8a08fd480f4d245eaa5c7d10044e863ea492de6cc2c43a2547f443b31ca231a1,03_INVESTIGATIONS/03_NORMALIZED_BY_ID/INV-022/README_BUNDLE.md,COPIED
INV-022,SHA256SUMS.txt,expanded:DEMOCRACY_INFLUENCE_ALL_INVESTIGATIONS_2026-09-07.zip,/mnt/data/DEMOCRACY_INFLUENCE_MASTER_EVIDENCE_BUNDLE_2026-09-11/03_INVESTIGATIONS/02_EXPANDED_ARCHIVES/DEMOCRACY_INFLUENCE_ALL_INVESTIGATIONS_2026-09-07/__NESTED_EXPANDED__/DEMOCRACY_INFLUENCE_ALL_INVESTIGATIONS_2026-09-07__99_SOURCE_BUNDLES__INV-022_R3_FULL_FORENSIC_BUNDLE/INV-022_R3_FULL_FORENSIC_BUNDLE/SHA256SUMS.txt,02faf8eb8d88078c54b0253a2b2053cd813056a24d08ef83af8a55ad409925bf,03_INVESTIGATIONS/03_NORMALIZED_BY_ID/INV-022/SHA256SUMS.txt,COPIED
INV-022,continue_r3_phase12_13.py,expanded:DEMOCRACY_INFLUENCE_ALL_INVESTIGATIONS_2026-09-07.zip,/mnt/data/DEMOCRACY_INFLUENCE_MASTER_EVIDENCE_BUNDLE_2026-09-11/03_INVESTIGATIONS/02_EXPANDED_ARCHIVES/DEMOCRACY_INFLUENCE_ALL_INVESTIGATIONS_2026-09-07/__NESTED_EXPANDED__/DEMOCRACY_INFLUENCE_ALL_INVESTIGATIONS_2026-09-07__99_SOURCE_BUNDLES__INV-022_R3_FULL_FORENSIC_BUNDLE/INV-022_R3_FULL_FORENSIC_BUNDLE/WORKING_TRACE/continue_r3_phase12_13.py,f23099fb7e4ba727475a31180470619bb7303f1cf2c865f16f00ba5c8f914540,03_INVESTIGATIONS/03_NORMALIZED_BY_ID/INV-022/continue_r3_phase12_13.py,COPIED
INV-022,persistence_payload.py,expanded:DEMOCRACY_INFLUENCE_ALL_INVESTIGATIONS_2026-09-07.zip,/mnt/data/DEMOCRACY_INFLUENCE_MASTER_EVIDENCE_BUNDLE_2026-09-11/03_INVESTIGATIONS/02_EXPANDED_ARCHIVES/DEMOCRACY_INFLUENCE_ALL_INVESTIGATIONS_2026-09-07/__NESTED_EXPANDED__/DEMOCRACY_INFLUENCE_ALL_INVESTIGATIONS_2026-09-07__99_SOURCE_BUNDLES__INV-022_R3_FULL_FORENSIC_BUNDLE/INV-022_R3_FULL_FORENSIC_BUNDLE/WORKING_TRACE/persistence_payload.py,f259fbe18264fcf8fd528feee4d79f336e57af5b583e0fc6dbee4dbef68f8425,03_INVESTIGATIONS/03_NORMALIZED_BY_ID/INV-022/persistence_payload.py,COPIED
INV-022,continue_r3_phase16_17.py,expanded:DEMOCRACY_INFLUENCE_ALL_INVESTIGATIONS_2026-09-07.zip,/mnt/data/DEMOCRACY_INFLUENCE_MASTER_EVIDENCE_BUNDLE_2026-09-11/03_INVESTIGATIONS/02_EXPANDED_ARCHIVES/DEMOCRACY_INFLUENCE_ALL_INVESTIGATIONS_2026-09-07/__NESTED_EXPANDED__/DEMOCRACY_INFLUENCE_ALL_INVESTIGATIONS_2026-09-07__99_SOURCE_BUNDLES__INV-022_R3_FULL_FORENSIC_BUNDLE/INV-022_R3_FULL_FORENSIC_BUNDLE/WORKING_TRACE/continue_r3_phase16_17.py,f74760f3f3f9554b404aa7f11fe325bec89c23c35a65a17a5a19e0e352f929bc,03_INVESTIGATIONS/03_NORMALIZED_BY_ID/INV-022/continue_r3_phase16_17.py,COPIED
INV-022,INV022_TECHNICAL_BODY_CANDIDATE.md,expanded:DEMOCRACY_INFLUENCE_ALL_INVESTIGATIONS_2026-09-07.zip,/mnt/data/DEMOCRACY_INFLUENCE_MASTER_EVIDENCE_BUNDLE_2026-09-11/03_INVESTIGATIONS/02_EXPANDED_ARCHIVES/DEMOCRACY_INFLUENCE_ALL_INVESTIGATIONS_2026-09-07/__NESTED_EXPANDED__/DEMOCRACY_INFLUENCE_ALL_INVESTIGATIONS_2026-09-07__99_SOURCE_BUNDLES__INV-022_R3_FULL_FORENSIC_BUNDLE/INV-022_R3_FULL_FORENSIC_BUNDLE/WORKING_TRACE/INV022_TECHNICAL_BODY_CANDIDATE.md,79295880570f35fce78ab687b34d0604c56cb8ace01d17cd9a8fcc666cf52766,03_INVESTIGATIONS/03_NORMALIZED_BY_ID/INV-022/2026-09-06_10-57_russie-operations-influence-france_NARRATIVE.tmp.md,DUPLICATE_SHA
INV-022,INV-022_R3_E2E_TEST_REPORT.md,expanded:DEMOCRACY_INFLUENCE_ALL_INVESTIGATIONS_2026-09-07.zip,/mnt/data/DEMOCRACY_INFLUENCE_MASTER_EVIDENCE_BUNDLE_2026-09-11/03_INVESTIGATIONS/02_EXPANDED_ARCHIVES/DEMOCRACY_INFLUENCE_ALL_INVESTIGATIONS_2026-09-07/__NESTED_EXPANDED__/DEMOCRACY_INFLUENCE_ALL_INVESTIGATIONS_2026-09-07__99_SOURCE_BUNDLES__INV-022_R3_FULL_FORENSIC_BUNDLE/INV-022_R3_FULL_FORENSIC_BUNDLE/E2E/INV-022_R3_E2E_TEST_REPORT.md,74a7359e0fb339d1c6fbf3e08f111b7b75d0e81090832a40cf4bea60448c3aa4,03_INVESTIGATIONS/03_NORMALIZED_BY_ID/INV-022/INV-022_R3_E2E_TEST_REPORT.md,COPIED
INV-022,.verify_pending_delivery.json,expanded:DEMOCRACY_INFLUENCE_ALL_INVESTIGATIONS_2026-09-07.zip,/mnt/data/DEMOCRACY_INFLUENCE_MASTER_EVIDENCE_BUNDLE_2026-09-11/03_INVESTIGATIONS/02_EXPANDED_ARCHIVES/DEMOCRACY_INFLUENCE_ALL_INVESTIGATIONS_2026-09-07/__NESTED_EXPANDED__/DEMOCRACY_INFLUENCE_ALL_INVESTIGATIONS_2026-09-07__99_SOURCE_BUNDLES__INV-022_R3_FULL_FORENSIC_BUNDLE/INV-022_R3_FULL_FORENSIC_BUNDLE/VERIFICATION/.verify_pending_delivery.json,4ebe303c11d45e4930e4874f0c06129e13428a4fa57cc9a70354bc0c7d33043b,03_INVESTIGATIONS/03_NORMALIZED_BY_ID/INV-022/.verify_pending_delivery.json,COPIED
INV-022,.verify_result_delivery.json,expanded:DEMOCRACY_INFLUENCE_ALL_INVESTIGATIONS_2026-09-07.zip,/mnt/data/DEMOCRACY_INFLUENCE_MASTER_EVIDENCE_BUNDLE_2026-09-11/03_INVESTIGATIONS/02_EXPANDED_ARCHIVES/DEMOCRACY_INFLUENCE_ALL_INVESTIGATIONS_2026-09-07/__NESTED_EXPANDED__/DEMOCRACY_INFLUENCE_ALL_INVESTIGATIONS_2026-09-07__99_SOURCE_BUNDLES__INV-022_R3_FULL_FORENSIC_BUNDLE/INV-022_R3_FULL_FORENSIC_BUNDLE/VERIFICATION/.verify_result_delivery.json,d1bfee1e92f8b89f576e736594dd207621ae9e2a890252593dd246dab4ff67e8,03_INVESTIGATIONS/03_NORMALIZED_BY_ID/INV-022/.verify_result_delivery.json,COPIED
INV-022,INV-022_VERIFY_DELIVERY_RESULT.json,expanded:DEMOCRACY_INFLUENCE_ALL_INVESTIGATIONS_2026-09-07.zip,/mnt/data/DEMOCRACY_INFLUENCE_MASTER_EVIDENCE_BUNDLE_2026-09-11/03_INVESTIGATIONS/02_EXPANDED_ARCHIVES/DEMOCRACY_INFLUENCE_ALL_INVESTIGATIONS_2026-09-07/__NESTED_EXPANDED__/DEMOCRACY_INFLUENCE_ALL_INVESTIGATIONS_2026-09-07__99_SOURCE_BUNDLES__INV-022_R3_FULL_FORENSIC_BUNDLE/INV-022_R3_FULL_FORENSIC_BUNDLE/VERIFICATION/INV-022_VERIFY_DELIVERY_RESULT.json,d1bfee1e92f8b89f576e736594dd207621ae9e2a890252593dd246dab4ff67e8,03_INVESTIGATIONS/03_NORMALIZED_BY_ID/INV-022/.verify_result_delivery.json,DUPLICATE_SHA
INV-022,KERNEL.md,expanded:DEMOCRACY_INFLUENCE_ALL_INVESTIGATIONS_2026-09-07.zip,/mnt/data/DEMOCRACY_INFLUENCE_MASTER_EVIDENCE_BUNDLE_2026-09-11/03_INVESTIGATIONS/02_EXPANDED_ARCHIVES/DEMOCRACY_INFLUENCE_ALL_INVESTIGATIONS_2026-09-07/__NESTED_EXPANDED__/DEMOCRACY_INFLUENCE_ALL_INVESTIGATIONS_2026-09-07__99_SOURCE_BUNDLES__INV-022_R3_FULL_FORENSIC_BUNDLE/INV-022_R3_FULL_FORENSIC_BUNDLE/ENGINE_CONTRACT_SNAPSHOT/KERNEL.md,0d78b5d2db873d6bb9984867c3a4b1095b46400db2145487a763680b43e88974,03_INVESTIGATIONS/03_NORMALIZED_BY_ID/INV-022/KERNEL.md,COPIED
INV-022,2026-09-06_10-57_russie-operations-influence-france_RUN_STATE.json,expanded:DEMOCRACY_INFLUENCE_ALL_INVESTIGATIONS_2026-09-07.zip,/mnt/data/DEMOCRACY_INFLUENCE_MASTER_EVIDENCE_BUNDLE_2026-09-11/03_INVESTIGATIONS/02_EXPANDED_ARCHIVES/DEMOCRACY_INFLUENCE_ALL_INVESTIGATIONS_2026-09-07/__NESTED_EXPANDED__/DEMOCRACY_INFLUENCE_ALL_INVESTIGATIONS_2026-09-07__99_SOURCE_BUNDLES__INV-022_R3_FULL_FORENSIC_BUNDLE/INV-022_R3_FULL_FORENSIC_BUNDLE/CANONICAL_RUN/2026-09-06_10-57_russie-operations-influence-france_RUN_STATE.json,b639fb372d9599c675dbb4e2821fa3c6e66573be303f66297935db385e17662e,03_INVESTIGATIONS/03_NORMALIZED_BY_ID/INV-022/2026-09-06_10-57_russie-operations-influence-france_RUN_STATE.json,DUPLICATE_SHA
INV-022,2026-09-06_10-57_russie-operations-influence-france_INPUT.txt,expanded:DEMOCRACY_INFLUENCE_ALL_INVESTIGATIONS_2026-09-07.zip,/mnt/data/DEMOCRACY_INFLUENCE_MASTER_EVIDENCE_BUNDLE_2026-09-11/03_INVESTIGATIONS/02_EXPANDED_ARCHIVES/DEMOCRACY_INFLUENCE_ALL_INVESTIGATIONS_2026-09-07/__NESTED_EXPANDED__/DEMOCRACY_INFLUENCE_ALL_INVESTIGATIONS_2026-09-07__99_SOURCE_BUNDLES__INV-022_R3_FULL_FORENSIC_BUNDLE/INV-022_R3_FULL_FORENSIC_BUNDLE/CANONICAL_RUN/2026-09-06_10-57_russie-operations-influence-france_INPUT.txt,b4582f7330c39e3a47f6aa7512bfb623ddea7e7e3dd046421e246631a29e05f4,03_INVESTIGATIONS/03_NORMALIZED_BY_ID/INV-022/2026-09-06_10-57_russie-operations-influence-france_INPUT.txt,DUPLICATE_SHA
INV-022,2026-09-06_10-57_russie-operations-influence-france_NARRATIVE.tmp.md,expanded:DEMOCRACY_INFLUENCE_ALL_INVESTIGATIONS_2026-09-07.zip,/mnt/data/DEMOCRACY_INFLUENCE_MASTER_EVIDENCE_BUNDLE_2026-09-11/03_INVESTIGATIONS/02_EXPANDED_ARCHIVES/DEMOCRACY_INFLUENCE_ALL_INVESTIGATIONS_2026-09-07/__NESTED_EXPANDED__/DEMOCRACY_INFLUENCE_ALL_INVESTIGATIONS_2026-09-07__99_SOURCE_BUNDLES__INV-022_R3_FULL_FORENSIC_BUNDLE/INV-022_R3_FULL_FORENSIC_BUNDLE/CANONICAL_RUN/2026-09-06_10-57_russie-operations-influence-france_NARRATIVE.tmp.md,79295880570f35fce78ab687b34d0604c56cb8ace01d17cd9a8fcc666cf52766,03_INVESTIGATIONS/03_NORMALIZED_BY_ID/INV-022/2026-09-06_10-57_russie-operations-influence-france_NARRATIVE.tmp.md,DUPLICATE_SHA
INV-022,2026-09-06_10-57_russie-operations-influence-france_CERTIFICATION.json,expanded:DEMOCRACY_INFLUENCE_ALL_INVESTIGATIONS_2026-09-07.zip,/mnt/data/DEMOCRACY_INFLUENCE_MASTER_EVIDENCE_BUNDLE_2026-09-11/03_INVESTIGATIONS/02_EXPANDED_ARCHIVES/DEMOCRACY_INFLUENCE_ALL_INVESTIGATIONS_2026-09-07/__NESTED_EXPANDED__/DEMOCRACY_INFLUENCE_ALL_INVESTIGATIONS_2026-09-07__99_SOURCE_BUNDLES__INV-022_R3_FULL_FORENSIC_BUNDLE/INV-022_R3_FULL_FORENSIC_BUNDLE/CANONICAL_RUN/2026-09-06_10-57_russie-operations-influence-france_CERTIFICATION.json,1849eb3855b4b4ee51ce00d865617942beb0cd8088154f7bf95d177589668df9,03_INVESTIGATIONS/03_NORMALIZED_BY_ID/INV-022/2026-09-06_10-57_russie-operations-influence-france_CERTIFICATION.json,DUPLICATE_SHA
INV-022,2026-09-06_10-57_russie-operations-influence-france_MNEMO_SNAPSHOT.json,expanded:DEMOCRACY_INFLUENCE_ALL_INVESTIGATIONS_2026-09-07.zip,/mnt/data/DEMOCRACY_INFLUENCE_MASTER_EVIDENCE_BUNDLE_2026-09-11/03_INVESTIGATIONS/02_EXPANDED_ARCHIVES/DEMOCRACY_INFLUENCE_ALL_INVESTIGATIONS_2026-09-07/__NESTED_EXPANDED__/DEMOCRACY_INFLUENCE_ALL_INVESTIGATIONS_2026-09-07__99_SOURCE_BUNDLES__INV-022_R3_FULL_FORENSIC_BUNDLE/INV-022_R3_FULL_FORENSIC_BUNDLE/CANONICAL_RUN/2026-09-06_10-57_russie-operations-influence-france_MNEMO_SNAPSHOT.json,ccadef83af9d6f2dba278bf6f302984705f9a9f3eb9c1855e7299a8f7de8223e,03_INVESTIGATIONS/03_NORMALIZED_BY_ID/INV-022/2026-09-06_10-57_russie-operations-influence-france_MNEMO_SNAPSHOT.json,DUPLICATE_SHA
INV-022,2026-09-06_10-57_russie-operations-influence-france_INVESTIGATION.md,expanded:DEMOCRACY_INFLUENCE_ALL_INVESTIGATIONS_2026-09-07.zip,/mnt/data/DEMOCRACY_INFLUENCE_MASTER_EVIDENCE_BUNDLE_2026-09-11/03_INVESTIGATIONS/02_EXPANDED_ARCHIVES/DEMOCRACY_INFLUENCE_ALL_INVESTIGATIONS_2026-09-07/__NESTED_EXPANDED__/DEMOCRACY_INFLUENCE_ALL_INVESTIGATIONS_2026-09-07__99_SOURCE_BUNDLES__INV-022_R3_FULL_FORENSIC_BUNDLE/INV-022_R3_FULL_FORENSIC_BUNDLE/CANONICAL_RUN/2026-09-06_10-57_russie-operations-influence-france_INVESTIGATION.md,a5d3c37a2dec09a07a0d2ec2ab00be4fd794b814729a1c749032cdab07ff806e,03_INVESTIGATIONS/03_NORMALIZED_BY_ID/INV-022/2026-09-06_10-57_russie-operations-influence-france_INVESTIGATION.md,DUPLICATE_SHA
INV-022,GATES.md,expanded:DEMOCRACY_INFLUENCE_ALL_INVESTIGATIONS_2026-09-07.zip,/mnt/data/DEMOCRACY_INFLUENCE_MASTER_EVIDENCE_BUNDLE_2026-09-11/03_INVESTIGATIONS/02_EXPANDED_ARCHIVES/DEMOCRACY_INFLUENCE_ALL_INVESTIGATIONS_2026-09-07/__NESTED_EXPANDED__/DEMOCRACY_INFLUENCE_ALL_INVESTIGATIONS_2026-09-07__99_SOURCE_BUNDLES__INV-022_R3_FULL_FORENSIC_BUNDLE/INV-022_R3_FULL_FORENSIC_BUNDLE/ENGINE_CONTRACT_SNAPSHOT/forensic/GATES.md,f97b090c26f79b93eeecb291e37f8887d935df5ffaa36d8d6da502fa75f6da6d,03_INVESTIGATIONS/03_NORMALIZED_BY_ID/INV-022/GATES.md,COPIED
INV-022,TEMPLATE.md,expanded:DEMOCRACY_INFLUENCE_ALL_INVESTIGATIONS_2026-09-07.zip,/mnt/data/DEMOCRACY_INFLUENCE_MASTER_EVIDENCE_BUNDLE_2026-09-11/03_INVESTIGATIONS/02_EXPANDED_ARCHIVES/DEMOCRACY_INFLUENCE_ALL_INVESTIGATIONS_2026-09-07/__NESTED_EXPANDED__/DEMOCRACY_INFLUENCE_ALL_INVESTIGATIONS_2026-09-07__99_SOURCE_BUNDLES__INV-022_R3_FULL_FORENSIC_BUNDLE/INV-022_R3_FULL_FORENSIC_BUNDLE/ENGINE_CONTRACT_SNAPSHOT/output/TEMPLATE.md,eb504ed558d7638b8f599fc6990c6d74783ca81ae1d8016a15d70b8273c31f05,03_INVESTIGATIONS/03_NORMALIZED_BY_ID/INV-022/TEMPLATE.md,COPIED
INV-022,INVESTIGATION.md,expanded:DEMOCRACY_INFLUENCE_ALL_INVESTIGATIONS_2026-09-07.zip,/mnt/data/DEMOCRACY_INFLUENCE_MASTER_EVIDENCE_BUNDLE_2026-09-11/03_INVESTIGATIONS/02_EXPANDED_ARCHIVES/DEMOCRACY_INFLUENCE_ALL_INVESTIGATIONS_2026-09-07/__NESTED_EXPANDED__/DEMOCRACY_INFLUENCE_ALL_INVESTIGATIONS_2026-09-07__99_SOURCE_BUNDLES__INV-022_R3_FULL_FORENSIC_BUNDLE/INV-022_R3_FULL_FORENSIC_BUNDLE/ENGINE_CONTRACT_SNAPSHOT/protocol/INVESTIGATION.md,2418fb593a78048830f2900e04828ce3d7e26aef996bcdddd2199f61a026c208,03_INVESTIGATIONS/03_NORMALIZED_BY_ID/INV-022/INVESTIGATION.md,COPIED
INV-022,EPISTEMIC.md,expanded:DEMOCRACY_INFLUENCE_ALL_INVESTIGATIONS_2026-09-07.zip,/mnt/data/DEMOCRACY_INFLUENCE_MASTER_EVIDENCE_BUNDLE_2026-09-11/03_INVESTIGATIONS/02_EXPANDED_ARCHIVES/DEMOCRACY_INFLUENCE_ALL_INVESTIGATIONS_2026-09-07/__NESTED_EXPANDED__/DEMOCRACY_INFLUENCE_ALL_INVESTIGATIONS_2026-09-07__99_SOURCE_BUNDLES__INV-022_R3_FULL_FORENSIC_BUNDLE/INV-022_R3_FULL_FORENSIC_BUNDLE/ENGINE_CONTRACT_SNAPSHOT/search/EPISTEMIC.md,482558f2ea834418625647b92659ef1773ffc71bc09bdce2f5f3bab91791ae00,03_INVESTIGATIONS/03_NORMALIZED_BY_ID/INV-022/EPISTEMIC.md,COPIED
INV-022,run_state.py,expanded:DEMOCRACY_INFLUENCE_ALL_INVESTIGATIONS_2026-09-07.zip,/mnt/data/DEMOCRACY_INFLUENCE_MASTER_EVIDENCE_BUNDLE_2026-09-11/03_INVESTIGATIONS/02_EXPANDED_ARCHIVES/DEMOCRACY_INFLUENCE_ALL_INVESTIGATIONS_2026-09-07/__NESTED_EXPANDED__/DEMOCRACY_INFLUENCE_ALL_INVESTIGATIONS_2026-09-07__99_SOURCE_BUNDLES__INV-022_R3_FULL_FORENSIC_BUNDLE/INV-022_R3_FULL_FORENSIC_BUNDLE/ENGINE_CONTRACT_SNAPSHOT/tools/runtime/run_state.py,81effd7bfef4ddcdacba1f9a4139cd856fae0eb7853518846f2381a49869d77e,03_INVESTIGATIONS/03_NORMALIZED_BY_ID/INV-022/run_state.py,COPIED
INV-022,verify.py,expanded:DEMOCRACY_INFLUENCE_ALL_INVESTIGATIONS_2026-09-07.zip,/mnt/data/DEMOCRACY_INFLUENCE_MASTER_EVIDENCE_BUNDLE_2026-09-11/03_INVESTIGATIONS/02_EXPANDED_ARCHIVES/DEMOCRACY_INFLUENCE_ALL_INVESTIGATIONS_2026-09-07/__NESTED_EXPANDED__/DEMOCRACY_INFLUENCE_ALL_INVESTIGATIONS_2026-09-07__99_SOURCE_BUNDLES__INV-022_R3_FULL_FORENSIC_BUNDLE/INV-022_R3_FULL_FORENSIC_BUNDLE/ENGINE_CONTRACT_SNAPSHOT/tools/verify/verify.py,19cf032f21945d6bd2c8e3889086293b640fee98b1e97e855baf5ec39f18fa59,03_INVESTIGATIONS/03_NORMALIZED_BY_ID/INV-022/verify.py,COPIED
INV-002,INV-002_COVERAGE_CHANGES.csv,expanded:DEMOCRACY_INFLUENCE_ALL_INVESTIGATIONS_2026-09-07.zip,/mnt/data/DEMOCRACY_INFLUENCE_MASTER_EVIDENCE_BUNDLE_2026-09-11/03_INVESTIGATIONS/02_EXPANDED_ARCHIVES/DEMOCRACY_INFLUENCE_ALL_INVESTIGATIONS_2026-09-07/__NESTED_EXPANDED__/DEMOCRACY_INFLUENCE_ALL_INVESTIGATIONS_2026-09-07__01_RUNTIME_AND_CORPUS__INVESTIGATION_CONTROL_v0.7_METHOD_PACK/INVESTIGATION_CONTROL_v0.7_METHOD_PACK/INV-002/INV-002_COVERAGE_CHANGES.csv,6a28f9e134d0395884b06562070668a375e228a9d76623a7dc6db608b2199ef8,03_INVESTIGATIONS/03_NORMALIZED_BY_ID/INV-002/INV-002_COVERAGE_CHANGES.csv,COPIED
INV-002,INV-002_THEME_MATRIX.csv,expanded:DEMOCRACY_INFLUENCE_ALL_INVESTIGATIONS_2026-09-07.zip,/mnt/data/DEMOCRACY_INFLUENCE_MASTER_EVIDENCE_BUNDLE_2026-09-11/03_INVESTIGATIONS/02_EXPANDED_ARCHIVES/DEMOCRACY_INFLUENCE_ALL_INVESTIGATIONS_2026-09-07/__NESTED_EXPANDED__/DEMOCRACY_INFLUENCE_ALL_INVESTIGATIONS_2026-09-07__01_RUNTIME_AND_CORPUS__INVESTIGATION_CONTROL_v0.7_METHOD_PACK/INVESTIGATION_CONTROL_v0.7_METHOD_PACK/INV-002/INV-002_THEME_MATRIX.csv,f6eb6032873806e0180772cfe90fc44b649408b4b646077f835a4b0b02084a68,03_INVESTIGATIONS/03_NORMALIZED_BY_ID/INV-002/INV-002_THEME_MATRIX.csv,COPIED
INV-002,INV-002_INVESTIGATION_COVERAGE.csv,expanded:DEMOCRACY_INFLUENCE_ALL_INVESTIGATIONS_2026-09-07.zip,/mnt/data/DEMOCRACY_INFLUENCE_MASTER_EVIDENCE_BUNDLE_2026-09-11/03_INVESTIGATIONS/02_EXPANDED_ARCHIVES/DEMOCRACY_INFLUENCE_ALL_INVESTIGATIONS_2026-09-07/__NESTED_EXPANDED__/DEMOCRACY_INFLUENCE_ALL_INVESTIGATIONS_2026-09-07__01_RUNTIME_AND_CORPUS__INVESTIGATION_CONTROL_v0.7_METHOD_PACK/INVESTIGATION_CONTROL_v0.7_METHOD_PACK/INV-002/INV-002_INVESTIGATION_COVERAGE.csv,517d66685cde2d9398af522e7ad344ae494ad0036a346dfa7b66c80e49dbfe3c,03_INVESTIGATIONS/03_NORMALIZED_BY_ID/INV-002/INV-002_INVESTIGATION_COVERAGE.csv,COPIED
INV-002,MANIFEST_SHA256.csv,expanded:DEMOCRACY_INFLUENCE_ALL_INVESTIGATIONS_2026-09-07.zip,/mnt/data/DEMOCRACY_INFLUENCE_MASTER_EVIDENCE_BUNDLE_2026-09-11/03_INVESTIGATIONS/02_EXPANDED_ARCHIVES/DEMOCRACY_INFLUENCE_ALL_INVESTIGATIONS_2026-09-07/__NESTED_EXPANDED__/DEMOCRACY_INFLUENCE_ALL_INVESTIGATIONS_2026-09-07__01_RUNTIME_AND_CORPUS__INVESTIGATION_CONTROL_v0.7_METHOD_PACK/INVESTIGATION_CONTROL_v0.7_METHOD_PACK/INV-002/MANIFEST_SHA256.csv,01d0b53abd48f0f2a0f0ab3113fe508318f1710e6b593decc0deffb17f014f6a,03_INVESTIGATIONS/03_NORMALIZED_BY_ID/INV-002/MANIFEST_SHA256.csv,COPIED
INV-002,INV-002_STATS.json,expanded:DEMOCRACY_INFLUENCE_ALL_INVESTIGATIONS_2026-09-07.zip,/mnt/data/DEMOCRACY_INFLUENCE_MASTER_EVIDENCE_BUNDLE_2026-09-11/03_INVESTIGATIONS/02_EXPANDED_ARCHIVES/DEMOCRACY_INFLUENCE_ALL_INVESTIGATIONS_2026-09-07/__NESTED_EXPANDED__/DEMOCRACY_INFLUENCE_ALL_INVESTIGATIONS_2026-09-07__01_RUNTIME_AND_CORPUS__INVESTIGATION_CONTROL_v0.7_METHOD_PACK/INVESTIGATION_CONTROL_v0.7_METHOD_PACK/INV-002/INV-002_STATS.json,c50fc6c700650e7c719d8b33be0b880e8cd3d19d8cb50983972577814e50d9df,03_INVESTIGATIONS/03_NORMALIZED_BY_ID/INV-002/INV-002_STATS.json,COPIED
INV-002,INV-002_REPORT.md,expanded:DEMOCRACY_INFLUENCE_ALL_INVESTIGATIONS_2026-09-07.zip,/mnt/data/DEMOCRACY_INFLUENCE_MASTER_EVIDENCE_BUNDLE_2026-09-11/03_INVESTIGATIONS/02_EXPANDED_ARCHIVES/DEMOCRACY_INFLUENCE_ALL_INVESTIGATIONS_2026-09-07/__NESTED_EXPANDED__/DEMOCRACY_INFLUENCE_ALL_INVESTIGATIONS_2026-09-07__01_RUNTIME_AND_CORPUS__INVESTIGATION_CONTROL_v0.7_METHOD_PACK/INVESTIGATION_CONTROL_v0.7_METHOD_PACK/INV-002/INV-002_REPORT.md,f4de1fac8ea62469b00987cc8461e2bc702b98b66a501f0fb6c930f7dcd5503b,03_INVESTIGATIONS/03_NORMALIZED_BY_ID/INV-002/INV-002_REPORT.md,COPIED
INV-002,INV-002_CORPUS_MAP.csv,expanded:DEMOCRACY_INFLUENCE_ALL_INVESTIGATIONS_2026-09-07.zip,/mnt/data/DEMOCRACY_INFLUENCE_MASTER_EVIDENCE_BUNDLE_2026-09-11/03_INVESTIGATIONS/02_EXPANDED_ARCHIVES/DEMOCRACY_INFLUENCE_ALL_INVESTIGATIONS_2026-09-07/__NESTED_EXPANDED__/DEMOCRACY_INFLUENCE_ALL_INVESTIGATIONS_2026-09-07__01_RUNTIME_AND_CORPUS__INVESTIGATION_CONTROL_v0.7_METHOD_PACK/INVESTIGATION_CONTROL_v0.7_METHOD_PACK/INV-002/INV-002_CORPUS_MAP.csv,16381ccc4a133aaf83e86fc357284444b83cc2ee3663c6ecbfae8aa0d76dc46a,03_INVESTIGATIONS/03_NORMALIZED_BY_ID/INV-002/INV-002_CORPUS_MAP.csv,COPIED
INV-001,INV-001_CORPUS_INTEGRITY_AUDIT.md,expanded:DEMOCRACY_INFLUENCE_ALL_INVESTIGATIONS_2026-09-07.zip,/mnt/data/DEMOCRACY_INFLUENCE_MASTER_EVIDENCE_BUNDLE_2026-09-11/03_INVESTIGATIONS/02_EXPANDED_ARCHIVES/DEMOCRACY_INFLUENCE_ALL_INVESTIGATIONS_2026-09-07/__NESTED_EXPANDED__/DEMOCRACY_INFLUENCE_ALL_INVESTIGATIONS_2026-09-07__01_RUNTIME_AND_CORPUS__INVESTIGATION_CONTROL_v0.7_METHOD_PACK/INVESTIGATION_CONTROL_v0.7_METHOD_PACK/INV-001/INV-001_CORPUS_INTEGRITY_AUDIT.md,21704b2e6957dd9550327c63b779f57137bd809ebd7ae28c87b1dc33b0854c78,03_INVESTIGATIONS/03_NORMALIZED_BY_ID/INV-001/INV-001_CORPUS_INTEGRITY_AUDIT.md,COPIED
INV-001,INV-001_CORPUS_MANIFEST.csv,expanded:DEMOCRACY_INFLUENCE_ALL_INVESTIGATIONS_2026-09-07.zip,/mnt/data/DEMOCRACY_INFLUENCE_MASTER_EVIDENCE_BUNDLE_2026-09-11/03_INVESTIGATIONS/02_EXPANDED_ARCHIVES/DEMOCRACY_INFLUENCE_ALL_INVESTIGATIONS_2026-09-07/__NESTED_EXPANDED__/DEMOCRACY_INFLUENCE_ALL_INVESTIGATIONS_2026-09-07__01_RUNTIME_AND_CORPUS__INVESTIGATION_CONTROL_v0.7_METHOD_PACK/INVESTIGATION_CONTROL_v0.7_METHOD_PACK/INV-001/INV-001_CORPUS_MANIFEST.csv,961d9574b220485375431fd0f4763d8c938903a1da50095a80e10aa7948bc5be,03_INVESTIGATIONS/03_NORMALIZED_BY_ID/INV-001/INV-001_CORPUS_MANIFEST.csv,COPIED
INV-001,INV-001-R1_REPLAY.md,expanded:DEMOCRACY_INFLUENCE_ALL_INVESTIGATIONS_2026-09-07.zip,/mnt/data/DEMOCRACY_INFLUENCE_MASTER_EVIDENCE_BUNDLE_2026-09-11/03_INVESTIGATIONS/02_EXPANDED_ARCHIVES/DEMOCRACY_INFLUENCE_ALL_INVESTIGATIONS_2026-09-07/__NESTED_EXPANDED__/DEMOCRACY_INFLUENCE_ALL_INVESTIGATIONS_2026-09-07__01_RUNTIME_AND_CORPUS__INVESTIGATION_CONTROL_v0.7_METHOD_PACK/INVESTIGATION_CONTROL_v0.7_METHOD_PACK/INV-001/INV-001-R1_REPLAY.md,c3b02fe75ee3ccd0804ac9ab420489b1b7af7710b7aa9920aa00a4f626ed1105,03_INVESTIGATIONS/03_NORMALIZED_BY_ID/INV-001/INV-001-R1_REPLAY.md,COPIED
INV-001,INV-001-R1_REPLAY.md,expanded:DEMOCRACY_INFLUENCE_ALL_INVESTIGATIONS_2026-09-07.zip,/mnt/data/DEMOCRACY_INFLUENCE_MASTER_EVIDENCE_BUNDLE_2026-09-11/03_INVESTIGATIONS/02_EXPANDED_ARCHIVES/DEMOCRACY_INFLUENCE_ALL_INVESTIGATIONS_2026-09-07/__NESTED_EXPANDED__/DEMOCRACY_INFLUENCE_ALL_INVESTIGATIONS_2026-09-07__01_RUNTIME_AND_CORPUS__INVESTIGATION_CONTROL_v0.7_METHOD_PACK/INVESTIGATION_CONTROL_v0.7_METHOD_PACK/BASELINE/SUBSTACK_2026-08-26/INV-001-R1_REPLAY.md,203397d17377b724cda89dd9a0c117c32b2bb14195e710656a06e63e9a3079fe,03_INVESTIGATIONS/03_NORMALIZED_BY_ID/INV-001/INV-001-R1_REPLAY__expanded_DEMOCRACY_INFLUENCE_ALL_INVESTIGATIONS_20.md,COPIED
INV-010,INV-010_RUN_CARD.md,expanded:DEMOCRACY_INFLUENCE_ALL_INVESTIGATIONS_2026-09-07.zip,/mnt/data/DEMOCRACY_INFLUENCE_MASTER_EVIDENCE_BUNDLE_2026-09-11/03_INVESTIGATIONS/02_EXPANDED_ARCHIVES/DEMOCRACY_INFLUENCE_ALL_INVESTIGATIONS_2026-09-07/__NESTED_EXPANDED__/DEMOCRACY_INFLUENCE_ALL_INVESTIGATIONS_2026-09-07__01_RUNTIME_AND_CORPUS__INVESTIGATION_CONTROL_v0.7_METHOD_PACK/INVESTIGATION_CONTROL_v0.7_METHOD_PACK/METHOD_PACK/samples/INV-010_RUN_CARD.md,9ecf226e422c4ea15371142cecfa6af2ab54dad338126da4a9fe6dbad56ccf56,03_INVESTIGATIONS/03_NORMALIZED_BY_ID/INV-010/INV-010_RUN_CARD.md,COPIED
INV-026,DASHBOARD.md,expanded:DEMOCRACY_INFLUENCE_ALL_INVESTIGATIONS_2026-09-07.zip,/mnt/data/DEMOCRACY_INFLUENCE_MASTER_EVIDENCE_BUNDLE_2026-09-11/03_INVESTIGATIONS/02_EXPANDED_ARCHIVES/DEMOCRACY_INFLUENCE_ALL_INVESTIGATIONS_2026-09-07/__NESTED_EXPANDED__/DEMOCRACY_INFLUENCE_ALL_INVESTIGATIONS_2026-09-07__99_SOURCE_BUNDLES__INV-026_BUNDLE/inv026-final/DASHBOARD.md,3bbd303639d2fa6212289f3316d2917ad41eb035b4286baa40ed0f1da6c34f6b,03_INVESTIGATIONS/03_NORMALIZED_BY_ID/INV-026/DASHBOARD.md,COPIED
INV-026,INVESTIGATION_REGISTRY.csv,expanded:DEMOCRACY_INFLUENCE_ALL_INVESTIGATIONS_2026-09-07.zip,/mnt/data/DEMOCRACY_INFLUENCE_MASTER_EVIDENCE_BUNDLE_2026-09-11/03_INVESTIGATIONS/02_EXPANDED_ARCHIVES/DEMOCRACY_INFLUENCE_ALL_INVESTIGATIONS_2026-09-07/__NESTED_EXPANDED__/DEMOCRACY_INFLUENCE_ALL_INVESTIGATIONS_2026-09-07__99_SOURCE_BUNDLES__INV-026_BUNDLE/inv026-final/INVESTIGATION_REGISTRY.csv,4e7a2a6f377a9f141f75c2a7a560f67d213925d590dbe18e79bc4db47dcd7ff0,03_INVESTIGATIONS/03_NORMALIZED_BY_ID/INV-026/INVESTIGATION_REGISTRY.csv,COPIED
INV-026,INV-026_POST_RUN_REVIEW.md,expanded:DEMOCRACY_INFLUENCE_ALL_INVESTIGATIONS_2026-09-07.zip,/mnt/data/DEMOCRACY_INFLUENCE_MASTER_EVIDENCE_BUNDLE_2026-09-11/03_INVESTIGATIONS/02_EXPANDED_ARCHIVES/DEMOCRACY_INFLUENCE_ALL_INVESTIGATIONS_2026-09-07/__NESTED_EXPANDED__/DEMOCRACY_INFLUENCE_ALL_INVESTIGATIONS_2026-09-07__99_SOURCE_BUNDLES__INV-026_BUNDLE/inv026-final/INV-026_POST_RUN_REVIEW.md,fab7d4996050a5eeaadddb20e3ea362bac90226b6205b6e59deb02ade4951fa0,03_INVESTIGATIONS/03_NORMALIZED_BY_ID/INV-026/INV-026_POST_RUN_REVIEW.md,COPIED
INV-026,INV-026_SHA256.txt,expanded:DEMOCRACY_INFLUENCE_ALL_INVESTIGATIONS_2026-09-07.zip,/mnt/data/DEMOCRACY_INFLUENCE_MASTER_EVIDENCE_BUNDLE_2026-09-11/03_INVESTIGATIONS/02_EXPANDED_ARCHIVES/DEMOCRACY_INFLUENCE_ALL_INVESTIGATIONS_2026-09-07/__NESTED_EXPANDED__/DEMOCRACY_INFLUENCE_ALL_INVESTIGATIONS_2026-09-07__99_SOURCE_BUNDLES__INV-026_BUNDLE/inv026-final/INV-026_SHA256.txt,b1c4675eade937d9dcebfd37bf02fd02f3efa424143f41555aa6b0952305b076,03_INVESTIGATIONS/03_NORMALIZED_BY_ID/INV-026/INV-026_SHA256.txt,COPIED
INV-026,TRACELOG.md,expanded:DEMOCRACY_INFLUENCE_ALL_INVESTIGATIONS_2026-09-07.zip,/mnt/data/DEMOCRACY_INFLUENCE_MASTER_EVIDENCE_BUNDLE_2026-09-11/03_INVESTIGATIONS/02_EXPANDED_ARCHIVES/DEMOCRACY_INFLUENCE_ALL_INVESTIGATIONS_2026-09-07/__NESTED_EXPANDED__/DEMOCRACY_INFLUENCE_ALL_INVESTIGATIONS_2026-09-07__99_SOURCE_BUNDLES__INV-026_BUNDLE/inv026-final/TRACELOG.md,b198c415887e7b65365dfba165c26fb2bf20a8ac17976851921ed5e1d55a1009,03_INVESTIGATIONS/03_NORMALIZED_BY_ID/INV-026/TRACELOG.md,COPIED
INV-026,INV-026_MNEMO_SNAPSHOT.json,expanded:DEMOCRACY_INFLUENCE_ALL_INVESTIGATIONS_2026-09-07.zip,/mnt/data/DEMOCRACY_INFLUENCE_MASTER_EVIDENCE_BUNDLE_2026-09-11/03_INVESTIGATIONS/02_EXPANDED_ARCHIVES/DEMOCRACY_INFLUENCE_ALL_INVESTIGATIONS_2026-09-07/__NESTED_EXPANDED__/DEMOCRACY_INFLUENCE_ALL_INVESTIGATIONS_2026-09-07__99_SOURCE_BUNDLES__INV-026_BUNDLE/inv026-final/INV-026_MNEMO_SNAPSHOT.json,9e5ab5e08fe16307937bb9c393e2871bfc1edeb266ffc420c6c226c07cc98366,03_INVESTIGATIONS/03_NORMALIZED_BY_ID/INV-026/INV-026_MNEMO_SNAPSHOT.json,COPIED
INV-026,INV-026_INPUT.md,expanded:DEMOCRACY_INFLUENCE_ALL_INVESTIGATIONS_2026-09-07.zip,/mnt/data/DEMOCRACY_INFLUENCE_MASTER_EVIDENCE_BUNDLE_2026-09-11/03_INVESTIGATIONS/02_EXPANDED_ARCHIVES/DEMOCRACY_INFLUENCE_ALL_INVESTIGATIONS_2026-09-07/__NESTED_EXPANDED__/DEMOCRACY_INFLUENCE_ALL_INVESTIGATIONS_2026-09-07__99_SOURCE_BUNDLES__INV-026_BUNDLE/inv026-final/INV-026_INPUT.md,616c1f7007d3d70a64d5a5bbb4153762763d085537605d5e99cef5439dced970,03_INVESTIGATIONS/03_NORMALIZED_BY_ID/INV-026/INV-026_INPUT.md,COPIED
INV-026,INV-026_NARRATIVE.tmp.md,expanded:DEMOCRACY_INFLUENCE_ALL_INVESTIGATIONS_2026-09-07.zip,/mnt/data/DEMOCRACY_INFLUENCE_MASTER_EVIDENCE_BUNDLE_2026-09-11/03_INVESTIGATIONS/02_EXPANDED_ARCHIVES/DEMOCRACY_INFLUENCE_ALL_INVESTIGATIONS_2026-09-07/__NESTED_EXPANDED__/DEMOCRACY_INFLUENCE_ALL_INVESTIGATIONS_2026-09-07__99_SOURCE_BUNDLES__INV-026_BUNDLE/inv026-final/INV-026_NARRATIVE.tmp.md,0ad693f01236e6f14dbb7959c4763b3e639a6200750102e5e04d8be40fef8159,03_INVESTIGATIONS/03_NORMALIZED_BY_ID/INV-026/INV-026_NARRATIVE.tmp.md,COPIED
INV-026,INV-026_INVESTIGATION.md,expanded:DEMOCRACY_INFLUENCE_ALL_INVESTIGATIONS_2026-09-07.zip,/mnt/data/DEMOCRACY_INFLUENCE_MASTER_EVIDENCE_BUNDLE_2026-09-11/03_INVESTIGATIONS/02_EXPANDED_ARCHIVES/DEMOCRACY_INFLUENCE_ALL_INVESTIGATIONS_2026-09-07/__NESTED_EXPANDED__/DEMOCRACY_INFLUENCE_ALL_INVESTIGATIONS_2026-09-07__99_SOURCE_BUNDLES__INV-026_BUNDLE/inv026-final/INV-026_INVESTIGATION.md,86f7d0d457469edf3edb9dffa2e5f55f253cfebefdb0037652cc4ebf5a2d963a,03_INVESTIGATIONS/03_NORMALIZED_BY_ID/INV-026/INV-026_INVESTIGATION.md,COPIED
INV-026,INV-026_RUN_STATE.json,expanded:DEMOCRACY_INFLUENCE_ALL_INVESTIGATIONS_2026-09-07.zip,/mnt/data/DEMOCRACY_INFLUENCE_MASTER_EVIDENCE_BUNDLE_2026-09-11/03_INVESTIGATIONS/02_EXPANDED_ARCHIVES/DEMOCRACY_INFLUENCE_ALL_INVESTIGATIONS_2026-09-07/__NESTED_EXPANDED__/DEMOCRACY_INFLUENCE_ALL_INVESTIGATIONS_2026-09-07__99_SOURCE_BUNDLES__INV-026_BUNDLE/inv026-final/INV-026_RUN_STATE.json,b88924457119b727d79f3188e78db0c62636ec515e79b538c5d442207fbdf438,03_INVESTIGATIONS/03_NORMALIZED_BY_ID/INV-026/INV-026_RUN_STATE.json,COPIED
INV-026,INV-026_RUN_CARD.md,expanded:DEMOCRACY_INFLUENCE_ALL_INVESTIGATIONS_2026-09-07.zip,/mnt/data/DEMOCRACY_INFLUENCE_MASTER_EVIDENCE_BUNDLE_2026-09-11/03_INVESTIGATIONS/02_EXPANDED_ARCHIVES/DEMOCRACY_INFLUENCE_ALL_INVESTIGATIONS_2026-09-07/__NESTED_EXPANDED__/DEMOCRACY_INFLUENCE_ALL_INVESTIGATIONS_2026-09-07__99_SOURCE_BUNDLES__INV-026_BUNDLE/inv026-final/INV-026_RUN_CARD.md,616c1f7007d3d70a64d5a5bbb4153762763d085537605d5e99cef5439dced970,03_INVESTIGATIONS/03_NORMALIZED_BY_ID/INV-026/INV-026_INPUT.md,DUPLICATE_SHA
INV-026,INV-026_CERTIFICATION.json,expanded:DEMOCRACY_INFLUENCE_ALL_INVESTIGATIONS_2026-09-07.zip,/mnt/data/DEMOCRACY_INFLUENCE_MASTER_EVIDENCE_BUNDLE_2026-09-11/03_INVESTIGATIONS/02_EXPANDED_ARCHIVES/DEMOCRACY_INFLUENCE_ALL_INVESTIGATIONS_2026-09-07/__NESTED_EXPANDED__/DEMOCRACY_INFLUENCE_ALL_INVESTIGATIONS_2026-09-07__99_SOURCE_BUNDLES__INV-026_BUNDLE/inv026-final/INV-026_CERTIFICATION.json,8bc8557b845204626f39333fce71cf6d69f3092964334bc9bb1e79b893c18067,03_INVESTIGATIONS/03_NORMALIZED_BY_ID/INV-026/INV-026_CERTIFICATION.json,COPIED
INV-026,INV-026_RUN_HANDOFF.md,expanded:DEMOCRACY_INFLUENCE_ALL_INVESTIGATIONS_2026-09-07.zip,/mnt/data/DEMOCRACY_INFLUENCE_MASTER_EVIDENCE_BUNDLE_2026-09-11/03_INVESTIGATIONS/02_EXPANDED_ARCHIVES/DEMOCRACY_INFLUENCE_ALL_INVESTIGATIONS_2026-09-07/__NESTED_EXPANDED__/DEMOCRACY_INFLUENCE_ALL_INVESTIGATIONS_2026-09-07__99_SOURCE_BUNDLES__INV-026_BUNDLE/inv026-final/INV-026_RUN_HANDOFF.md,bf70cae7b998ae0aa16949f1f12cb8258d4d4de9527316832b9cb398531ae4cb,03_INVESTIGATIONS/03_NORMALIZED_BY_ID/INV-026/INV-026_RUN_HANDOFF.md,COPIED
INV-103,_INPUT.md,expanded:DEMOCRACY_INFLUENCE_ALL_INVESTIGATIONS_2026-09-07.zip,/mnt/data/DEMOCRACY_INFLUENCE_MASTER_EVIDENCE_BUNDLE_2026-09-11/03_INVESTIGATIONS/02_EXPANDED_ARCHIVES/DEMOCRACY_INFLUENCE_ALL_INVESTIGATIONS_2026-09-07/__NESTED_EXPANDED__/DEMOCRACY_INFLUENCE_ALL_INVESTIGATIONS_2026-09-07__99_SOURCE_BUNDLES__INV-103_BUNDLE/INV-103/_INPUT.md,9b5bee0c0312885ec7574edc58274ef80c4362376620424e90aedd3045d6a7c7,03_INVESTIGATIONS/03_NORMALIZED_BY_ID/INV-103/_INPUT.md,COPIED
INV-103,_MNEMO_SNAPSHOT.json,expanded:DEMOCRACY_INFLUENCE_ALL_INVESTIGATIONS_2026-09-07.zip,/mnt/data/DEMOCRACY_INFLUENCE_MASTER_EVIDENCE_BUNDLE_2026-09-11/03_INVESTIGATIONS/02_EXPANDED_ARCHIVES/DEMOCRACY_INFLUENCE_ALL_INVESTIGATIONS_2026-09-07/__NESTED_EXPANDED__/DEMOCRACY_INFLUENCE_ALL_INVESTIGATIONS_2026-09-07__99_SOURCE_BUNDLES__INV-103_BUNDLE/INV-103/_MNEMO_SNAPSHOT.json,34c65386beb45b5d886eb83e12d85515137e30494586d5dde1e382d069530a82,03_INVESTIGATIONS/03_NORMALIZED_BY_ID/INV-103/_MNEMO_SNAPSHOT.json,COPIED
INV-103,_NARRATIVE.tmp.md,expanded:DEMOCRACY_INFLUENCE_ALL_INVESTIGATIONS_2026-09-07.zip,/mnt/data/DEMOCRACY_INFLUENCE_MASTER_EVIDENCE_BUNDLE_2026-09-11/03_INVESTIGATIONS/02_EXPANDED_ARCHIVES/DEMOCRACY_INFLUENCE_ALL_INVESTIGATIONS_2026-09-07/__NESTED_EXPANDED__/DEMOCRACY_INFLUENCE_ALL_INVESTIGATIONS_2026-09-07__99_SOURCE_BUNDLES__INV-103_BUNDLE/INV-103/_NARRATIVE.tmp.md,f015b8b0505577bda825843d67728421b89dedadd8a4399e8ad1dcbcd728a488,03_INVESTIGATIONS/03_NORMALIZED_BY_ID/INV-103/_NARRATIVE.tmp.md,COPIED
INV-103,_CERTIFICATION.json,expanded:DEMOCRACY_INFLUENCE_ALL_INVESTIGATIONS_2026-09-07.zip,/mnt/data/DEMOCRACY_INFLUENCE_MASTER_EVIDENCE_BUNDLE_2026-09-11/03_INVESTIGATIONS/02_EXPANDED_ARCHIVES/DEMOCRACY_INFLUENCE_ALL_INVESTIGATIONS_2026-09-07/__NESTED_EXPANDED__/DEMOCRACY_INFLUENCE_ALL_INVESTIGATIONS_2026-09-07__99_SOURCE_BUNDLES__INV-103_BUNDLE/INV-103/_CERTIFICATION.json,6939bbaa93d43bcec5559dcd7a73618d463b198f883126763c635de2338b20fc,03_INVESTIGATIONS/03_NORMALIZED_BY_ID/INV-103/_CERTIFICATION.json,COPIED
INV-103,_RUN_STATE.json,expanded:DEMOCRACY_INFLUENCE_ALL_INVESTIGATIONS_2026-09-07.zip,/mnt/data/DEMOCRACY_INFLUENCE_MASTER_EVIDENCE_BUNDLE_2026-09-11/03_INVESTIGATIONS/02_EXPANDED_ARCHIVES/DEMOCRACY_INFLUENCE_ALL_INVESTIGATIONS_2026-09-07/__NESTED_EXPANDED__/DEMOCRACY_INFLUENCE_ALL_INVESTIGATIONS_2026-09-07__99_SOURCE_BUNDLES__INV-103_BUNDLE/INV-103/_RUN_STATE.json,1d18fae4df92884883a198ff51cf1b9681f29cab00dd3116bd669ff0d12fede0,03_INVESTIGATIONS/03_NORMALIZED_BY_ID/INV-103/_RUN_STATE.json,COPIED
INV-103,INV-103_PILOT_REVIEW.md,expanded:DEMOCRACY_INFLUENCE_ALL_INVESTIGATIONS_2026-09-07.zip,/mnt/data/DEMOCRACY_INFLUENCE_MASTER_EVIDENCE_BUNDLE_2026-09-11/03_INVESTIGATIONS/02_EXPANDED_ARCHIVES/DEMOCRACY_INFLUENCE_ALL_INVESTIGATIONS_2026-09-07/__NESTED_EXPANDED__/DEMOCRACY_INFLUENCE_ALL_INVESTIGATIONS_2026-09-07__99_SOURCE_BUNDLES__INV-103_BUNDLE/INV-103/INV-103_PILOT_REVIEW.md,afd4da3581a385f789774bc774282b3f99b88aa24380de82365d184fdfd5b514,03_INVESTIGATIONS/03_NORMALIZED_BY_ID/INV-103/INV-103_PILOT_REVIEW.md,COPIED
INV-103,_INVESTIGATION.md,expanded:DEMOCRACY_INFLUENCE_ALL_INVESTIGATIONS_2026-09-07.zip,/mnt/data/DEMOCRACY_INFLUENCE_MASTER_EVIDENCE_BUNDLE_2026-09-11/03_INVESTIGATIONS/02_EXPANDED_ARCHIVES/DEMOCRACY_INFLUENCE_ALL_INVESTIGATIONS_2026-09-07/__NESTED_EXPANDED__/DEMOCRACY_INFLUENCE_ALL_INVESTIGATIONS_2026-09-07__99_SOURCE_BUNDLES__INV-103_BUNDLE/INV-103/_INVESTIGATION.md,41d0b8d330aae2da557e97437cfc8fd4ba844005c606556571cfae853508a2da,03_INVESTIGATIONS/03_NORMALIZED_BY_ID/INV-103/_INVESTIGATION.md,COPIED
INV-103,INV-103_RUN_HANDOFF.md,expanded:DEMOCRACY_INFLUENCE_ALL_INVESTIGATIONS_2026-09-07.zip,/mnt/data/DEMOCRACY_INFLUENCE_MASTER_EVIDENCE_BUNDLE_2026-09-11/03_INVESTIGATIONS/02_EXPANDED_ARCHIVES/DEMOCRACY_INFLUENCE_ALL_INVESTIGATIONS_2026-09-07/__NESTED_EXPANDED__/DEMOCRACY_INFLUENCE_ALL_INVESTIGATIONS_2026-09-07__99_SOURCE_BUNDLES__INV-103_BUNDLE/INV-103/INV-103_RUN_HANDOFF.md,b5bfb845e9f5ee571f577313a973c6bf15556ef64ebe63b5829d20f3c45f873f,03_INVESTIGATIONS/03_NORMALIZED_BY_ID/INV-103/INV-103_RUN_HANDOFF.md,COPIED
INV-136,INV-136_POST_RUN_REVIEW.md,expanded:DEMOCRACY_INFLUENCE_ALL_INVESTIGATIONS_2026-09-07.zip,/mnt/data/DEMOCRACY_INFLUENCE_MASTER_EVIDENCE_BUNDLE_2026-09-11/03_INVESTIGATIONS/02_EXPANDED_ARCHIVES/DEMOCRACY_INFLUENCE_ALL_INVESTIGATIONS_2026-09-07/__NESTED_EXPANDED__/DEMOCRACY_INFLUENCE_ALL_INVESTIGATIONS_2026-09-07__99_SOURCE_BUNDLES__INV-136_BUNDLE/INV-136/INV-136_POST_RUN_REVIEW.md,77ec6b79d0a69bdc8ec9d9530a439e470bbd77ed41a8d13fc82bf04b9d4e84de,03_INVESTIGATIONS/03_NORMALIZED_BY_ID/INV-136/INV-136_POST_RUN_REVIEW.md,COPIED
INV-136,INV-136_RUN_HANDOFF.md,expanded:DEMOCRACY_INFLUENCE_ALL_INVESTIGATIONS_2026-09-07.zip,/mnt/data/DEMOCRACY_INFLUENCE_MASTER_EVIDENCE_BUNDLE_2026-09-11/03_INVESTIGATIONS/02_EXPANDED_ARCHIVES/DEMOCRACY_INFLUENCE_ALL_INVESTIGATIONS_2026-09-07/__NESTED_EXPANDED__/DEMOCRACY_INFLUENCE_ALL_INVESTIGATIONS_2026-09-07__99_SOURCE_BUNDLES__INV-136_BUNDLE/INV-136/INV-136_RUN_HANDOFF.md,89ec70a74acccd17ec08856f6d2368b124cc34ee354f6f8b0fd78acd86175f9b,03_INVESTIGATIONS/03_NORMALIZED_BY_ID/INV-136/INV-136_RUN_HANDOFF.md,COPIED
INV-136,INV-136_RUN_CARD.md,expanded:DEMOCRACY_INFLUENCE_ALL_INVESTIGATIONS_2026-09-07.zip,/mnt/data/DEMOCRACY_INFLUENCE_MASTER_EVIDENCE_BUNDLE_2026-09-11/03_INVESTIGATIONS/02_EXPANDED_ARCHIVES/DEMOCRACY_INFLUENCE_ALL_INVESTIGATIONS_2026-09-07/__NESTED_EXPANDED__/DEMOCRACY_INFLUENCE_ALL_INVESTIGATIONS_2026-09-07__99_SOURCE_BUNDLES__INV-136_BUNDLE/INV-136/INV-136_RUN_CARD.md,d7ed08f318f9baee19453e309e66a0efe40d87a57e1f83ec244870527b313a74,03_INVESTIGATIONS/03_NORMALIZED_BY_ID/INV-136/INV-136_RUN_CARD.md,COPIED
INV-136,_MNEMO_SNAPSHOT.json,expanded:DEMOCRACY_INFLUENCE_ALL_INVESTIGATIONS_2026-09-07.zip,/mnt/data/DEMOCRACY_INFLUENCE_MASTER_EVIDENCE_BUNDLE_2026-09-11/03_INVESTIGATIONS/02_EXPANDED_ARCHIVES/DEMOCRACY_INFLUENCE_ALL_INVESTIGATIONS_2026-09-07/__NESTED_EXPANDED__/DEMOCRACY_INFLUENCE_ALL_INVESTIGATIONS_2026-09-07__99_SOURCE_BUNDLES__INV-136_BUNDLE/INV-136/_MNEMO_SNAPSHOT.json,004d81e270ec41b0bb49150a3c87135725f707ecbd1debc99593b82a38bf340e,03_INVESTIGATIONS/03_NORMALIZED_BY_ID/INV-136/_MNEMO_SNAPSHOT.json,COPIED
INV-136,_NARRATIVE.tmp.md,expanded:DEMOCRACY_INFLUENCE_ALL_INVESTIGATIONS_2026-09-07.zip,/mnt/data/DEMOCRACY_INFLUENCE_MASTER_EVIDENCE_BUNDLE_2026-09-11/03_INVESTIGATIONS/02_EXPANDED_ARCHIVES/DEMOCRACY_INFLUENCE_ALL_INVESTIGATIONS_2026-09-07/__NESTED_EXPANDED__/DEMOCRACY_INFLUENCE_ALL_INVESTIGATIONS_2026-09-07__99_SOURCE_BUNDLES__INV-136_BUNDLE/INV-136/_NARRATIVE.tmp.md,bf26bba3156f93ca28e6bdf4802b007f26b4dcb1b68301d004225bef97e2f1ff,03_INVESTIGATIONS/03_NORMALIZED_BY_ID/INV-136/_NARRATIVE.tmp.md,COPIED
INV-136,_INPUT.txt,expanded:DEMOCRACY_INFLUENCE_ALL_INVESTIGATIONS_2026-09-07.zip,/mnt/data/DEMOCRACY_INFLUENCE_MASTER_EVIDENCE_BUNDLE_2026-09-11/03_INVESTIGATIONS/02_EXPANDED_ARCHIVES/DEMOCRACY_INFLUENCE_ALL_INVESTIGATIONS_2026-09-07/__NESTED_EXPANDED__/DEMOCRACY_INFLUENCE_ALL_INVESTIGATIONS_2026-09-07__99_SOURCE_BUNDLES__INV-136_BUNDLE/INV-136/_INPUT.txt,d7ed08f318f9baee19453e309e66a0efe40d87a57e1f83ec244870527b313a74,03_INVESTIGATIONS/03_NORMALIZED_BY_ID/INV-136/INV-136_RUN_CARD.md,DUPLICATE_SHA
INV-136,_CERTIFICATION.json,expanded:DEMOCRACY_INFLUENCE_ALL_INVESTIGATIONS_2026-09-07.zip,/mnt/data/DEMOCRACY_INFLUENCE_MASTER_EVIDENCE_BUNDLE_2026-09-11/03_INVESTIGATIONS/02_EXPANDED_ARCHIVES/DEMOCRACY_INFLUENCE_ALL_INVESTIGATIONS_2026-09-07/__NESTED_EXPANDED__/DEMOCRACY_INFLUENCE_ALL_INVESTIGATIONS_2026-09-07__99_SOURCE_BUNDLES__INV-136_BUNDLE/INV-136/_CERTIFICATION.json,1930d6ceaf4380384fd30e5e2119fa3d7d9ec13c779cd12e6674571bf69d4da8,03_INVESTIGATIONS/03_NORMALIZED_BY_ID/INV-136/_CERTIFICATION.json,COPIED
INV-136,_RUN_STATE.json,expanded:DEMOCRACY_INFLUENCE_ALL_INVESTIGATIONS_2026-09-07.zip,/mnt/data/DEMOCRACY_INFLUENCE_MASTER_EVIDENCE_BUNDLE_2026-09-11/03_INVESTIGATIONS/02_EXPANDED_ARCHIVES/DEMOCRACY_INFLUENCE_ALL_INVESTIGATIONS_2026-09-07/__NESTED_EXPANDED__/DEMOCRACY_INFLUENCE_ALL_INVESTIGATIONS_2026-09-07__99_SOURCE_BUNDLES__INV-136_BUNDLE/INV-136/_RUN_STATE.json,bc4cb81cb0f6f91d62dcf9acaf96b5f7392ef6661b6c9fb5c0e72af181908aba,03_INVESTIGATIONS/03_NORMALIZED_BY_ID/INV-136/_RUN_STATE.json,COPIED
INV-136,INV-136_SHA256.txt,expanded:DEMOCRACY_INFLUENCE_ALL_INVESTIGATIONS_2026-09-07.zip,/mnt/data/DEMOCRACY_INFLUENCE_MASTER_EVIDENCE_BUNDLE_2026-09-11/03_INVESTIGATIONS/02_EXPANDED_ARCHIVES/DEMOCRACY_INFLUENCE_ALL_INVESTIGATIONS_2026-09-07/__NESTED_EXPANDED__/DEMOCRACY_INFLUENCE_ALL_INVESTIGATIONS_2026-09-07__99_SOURCE_BUNDLES__INV-136_BUNDLE/INV-136/INV-136_SHA256.txt,1bbc91a07a064947075e6f1e44a05aacf3c82f977df45d1c1e6e6952bebab25f,03_INVESTIGATIONS/03_NORMALIZED_BY_ID/INV-136/INV-136_SHA256.txt,COPIED
INV-136,_INVESTIGATION.md,expanded:DEMOCRACY_INFLUENCE_ALL_INVESTIGATIONS_2026-09-07.zip,/mnt/data/DEMOCRACY_INFLUENCE_MASTER_EVIDENCE_BUNDLE_2026-09-11/03_INVESTIGATIONS/02_EXPANDED_ARCHIVES/DEMOCRACY_INFLUENCE_ALL_INVESTIGATIONS_2026-09-07/__NESTED_EXPANDED__/DEMOCRACY_INFLUENCE_ALL_INVESTIGATIONS_2026-09-07__99_SOURCE_BUNDLES__INV-136_BUNDLE/INV-136/_INVESTIGATION.md,64e654d0ae7a34168c47b47234757787ff91295c1655b37c526478857f3cc899,03_INVESTIGATIONS/03_NORMALIZED_BY_ID/INV-136/_INVESTIGATION.md,COPIED
INV-081,INV-081_RUN_CARD.md,expanded:DEMOCRACY_INFLUENCE_ALL_INVESTIGATIONS_2026-09-07.zip,/mnt/data/DEMOCRACY_INFLUENCE_MASTER_EVIDENCE_BUNDLE_2026-09-11/03_INVESTIGATIONS/02_EXPANDED_ARCHIVES/DEMOCRACY_INFLUENCE_ALL_INVESTIGATIONS_2026-09-07/__NESTED_EXPANDED__/DEMOCRACY_INFLUENCE_ALL_INVESTIGATIONS_2026-09-07__99_SOURCE_BUNDLES__INV-081_BUNDLE/INV-081/control/INV-081_RUN_CARD.md,aaf5026a47bda414d9f93edb98215c361a5c329671c7c543a26227f317ab7dbe,03_INVESTIGATIONS/03_NORMALIZED_BY_ID/INV-081/INV-081_RUN_CARD.md,COPIED
INV-081,INV-081_RUN_HANDOFF.md,expanded:DEMOCRACY_INFLUENCE_ALL_INVESTIGATIONS_2026-09-07.zip,/mnt/data/DEMOCRACY_INFLUENCE_MASTER_EVIDENCE_BUNDLE_2026-09-11/03_INVESTIGATIONS/02_EXPANDED_ARCHIVES/DEMOCRACY_INFLUENCE_ALL_INVESTIGATIONS_2026-09-07/__NESTED_EXPANDED__/DEMOCRACY_INFLUENCE_ALL_INVESTIGATIONS_2026-09-07__99_SOURCE_BUNDLES__INV-081_BUNDLE/INV-081/control/INV-081_RUN_HANDOFF.md,7ac635ec0f5e0726c2cd08bbf7c8d26dcc93daf688c6214ce4080a38bdb11a5f,03_INVESTIGATIONS/03_NORMALIZED_BY_ID/INV-081/INV-081_RUN_HANDOFF.md,COPIED
INV-081,INV-081_POST_RUN_REVIEW.md,expanded:DEMOCRACY_INFLUENCE_ALL_INVESTIGATIONS_2026-09-07.zip,/mnt/data/DEMOCRACY_INFLUENCE_MASTER_EVIDENCE_BUNDLE_2026-09-11/03_INVESTIGATIONS/02_EXPANDED_ARCHIVES/DEMOCRACY_INFLUENCE_ALL_INVESTIGATIONS_2026-09-07/__NESTED_EXPANDED__/DEMOCRACY_INFLUENCE_ALL_INVESTIGATIONS_2026-09-07__99_SOURCE_BUNDLES__INV-081_BUNDLE/INV-081/control/INV-081_POST_RUN_REVIEW.md,1adc6243d2ab1c07a7e3f6456d36dd4a27409b57171b3255744eeb38729dec5f,03_INVESTIGATIONS/03_NORMALIZED_BY_ID/INV-081/INV-081_POST_RUN_REVIEW.md,COPIED
INV-081,2026-09-06_15-55_propriete-medias-francais_RUN_STATE.json,expanded:DEMOCRACY_INFLUENCE_ALL_INVESTIGATIONS_2026-09-07.zip,/mnt/data/DEMOCRACY_INFLUENCE_MASTER_EVIDENCE_BUNDLE_2026-09-11/03_INVESTIGATIONS/02_EXPANDED_ARCHIVES/DEMOCRACY_INFLUENCE_ALL_INVESTIGATIONS_2026-09-07/__NESTED_EXPANDED__/DEMOCRACY_INFLUENCE_ALL_INVESTIGATIONS_2026-09-07__99_SOURCE_BUNDLES__INV-081_BUNDLE/INV-081/truth-engine/2026-09-06_15-55_propriete-medias-francais_RUN_STATE.json,138563ff7c58a71171d84ae00d3c30b604d3b07fae9491dd3f2593194ce72116,03_INVESTIGATIONS/03_NORMALIZED_BY_ID/INV-081/2026-09-06_15-55_propriete-medias-francais_RUN_STATE.json,COPIED
INV-081,2026-09-06_15-55_propriete-medias-francais_INVESTIGATION.md,expanded:DEMOCRACY_INFLUENCE_ALL_INVESTIGATIONS_2026-09-07.zip,/mnt/data/DEMOCRACY_INFLUENCE_MASTER_EVIDENCE_BUNDLE_2026-09-11/03_INVESTIGATIONS/02_EXPANDED_ARCHIVES/DEMOCRACY_INFLUENCE_ALL_INVESTIGATIONS_2026-09-07/__NESTED_EXPANDED__/DEMOCRACY_INFLUENCE_ALL_INVESTIGATIONS_2026-09-07__99_SOURCE_BUNDLES__INV-081_BUNDLE/INV-081/truth-engine/2026-09-06_15-55_propriete-medias-francais_INVESTIGATION.md,0fc4ee6583cdc16a5f02801795f0248c30baa437239d48871390f527f478238c,03_INVESTIGATIONS/03_NORMALIZED_BY_ID/INV-081/2026-09-06_15-55_propriete-medias-francais_INVESTIGATION.md,COPIED
INV-081,2026-09-06_15-55_propriete-medias-francais_INPUT.md,expanded:DEMOCRACY_INFLUENCE_ALL_INVESTIGATIONS_2026-09-07.zip,/mnt/data/DEMOCRACY_INFLUENCE_MASTER_EVIDENCE_BUNDLE_2026-09-11/03_INVESTIGATIONS/02_EXPANDED_ARCHIVES/DEMOCRACY_INFLUENCE_ALL_INVESTIGATIONS_2026-09-07/__NESTED_EXPANDED__/DEMOCRACY_INFLUENCE_ALL_INVESTIGATIONS_2026-09-07__99_SOURCE_BUNDLES__INV-081_BUNDLE/INV-081/truth-engine/2026-09-06_15-55_propriete-medias-francais_INPUT.md,aaf5026a47bda414d9f93edb98215c361a5c329671c7c543a26227f317ab7dbe,03_INVESTIGATIONS/03_NORMALIZED_BY_ID/INV-081/INV-081_RUN_CARD.md,DUPLICATE_SHA
INV-081,2026-09-06_15-55_propriete-medias-francais_MNEMO_SNAPSHOT.json,expanded:DEMOCRACY_INFLUENCE_ALL_INVESTIGATIONS_2026-09-07.zip,/mnt/data/DEMOCRACY_INFLUENCE_MASTER_EVIDENCE_BUNDLE_2026-09-11/03_INVESTIGATIONS/02_EXPANDED_ARCHIVES/DEMOCRACY_INFLUENCE_ALL_INVESTIGATIONS_2026-09-07/__NESTED_EXPANDED__/DEMOCRACY_INFLUENCE_ALL_INVESTIGATIONS_2026-09-07__99_SOURCE_BUNDLES__INV-081_BUNDLE/INV-081/truth-engine/2026-09-06_15-55_propriete-medias-francais_MNEMO_SNAPSHOT.json,3ebbf70afaf4cca3fc05e181d920d6247514681a486d3231b3870b8a2809b07a,03_INVESTIGATIONS/03_NORMALIZED_BY_ID/INV-081/2026-09-06_15-55_propriete-medias-francais_MNEMO_SNAPSHOT.json,COPIED
INV-081,2026-09-06_15-55_propriete-medias-francais_NARRATIVE.tmp.md,expanded:DEMOCRACY_INFLUENCE_ALL_INVESTIGATIONS_2026-09-07.zip,/mnt/data/DEMOCRACY_INFLUENCE_MASTER_EVIDENCE_BUNDLE_2026-09-11/03_INVESTIGATIONS/02_EXPANDED_ARCHIVES/DEMOCRACY_INFLUENCE_ALL_INVESTIGATIONS_2026-09-07/__NESTED_EXPANDED__/DEMOCRACY_INFLUENCE_ALL_INVESTIGATIONS_2026-09-07__99_SOURCE_BUNDLES__INV-081_BUNDLE/INV-081/truth-engine/2026-09-06_15-55_propriete-medias-francais_NARRATIVE.tmp.md,4a4de2d18f04b2856161a7ce36d9f375da9a63ec81c3b23f9db57453eb8cb2aa,03_INVESTIGATIONS/03_NORMALIZED_BY_ID/INV-081/2026-09-06_15-55_propriete-medias-francais_NARRATIVE.tmp.md,COPIED
INV-081,2026-09-06_15-55_propriete-medias-francais_CERTIFICATION.json,expanded:DEMOCRACY_INFLUENCE_ALL_INVESTIGATIONS_2026-09-07.zip,/mnt/data/DEMOCRACY_INFLUENCE_MASTER_EVIDENCE_BUNDLE_2026-09-11/03_INVESTIGATIONS/02_EXPANDED_ARCHIVES/DEMOCRACY_INFLUENCE_ALL_INVESTIGATIONS_2026-09-07/__NESTED_EXPANDED__/DEMOCRACY_INFLUENCE_ALL_INVESTIGATIONS_2026-09-07__99_SOURCE_BUNDLES__INV-081_BUNDLE/INV-081/truth-engine/2026-09-06_15-55_propriete-medias-francais_CERTIFICATION.json,3b65bae77bd054903eb8a99028c49ba156c424dd3b12d799088c50ef2ff5621f,03_INVESTIGATIONS/03_NORMALIZED_BY_ID/INV-081/2026-09-06_15-55_propriete-medias-francais_CERTIFICATION.json,COPIED
INV-001,INV-001-R1_REPLAY.md,expanded:DEMOCRACY_INFLUENCE_ALL_INVESTIGATIONS_2026-09-07.zip,/mnt/data/DEMOCRACY_INFLUENCE_MASTER_EVIDENCE_BUNDLE_2026-09-11/03_INVESTIGATIONS/02_EXPANDED_ARCHIVES/DEMOCRACY_INFLUENCE_ALL_INVESTIGATIONS_2026-09-07/__NESTED_EXPANDED__/DEMOCRACY_INFLUENCE_ALL_INVESTIGATIONS_2026-09-07__99_SOURCE_BUNDLES__SUBSTACK_BASELINE_2026-08-26_v0.4/SUBSTACK_BASELINE_2026-08-26_v0.4/INV-001-R1_REPLAY.md,203397d17377b724cda89dd9a0c117c32b2bb14195e710656a06e63e9a3079fe,03_INVESTIGATIONS/03_NORMALIZED_BY_ID/INV-001/INV-001-R1_REPLAY__expanded_DEMOCRACY_INFLUENCE_ALL_INVESTIGATIONS_20.md,DUPLICATE_SHA
INV-002,INV-002_COVERAGE_CHANGES.csv,expanded:DEMOCRACY_INFLUENCE_ALL_INVESTIGATIONS_2026-09-07.zip,/mnt/data/DEMOCRACY_INFLUENCE_MASTER_EVIDENCE_BUNDLE_2026-09-11/03_INVESTIGATIONS/02_EXPANDED_ARCHIVES/DEMOCRACY_INFLUENCE_ALL_INVESTIGATIONS_2026-09-07/__NESTED_EXPANDED__/DEMOCRACY_INFLUENCE_ALL_INVESTIGATIONS_2026-09-07__99_SOURCE_BUNDLES__INVESTIGATION_CONTROL_v0.7_METHOD_PACK/INVESTIGATION_CONTROL_v0.7_METHOD_PACK/INV-002/INV-002_COVERAGE_CHANGES.csv,6a28f9e134d0395884b06562070668a375e228a9d76623a7dc6db608b2199ef8,03_INVESTIGATIONS/03_NORMALIZED_BY_ID/INV-002/INV-002_COVERAGE_CHANGES.csv,DUPLICATE_SHA
INV-002,INV-002_THEME_MATRIX.csv,expanded:DEMOCRACY_INFLUENCE_ALL_INVESTIGATIONS_2026-09-07.zip,/mnt/data/DEMOCRACY_INFLUENCE_MASTER_EVIDENCE_BUNDLE_2026-09-11/03_INVESTIGATIONS/02_EXPANDED_ARCHIVES/DEMOCRACY_INFLUENCE_ALL_INVESTIGATIONS_2026-09-07/__NESTED_EXPANDED__/DEMOCRACY_INFLUENCE_ALL_INVESTIGATIONS_2026-09-07__99_SOURCE_BUNDLES__INVESTIGATION_CONTROL_v0.7_METHOD_PACK/INVESTIGATION_CONTROL_v0.7_METHOD_PACK/INV-002/INV-002_THEME_MATRIX.csv,f6eb6032873806e0180772cfe90fc44b649408b4b646077f835a4b0b02084a68,03_INVESTIGATIONS/03_NORMALIZED_BY_ID/INV-002/INV-002_THEME_MATRIX.csv,DUPLICATE_SHA
INV-002,INV-002_INVESTIGATION_COVERAGE.csv,expanded:DEMOCRACY_INFLUENCE_ALL_INVESTIGATIONS_2026-09-07.zip,/mnt/data/DEMOCRACY_INFLUENCE_MASTER_EVIDENCE_BUNDLE_2026-09-11/03_INVESTIGATIONS/02_EXPANDED_ARCHIVES/DEMOCRACY_INFLUENCE_ALL_INVESTIGATIONS_2026-09-07/__NESTED_EXPANDED__/DEMOCRACY_INFLUENCE_ALL_INVESTIGATIONS_2026-09-07__99_SOURCE_BUNDLES__INVESTIGATION_CONTROL_v0.7_METHOD_PACK/INVESTIGATION_CONTROL_v0.7_METHOD_PACK/INV-002/INV-002_INVESTIGATION_COVERAGE.csv,517d66685cde2d9398af522e7ad344ae494ad0036a346dfa7b66c80e49dbfe3c,03_INVESTIGATIONS/03_NORMALIZED_BY_ID/INV-002/INV-002_INVESTIGATION_COVERAGE.csv,DUPLICATE_SHA
INV-002,MANIFEST_SHA256.csv,expanded:DEMOCRACY_INFLUENCE_ALL_INVESTIGATIONS_2026-09-07.zip,/mnt/data/DEMOCRACY_INFLUENCE_MASTER_EVIDENCE_BUNDLE_2026-09-11/03_INVESTIGATIONS/02_EXPANDED_ARCHIVES/DEMOCRACY_INFLUENCE_ALL_INVESTIGATIONS_2026-09-07/__NESTED_EXPANDED__/DEMOCRACY_INFLUENCE_ALL_INVESTIGATIONS_2026-09-07__99_SOURCE_BUNDLES__INVESTIGATION_CONTROL_v0.7_METHOD_PACK/INVESTIGATION_CONTROL_v0.7_METHOD_PACK/INV-002/MANIFEST_SHA256.csv,01d0b53abd48f0f2a0f0ab3113fe508318f1710e6b593decc0deffb17f014f6a,03_INVESTIGATIONS/03_NORMALIZED_BY_ID/INV-002/MANIFEST_SHA256.csv,DUPLICATE_SHA
INV-002,INV-002_STATS.json,expanded:DEMOCRACY_INFLUENCE_ALL_INVESTIGATIONS_2026-09-07.zip,/mnt/data/DEMOCRACY_INFLUENCE_MASTER_EVIDENCE_BUNDLE_2026-09-11/03_INVESTIGATIONS/02_EXPANDED_ARCHIVES/DEMOCRACY_INFLUENCE_ALL_INVESTIGATIONS_2026-09-07/__NESTED_EXPANDED__/DEMOCRACY_INFLUENCE_ALL_INVESTIGATIONS_2026-09-07__99_SOURCE_BUNDLES__INVESTIGATION_CONTROL_v0.7_METHOD_PACK/INVESTIGATION_CONTROL_v0.7_METHOD_PACK/INV-002/INV-002_STATS.json,c50fc6c700650e7c719d8b33be0b880e8cd3d19d8cb50983972577814e50d9df,03_INVESTIGATIONS/03_NORMALIZED_BY_ID/INV-002/INV-002_STATS.json,DUPLICATE_SHA
INV-002,INV-002_REPORT.md,expanded:DEMOCRACY_INFLUENCE_ALL_INVESTIGATIONS_2026-09-07.zip,/mnt/data/DEMOCRACY_INFLUENCE_MASTER_EVIDENCE_BUNDLE_2026-09-11/03_INVESTIGATIONS/02_EXPANDED_ARCHIVES/DEMOCRACY_INFLUENCE_ALL_INVESTIGATIONS_2026-09-07/__NESTED_EXPANDED__/DEMOCRACY_INFLUENCE_ALL_INVESTIGATIONS_2026-09-07__99_SOURCE_BUNDLES__INVESTIGATION_CONTROL_v0.7_METHOD_PACK/INVESTIGATION_CONTROL_v0.7_METHOD_PACK/INV-002/INV-002_REPORT.md,f4de1fac8ea62469b00987cc8461e2bc702b98b66a501f0fb6c930f7dcd5503b,03_INVESTIGATIONS/03_NORMALIZED_BY_ID/INV-002/INV-002_REPORT.md,DUPLICATE_SHA
INV-002,INV-002_CORPUS_MAP.csv,expanded:DEMOCRACY_INFLUENCE_ALL_INVESTIGATIONS_2026-09-07.zip,/mnt/data/DEMOCRACY_INFLUENCE_MASTER_EVIDENCE_BUNDLE_2026-09-11/03_INVESTIGATIONS/02_EXPANDED_ARCHIVES/DEMOCRACY_INFLUENCE_ALL_INVESTIGATIONS_2026-09-07/__NESTED_EXPANDED__/DEMOCRACY_INFLUENCE_ALL_INVESTIGATIONS_2026-09-07__99_SOURCE_BUNDLES__INVESTIGATION_CONTROL_v0.7_METHOD_PACK/INVESTIGATION_CONTROL_v0.7_METHOD_PACK/INV-002/INV-002_CORPUS_MAP.csv,16381ccc4a133aaf83e86fc357284444b83cc2ee3663c6ecbfae8aa0d76dc46a,03_INVESTIGATIONS/03_NORMALIZED_BY_ID/INV-002/INV-002_CORPUS_MAP.csv,DUPLICATE_SHA
INV-001,INV-001_CORPUS_INTEGRITY_AUDIT.md,expanded:DEMOCRACY_INFLUENCE_ALL_INVESTIGATIONS_2026-09-07.zip,/mnt/data/DEMOCRACY_INFLUENCE_MASTER_EVIDENCE_BUNDLE_2026-09-11/03_INVESTIGATIONS/02_EXPANDED_ARCHIVES/DEMOCRACY_INFLUENCE_ALL_INVESTIGATIONS_2026-09-07/__NESTED_EXPANDED__/DEMOCRACY_INFLUENCE_ALL_INVESTIGATIONS_2026-09-07__99_SOURCE_BUNDLES__INVESTIGATION_CONTROL_v0.7_METHOD_PACK/INVESTIGATION_CONTROL_v0.7_METHOD_PACK/INV-001/INV-001_CORPUS_INTEGRITY_AUDIT.md,21704b2e6957dd9550327c63b779f57137bd809ebd7ae28c87b1dc33b0854c78,03_INVESTIGATIONS/03_NORMALIZED_BY_ID/INV-001/INV-001_CORPUS_INTEGRITY_AUDIT.md,DUPLICATE_SHA
INV-001,INV-001_CORPUS_MANIFEST.csv,expanded:DEMOCRACY_INFLUENCE_ALL_INVESTIGATIONS_2026-09-07.zip,/mnt/data/DEMOCRACY_INFLUENCE_MASTER_EVIDENCE_BUNDLE_2026-09-11/03_INVESTIGATIONS/02_EXPANDED_ARCHIVES/DEMOCRACY_INFLUENCE_ALL_INVESTIGATIONS_2026-09-07/__NESTED_EXPANDED__/DEMOCRACY_INFLUENCE_ALL_INVESTIGATIONS_2026-09-07__99_SOURCE_BUNDLES__INVESTIGATION_CONTROL_v0.7_METHOD_PACK/INVESTIGATION_CONTROL_v0.7_METHOD_PACK/INV-001/INV-001_CORPUS_MANIFEST.csv,961d9574b220485375431fd0f4763d8c938903a1da50095a80e10aa7948bc5be,03_INVESTIGATIONS/03_NORMALIZED_BY_ID/INV-001/INV-001_CORPUS_MANIFEST.csv,DUPLICATE_SHA
INV-001,INV-001-R1_REPLAY.md,expanded:DEMOCRACY_INFLUENCE_ALL_INVESTIGATIONS_2026-09-07.zip,/mnt/data/DEMOCRACY_INFLUENCE_MASTER_EVIDENCE_BUNDLE_2026-09-11/03_INVESTIGATIONS/02_EXPANDED_ARCHIVES/DEMOCRACY_INFLUENCE_ALL_INVESTIGATIONS_2026-09-07/__NESTED_EXPANDED__/DEMOCRACY_INFLUENCE_ALL_INVESTIGATIONS_2026-09-07__99_SOURCE_BUNDLES__INVESTIGATION_CONTROL_v0.7_METHOD_PACK/INVESTIGATION_CONTROL_v0.7_METHOD_PACK/INV-001/INV-001-R1_REPLAY.md,c3b02fe75ee3ccd0804ac9ab420489b1b7af7710b7aa9920aa00a4f626ed1105,03_INVESTIGATIONS/03_NORMALIZED_BY_ID/INV-001/INV-001-R1_REPLAY.md,DUPLICATE_SHA
INV-001,INV-001-R1_REPLAY.md,expanded:DEMOCRACY_INFLUENCE_ALL_INVESTIGATIONS_2026-09-07.zip,/mnt/data/DEMOCRACY_INFLUENCE_MASTER_EVIDENCE_BUNDLE_2026-09-11/03_INVESTIGATIONS/02_EXPANDED_ARCHIVES/DEMOCRACY_INFLUENCE_ALL_INVESTIGATIONS_2026-09-07/__NESTED_EXPANDED__/DEMOCRACY_INFLUENCE_ALL_INVESTIGATIONS_2026-09-07__99_SOURCE_BUNDLES__INVESTIGATION_CONTROL_v0.7_METHOD_PACK/INVESTIGATION_CONTROL_v0.7_METHOD_PACK/BASELINE/SUBSTACK_2026-08-26/INV-001-R1_REPLAY.md,203397d17377b724cda89dd9a0c117c32b2bb14195e710656a06e63e9a3079fe,03_INVESTIGATIONS/03_NORMALIZED_BY_ID/INV-001/INV-001-R1_REPLAY__expanded_DEMOCRACY_INFLUENCE_ALL_INVESTIGATIONS_20.md,DUPLICATE_SHA
INV-010,INV-010_RUN_CARD.md,expanded:DEMOCRACY_INFLUENCE_ALL_INVESTIGATIONS_2026-09-07.zip,/mnt/data/DEMOCRACY_INFLUENCE_MASTER_EVIDENCE_BUNDLE_2026-09-11/03_INVESTIGATIONS/02_EXPANDED_ARCHIVES/DEMOCRACY_INFLUENCE_ALL_INVESTIGATIONS_2026-09-07/__NESTED_EXPANDED__/DEMOCRACY_INFLUENCE_ALL_INVESTIGATIONS_2026-09-07__99_SOURCE_BUNDLES__INVESTIGATION_CONTROL_v0.7_METHOD_PACK/INVESTIGATION_CONTROL_v0.7_METHOD_PACK/METHOD_PACK/samples/INV-010_RUN_CARD.md,9ecf226e422c4ea15371142cecfa6af2ab54dad338126da4a9fe6dbad56ccf56,03_INVESTIGATIONS/03_NORMALIZED_BY_ID/INV-010/INV-010_RUN_CARD.md,DUPLICATE_SHA
INV-001,INV-001-R1_REPLAY.md,expanded:DEMOCRACY_INFLUENCE_ALL_INVESTIGATIONS_2026-09-07.zip,/mnt/data/DEMOCRACY_INFLUENCE_MASTER_EVIDENCE_BUNDLE_2026-09-11/03_INVESTIGATIONS/02_EXPANDED_ARCHIVES/DEMOCRACY_INFLUENCE_ALL_INVESTIGATIONS_2026-09-07/__NESTED_EXPANDED__/DEMOCRACY_INFLUENCE_ALL_INVESTIGATIONS_2026-09-07__01_RUNTIME_AND_CORPUS__SUBSTACK_BASELINE_2026-08-26_v0.4/SUBSTACK_BASELINE_2026-08-26_v0.4/INV-001-R1_REPLAY.md,203397d17377b724cda89dd9a0c117c32b2bb14195e710656a06e63e9a3079fe,03_INVESTIGATIONS/03_NORMALIZED_BY_ID/INV-001/INV-001-R1_REPLAY__expanded_DEMOCRACY_INFLUENCE_ALL_INVESTIGATIONS_20.md,DUPLICATE_SHA
INV-128,INV-128_RUN_CARD.md,expanded:DEMOCRACY_INFLUENCE_ALL_INVESTIGATIONS_2026-09-07.zip,/mnt/data/DEMOCRACY_INFLUENCE_MASTER_EVIDENCE_BUNDLE_2026-09-11/03_INVESTIGATIONS/02_EXPANDED_ARCHIVES/DEMOCRACY_INFLUENCE_ALL_INVESTIGATIONS_2026-09-07/__NESTED_EXPANDED__/DEMOCRACY_INFLUENCE_ALL_INVESTIGATIONS_2026-09-07__99_SOURCE_BUNDLES__INV-128_BUNDLE/INV-128/INV-128_RUN_CARD.md,0d7909dfd828e3c222322bdf7365c5cb511a5b8c5537b28e2b04fd4c501a8f0e,03_INVESTIGATIONS/03_NORMALIZED_BY_ID/INV-128/INV-128_RUN_CARD.md,COPIED
INV-128,INV-128_RUN_STATE.json,expanded:DEMOCRACY_INFLUENCE_ALL_INVESTIGATIONS_2026-09-07.zip,/mnt/data/DEMOCRACY_INFLUENCE_MASTER_EVIDENCE_BUNDLE_2026-09-11/03_INVESTIGATIONS/02_EXPANDED_ARCHIVES/DEMOCRACY_INFLUENCE_ALL_INVESTIGATIONS_2026-09-07/__NESTED_EXPANDED__/DEMOCRACY_INFLUENCE_ALL_INVESTIGATIONS_2026-09-07__99_SOURCE_BUNDLES__INV-128_BUNDLE/INV-128/INV-128_RUN_STATE.json,5def101485cc650532a329dac98e6d87647aaaab96a9208d67c9b75337a37df4,03_INVESTIGATIONS/03_NORMALIZED_BY_ID/INV-128/INV-128_RUN_STATE.json,COPIED
INV-128,INV-128_INVESTIGATION.md,expanded:DEMOCRACY_INFLUENCE_ALL_INVESTIGATIONS_2026-09-07.zip,/mnt/data/DEMOCRACY_INFLUENCE_MASTER_EVIDENCE_BUNDLE_2026-09-11/03_INVESTIGATIONS/02_EXPANDED_ARCHIVES/DEMOCRACY_INFLUENCE_ALL_INVESTIGATIONS_2026-09-07/__NESTED_EXPANDED__/DEMOCRACY_INFLUENCE_ALL_INVESTIGATIONS_2026-09-07__99_SOURCE_BUNDLES__INV-128_BUNDLE/INV-128/INV-128_INVESTIGATION.md,f75c96e5b32e77d14e87ad78af1711c01c46023a2bfc62366f1f327cd6244053,03_INVESTIGATIONS/03_NORMALIZED_BY_ID/INV-128/INV-128_INVESTIGATION.md,COPIED
INV-128,INV-128_INPUT.txt,expanded:DEMOCRACY_INFLUENCE_ALL_INVESTIGATIONS_2026-09-07.zip,/mnt/data/DEMOCRACY_INFLUENCE_MASTER_EVIDENCE_BUNDLE_2026-09-11/03_INVESTIGATIONS/02_EXPANDED_ARCHIVES/DEMOCRACY_INFLUENCE_ALL_INVESTIGATIONS_2026-09-07/__NESTED_EXPANDED__/DEMOCRACY_INFLUENCE_ALL_INVESTIGATIONS_2026-09-07__99_SOURCE_BUNDLES__INV-128_BUNDLE/INV-128/INV-128_INPUT.txt,0d7909dfd828e3c222322bdf7365c5cb511a5b8c5537b28e2b04fd4c501a8f0e,03_INVESTIGATIONS/03_NORMALIZED_BY_ID/INV-128/INV-128_RUN_CARD.md,DUPLICATE_SHA
INV-128,INV-128_CERTIFICATION.json,expanded:DEMOCRACY_INFLUENCE_ALL_INVESTIGATIONS_2026-09-07.zip,/mnt/data/DEMOCRACY_INFLUENCE_MASTER_EVIDENCE_BUNDLE_2026-09-11/03_INVESTIGATIONS/02_EXPANDED_ARCHIVES/DEMOCRACY_INFLUENCE_ALL_INVESTIGATIONS_2026-09-07/__NESTED_EXPANDED__/DEMOCRACY_INFLUENCE_ALL_INVESTIGATIONS_2026-09-07__99_SOURCE_BUNDLES__INV-128_BUNDLE/INV-128/INV-128_CERTIFICATION.json,53aa3196657f4d06c2299265fa76cddf1befc4e6c4761f1b1a057a63956c1829,03_INVESTIGATIONS/03_NORMALIZED_BY_ID/INV-128/INV-128_CERTIFICATION.json,COPIED
INV-128,INV-128_MNEMO_SNAPSHOT.json,expanded:DEMOCRACY_INFLUENCE_ALL_INVESTIGATIONS_2026-09-07.zip,/mnt/data/DEMOCRACY_INFLUENCE_MASTER_EVIDENCE_BUNDLE_2026-09-11/03_INVESTIGATIONS/02_EXPANDED_ARCHIVES/DEMOCRACY_INFLUENCE_ALL_INVESTIGATIONS_2026-09-07/__NESTED_EXPANDED__/DEMOCRACY_INFLUENCE_ALL_INVESTIGATIONS_2026-09-07__99_SOURCE_BUNDLES__INV-128_BUNDLE/INV-128/INV-128_MNEMO_SNAPSHOT.json,6f9a74f7c985d39210eee1f0b9d7cda32ac240fd754d86ade315bb5a4c2032ac,03_INVESTIGATIONS/03_NORMALIZED_BY_ID/INV-128/INV-128_MNEMO_SNAPSHOT.json,COPIED
INV-128,INV-128_NARRATIVE.tmp.md,expanded:DEMOCRACY_INFLUENCE_ALL_INVESTIGATIONS_2026-09-07.zip,/mnt/data/DEMOCRACY_INFLUENCE_MASTER_EVIDENCE_BUNDLE_2026-09-11/03_INVESTIGATIONS/02_EXPANDED_ARCHIVES/DEMOCRACY_INFLUENCE_ALL_INVESTIGATIONS_2026-09-07/__NESTED_EXPANDED__/DEMOCRACY_INFLUENCE_ALL_INVESTIGATIONS_2026-09-07__99_SOURCE_BUNDLES__INV-128_BUNDLE/INV-128/INV-128_NARRATIVE.tmp.md,a6d6391201a8cefe965694a01344726109f26dea46873a6295885be188427d8b,03_INVESTIGATIONS/03_NORMALIZED_BY_ID/INV-128/INV-128_NARRATIVE.tmp.md,COPIED
INV-128,INV-128_POST_RUN_REVIEW.md,expanded:DEMOCRACY_INFLUENCE_ALL_INVESTIGATIONS_2026-09-07.zip,/mnt/data/DEMOCRACY_INFLUENCE_MASTER_EVIDENCE_BUNDLE_2026-09-11/03_INVESTIGATIONS/02_EXPANDED_ARCHIVES/DEMOCRACY_INFLUENCE_ALL_INVESTIGATIONS_2026-09-07/__NESTED_EXPANDED__/DEMOCRACY_INFLUENCE_ALL_INVESTIGATIONS_2026-09-07__99_SOURCE_BUNDLES__INV-128_BUNDLE/INV-128/INV-128_POST_RUN_REVIEW.md,f1d27435d96ed212b4d50e22102b1beb7b0c4f9426c5f46c5ad4a7351f688920,03_INVESTIGATIONS/03_NORMALIZED_BY_ID/INV-128/INV-128_POST_RUN_REVIEW.md,COPIED
INV-128,INV-128_RUN_HANDOFF.md,expanded:DEMOCRACY_INFLUENCE_ALL_INVESTIGATIONS_2026-09-07.zip,/mnt/data/DEMOCRACY_INFLUENCE_MASTER_EVIDENCE_BUNDLE_2026-09-11/03_INVESTIGATIONS/02_EXPANDED_ARCHIVES/DEMOCRACY_INFLUENCE_ALL_INVESTIGATIONS_2026-09-07/__NESTED_EXPANDED__/DEMOCRACY_INFLUENCE_ALL_INVESTIGATIONS_2026-09-07__99_SOURCE_BUNDLES__INV-128_BUNDLE/INV-128/INV-128_RUN_HANDOFF.md,e6ebbe716642c098fccd8d02f7ebd4bb6677f8647b7022e530d0c83fbdfc977d,03_INVESTIGATIONS/03_NORMALIZED_BY_ID/INV-128/INV-128_RUN_HANDOFF.md,COPIED
INV-071,INV-071_RUN_HANDOFF.md,expanded:DEMOCRACY_INFLUENCE_ALL_INVESTIGATIONS_2026-09-07.zip,/mnt/data/DEMOCRACY_INFLUENCE_MASTER_EVIDENCE_BUNDLE_2026-09-11/03_INVESTIGATIONS/02_EXPANDED_ARCHIVES/DEMOCRACY_INFLUENCE_ALL_INVESTIGATIONS_2026-09-07/__NESTED_EXPANDED__/DEMOCRACY_INFLUENCE_ALL_INVESTIGATIONS_2026-09-07__99_SOURCE_BUNDLES__DEMOCRACY_INFLUENCE_INVESTIGATIONS_BUNDLE_001/democracy-influence-investigations-bundle/INV-071/INV-071_RUN_HANDOFF.md,40a5c487ae9f5367cd68895cc24b8d18fd90bf66e4f4d960e9164c2585309879,03_INVESTIGATIONS/03_NORMALIZED_BY_ID/INV-071/INV-071_RUN_HANDOFF.md,COPIED
INV-071,INV-071_PILOT_REVIEW.md,expanded:DEMOCRACY_INFLUENCE_ALL_INVESTIGATIONS_2026-09-07.zip,/mnt/data/DEMOCRACY_INFLUENCE_MASTER_EVIDENCE_BUNDLE_2026-09-11/03_INVESTIGATIONS/02_EXPANDED_ARCHIVES/DEMOCRACY_INFLUENCE_ALL_INVESTIGATIONS_2026-09-07/__NESTED_EXPANDED__/DEMOCRACY_INFLUENCE_ALL_INVESTIGATIONS_2026-09-07__99_SOURCE_BUNDLES__DEMOCRACY_INFLUENCE_INVESTIGATIONS_BUNDLE_001/democracy-influence-investigations-bundle/INV-071/INV-071_PILOT_REVIEW.md,5f5118e52d72133c7015432fe2d306068103c5884d9ec6d7ec7b5617eda3a50a,03_INVESTIGATIONS/03_NORMALIZED_BY_ID/INV-071/INV-071_PILOT_REVIEW.md,COPIED
INV-071,INV-071_INVESTIGATION.md,expanded:DEMOCRACY_INFLUENCE_ALL_INVESTIGATIONS_2026-09-07.zip,/mnt/data/DEMOCRACY_INFLUENCE_MASTER_EVIDENCE_BUNDLE_2026-09-11/03_INVESTIGATIONS/02_EXPANDED_ARCHIVES/DEMOCRACY_INFLUENCE_ALL_INVESTIGATIONS_2026-09-07/__NESTED_EXPANDED__/DEMOCRACY_INFLUENCE_ALL_INVESTIGATIONS_2026-09-07__99_SOURCE_BUNDLES__DEMOCRACY_INFLUENCE_INVESTIGATIONS_BUNDLE_001/democracy-influence-investigations-bundle/INV-071/INV-071_INVESTIGATION.md,cc0063eb57f6b95f1589cb9d50f81a603bec0415b5069109c4855bdb76f5e810,03_INVESTIGATIONS/03_NORMALIZED_BY_ID/INV-071/INV-071_INVESTIGATION.md,COPIED
INV-071,INV-071_CERTIFICATION.json,expanded:DEMOCRACY_INFLUENCE_ALL_INVESTIGATIONS_2026-09-07.zip,/mnt/data/DEMOCRACY_INFLUENCE_MASTER_EVIDENCE_BUNDLE_2026-09-11/03_INVESTIGATIONS/02_EXPANDED_ARCHIVES/DEMOCRACY_INFLUENCE_ALL_INVESTIGATIONS_2026-09-07/__NESTED_EXPANDED__/DEMOCRACY_INFLUENCE_ALL_INVESTIGATIONS_2026-09-07__99_SOURCE_BUNDLES__DEMOCRACY_INFLUENCE_INVESTIGATIONS_BUNDLE_001/democracy-influence-investigations-bundle/INV-071/INV-071_CERTIFICATION.json,fbe1ad101bb2dd2b1b0b5776a2809d62946267501a0f7efd4bedc66b7a4265bb,03_INVESTIGATIONS/03_NORMALIZED_BY_ID/INV-071/INV-071_CERTIFICATION.json,COPIED
INV-019,INV-019_PILOT_REVIEW.md,expanded:DEMOCRACY_INFLUENCE_ALL_INVESTIGATIONS_2026-09-07.zip,/mnt/data/DEMOCRACY_INFLUENCE_MASTER_EVIDENCE_BUNDLE_2026-09-11/03_INVESTIGATIONS/02_EXPANDED_ARCHIVES/DEMOCRACY_INFLUENCE_ALL_INVESTIGATIONS_2026-09-07/__NESTED_EXPANDED__/DEMOCRACY_INFLUENCE_ALL_INVESTIGATIONS_2026-09-07__99_SOURCE_BUNDLES__DEMOCRACY_INFLUENCE_INVESTIGATIONS_BUNDLE_001/democracy-influence-investigations-bundle/INV-019/INV-019_PILOT_REVIEW.md,6d0607ea4d071fc8f48e0e6db9a87182a8c715547b07547c3bc2109f370d7c48,03_INVESTIGATIONS/03_NORMALIZED_BY_ID/INV-019/INV-019_PILOT_REVIEW.md,COPIED
INV-019,INV-019_INVESTIGATION.md,expanded:DEMOCRACY_INFLUENCE_ALL_INVESTIGATIONS_2026-09-07.zip,/mnt/data/DEMOCRACY_INFLUENCE_MASTER_EVIDENCE_BUNDLE_2026-09-11/03_INVESTIGATIONS/02_EXPANDED_ARCHIVES/DEMOCRACY_INFLUENCE_ALL_INVESTIGATIONS_2026-09-07/__NESTED_EXPANDED__/DEMOCRACY_INFLUENCE_ALL_INVESTIGATIONS_2026-09-07__99_SOURCE_BUNDLES__DEMOCRACY_INFLUENCE_INVESTIGATIONS_BUNDLE_001/democracy-influence-investigations-bundle/INV-019/INV-019_INVESTIGATION.md,bf255493afd50152c0123d42c8521c0e85febe44f89deeb8a6450543184072b6,03_INVESTIGATIONS/03_NORMALIZED_BY_ID/INV-019/INV-019_INVESTIGATION.md,COPIED
INV-019,INV-019_RUN_HANDOFF.md,expanded:DEMOCRACY_INFLUENCE_ALL_INVESTIGATIONS_2026-09-07.zip,/mnt/data/DEMOCRACY_INFLUENCE_MASTER_EVIDENCE_BUNDLE_2026-09-11/03_INVESTIGATIONS/02_EXPANDED_ARCHIVES/DEMOCRACY_INFLUENCE_ALL_INVESTIGATIONS_2026-09-07/__NESTED_EXPANDED__/DEMOCRACY_INFLUENCE_ALL_INVESTIGATIONS_2026-09-07__99_SOURCE_BUNDLES__DEMOCRACY_INFLUENCE_INVESTIGATIONS_BUNDLE_001/democracy-influence-investigations-bundle/INV-019/INV-019_RUN_HANDOFF.md,c72fff3b19b5ab1b2bd36b064544c1a3635f42e3d30b99c8c225e616f1d76c9b,03_INVESTIGATIONS/03_NORMALIZED_BY_ID/INV-019/INV-019_RUN_HANDOFF.md,COPIED
INV-010,INV-010_RUN_HANDOFF.md,expanded:DEMOCRACY_INFLUENCE_ALL_INVESTIGATIONS_2026-09-07.zip,/mnt/data/DEMOCRACY_INFLUENCE_MASTER_EVIDENCE_BUNDLE_2026-09-11/03_INVESTIGATIONS/02_EXPANDED_ARCHIVES/DEMOCRACY_INFLUENCE_ALL_INVESTIGATIONS_2026-09-07/__NESTED_EXPANDED__/DEMOCRACY_INFLUENCE_ALL_INVESTIGATIONS_2026-09-07__99_SOURCE_BUNDLES__DEMOCRACY_INFLUENCE_INVESTIGATIONS_BUNDLE_001/democracy-influence-investigations-bundle/INV-010/INV-010_RUN_HANDOFF.md,98ab3ccd5806547ffa3e0783c9486047d6fa02de01123162c3bb573da49c7bef,03_INVESTIGATIONS/03_NORMALIZED_BY_ID/INV-010/INV-010_RUN_HANDOFF.md,COPIED
INV-010,INV-010_RENARD.md,expanded:DEMOCRACY_INFLUENCE_ALL_INVESTIGATIONS_2026-09-07.zip,/mnt/data/DEMOCRACY_INFLUENCE_MASTER_EVIDENCE_BUNDLE_2026-09-11/03_INVESTIGATIONS/02_EXPANDED_ARCHIVES/DEMOCRACY_INFLUENCE_ALL_INVESTIGATIONS_2026-09-07/__NESTED_EXPANDED__/DEMOCRACY_INFLUENCE_ALL_INVESTIGATIONS_2026-09-07__99_SOURCE_BUNDLES__DEMOCRACY_INFLUENCE_INVESTIGATIONS_BUNDLE_001/democracy-influence-investigations-bundle/INV-010/INV-010_RENARD.md,d37779d5de34c9f1cda22355e6df5cc976d38e29532c93d0217749162b751f7f,03_INVESTIGATIONS/03_NORMALIZED_BY_ID/INV-010/INV-010_RENARD.md,COPIED
INV-010,INV-010_PILOT_REVIEW.md,expanded:DEMOCRACY_INFLUENCE_ALL_INVESTIGATIONS_2026-09-07.zip,/mnt/data/DEMOCRACY_INFLUENCE_MASTER_EVIDENCE_BUNDLE_2026-09-11/03_INVESTIGATIONS/02_EXPANDED_ARCHIVES/DEMOCRACY_INFLUENCE_ALL_INVESTIGATIONS_2026-09-07/__NESTED_EXPANDED__/DEMOCRACY_INFLUENCE_ALL_INVESTIGATIONS_2026-09-07__99_SOURCE_BUNDLES__DEMOCRACY_INFLUENCE_INVESTIGATIONS_BUNDLE_001/democracy-influence-investigations-bundle/INV-010/INV-010_PILOT_REVIEW.md,d0fc11c8019e37219cac649157b658345fb0fbe46e15539c61cb530e249933c7,03_INVESTIGATIONS/03_NORMALIZED_BY_ID/INV-010/INV-010_PILOT_REVIEW.md,COPIED
INV-010,INV-010_INVESTIGATION_AVAILABLE_R2.md,expanded:DEMOCRACY_INFLUENCE_ALL_INVESTIGATIONS_2026-09-07.zip,/mnt/data/DEMOCRACY_INFLUENCE_MASTER_EVIDENCE_BUNDLE_2026-09-11/03_INVESTIGATIONS/02_EXPANDED_ARCHIVES/DEMOCRACY_INFLUENCE_ALL_INVESTIGATIONS_2026-09-07/__NESTED_EXPANDED__/DEMOCRACY_INFLUENCE_ALL_INVESTIGATIONS_2026-09-07__99_SOURCE_BUNDLES__DEMOCRACY_INFLUENCE_INVESTIGATIONS_BUNDLE_001/democracy-influence-investigations-bundle/INV-010/INV-010_INVESTIGATION_AVAILABLE_R2.md,5455cd0616e4b35c5464b954c21105efad435516ad9454b0cb0468157ee2250b,03_INVESTIGATIONS/03_NORMALIZED_BY_ID/INV-010/INV-010_INVESTIGATION_AVAILABLE_R2.md,COPIED
INV-010,INV-010_R4_CERTIFICATION.json,expanded:DEMOCRACY_INFLUENCE_ALL_INVESTIGATIONS_2026-09-07.zip,/mnt/data/DEMOCRACY_INFLUENCE_MASTER_EVIDENCE_BUNDLE_2026-09-11/03_INVESTIGATIONS/02_EXPANDED_ARCHIVES/DEMOCRACY_INFLUENCE_ALL_INVESTIGATIONS_2026-09-07/__NESTED_EXPANDED__/DEMOCRACY_INFLUENCE_ALL_INVESTIGATIONS_2026-09-07__99_SOURCE_BUNDLES__DEMOCRACY_INFLUENCE_INVESTIGATIONS_BUNDLE_001/democracy-influence-investigations-bundle/INV-010/INV-010_R4_CERTIFICATION.json,c314e427c3c8d8a44bf4d7ff8222c96db244d14449fdb107832a7760cd0cf111,03_INVESTIGATIONS/03_NORMALIZED_BY_ID/INV-010/INV-010_R4_CERTIFICATION.json,COPIED
INV-049,INV-049_RENARD.md,expanded:DEMOCRACY_INFLUENCE_ALL_INVESTIGATIONS_2026-09-07.zip,/mnt/data/DEMOCRACY_INFLUENCE_MASTER_EVIDENCE_BUNDLE_2026-09-11/03_INVESTIGATIONS/02_EXPANDED_ARCHIVES/DEMOCRACY_INFLUENCE_ALL_INVESTIGATIONS_2026-09-07/__NESTED_EXPANDED__/DEMOCRACY_INFLUENCE_ALL_INVESTIGATIONS_2026-09-07__99_SOURCE_BUNDLES__DEMOCRACY_INFLUENCE_INVESTIGATIONS_BUNDLE_001/democracy-influence-investigations-bundle/INV-049/INV-049_RENARD.md,11e5413284bd3523fe78b1458eb16fe59c0980591ef66e0519f5911483ea08a6,03_INVESTIGATIONS/03_NORMALIZED_BY_ID/INV-049/INV-049_RENARD.md,COPIED
INV-049,INV-049_INVESTIGATION.md,expanded:DEMOCRACY_INFLUENCE_ALL_INVESTIGATIONS_2026-09-07.zip,/mnt/data/DEMOCRACY_INFLUENCE_MASTER_EVIDENCE_BUNDLE_2026-09-11/03_INVESTIGATIONS/02_EXPANDED_ARCHIVES/DEMOCRACY_INFLUENCE_ALL_INVESTIGATIONS_2026-09-07/__NESTED_EXPANDED__/DEMOCRACY_INFLUENCE_ALL_INVESTIGATIONS_2026-09-07__99_SOURCE_BUNDLES__DEMOCRACY_INFLUENCE_INVESTIGATIONS_BUNDLE_001/democracy-influence-investigations-bundle/INV-049/INV-049_INVESTIGATION.md,f731e05757a6b8bcd0fcee1919677256790000e69f9243bb294704f4ca9d14d4,03_INVESTIGATIONS/03_NORMALIZED_BY_ID/INV-049/INV-049_INVESTIGATION.md,COPIED
INV-049,INV-049_CERTIFICATION.json,expanded:DEMOCRACY_INFLUENCE_ALL_INVESTIGATIONS_2026-09-07.zip,/mnt/data/DEMOCRACY_INFLUENCE_MASTER_EVIDENCE_BUNDLE_2026-09-11/03_INVESTIGATIONS/02_EXPANDED_ARCHIVES/DEMOCRACY_INFLUENCE_ALL_INVESTIGATIONS_2026-09-07/__NESTED_EXPANDED__/DEMOCRACY_INFLUENCE_ALL_INVESTIGATIONS_2026-09-07__99_SOURCE_BUNDLES__DEMOCRACY_INFLUENCE_INVESTIGATIONS_BUNDLE_001/democracy-influence-investigations-bundle/INV-049/INV-049_CERTIFICATION.json,8f549bc737a32acf68e6adce0084ed4efa679cd108283a99d70d0f4271abbad8,03_INVESTIGATIONS/03_NORMALIZED_BY_ID/INV-049/INV-049_CERTIFICATION.json,COPIED
INV-049,INV-049_RUN_HANDOFF.md,expanded:DEMOCRACY_INFLUENCE_ALL_INVESTIGATIONS_2026-09-07.zip,/mnt/data/DEMOCRACY_INFLUENCE_MASTER_EVIDENCE_BUNDLE_2026-09-11/03_INVESTIGATIONS/02_EXPANDED_ARCHIVES/DEMOCRACY_INFLUENCE_ALL_INVESTIGATIONS_2026-09-07/__NESTED_EXPANDED__/DEMOCRACY_INFLUENCE_ALL_INVESTIGATIONS_2026-09-07__99_SOURCE_BUNDLES__DEMOCRACY_INFLUENCE_INVESTIGATIONS_BUNDLE_001/democracy-influence-investigations-bundle/INV-049/INV-049_RUN_HANDOFF.md,53b700412f23822520263f58965856384a77fa82053df12fc2d5ea6671830bfa,03_INVESTIGATIONS/03_NORMALIZED_BY_ID/INV-049/INV-049_RUN_HANDOFF.md,COPIED
INV-049,INV-049_PILOT_REVIEW.md,expanded:DEMOCRACY_INFLUENCE_ALL_INVESTIGATIONS_2026-09-07.zip,/mnt/data/DEMOCRACY_INFLUENCE_MASTER_EVIDENCE_BUNDLE_2026-09-11/03_INVESTIGATIONS/02_EXPANDED_ARCHIVES/DEMOCRACY_INFLUENCE_ALL_INVESTIGATIONS_2026-09-07/__NESTED_EXPANDED__/DEMOCRACY_INFLUENCE_ALL_INVESTIGATIONS_2026-09-07__99_SOURCE_BUNDLES__DEMOCRACY_INFLUENCE_INVESTIGATIONS_BUNDLE_001/democracy-influence-investigations-bundle/INV-049/INV-049_PILOT_REVIEW.md,0aa8ddd4ada3851b66e336585e630ff4e40b795917bc909f7093e4275277fc9c,03_INVESTIGATIONS/03_NORMALIZED_BY_ID/INV-049/INV-049_PILOT_REVIEW.md,COPIED
INV-039,2026-09-06_16-39_pouvoir-institutions-ue_RUN_STATE.json,expanded:DEMOCRACY_INFLUENCE_ALL_INVESTIGATIONS_2026-09-07.zip,/mnt/data/DEMOCRACY_INFLUENCE_MASTER_EVIDENCE_BUNDLE_2026-09-11/03_INVESTIGATIONS/02_EXPANDED_ARCHIVES/DEMOCRACY_INFLUENCE_ALL_INVESTIGATIONS_2026-09-07/__NESTED_EXPANDED__/DEMOCRACY_INFLUENCE_ALL_INVESTIGATIONS_2026-09-07__99_SOURCE_BUNDLES__INV-039_BUNDLE/INV-039/2026-09-06_16-39_pouvoir-institutions-ue_RUN_STATE.json,f8ad9e0c60236005c9df4cd011004150c40ad01a1332233a7c826ab2291fae45,03_INVESTIGATIONS/03_NORMALIZED_BY_ID/INV-039/2026-09-06_16-39_pouvoir-institutions-ue_RUN_STATE.json,COPIED
INV-039,INV-039_RUN_CARD.md,expanded:DEMOCRACY_INFLUENCE_ALL_INVESTIGATIONS_2026-09-07.zip,/mnt/data/DEMOCRACY_INFLUENCE_MASTER_EVIDENCE_BUNDLE_2026-09-11/03_INVESTIGATIONS/02_EXPANDED_ARCHIVES/DEMOCRACY_INFLUENCE_ALL_INVESTIGATIONS_2026-09-07/__NESTED_EXPANDED__/DEMOCRACY_INFLUENCE_ALL_INVESTIGATIONS_2026-09-07__99_SOURCE_BUNDLES__INV-039_BUNDLE/INV-039/INV-039_RUN_CARD.md,587a77b12e931cd4310d83d06110705744826db2186d4c8b1da0f16fa25510a6,03_INVESTIGATIONS/03_NORMALIZED_BY_ID/INV-039/INV-039_RUN_CARD.md,COPIED
INV-039,2026-09-06_16-39_pouvoir-institutions-ue_INVESTIGATION.md,expanded:DEMOCRACY_INFLUENCE_ALL_INVESTIGATIONS_2026-09-07.zip,/mnt/data/DEMOCRACY_INFLUENCE_MASTER_EVIDENCE_BUNDLE_2026-09-11/03_INVESTIGATIONS/02_EXPANDED_ARCHIVES/DEMOCRACY_INFLUENCE_ALL_INVESTIGATIONS_2026-09-07/__NESTED_EXPANDED__/DEMOCRACY_INFLUENCE_ALL_INVESTIGATIONS_2026-09-07__99_SOURCE_BUNDLES__INV-039_BUNDLE/INV-039/2026-09-06_16-39_pouvoir-institutions-ue_INVESTIGATION.md,ca5113fdeba13fe444538d3d76cc80227d811a50356a002398312d16e1838e8c,03_INVESTIGATIONS/03_NORMALIZED_BY_ID/INV-039/2026-09-06_16-39_pouvoir-institutions-ue_INVESTIGATION.md,COPIED
INV-039,INV-039_RUN_HANDOFF.md,expanded:DEMOCRACY_INFLUENCE_ALL_INVESTIGATIONS_2026-09-07.zip,/mnt/data/DEMOCRACY_INFLUENCE_MASTER_EVIDENCE_BUNDLE_2026-09-11/03_INVESTIGATIONS/02_EXPANDED_ARCHIVES/DEMOCRACY_INFLUENCE_ALL_INVESTIGATIONS_2026-09-07/__NESTED_EXPANDED__/DEMOCRACY_INFLUENCE_ALL_INVESTIGATIONS_2026-09-07__99_SOURCE_BUNDLES__INV-039_BUNDLE/INV-039/INV-039_RUN_HANDOFF.md,f161f85f3b3e4ac598054a114b461a01b480ef2fb646c39112e3ff7df8733748,03_INVESTIGATIONS/03_NORMALIZED_BY_ID/INV-039/INV-039_RUN_HANDOFF.md,COPIED
INV-039,2026-09-06_16-39_pouvoir-institutions-ue_INPUT.md,expanded:DEMOCRACY_INFLUENCE_ALL_INVESTIGATIONS_2026-09-07.zip,/mnt/data/DEMOCRACY_INFLUENCE_MASTER_EVIDENCE_BUNDLE_2026-09-11/03_INVESTIGATIONS/02_EXPANDED_ARCHIVES/DEMOCRACY_INFLUENCE_ALL_INVESTIGATIONS_2026-09-07/__NESTED_EXPANDED__/DEMOCRACY_INFLUENCE_ALL_INVESTIGATIONS_2026-09-07__99_SOURCE_BUNDLES__INV-039_BUNDLE/INV-039/2026-09-06_16-39_pouvoir-institutions-ue_INPUT.md,587a77b12e931cd4310d83d06110705744826db2186d4c8b1da0f16fa25510a6,03_INVESTIGATIONS/03_NORMALIZED_BY_ID/INV-039/INV-039_RUN_CARD.md,DUPLICATE_SHA
INV-039,2026-09-06_16-39_pouvoir-institutions-ue_CERTIFICATION.json,expanded:DEMOCRACY_INFLUENCE_ALL_INVESTIGATIONS_2026-09-07.zip,/mnt/data/DEMOCRACY_INFLUENCE_MASTER_EVIDENCE_BUNDLE_2026-09-11/03_INVESTIGATIONS/02_EXPANDED_ARCHIVES/DEMOCRACY_INFLUENCE_ALL_INVESTIGATIONS_2026-09-07/__NESTED_EXPANDED__/DEMOCRACY_INFLUENCE_ALL_INVESTIGATIONS_2026-09-07__99_SOURCE_BUNDLES__INV-039_BUNDLE/INV-039/2026-09-06_16-39_pouvoir-institutions-ue_CERTIFICATION.json,ce17430d3a8f9839315969456a9ffb66f07199141c604bfbd9a6478c4cedb3f5,03_INVESTIGATIONS/03_NORMALIZED_BY_ID/INV-039/2026-09-06_16-39_pouvoir-institutions-ue_CERTIFICATION.json,COPIED
INV-039,INV-039_POST_RUN_REVIEW.md,expanded:DEMOCRACY_INFLUENCE_ALL_INVESTIGATIONS_2026-09-07.zip,/mnt/data/DEMOCRACY_INFLUENCE_MASTER_EVIDENCE_BUNDLE_2026-09-11/03_INVESTIGATIONS/02_EXPANDED_ARCHIVES/DEMOCRACY_INFLUENCE_ALL_INVESTIGATIONS_2026-09-07/__NESTED_EXPANDED__/DEMOCRACY_INFLUENCE_ALL_INVESTIGATIONS_2026-09-07__99_SOURCE_BUNDLES__INV-039_BUNDLE/INV-039/INV-039_POST_RUN_REVIEW.md,af3a9bcc5dcf952c49f698c25d73317886a1930e731544915f341031f8d3225f,03_INVESTIGATIONS/03_NORMALIZED_BY_ID/INV-039/INV-039_POST_RUN_REVIEW.md,COPIED
INV-039,2026-09-06_16-39_pouvoir-institutions-ue_NARRATIVE.tmp.md,expanded:DEMOCRACY_INFLUENCE_ALL_INVESTIGATIONS_2026-09-07.zip,/mnt/data/DEMOCRACY_INFLUENCE_MASTER_EVIDENCE_BUNDLE_2026-09-11/03_INVESTIGATIONS/02_EXPANDED_ARCHIVES/DEMOCRACY_INFLUENCE_ALL_INVESTIGATIONS_2026-09-07/__NESTED_EXPANDED__/DEMOCRACY_INFLUENCE_ALL_INVESTIGATIONS_2026-09-07__99_SOURCE_BUNDLES__INV-039_BUNDLE/INV-039/2026-09-06_16-39_pouvoir-institutions-ue_NARRATIVE.tmp.md,1293e484228b4d0c990543480750e0e2231e52e76d2b169fd74ff7254c361cb1,03_INVESTIGATIONS/03_NORMALIZED_BY_ID/INV-039/2026-09-06_16-39_pouvoir-institutions-ue_NARRATIVE.tmp.md,COPIED
INV-039,2026-09-06_16-39_pouvoir-institutions-ue_MNEMO_SNAPSHOT.json,expanded:DEMOCRACY_INFLUENCE_ALL_INVESTIGATIONS_2026-09-07.zip,/mnt/data/DEMOCRACY_INFLUENCE_MASTER_EVIDENCE_BUNDLE_2026-09-11/03_INVESTIGATIONS/02_EXPANDED_ARCHIVES/DEMOCRACY_INFLUENCE_ALL_INVESTIGATIONS_2026-09-07/__NESTED_EXPANDED__/DEMOCRACY_INFLUENCE_ALL_INVESTIGATIONS_2026-09-07__99_SOURCE_BUNDLES__INV-039_BUNDLE/INV-039/2026-09-06_16-39_pouvoir-institutions-ue_MNEMO_SNAPSHOT.json,c8b917d1739d77c63de717e9642971674a106596660a60853fceb5090f1dd28b,03_INVESTIGATIONS/03_NORMALIZED_BY_ID/INV-039/2026-09-06_16-39_pouvoir-institutions-ue_MNEMO_SNAPSHOT.json,COPIED
INV-139,INV-139_RECOVERY_HANDOFF.md,expanded:DEMOCRACY_INFLUENCE_ALL_INVESTIGATIONS_2026-09-07.zip,/mnt/data/DEMOCRACY_INFLUENCE_MASTER_EVIDENCE_BUNDLE_2026-09-11/03_INVESTIGATIONS/02_EXPANDED_ARCHIVES/DEMOCRACY_INFLUENCE_ALL_INVESTIGATIONS_2026-09-07/DEMOCRACY_INFLUENCE_ALL_INVESTIGATIONS_2026-09-07/99_SOURCE_BUNDLES/INV-139_RECOVERY_HANDOFF.md,4f1519ff60088529dcb42bed830fc5df8c8aa2218063e3dcb73f8e0d11a8405a,03_INVESTIGATIONS/03_NORMALIZED_BY_ID/INV-139/INV-139_RECOVERY_HANDOFF.md,COPIED
INV-039,INV-039_BUNDLE.zip,expanded:DEMOCRACY_INFLUENCE_ALL_INVESTIGATIONS_2026-09-07.zip,/mnt/data/DEMOCRACY_INFLUENCE_MASTER_EVIDENCE_BUNDLE_2026-09-11/03_INVESTIGATIONS/02_EXPANDED_ARCHIVES/DEMOCRACY_INFLUENCE_ALL_INVESTIGATIONS_2026-09-07/DEMOCRACY_INFLUENCE_ALL_INVESTIGATIONS_2026-09-07/99_SOURCE_BUNDLES/INV-039_BUNDLE.zip,0416527edb70302209022874ecdbee709027cd46d5fa4bee5c6f4a0ee8b6701b,03_INVESTIGATIONS/03_NORMALIZED_BY_ID/INV-039/INV-039_BUNDLE.zip,COPIED
INV-128,INV-128_BUNDLE.zip,expanded:DEMOCRACY_INFLUENCE_ALL_INVESTIGATIONS_2026-09-07.zip,/mnt/data/DEMOCRACY_INFLUENCE_MASTER_EVIDENCE_BUNDLE_2026-09-11/03_INVESTIGATIONS/02_EXPANDED_ARCHIVES/DEMOCRACY_INFLUENCE_ALL_INVESTIGATIONS_2026-09-07/DEMOCRACY_INFLUENCE_ALL_INVESTIGATIONS_2026-09-07/99_SOURCE_BUNDLES/INV-128_BUNDLE.zip,44c3ef6027e2d334668aa8c4b467e6f93fddf1ac2826b30532271045288219bd,03_INVESTIGATIONS/03_NORMALIZED_BY_ID/INV-128/INV-128_BUNDLE.zip,COPIED
INV-026,INV-026_BUNDLE.zip,expanded:DEMOCRACY_INFLUENCE_ALL_INVESTIGATIONS_2026-09-07.zip,/mnt/data/DEMOCRACY_INFLUENCE_MASTER_EVIDENCE_BUNDLE_2026-09-11/03_INVESTIGATIONS/02_EXPANDED_ARCHIVES/DEMOCRACY_INFLUENCE_ALL_INVESTIGATIONS_2026-09-07/DEMOCRACY_INFLUENCE_ALL_INVESTIGATIONS_2026-09-07/99_SOURCE_BUNDLES/INV-026_BUNDLE.zip,6b9754adf908de7d1ed665b4b08ea12e21ebf14c145fe48b435b9b91d1c58e49,03_INVESTIGATIONS/03_NORMALIZED_BY_ID/INV-026/INV-026_BUNDLE.zip,COPIED
INV-146,INV-146_BUNDLE.zip,expanded:DEMOCRACY_INFLUENCE_ALL_INVESTIGATIONS_2026-09-07.zip,/mnt/data/DEMOCRACY_INFLUENCE_MASTER_EVIDENCE_BUNDLE_2026-09-11/03_INVESTIGATIONS/02_EXPANDED_ARCHIVES/DEMOCRACY_INFLUENCE_ALL_INVESTIGATIONS_2026-09-07/DEMOCRACY_INFLUENCE_ALL_INVESTIGATIONS_2026-09-07/99_SOURCE_BUNDLES/INV-146_BUNDLE.zip,7ebd342ea57c31af3aba1fde7db9c63db89e7f25b0d96d726e8e0dce9164f6b5,03_INVESTIGATIONS/03_NORMALIZED_BY_ID/INV-146/INV-146_BUNDLE.zip,COPIED
INV-140,INV-140_RECOVERY_HANDOFF.md,expanded:DEMOCRACY_INFLUENCE_ALL_INVESTIGATIONS_2026-09-07.zip,/mnt/data/DEMOCRACY_INFLUENCE_MASTER_EVIDENCE_BUNDLE_2026-09-11/03_INVESTIGATIONS/02_EXPANDED_ARCHIVES/DEMOCRACY_INFLUENCE_ALL_INVESTIGATIONS_2026-09-07/DEMOCRACY_INFLUENCE_ALL_INVESTIGATIONS_2026-09-07/99_SOURCE_BUNDLES/INV-140_RECOVERY_HANDOFF.md,aec894571a3eee531ea92bd386da1ecb664e9a7bd27c82ee2a73b330f26cb083,03_INVESTIGATIONS/03_NORMALIZED_BY_ID/INV-140/INV-140_RECOVERY_HANDOFF.md,COPIED
INV-103,INV-103_BUNDLE.zip,expanded:DEMOCRACY_INFLUENCE_ALL_INVESTIGATIONS_2026-09-07.zip,/mnt/data/DEMOCRACY_INFLUENCE_MASTER_EVIDENCE_BUNDLE_2026-09-11/03_INVESTIGATIONS/02_EXPANDED_ARCHIVES/DEMOCRACY_INFLUENCE_ALL_INVESTIGATIONS_2026-09-07/DEMOCRACY_INFLUENCE_ALL_INVESTIGATIONS_2026-09-07/99_SOURCE_BUNDLES/INV-103_BUNDLE.zip,26e4deaf660968b3f9d5f4e2373cfe75582d51c39b4517e8c4f3bac9dc8fcd47,03_INVESTIGATIONS/03_NORMALIZED_BY_ID/INV-103/INV-103_BUNDLE.zip,COPIED
INV-145,INV-145_BUNDLE.zip,expanded:DEMOCRACY_INFLUENCE_ALL_INVESTIGATIONS_2026-09-07.zip,/mnt/data/DEMOCRACY_INFLUENCE_MASTER_EVIDENCE_BUNDLE_2026-09-11/03_INVESTIGATIONS/02_EXPANDED_ARCHIVES/DEMOCRACY_INFLUENCE_ALL_INVESTIGATIONS_2026-09-07/DEMOCRACY_INFLUENCE_ALL_INVESTIGATIONS_2026-09-07/99_SOURCE_BUNDLES/INV-145_BUNDLE.zip,fc9a2513f91347e1ef2fc7e4975edca3aa77e469005c00e5435b9af6c3ca815a,03_INVESTIGATIONS/03_NORMALIZED_BY_ID/INV-145/INV-145_BUNDLE.zip,COPIED
INV-134,INV-134_BUNDLE.zip,expanded:DEMOCRACY_INFLUENCE_ALL_INVESTIGATIONS_2026-09-07.zip,/mnt/data/DEMOCRACY_INFLUENCE_MASTER_EVIDENCE_BUNDLE_2026-09-11/03_INVESTIGATIONS/02_EXPANDED_ARCHIVES/DEMOCRACY_INFLUENCE_ALL_INVESTIGATIONS_2026-09-07/DEMOCRACY_INFLUENCE_ALL_INVESTIGATIONS_2026-09-07/99_SOURCE_BUNDLES/INV-134_BUNDLE.zip,28676a4de3a86ce82051297a7eec0abbae6028ed78ae451043029d13c6378063,03_INVESTIGATIONS/03_NORMALIZED_BY_ID/INV-134/INV-134_BUNDLE.zip,COPIED
INV-137,INV-137_BUNDLE.zip,expanded:DEMOCRACY_INFLUENCE_ALL_INVESTIGATIONS_2026-09-07.zip,/mnt/data/DEMOCRACY_INFLUENCE_MASTER_EVIDENCE_BUNDLE_2026-09-11/03_INVESTIGATIONS/02_EXPANDED_ARCHIVES/DEMOCRACY_INFLUENCE_ALL_INVESTIGATIONS_2026-09-07/DEMOCRACY_INFLUENCE_ALL_INVESTIGATIONS_2026-09-07/99_SOURCE_BUNDLES/INV-137_BUNDLE.zip,ef854839209b3997b5cd7ee9fdad7025af49a222047349aae23ba8457a2cd7b8,03_INVESTIGATIONS/03_NORMALIZED_BY_ID/INV-137/INV-137_BUNDLE.zip,COPIED
INV-100,INV-100_BUNDLE.zip,expanded:DEMOCRACY_INFLUENCE_ALL_INVESTIGATIONS_2026-09-07.zip,/mnt/data/DEMOCRACY_INFLUENCE_MASTER_EVIDENCE_BUNDLE_2026-09-11/03_INVESTIGATIONS/02_EXPANDED_ARCHIVES/DEMOCRACY_INFLUENCE_ALL_INVESTIGATIONS_2026-09-07/DEMOCRACY_INFLUENCE_ALL_INVESTIGATIONS_2026-09-07/99_SOURCE_BUNDLES/INV-100_BUNDLE.zip,d1a834751f5fd6c776c7b1a6709688ce1d33a787bdc595a4081c38df6572a961,03_INVESTIGATIONS/03_NORMALIZED_BY_ID/INV-100/INV-100_BUNDLE.zip,COPIED
INV-093,INV-093_BUNDLE.zip,expanded:DEMOCRACY_INFLUENCE_ALL_INVESTIGATIONS_2026-09-07.zip,/mnt/data/DEMOCRACY_INFLUENCE_MASTER_EVIDENCE_BUNDLE_2026-09-11/03_INVESTIGATIONS/02_EXPANDED_ARCHIVES/DEMOCRACY_INFLUENCE_ALL_INVESTIGATIONS_2026-09-07/DEMOCRACY_INFLUENCE_ALL_INVESTIGATIONS_2026-09-07/99_SOURCE_BUNDLES/INV-093_BUNDLE.zip,56e97e4402978eecb20588b50fd0f6bbc082ea47c60afd3816a16ade6b22ab60,03_INVESTIGATIONS/03_NORMALIZED_BY_ID/INV-093/INV-093_BUNDLE.zip,COPIED
INV-022,INV-022_R3_CANONICAL_6_FILES.zip,expanded:DEMOCRACY_INFLUENCE_ALL_INVESTIGATIONS_2026-09-07.zip,/mnt/data/DEMOCRACY_INFLUENCE_MASTER_EVIDENCE_BUNDLE_2026-09-11/03_INVESTIGATIONS/02_EXPANDED_ARCHIVES/DEMOCRACY_INFLUENCE_ALL_INVESTIGATIONS_2026-09-07/DEMOCRACY_INFLUENCE_ALL_INVESTIGATIONS_2026-09-07/99_SOURCE_BUNDLES/INV-022_R3_CANONICAL_6_FILES.zip,ffebc4c4a78188350954badc7f7b6cf9c7f6f201547e57f7ea6abe385db04d18,03_INVESTIGATIONS/03_NORMALIZED_BY_ID/INV-022/INV-022_R3_CANONICAL_6_FILES.zip,COPIED
INV-136,INV-136_BUNDLE.zip,expanded:DEMOCRACY_INFLUENCE_ALL_INVESTIGATIONS_2026-09-07.zip,/mnt/data/DEMOCRACY_INFLUENCE_MASTER_EVIDENCE_BUNDLE_2026-09-11/03_INVESTIGATIONS/02_EXPANDED_ARCHIVES/DEMOCRACY_INFLUENCE_ALL_INVESTIGATIONS_2026-09-07/DEMOCRACY_INFLUENCE_ALL_INVESTIGATIONS_2026-09-07/99_SOURCE_BUNDLES/INV-136_BUNDLE.zip,5d7ad479b3dedaedf83604b511c97b310d4103638ed572556cfb5d22bbd55fc7,03_INVESTIGATIONS/03_NORMALIZED_BY_ID/INV-136/INV-136_BUNDLE.zip,COPIED
INV-138,INV-138_CANONICAL_ASSEMBLED.zip,expanded:DEMOCRACY_INFLUENCE_ALL_INVESTIGATIONS_2026-09-07.zip,/mnt/data/DEMOCRACY_INFLUENCE_MASTER_EVIDENCE_BUNDLE_2026-09-11/03_INVESTIGATIONS/02_EXPANDED_ARCHIVES/DEMOCRACY_INFLUENCE_ALL_INVESTIGATIONS_2026-09-07/DEMOCRACY_INFLUENCE_ALL_INVESTIGATIONS_2026-09-07/99_SOURCE_BUNDLES/INV-138_CANONICAL_ASSEMBLED.zip,1522639192c9113ec0b7dd0bdc8230d7e739415d2212dae188499da33cf399c5,03_INVESTIGATIONS/03_NORMALIZED_BY_ID/INV-138/INV-138_CANONICAL_ASSEMBLED.zip,COPIED
INV-135,INV-135_BUNDLE.zip,expanded:DEMOCRACY_INFLUENCE_ALL_INVESTIGATIONS_2026-09-07.zip,/mnt/data/DEMOCRACY_INFLUENCE_MASTER_EVIDENCE_BUNDLE_2026-09-11/03_INVESTIGATIONS/02_EXPANDED_ARCHIVES/DEMOCRACY_INFLUENCE_ALL_INVESTIGATIONS_2026-09-07/DEMOCRACY_INFLUENCE_ALL_INVESTIGATIONS_2026-09-07/99_SOURCE_BUNDLES/INV-135_BUNDLE.zip,8d240c8be3ec417f26067dea33c791f44840ba8ac4993f60e2eaefb7e07cd895,03_INVESTIGATIONS/03_NORMALIZED_BY_ID/INV-135/INV-135_BUNDLE.zip,COPIED
INV-044,INV-044_BUNDLE.zip,expanded:DEMOCRACY_INFLUENCE_ALL_INVESTIGATIONS_2026-09-07.zip,/mnt/data/DEMOCRACY_INFLUENCE_MASTER_EVIDENCE_BUNDLE_2026-09-11/03_INVESTIGATIONS/02_EXPANDED_ARCHIVES/DEMOCRACY_INFLUENCE_ALL_INVESTIGATIONS_2026-09-07/DEMOCRACY_INFLUENCE_ALL_INVESTIGATIONS_2026-09-07/99_SOURCE_BUNDLES/INV-044_BUNDLE.zip,64203edff4f1e273f7d37c9bc09b62281a61e03348800df3e76e29a0390b2e30,03_INVESTIGATIONS/03_NORMALIZED_BY_ID/INV-044/INV-044_BUNDLE.zip,COPIED
INV-033,INV-033_BUNDLE.zip,expanded:DEMOCRACY_INFLUENCE_ALL_INVESTIGATIONS_2026-09-07.zip,/mnt/data/DEMOCRACY_INFLUENCE_MASTER_EVIDENCE_BUNDLE_2026-09-11/03_INVESTIGATIONS/02_EXPANDED_ARCHIVES/DEMOCRACY_INFLUENCE_ALL_INVESTIGATIONS_2026-09-07/DEMOCRACY_INFLUENCE_ALL_INVESTIGATIONS_2026-09-07/99_SOURCE_BUNDLES/INV-033_BUNDLE.zip,61702c978ba1ce56775ceffef27d34b5389cef8f4a4227b5b15136cdbcc975a2,03_INVESTIGATIONS/03_NORMALIZED_BY_ID/INV-033/INV-033_BUNDLE.zip,COPIED
INV-054,INV-054_BUNDLE.zip,expanded:DEMOCRACY_INFLUENCE_ALL_INVESTIGATIONS_2026-09-07.zip,/mnt/data/DEMOCRACY_INFLUENCE_MASTER_EVIDENCE_BUNDLE_2026-09-11/03_INVESTIGATIONS/02_EXPANDED_ARCHIVES/DEMOCRACY_INFLUENCE_ALL_INVESTIGATIONS_2026-09-07/DEMOCRACY_INFLUENCE_ALL_INVESTIGATIONS_2026-09-07/99_SOURCE_BUNDLES/INV-054_BUNDLE.zip,81997b4f28a74392a642b25697e4e59c5b7b51a71ac8a297dc8d47634df759de,03_INVESTIGATIONS/03_NORMALIZED_BY_ID/INV-054/INV-054_BUNDLE.zip,COPIED
INV-081,INV-081_BUNDLE.zip,expanded:DEMOCRACY_INFLUENCE_ALL_INVESTIGATIONS_2026-09-07.zip,/mnt/data/DEMOCRACY_INFLUENCE_MASTER_EVIDENCE_BUNDLE_2026-09-11/03_INVESTIGATIONS/02_EXPANDED_ARCHIVES/DEMOCRACY_INFLUENCE_ALL_INVESTIGATIONS_2026-09-07/DEMOCRACY_INFLUENCE_ALL_INVESTIGATIONS_2026-09-07/99_SOURCE_BUNDLES/INV-081_BUNDLE.zip,628e49e92fc4f93dc38ddce8e673c89010178a1222fe852fcf81993b3a8412d4,03_INVESTIGATIONS/03_NORMALIZED_BY_ID/INV-081/INV-081_BUNDLE.zip,COPIED
INV-022,INV-022_R3_FULL_FORENSIC_BUNDLE.zip,expanded:DEMOCRACY_INFLUENCE_ALL_INVESTIGATIONS_2026-09-07.zip,/mnt/data/DEMOCRACY_INFLUENCE_MASTER_EVIDENCE_BUNDLE_2026-09-11/03_INVESTIGATIONS/02_EXPANDED_ARCHIVES/DEMOCRACY_INFLUENCE_ALL_INVESTIGATIONS_2026-09-07/DEMOCRACY_INFLUENCE_ALL_INVESTIGATIONS_2026-09-07/99_SOURCE_BUNDLES/INV-022_R3_FULL_FORENSIC_BUNDLE.zip,9691ee258d0c600bb551a22e9fb2a3248d70ede39225685454230769d8339d0b,03_INVESTIGATIONS/03_NORMALIZED_BY_ID/INV-022/INV-022_R3_FULL_FORENSIC_BUNDLE.zip,COPIED
INV-023,INV-023_R3P1_CANONICAL_6_FILES.zip,expanded:DEMOCRACY_INFLUENCE_ALL_INVESTIGATIONS_2026-09-07.zip,/mnt/data/DEMOCRACY_INFLUENCE_MASTER_EVIDENCE_BUNDLE_2026-09-11/03_INVESTIGATIONS/02_EXPANDED_ARCHIVES/DEMOCRACY_INFLUENCE_ALL_INVESTIGATIONS_2026-09-07/DEMOCRACY_INFLUENCE_ALL_INVESTIGATIONS_2026-09-07/99_SOURCE_BUNDLES/INV-023_R3P1_CANONICAL_6_FILES.zip,e14719a1aca3a28340e4d60de8efd18fa0ed8bf50338c6ae15afab6ddd708af3,03_INVESTIGATIONS/03_NORMALIZED_BY_ID/INV-023/INV-023_R3P1_CANONICAL_6_FILES.zip,COPIED
INV-023,INV-023_RUN_HANDOFF.md,expanded:DEMOCRACY_INFLUENCE_ALL_INVESTIGATIONS_2026-09-07.zip,/mnt/data/DEMOCRACY_INFLUENCE_MASTER_EVIDENCE_BUNDLE_2026-09-11/03_INVESTIGATIONS/02_EXPANDED_ARCHIVES/DEMOCRACY_INFLUENCE_ALL_INVESTIGATIONS_2026-09-07/DEMOCRACY_INFLUENCE_ALL_INVESTIGATIONS_2026-09-07/02_INVESTIGATIONS/INV-023/INV-023_RUN_HANDOFF.md,defda8829828ff9b8bd85fd99887da2f75b5d01c79cbb90f2dedb7d55ec810b1,03_INVESTIGATIONS/03_NORMALIZED_BY_ID/INV-023/INV-023_RUN_HANDOFF.md,COPIED
INV-022,INV-022_RUN_HANDOFF.md,expanded:DEMOCRACY_INFLUENCE_ALL_INVESTIGATIONS_2026-09-07.zip,/mnt/data/DEMOCRACY_INFLUENCE_MASTER_EVIDENCE_BUNDLE_2026-09-11/03_INVESTIGATIONS/02_EXPANDED_ARCHIVES/DEMOCRACY_INFLUENCE_ALL_INVESTIGATIONS_2026-09-07/DEMOCRACY_INFLUENCE_ALL_INVESTIGATIONS_2026-09-07/02_INVESTIGATIONS/INV-022/INV-022_RUN_HANDOFF.md,23728306a8c672f7ed4b31f7e8c668676a16dcb6a295716df25697855d03ebe0,03_INVESTIGATIONS/03_NORMALIZED_BY_ID/INV-022/INV-022_RUN_HANDOFF.md,COPIED
INV-071,INV-071_RUN_HANDOFF.md,expanded:DEMOCRACY_INFLUENCE_ALL_INVESTIGATIONS_2026-09-07.zip,/mnt/data/DEMOCRACY_INFLUENCE_MASTER_EVIDENCE_BUNDLE_2026-09-11/03_INVESTIGATIONS/02_EXPANDED_ARCHIVES/DEMOCRACY_INFLUENCE_ALL_INVESTIGATIONS_2026-09-07/DEMOCRACY_INFLUENCE_ALL_INVESTIGATIONS_2026-09-07/02_INVESTIGATIONS/INV-071/INV-071_RUN_HANDOFF.md,40a5c487ae9f5367cd68895cc24b8d18fd90bf66e4f4d960e9164c2585309879,03_INVESTIGATIONS/03_NORMALIZED_BY_ID/INV-071/INV-071_RUN_HANDOFF.md,DUPLICATE_SHA
INV-071,INV-071_PILOT_REVIEW.md,expanded:DEMOCRACY_INFLUENCE_ALL_INVESTIGATIONS_2026-09-07.zip,/mnt/data/DEMOCRACY_INFLUENCE_MASTER_EVIDENCE_BUNDLE_2026-09-11/03_INVESTIGATIONS/02_EXPANDED_ARCHIVES/DEMOCRACY_INFLUENCE_ALL_INVESTIGATIONS_2026-09-07/DEMOCRACY_INFLUENCE_ALL_INVESTIGATIONS_2026-09-07/02_INVESTIGATIONS/INV-071/INV-071_PILOT_REVIEW.md,5f5118e52d72133c7015432fe2d306068103c5884d9ec6d7ec7b5617eda3a50a,03_INVESTIGATIONS/03_NORMALIZED_BY_ID/INV-071/INV-071_PILOT_REVIEW.md,DUPLICATE_SHA
INV-071,INV-071_INVESTIGATION.md,expanded:DEMOCRACY_INFLUENCE_ALL_INVESTIGATIONS_2026-09-07.zip,/mnt/data/DEMOCRACY_INFLUENCE_MASTER_EVIDENCE_BUNDLE_2026-09-11/03_INVESTIGATIONS/02_EXPANDED_ARCHIVES/DEMOCRACY_INFLUENCE_ALL_INVESTIGATIONS_2026-09-07/DEMOCRACY_INFLUENCE_ALL_INVESTIGATIONS_2026-09-07/02_INVESTIGATIONS/INV-071/INV-071_INVESTIGATION.md,cc0063eb57f6b95f1589cb9d50f81a603bec0415b5069109c4855bdb76f5e810,03_INVESTIGATIONS/03_NORMALIZED_BY_ID/INV-071/INV-071_INVESTIGATION.md,DUPLICATE_SHA
INV-071,INV-071_CERTIFICATION.json,expanded:DEMOCRACY_INFLUENCE_ALL_INVESTIGATIONS_2026-09-07.zip,/mnt/data/DEMOCRACY_INFLUENCE_MASTER_EVIDENCE_BUNDLE_2026-09-11/03_INVESTIGATIONS/02_EXPANDED_ARCHIVES/DEMOCRACY_INFLUENCE_ALL_INVESTIGATIONS_2026-09-07/DEMOCRACY_INFLUENCE_ALL_INVESTIGATIONS_2026-09-07/02_INVESTIGATIONS/INV-071/INV-071_CERTIFICATION.json,fbe1ad101bb2dd2b1b0b5776a2809d62946267501a0f7efd4bedc66b7a4265bb,03_INVESTIGATIONS/03_NORMALIZED_BY_ID/INV-071/INV-071_CERTIFICATION.json,DUPLICATE_SHA
INV-019,INV-019_PILOT_REVIEW.md,expanded:DEMOCRACY_INFLUENCE_ALL_INVESTIGATIONS_2026-09-07.zip,/mnt/data/DEMOCRACY_INFLUENCE_MASTER_EVIDENCE_BUNDLE_2026-09-11/03_INVESTIGATIONS/02_EXPANDED_ARCHIVES/DEMOCRACY_INFLUENCE_ALL_INVESTIGATIONS_2026-09-07/DEMOCRACY_INFLUENCE_ALL_INVESTIGATIONS_2026-09-07/02_INVESTIGATIONS/INV-019/INV-019_PILOT_REVIEW.md,6d0607ea4d071fc8f48e0e6db9a87182a8c715547b07547c3bc2109f370d7c48,03_INVESTIGATIONS/03_NORMALIZED_BY_ID/INV-019/INV-019_PILOT_REVIEW.md,DUPLICATE_SHA
INV-019,INV-019_INVESTIGATION.md,expanded:DEMOCRACY_INFLUENCE_ALL_INVESTIGATIONS_2026-09-07.zip,/mnt/data/DEMOCRACY_INFLUENCE_MASTER_EVIDENCE_BUNDLE_2026-09-11/03_INVESTIGATIONS/02_EXPANDED_ARCHIVES/DEMOCRACY_INFLUENCE_ALL_INVESTIGATIONS_2026-09-07/DEMOCRACY_INFLUENCE_ALL_INVESTIGATIONS_2026-09-07/02_INVESTIGATIONS/INV-019/INV-019_INVESTIGATION.md,bf255493afd50152c0123d42c8521c0e85febe44f89deeb8a6450543184072b6,03_INVESTIGATIONS/03_NORMALIZED_BY_ID/INV-019/INV-019_INVESTIGATION.md,DUPLICATE_SHA
INV-019,INV-019_RUN_HANDOFF.md,expanded:DEMOCRACY_INFLUENCE_ALL_INVESTIGATIONS_2026-09-07.zip,/mnt/data/DEMOCRACY_INFLUENCE_MASTER_EVIDENCE_BUNDLE_2026-09-11/03_INVESTIGATIONS/02_EXPANDED_ARCHIVES/DEMOCRACY_INFLUENCE_ALL_INVESTIGATIONS_2026-09-07/DEMOCRACY_INFLUENCE_ALL_INVESTIGATIONS_2026-09-07/02_INVESTIGATIONS/INV-019/INV-019_RUN_HANDOFF.md,c72fff3b19b5ab1b2bd36b064544c1a3635f42e3d30b99c8c225e616f1d76c9b,03_INVESTIGATIONS/03_NORMALIZED_BY_ID/INV-019/INV-019_RUN_HANDOFF.md,DUPLICATE_SHA
INV-010,INV-010_RUN_HANDOFF.md,expanded:DEMOCRACY_INFLUENCE_ALL_INVESTIGATIONS_2026-09-07.zip,/mnt/data/DEMOCRACY_INFLUENCE_MASTER_EVIDENCE_BUNDLE_2026-09-11/03_INVESTIGATIONS/02_EXPANDED_ARCHIVES/DEMOCRACY_INFLUENCE_ALL_INVESTIGATIONS_2026-09-07/DEMOCRACY_INFLUENCE_ALL_INVESTIGATIONS_2026-09-07/02_INVESTIGATIONS/INV-010/INV-010_RUN_HANDOFF.md,98ab3ccd5806547ffa3e0783c9486047d6fa02de01123162c3bb573da49c7bef,03_INVESTIGATIONS/03_NORMALIZED_BY_ID/INV-010/INV-010_RUN_HANDOFF.md,DUPLICATE_SHA
INV-010,INV-010_RENARD.md,expanded:DEMOCRACY_INFLUENCE_ALL_INVESTIGATIONS_2026-09-07.zip,/mnt/data/DEMOCRACY_INFLUENCE_MASTER_EVIDENCE_BUNDLE_2026-09-11/03_INVESTIGATIONS/02_EXPANDED_ARCHIVES/DEMOCRACY_INFLUENCE_ALL_INVESTIGATIONS_2026-09-07/DEMOCRACY_INFLUENCE_ALL_INVESTIGATIONS_2026-09-07/02_INVESTIGATIONS/INV-010/INV-010_RENARD.md,d37779d5de34c9f1cda22355e6df5cc976d38e29532c93d0217749162b751f7f,03_INVESTIGATIONS/03_NORMALIZED_BY_ID/INV-010/INV-010_RENARD.md,DUPLICATE_SHA
INV-010,INV-010_PILOT_REVIEW.md,expanded:DEMOCRACY_INFLUENCE_ALL_INVESTIGATIONS_2026-09-07.zip,/mnt/data/DEMOCRACY_INFLUENCE_MASTER_EVIDENCE_BUNDLE_2026-09-11/03_INVESTIGATIONS/02_EXPANDED_ARCHIVES/DEMOCRACY_INFLUENCE_ALL_INVESTIGATIONS_2026-09-07/DEMOCRACY_INFLUENCE_ALL_INVESTIGATIONS_2026-09-07/02_INVESTIGATIONS/INV-010/INV-010_PILOT_REVIEW.md,d0fc11c8019e37219cac649157b658345fb0fbe46e15539c61cb530e249933c7,03_INVESTIGATIONS/03_NORMALIZED_BY_ID/INV-010/INV-010_PILOT_REVIEW.md,DUPLICATE_SHA
INV-010,INV-010_INVESTIGATION_AVAILABLE_R2.md,expanded:DEMOCRACY_INFLUENCE_ALL_INVESTIGATIONS_2026-09-07.zip,/mnt/data/DEMOCRACY_INFLUENCE_MASTER_EVIDENCE_BUNDLE_2026-09-11/03_INVESTIGATIONS/02_EXPANDED_ARCHIVES/DEMOCRACY_INFLUENCE_ALL_INVESTIGATIONS_2026-09-07/DEMOCRACY_INFLUENCE_ALL_INVESTIGATIONS_2026-09-07/02_INVESTIGATIONS/INV-010/INV-010_INVESTIGATION_AVAILABLE_R2.md,5455cd0616e4b35c5464b954c21105efad435516ad9454b0cb0468157ee2250b,03_INVESTIGATIONS/03_NORMALIZED_BY_ID/INV-010/INV-010_INVESTIGATION_AVAILABLE_R2.md,DUPLICATE_SHA
INV-010,INV-010_R4_CERTIFICATION.json,expanded:DEMOCRACY_INFLUENCE_ALL_INVESTIGATIONS_2026-09-07.zip,/mnt/data/DEMOCRACY_INFLUENCE_MASTER_EVIDENCE_BUNDLE_2026-09-11/03_INVESTIGATIONS/02_EXPANDED_ARCHIVES/DEMOCRACY_INFLUENCE_ALL_INVESTIGATIONS_2026-09-07/DEMOCRACY_INFLUENCE_ALL_INVESTIGATIONS_2026-09-07/02_INVESTIGATIONS/INV-010/INV-010_R4_CERTIFICATION.json,c314e427c3c8d8a44bf4d7ff8222c96db244d14449fdb107832a7760cd0cf111,03_INVESTIGATIONS/03_NORMALIZED_BY_ID/INV-010/INV-010_R4_CERTIFICATION.json,DUPLICATE_SHA
INV-049,INV-049_RENARD.md,expanded:DEMOCRACY_INFLUENCE_ALL_INVESTIGATIONS_2026-09-07.zip,/mnt/data/DEMOCRACY_INFLUENCE_MASTER_EVIDENCE_BUNDLE_2026-09-11/03_INVESTIGATIONS/02_EXPANDED_ARCHIVES/DEMOCRACY_INFLUENCE_ALL_INVESTIGATIONS_2026-09-07/DEMOCRACY_INFLUENCE_ALL_INVESTIGATIONS_2026-09-07/02_INVESTIGATIONS/INV-049/INV-049_RENARD.md,11e5413284bd3523fe78b1458eb16fe59c0980591ef66e0519f5911483ea08a6,03_INVESTIGATIONS/03_NORMALIZED_BY_ID/INV-049/INV-049_RENARD.md,DUPLICATE_SHA
INV-049,INV-049_INVESTIGATION.md,expanded:DEMOCRACY_INFLUENCE_ALL_INVESTIGATIONS_2026-09-07.zip,/mnt/data/DEMOCRACY_INFLUENCE_MASTER_EVIDENCE_BUNDLE_2026-09-11/03_INVESTIGATIONS/02_EXPANDED_ARCHIVES/DEMOCRACY_INFLUENCE_ALL_INVESTIGATIONS_2026-09-07/DEMOCRACY_INFLUENCE_ALL_INVESTIGATIONS_2026-09-07/02_INVESTIGATIONS/INV-049/INV-049_INVESTIGATION.md,f731e05757a6b8bcd0fcee1919677256790000e69f9243bb294704f4ca9d14d4,03_INVESTIGATIONS/03_NORMALIZED_BY_ID/INV-049/INV-049_INVESTIGATION.md,DUPLICATE_SHA
INV-049,INV-049_CERTIFICATION.json,expanded:DEMOCRACY_INFLUENCE_ALL_INVESTIGATIONS_2026-09-07.zip,/mnt/data/DEMOCRACY_INFLUENCE_MASTER_EVIDENCE_BUNDLE_2026-09-11/03_INVESTIGATIONS/02_EXPANDED_ARCHIVES/DEMOCRACY_INFLUENCE_ALL_INVESTIGATIONS_2026-09-07/DEMOCRACY_INFLUENCE_ALL_INVESTIGATIONS_2026-09-07/02_INVESTIGATIONS/INV-049/INV-049_CERTIFICATION.json,8f549bc737a32acf68e6adce0084ed4efa679cd108283a99d70d0f4271abbad8,03_INVESTIGATIONS/03_NORMALIZED_BY_ID/INV-049/INV-049_CERTIFICATION.json,DUPLICATE_SHA
INV-049,INV-049_RUN_HANDOFF.md,expanded:DEMOCRACY_INFLUENCE_ALL_INVESTIGATIONS_2026-09-07.zip,/mnt/data/DEMOCRACY_INFLUENCE_MASTER_EVIDENCE_BUNDLE_2026-09-11/03_INVESTIGATIONS/02_EXPANDED_ARCHIVES/DEMOCRACY_INFLUENCE_ALL_INVESTIGATIONS_2026-09-07/DEMOCRACY_INFLUENCE_ALL_INVESTIGATIONS_2026-09-07/02_INVESTIGATIONS/INV-049/INV-049_RUN_HANDOFF.md,53b700412f23822520263f58965856384a77fa82053df12fc2d5ea6671830bfa,03_INVESTIGATIONS/03_NORMALIZED_BY_ID/INV-049/INV-049_RUN_HANDOFF.md,DUPLICATE_SHA
INV-049,INV-049_PILOT_REVIEW.md,expanded:DEMOCRACY_INFLUENCE_ALL_INVESTIGATIONS_2026-09-07.zip,/mnt/data/DEMOCRACY_INFLUENCE_MASTER_EVIDENCE_BUNDLE_2026-09-11/03_INVESTIGATIONS/02_EXPANDED_ARCHIVES/DEMOCRACY_INFLUENCE_ALL_INVESTIGATIONS_2026-09-07/DEMOCRACY_INFLUENCE_ALL_INVESTIGATIONS_2026-09-07/02_INVESTIGATIONS/INV-049/INV-049_PILOT_REVIEW.md,0aa8ddd4ada3851b66e336585e630ff4e40b795917bc909f7093e4275277fc9c,03_INVESTIGATIONS/03_NORMALIZED_BY_ID/INV-049/INV-049_PILOT_REVIEW.md,DUPLICATE_SHA
INV-135,DASHBOARD.md,expanded:DEMOCRACY_INFLUENCE_ALL_INVESTIGATIONS_2026-09-07.zip,/mnt/data/DEMOCRACY_INFLUENCE_MASTER_EVIDENCE_BUNDLE_2026-09-11/03_INVESTIGATIONS/02_EXPANDED_ARCHIVES/DEMOCRACY_INFLUENCE_ALL_INVESTIGATIONS_2026-09-07/DEMOCRACY_INFLUENCE_ALL_INVESTIGATIONS_2026-09-07/02_INVESTIGATIONS/INV-135/RAW_BUNDLE/INV-135/DASHBOARD.md,df38dd982493d465ba94dac2de40d133b48e84d1b91b8fa75b09118a50322624,03_INVESTIGATIONS/03_NORMALIZED_BY_ID/INV-135/DASHBOARD.md,DUPLICATE_SHA
INV-135,INVESTIGATION_REGISTRY.csv,expanded:DEMOCRACY_INFLUENCE_ALL_INVESTIGATIONS_2026-09-07.zip,/mnt/data/DEMOCRACY_INFLUENCE_MASTER_EVIDENCE_BUNDLE_2026-09-11/03_INVESTIGATIONS/02_EXPANDED_ARCHIVES/DEMOCRACY_INFLUENCE_ALL_INVESTIGATIONS_2026-09-07/DEMOCRACY_INFLUENCE_ALL_INVESTIGATIONS_2026-09-07/02_INVESTIGATIONS/INV-135/RAW_BUNDLE/INV-135/INVESTIGATION_REGISTRY.csv,3a9612a7e9d9fc5c06290eaf3e13e5a89d72a6518380803fdb39bdfcfab38f2f,03_INVESTIGATIONS/03_NORMALIZED_BY_ID/INV-135/INVESTIGATION_REGISTRY.csv,DUPLICATE_SHA
INV-135,INV-135_NARRATIVE.tmp.md,expanded:DEMOCRACY_INFLUENCE_ALL_INVESTIGATIONS_2026-09-07.zip,/mnt/data/DEMOCRACY_INFLUENCE_MASTER_EVIDENCE_BUNDLE_2026-09-11/03_INVESTIGATIONS/02_EXPANDED_ARCHIVES/DEMOCRACY_INFLUENCE_ALL_INVESTIGATIONS_2026-09-07/DEMOCRACY_INFLUENCE_ALL_INVESTIGATIONS_2026-09-07/02_INVESTIGATIONS/INV-135/RAW_BUNDLE/INV-135/INV-135_NARRATIVE.tmp.md,714c6133423fa2cd9874acbbac42385638520e6e461e0fd016b75c4676855124,03_INVESTIGATIONS/03_NORMALIZED_BY_ID/INV-135/INV-135_NARRATIVE.tmp.md,DUPLICATE_SHA
INV-135,TRACELOG.md,expanded:DEMOCRACY_INFLUENCE_ALL_INVESTIGATIONS_2026-09-07.zip,/mnt/data/DEMOCRACY_INFLUENCE_MASTER_EVIDENCE_BUNDLE_2026-09-11/03_INVESTIGATIONS/02_EXPANDED_ARCHIVES/DEMOCRACY_INFLUENCE_ALL_INVESTIGATIONS_2026-09-07/DEMOCRACY_INFLUENCE_ALL_INVESTIGATIONS_2026-09-07/02_INVESTIGATIONS/INV-135/RAW_BUNDLE/INV-135/TRACELOG.md,9ab8c5e4b4e9483564e7709f174fa7e051ef76131dce0de465b3bc3c0a074e15,03_INVESTIGATIONS/03_NORMALIZED_BY_ID/INV-135/TRACELOG.md,DUPLICATE_SHA
INV-135,INV-135_RUN_STATE.json,expanded:DEMOCRACY_INFLUENCE_ALL_INVESTIGATIONS_2026-09-07.zip,/mnt/data/DEMOCRACY_INFLUENCE_MASTER_EVIDENCE_BUNDLE_2026-09-11/03_INVESTIGATIONS/02_EXPANDED_ARCHIVES/DEMOCRACY_INFLUENCE_ALL_INVESTIGATIONS_2026-09-07/DEMOCRACY_INFLUENCE_ALL_INVESTIGATIONS_2026-09-07/02_INVESTIGATIONS/INV-135/RAW_BUNDLE/INV-135/INV-135_RUN_STATE.json,5c7992ce7053679df40f5425b30c681982c9bee03b105312bcb6422a31a62ac3,03_INVESTIGATIONS/03_NORMALIZED_BY_ID/INV-135/INV-135_RUN_STATE.json,DUPLICATE_SHA
INV-135,INV-135_POST_RUN_REVIEW.md,expanded:DEMOCRACY_INFLUENCE_ALL_INVESTIGATIONS_2026-09-07.zip,/mnt/data/DEMOCRACY_INFLUENCE_MASTER_EVIDENCE_BUNDLE_2026-09-11/03_INVESTIGATIONS/02_EXPANDED_ARCHIVES/DEMOCRACY_INFLUENCE_ALL_INVESTIGATIONS_2026-09-07/DEMOCRACY_INFLUENCE_ALL_INVESTIGATIONS_2026-09-07/02_INVESTIGATIONS/INV-135/RAW_BUNDLE/INV-135/INV-135_POST_RUN_REVIEW.md,f7a513568c02242ef179f3ddbf0aa15c71b6c9f923fd2c3a311c5bcd7f7e7731,03_INVESTIGATIONS/03_NORMALIZED_BY_ID/INV-135/INV-135_POST_RUN_REVIEW.md,DUPLICATE_SHA
INV-135,INV-135_RUN_CARD.md,expanded:DEMOCRACY_INFLUENCE_ALL_INVESTIGATIONS_2026-09-07.zip,/mnt/data/DEMOCRACY_INFLUENCE_MASTER_EVIDENCE_BUNDLE_2026-09-11/03_INVESTIGATIONS/02_EXPANDED_ARCHIVES/DEMOCRACY_INFLUENCE_ALL_INVESTIGATIONS_2026-09-07/DEMOCRACY_INFLUENCE_ALL_INVESTIGATIONS_2026-09-07/02_INVESTIGATIONS/INV-135/RAW_BUNDLE/INV-135/INV-135_RUN_CARD.md,ba4fd06707cd8aefba0339919bee3e97d81e6109f5370385a293c817b2b75c7b,03_INVESTIGATIONS/03_NORMALIZED_BY_ID/INV-135/INV-135_RUN_CARD.md,DUPLICATE_SHA
INV-135,INV-135_CERTIFICATION.json,expanded:DEMOCRACY_INFLUENCE_ALL_INVESTIGATIONS_2026-09-07.zip,/mnt/data/DEMOCRACY_INFLUENCE_MASTER_EVIDENCE_BUNDLE_2026-09-11/03_INVESTIGATIONS/02_EXPANDED_ARCHIVES/DEMOCRACY_INFLUENCE_ALL_INVESTIGATIONS_2026-09-07/DEMOCRACY_INFLUENCE_ALL_INVESTIGATIONS_2026-09-07/02_INVESTIGATIONS/INV-135/RAW_BUNDLE/INV-135/INV-135_CERTIFICATION.json,e5adb53fbae32d5a635a4de237895429fc3422ca1eea116d8d28f84e3000531b,03_INVESTIGATIONS/03_NORMALIZED_BY_ID/INV-135/INV-135_CERTIFICATION.json,DUPLICATE_SHA
INV-135,INV-135_INPUT.txt,expanded:DEMOCRACY_INFLUENCE_ALL_INVESTIGATIONS_2026-09-07.zip,/mnt/data/DEMOCRACY_INFLUENCE_MASTER_EVIDENCE_BUNDLE_2026-09-11/03_INVESTIGATIONS/02_EXPANDED_ARCHIVES/DEMOCRACY_INFLUENCE_ALL_INVESTIGATIONS_2026-09-07/DEMOCRACY_INFLUENCE_ALL_INVESTIGATIONS_2026-09-07/02_INVESTIGATIONS/INV-135/RAW_BUNDLE/INV-135/INV-135_INPUT.txt,ba4fd06707cd8aefba0339919bee3e97d81e6109f5370385a293c817b2b75c7b,03_INVESTIGATIONS/03_NORMALIZED_BY_ID/INV-135/INV-135_RUN_CARD.md,DUPLICATE_SHA
INV-135,INV-135_MNEMO_SNAPSHOT.json,expanded:DEMOCRACY_INFLUENCE_ALL_INVESTIGATIONS_2026-09-07.zip,/mnt/data/DEMOCRACY_INFLUENCE_MASTER_EVIDENCE_BUNDLE_2026-09-11/03_INVESTIGATIONS/02_EXPANDED_ARCHIVES/DEMOCRACY_INFLUENCE_ALL_INVESTIGATIONS_2026-09-07/DEMOCRACY_INFLUENCE_ALL_INVESTIGATIONS_2026-09-07/02_INVESTIGATIONS/INV-135/RAW_BUNDLE/INV-135/INV-135_MNEMO_SNAPSHOT.json,40609a97752c9c0f3615876b029e9289cea11e1a0c7e8cb8d4db2e271e100651,03_INVESTIGATIONS/03_NORMALIZED_BY_ID/INV-135/INV-135_MNEMO_SNAPSHOT.json,DUPLICATE_SHA
INV-135,INV-135_SHA256.txt,expanded:DEMOCRACY_INFLUENCE_ALL_INVESTIGATIONS_2026-09-07.zip,/mnt/data/DEMOCRACY_INFLUENCE_MASTER_EVIDENCE_BUNDLE_2026-09-11/03_INVESTIGATIONS/02_EXPANDED_ARCHIVES/DEMOCRACY_INFLUENCE_ALL_INVESTIGATIONS_2026-09-07/DEMOCRACY_INFLUENCE_ALL_INVESTIGATIONS_2026-09-07/02_INVESTIGATIONS/INV-135/RAW_BUNDLE/INV-135/INV-135_SHA256.txt,6af2d0166dc187631d8910f78a5818f55c94b2d0e1cf96297e5d762b70f9cc6e,03_INVESTIGATIONS/03_NORMALIZED_BY_ID/INV-135/INV-135_SHA256.txt,DUPLICATE_SHA
INV-135,INV-135_INVESTIGATION.md,expanded:DEMOCRACY_INFLUENCE_ALL_INVESTIGATIONS_2026-09-07.zip,/mnt/data/DEMOCRACY_INFLUENCE_MASTER_EVIDENCE_BUNDLE_2026-09-11/03_INVESTIGATIONS/02_EXPANDED_ARCHIVES/DEMOCRACY_INFLUENCE_ALL_INVESTIGATIONS_2026-09-07/DEMOCRACY_INFLUENCE_ALL_INVESTIGATIONS_2026-09-07/02_INVESTIGATIONS/INV-135/RAW_BUNDLE/INV-135/INV-135_INVESTIGATION.md,353a82a97819f95366c9ab146b64c2ed72865fd4df2fec2cfd168bad6c555c72,03_INVESTIGATIONS/03_NORMALIZED_BY_ID/INV-135/INV-135_INVESTIGATION.md,DUPLICATE_SHA
INV-135,INV-135_RUN_HANDOFF.md,expanded:DEMOCRACY_INFLUENCE_ALL_INVESTIGATIONS_2026-09-07.zip,/mnt/data/DEMOCRACY_INFLUENCE_MASTER_EVIDENCE_BUNDLE_2026-09-11/03_INVESTIGATIONS/02_EXPANDED_ARCHIVES/DEMOCRACY_INFLUENCE_ALL_INVESTIGATIONS_2026-09-07/DEMOCRACY_INFLUENCE_ALL_INVESTIGATIONS_2026-09-07/02_INVESTIGATIONS/INV-135/RAW_BUNDLE/INV-135/INV-135_RUN_HANDOFF.md,656b7327adaeb9c776c276883292f54f4ff53d4d41607c14bd4a76532ca03187,03_INVESTIGATIONS/03_NORMALIZED_BY_ID/INV-135/INV-135_RUN_HANDOFF.md,DUPLICATE_SHA
INV-146,INV-139_RECOVERY_HANDOFF.md,expanded:DEMOCRACY_INFLUENCE_ALL_INVESTIGATIONS_2026-09-07.zip,/mnt/data/DEMOCRACY_INFLUENCE_MASTER_EVIDENCE_BUNDLE_2026-09-11/03_INVESTIGATIONS/02_EXPANDED_ARCHIVES/DEMOCRACY_INFLUENCE_ALL_INVESTIGATIONS_2026-09-07/DEMOCRACY_INFLUENCE_ALL_INVESTIGATIONS_2026-09-07/02_INVESTIGATIONS/INV-146/RAW_BUNDLE/INV-146/INV-139_RECOVERY_HANDOFF.md,4f1519ff60088529dcb42bed830fc5df8c8aa2218063e3dcb73f8e0d11a8405a,03_INVESTIGATIONS/03_NORMALIZED_BY_ID/INV-146/INV-139_RECOVERY_HANDOFF.md,DUPLICATE_SHA
INV-146,INV-140_RECOVERY_HANDOFF.md,expanded:DEMOCRACY_INFLUENCE_ALL_INVESTIGATIONS_2026-09-07.zip,/mnt/data/DEMOCRACY_INFLUENCE_MASTER_EVIDENCE_BUNDLE_2026-09-11/03_INVESTIGATIONS/02_EXPANDED_ARCHIVES/DEMOCRACY_INFLUENCE_ALL_INVESTIGATIONS_2026-09-07/DEMOCRACY_INFLUENCE_ALL_INVESTIGATIONS_2026-09-07/02_INVESTIGATIONS/INV-146/RAW_BUNDLE/INV-146/INV-140_RECOVERY_HANDOFF.md,aec894571a3eee531ea92bd386da1ecb664e9a7bd27c82ee2a73b330f26cb083,03_INVESTIGATIONS/03_NORMALIZED_BY_ID/INV-146/INV-140_RECOVERY_HANDOFF.md,DUPLICATE_SHA
INV-146,INV-146_SHA256.txt,expanded:DEMOCRACY_INFLUENCE_ALL_INVESTIGATIONS_2026-09-07.zip,/mnt/data/DEMOCRACY_INFLUENCE_MASTER_EVIDENCE_BUNDLE_2026-09-11/03_INVESTIGATIONS/02_EXPANDED_ARCHIVES/DEMOCRACY_INFLUENCE_ALL_INVESTIGATIONS_2026-09-07/DEMOCRACY_INFLUENCE_ALL_INVESTIGATIONS_2026-09-07/02_INVESTIGATIONS/INV-146/RAW_BUNDLE/INV-146/INV-146_SHA256.txt,7f9cec09d26530ff5ac0e4d3ab9bf92953dff50f2e348ac6c0c356f269281fbc,03_INVESTIGATIONS/03_NORMALIZED_BY_ID/INV-146/INV-146_SHA256.txt,DUPLICATE_SHA
INV-146,INV-146_SYNTHESIS_INPUT_GATE.md,expanded:DEMOCRACY_INFLUENCE_ALL_INVESTIGATIONS_2026-09-07.zip,/mnt/data/DEMOCRACY_INFLUENCE_MASTER_EVIDENCE_BUNDLE_2026-09-11/03_INVESTIGATIONS/02_EXPANDED_ARCHIVES/DEMOCRACY_INFLUENCE_ALL_INVESTIGATIONS_2026-09-07/DEMOCRACY_INFLUENCE_ALL_INVESTIGATIONS_2026-09-07/02_INVESTIGATIONS/INV-146/RAW_BUNDLE/INV-146/INV-146_SYNTHESIS_INPUT_GATE.md,7c561d2499508e92cc3202049deb6c17309b1ad7de21c6b088a516ca54712d76,03_INVESTIGATIONS/03_NORMALIZED_BY_ID/INV-146/INV-146_SYNTHESIS_INPUT_GATE.md,DUPLICATE_SHA
INV-146,INV-146_SYNTHESIS_CARD.md,expanded:DEMOCRACY_INFLUENCE_ALL_INVESTIGATIONS_2026-09-07.zip,/mnt/data/DEMOCRACY_INFLUENCE_MASTER_EVIDENCE_BUNDLE_2026-09-11/03_INVESTIGATIONS/02_EXPANDED_ARCHIVES/DEMOCRACY_INFLUENCE_ALL_INVESTIGATIONS_2026-09-07/DEMOCRACY_INFLUENCE_ALL_INVESTIGATIONS_2026-09-07/02_INVESTIGATIONS/INV-146/RAW_BUNDLE/INV-146/INV-146_SYNTHESIS_CARD.md,6f45981cbb617c7f923f31fe99271df6c048ef9276582f96e2413f1fcb2cd667,03_INVESTIGATIONS/03_NORMALIZED_BY_ID/INV-146/INV-146_SYNTHESIS_CARD.md,DUPLICATE_SHA
INV-146,INV-146_CERTIFICATION.json,expanded:DEMOCRACY_INFLUENCE_ALL_INVESTIGATIONS_2026-09-07.zip,/mnt/data/DEMOCRACY_INFLUENCE_MASTER_EVIDENCE_BUNDLE_2026-09-11/03_INVESTIGATIONS/02_EXPANDED_ARCHIVES/DEMOCRACY_INFLUENCE_ALL_INVESTIGATIONS_2026-09-07/DEMOCRACY_INFLUENCE_ALL_INVESTIGATIONS_2026-09-07/02_INVESTIGATIONS/INV-146/RAW_BUNDLE/INV-146/INV-146_CERTIFICATION.json,6726d48d2ccae389894d357b9b89abbe1b511f6d8d821d0e934b2615c68503d8,03_INVESTIGATIONS/03_NORMALIZED_BY_ID/INV-146/INV-146_CERTIFICATION.json,DUPLICATE_SHA
INV-146,INV-146_POST_RUN_REVIEW.md,expanded:DEMOCRACY_INFLUENCE_ALL_INVESTIGATIONS_2026-09-07.zip,/mnt/data/DEMOCRACY_INFLUENCE_MASTER_EVIDENCE_BUNDLE_2026-09-11/03_INVESTIGATIONS/02_EXPANDED_ARCHIVES/DEMOCRACY_INFLUENCE_ALL_INVESTIGATIONS_2026-09-07/DEMOCRACY_INFLUENCE_ALL_INVESTIGATIONS_2026-09-07/02_INVESTIGATIONS/INV-146/RAW_BUNDLE/INV-146/INV-146_POST_RUN_REVIEW.md,b0f59fa38682fa1d09eb13c7e5ed2fe0bf8a4c727a54ccd68778ad6bc90376a9,03_INVESTIGATIONS/03_NORMALIZED_BY_ID/INV-146/INV-146_POST_RUN_REVIEW.md,DUPLICATE_SHA
INV-146,INV-146_RUN_HANDOFF.md,expanded:DEMOCRACY_INFLUENCE_ALL_INVESTIGATIONS_2026-09-07.zip,/mnt/data/DEMOCRACY_INFLUENCE_MASTER_EVIDENCE_BUNDLE_2026-09-11/03_INVESTIGATIONS/02_EXPANDED_ARCHIVES/DEMOCRACY_INFLUENCE_ALL_INVESTIGATIONS_2026-09-07/DEMOCRACY_INFLUENCE_ALL_INVESTIGATIONS_2026-09-07/02_INVESTIGATIONS/INV-146/RAW_BUNDLE/INV-146/INV-146_RUN_HANDOFF.md,fa9d75722e36f42fe74febe2f06f0f7144143a601fb45873115230f9ff6d4889,03_INVESTIGATIONS/03_NORMALIZED_BY_ID/INV-146/INV-146_RUN_HANDOFF.md,DUPLICATE_SHA
INV-146,INV-146_SYNTHESIS.md,expanded:DEMOCRACY_INFLUENCE_ALL_INVESTIGATIONS_2026-09-07.zip,/mnt/data/DEMOCRACY_INFLUENCE_MASTER_EVIDENCE_BUNDLE_2026-09-11/03_INVESTIGATIONS/02_EXPANDED_ARCHIVES/DEMOCRACY_INFLUENCE_ALL_INVESTIGATIONS_2026-09-07/DEMOCRACY_INFLUENCE_ALL_INVESTIGATIONS_2026-09-07/02_INVESTIGATIONS/INV-146/RAW_BUNDLE/INV-146/INV-146_SYNTHESIS.md,9cf2a68c467cdc3a850e4494bda6b32044ee4f003d4623f4b161a62624bd3f8b,03_INVESTIGATIONS/03_NORMALIZED_BY_ID/INV-146/INV-146_SYNTHESIS.md,DUPLICATE_SHA
INV-138,INV-138_SHA256.txt,expanded:DEMOCRACY_INFLUENCE_ALL_INVESTIGATIONS_2026-09-07.zip,/mnt/data/DEMOCRACY_INFLUENCE_MASTER_EVIDENCE_BUNDLE_2026-09-11/03_INVESTIGATIONS/02_EXPANDED_ARCHIVES/DEMOCRACY_INFLUENCE_ALL_INVESTIGATIONS_2026-09-07/DEMOCRACY_INFLUENCE_ALL_INVESTIGATIONS_2026-09-07/02_INVESTIGATIONS/INV-138/CANONICAL_ASSEMBLED/INV-138_SHA256.txt,0d21ad6105e1dfba61a7e990dcbcc568a317e7fb01f45c8e679ae765a76fdd97,03_INVESTIGATIONS/03_NORMALIZED_BY_ID/INV-138/INV-138_SHA256.txt,DUPLICATE_SHA
INV-138,INV-138_CERTIFICATION.json,expanded:DEMOCRACY_INFLUENCE_ALL_INVESTIGATIONS_2026-09-07.zip,/mnt/data/DEMOCRACY_INFLUENCE_MASTER_EVIDENCE_BUNDLE_2026-09-11/03_INVESTIGATIONS/02_EXPANDED_ARCHIVES/DEMOCRACY_INFLUENCE_ALL_INVESTIGATIONS_2026-09-07/DEMOCRACY_INFLUENCE_ALL_INVESTIGATIONS_2026-09-07/02_INVESTIGATIONS/INV-138/CANONICAL_ASSEMBLED/INV-138_CERTIFICATION.json,408f61f103cf319efda30439626f86a038a3b54608496a522b46607a97ee53cc,03_INVESTIGATIONS/03_NORMALIZED_BY_ID/INV-138/INV-138_CERTIFICATION.json,DUPLICATE_SHA
INV-138,INV-138_MNEMO_SNAPSHOT.json,expanded:DEMOCRACY_INFLUENCE_ALL_INVESTIGATIONS_2026-09-07.zip,/mnt/data/DEMOCRACY_INFLUENCE_MASTER_EVIDENCE_BUNDLE_2026-09-11/03_INVESTIGATIONS/02_EXPANDED_ARCHIVES/DEMOCRACY_INFLUENCE_ALL_INVESTIGATIONS_2026-09-07/DEMOCRACY_INFLUENCE_ALL_INVESTIGATIONS_2026-09-07/02_INVESTIGATIONS/INV-138/CANONICAL_ASSEMBLED/INV-138_MNEMO_SNAPSHOT.json,6f92ae672014397387c9c89f68cc838224f61e455c59e6130127a0f2400d934b,03_INVESTIGATIONS/03_NORMALIZED_BY_ID/INV-138/INV-138_MNEMO_SNAPSHOT.json,DUPLICATE_SHA
INV-138,INV-138_RUN_STATE.json,expanded:DEMOCRACY_INFLUENCE_ALL_INVESTIGATIONS_2026-09-07.zip,/mnt/data/DEMOCRACY_INFLUENCE_MASTER_EVIDENCE_BUNDLE_2026-09-11/03_INVESTIGATIONS/02_EXPANDED_ARCHIVES/DEMOCRACY_INFLUENCE_ALL_INVESTIGATIONS_2026-09-07/DEMOCRACY_INFLUENCE_ALL_INVESTIGATIONS_2026-09-07/02_INVESTIGATIONS/INV-138/CANONICAL_ASSEMBLED/INV-138_RUN_STATE.json,fdf03f019a5e7498da9e59bfb8ab3c9eab6fe88b383563a61f6636dcb1f6b413,03_INVESTIGATIONS/03_NORMALIZED_BY_ID/INV-138/INV-138_RUN_STATE.json,DUPLICATE_SHA
INV-138,INV-138_RUN_CARD.md,expanded:DEMOCRACY_INFLUENCE_ALL_INVESTIGATIONS_2026-09-07.zip,/mnt/data/DEMOCRACY_INFLUENCE_MASTER_EVIDENCE_BUNDLE_2026-09-11/03_INVESTIGATIONS/02_EXPANDED_ARCHIVES/DEMOCRACY_INFLUENCE_ALL_INVESTIGATIONS_2026-09-07/DEMOCRACY_INFLUENCE_ALL_INVESTIGATIONS_2026-09-07/02_INVESTIGATIONS/INV-138/CANONICAL_ASSEMBLED/INV-138_RUN_CARD.md,12d28e0dcfe9e054848adcedd88cb5073bc28a38297b68e9616dc5c30dc0dc0b,03_INVESTIGATIONS/03_NORMALIZED_BY_ID/INV-138/INV-138_RUN_CARD.md,DUPLICATE_SHA
INV-138,INV-138_INPUT.md,expanded:DEMOCRACY_INFLUENCE_ALL_INVESTIGATIONS_2026-09-07.zip,/mnt/data/DEMOCRACY_INFLUENCE_MASTER_EVIDENCE_BUNDLE_2026-09-11/03_INVESTIGATIONS/02_EXPANDED_ARCHIVES/DEMOCRACY_INFLUENCE_ALL_INVESTIGATIONS_2026-09-07/DEMOCRACY_INFLUENCE_ALL_INVESTIGATIONS_2026-09-07/02_INVESTIGATIONS/INV-138/CANONICAL_ASSEMBLED/INV-138_INPUT.md,12d28e0dcfe9e054848adcedd88cb5073bc28a38297b68e9616dc5c30dc0dc0b,03_INVESTIGATIONS/03_NORMALIZED_BY_ID/INV-138/INV-138_RUN_CARD.md,DUPLICATE_SHA
INV-138,INV-138_RUN_HANDOFF.md,expanded:DEMOCRACY_INFLUENCE_ALL_INVESTIGATIONS_2026-09-07.zip,/mnt/data/DEMOCRACY_INFLUENCE_MASTER_EVIDENCE_BUNDLE_2026-09-11/03_INVESTIGATIONS/02_EXPANDED_ARCHIVES/DEMOCRACY_INFLUENCE_ALL_INVESTIGATIONS_2026-09-07/DEMOCRACY_INFLUENCE_ALL_INVESTIGATIONS_2026-09-07/02_INVESTIGATIONS/INV-138/CANONICAL_ASSEMBLED/INV-138_RUN_HANDOFF.md,33cf00cd572c2109187d853d87848aa22c0d81371fdbfcc089e3a085d8551845,03_INVESTIGATIONS/03_NORMALIZED_BY_ID/INV-138/INV-138_RUN_HANDOFF.md,DUPLICATE_SHA
INV-138,INV-138_POST_RUN_REVIEW.md,expanded:DEMOCRACY_INFLUENCE_ALL_INVESTIGATIONS_2026-09-07.zip,/mnt/data/DEMOCRACY_INFLUENCE_MASTER_EVIDENCE_BUNDLE_2026-09-11/03_INVESTIGATIONS/02_EXPANDED_ARCHIVES/DEMOCRACY_INFLUENCE_ALL_INVESTIGATIONS_2026-09-07/DEMOCRACY_INFLUENCE_ALL_INVESTIGATIONS_2026-09-07/02_INVESTIGATIONS/INV-138/CANONICAL_ASSEMBLED/INV-138_POST_RUN_REVIEW.md,4e5549ce441526a55a66d3edd5e9fffd5cb5f3a967014c16d05f82f86414f85b,03_INVESTIGATIONS/03_NORMALIZED_BY_ID/INV-138/INV-138_POST_RUN_REVIEW.md,DUPLICATE_SHA
INV-138,INV-138_NARRATIVE.tmp.md,expanded:DEMOCRACY_INFLUENCE_ALL_INVESTIGATIONS_2026-09-07.zip,/mnt/data/DEMOCRACY_INFLUENCE_MASTER_EVIDENCE_BUNDLE_2026-09-11/03_INVESTIGATIONS/02_EXPANDED_ARCHIVES/DEMOCRACY_INFLUENCE_ALL_INVESTIGATIONS_2026-09-07/DEMOCRACY_INFLUENCE_ALL_INVESTIGATIONS_2026-09-07/02_INVESTIGATIONS/INV-138/CANONICAL_ASSEMBLED/INV-138_NARRATIVE.tmp.md,bbd21ab2ed3ab616e43c6677d2320de2e3f5223c6090ff333da783f1ac6e4352,03_INVESTIGATIONS/03_NORMALIZED_BY_ID/INV-138/INV-138_NARRATIVE.tmp.md,DUPLICATE_SHA
INV-138,INV-138_INVESTIGATION.md,expanded:DEMOCRACY_INFLUENCE_ALL_INVESTIGATIONS_2026-09-07.zip,/mnt/data/DEMOCRACY_INFLUENCE_MASTER_EVIDENCE_BUNDLE_2026-09-11/03_INVESTIGATIONS/02_EXPANDED_ARCHIVES/DEMOCRACY_INFLUENCE_ALL_INVESTIGATIONS_2026-09-07/DEMOCRACY_INFLUENCE_ALL_INVESTIGATIONS_2026-09-07/02_INVESTIGATIONS/INV-138/CANONICAL_ASSEMBLED/INV-138_INVESTIGATION.md,54cc64ec22dff754b445b41bb921b9dd7b90c1397c4938a891f79675e050d823,03_INVESTIGATIONS/03_NORMALIZED_BY_ID/INV-138/INV-138_INVESTIGATION.md,DUPLICATE_SHA
INV-137,INV-137_POST_RUN_REVIEW.md,expanded:DEMOCRACY_INFLUENCE_ALL_INVESTIGATIONS_2026-09-07.zip,/mnt/data/DEMOCRACY_INFLUENCE_MASTER_EVIDENCE_BUNDLE_2026-09-11/03_INVESTIGATIONS/02_EXPANDED_ARCHIVES/DEMOCRACY_INFLUENCE_ALL_INVESTIGATIONS_2026-09-07/DEMOCRACY_INFLUENCE_ALL_INVESTIGATIONS_2026-09-07/02_INVESTIGATIONS/INV-137/RAW_BUNDLE/INV-137/control/INV-137_POST_RUN_REVIEW.md,49a2303be32c068d326ad63b90844146cd38a5577c267f77814e3945e41b95bd,03_INVESTIGATIONS/03_NORMALIZED_BY_ID/INV-137/INV-137_POST_RUN_REVIEW.md,DUPLICATE_SHA
INV-137,DASHBOARD.md,expanded:DEMOCRACY_INFLUENCE_ALL_INVESTIGATIONS_2026-09-07.zip,/mnt/data/DEMOCRACY_INFLUENCE_MASTER_EVIDENCE_BUNDLE_2026-09-11/03_INVESTIGATIONS/02_EXPANDED_ARCHIVES/DEMOCRACY_INFLUENCE_ALL_INVESTIGATIONS_2026-09-07/DEMOCRACY_INFLUENCE_ALL_INVESTIGATIONS_2026-09-07/02_INVESTIGATIONS/INV-137/RAW_BUNDLE/INV-137/control/DASHBOARD.md,df38dd982493d465ba94dac2de40d133b48e84d1b91b8fa75b09118a50322624,03_INVESTIGATIONS/03_NORMALIZED_BY_ID/INV-137/DASHBOARD.md,DUPLICATE_SHA
INV-137,INVESTIGATION_REGISTRY.csv,expanded:DEMOCRACY_INFLUENCE_ALL_INVESTIGATIONS_2026-09-07.zip,/mnt/data/DEMOCRACY_INFLUENCE_MASTER_EVIDENCE_BUNDLE_2026-09-11/03_INVESTIGATIONS/02_EXPANDED_ARCHIVES/DEMOCRACY_INFLUENCE_ALL_INVESTIGATIONS_2026-09-07/DEMOCRACY_INFLUENCE_ALL_INVESTIGATIONS_2026-09-07/02_INVESTIGATIONS/INV-137/RAW_BUNDLE/INV-137/control/INVESTIGATION_REGISTRY.csv,516b4e2983457004c3a7314bd15cb43cfbf9978cf50b7767f16fc9d6dfcc32de,03_INVESTIGATIONS/03_NORMALIZED_BY_ID/INV-137/INVESTIGATION_REGISTRY.csv,DUPLICATE_SHA
INV-137,TRACELOG.md,expanded:DEMOCRACY_INFLUENCE_ALL_INVESTIGATIONS_2026-09-07.zip,/mnt/data/DEMOCRACY_INFLUENCE_MASTER_EVIDENCE_BUNDLE_2026-09-11/03_INVESTIGATIONS/02_EXPANDED_ARCHIVES/DEMOCRACY_INFLUENCE_ALL_INVESTIGATIONS_2026-09-07/DEMOCRACY_INFLUENCE_ALL_INVESTIGATIONS_2026-09-07/02_INVESTIGATIONS/INV-137/RAW_BUNDLE/INV-137/control/TRACELOG.md,76f87b23b8727449a7538348f30001839b16a7dd1b84ded4b8a5a22bb79b40cc,03_INVESTIGATIONS/03_NORMALIZED_BY_ID/INV-137/TRACELOG.md,DUPLICATE_SHA
INV-137,INV-137_RUN_HANDOFF.md,expanded:DEMOCRACY_INFLUENCE_ALL_INVESTIGATIONS_2026-09-07.zip,/mnt/data/DEMOCRACY_INFLUENCE_MASTER_EVIDENCE_BUNDLE_2026-09-11/03_INVESTIGATIONS/02_EXPANDED_ARCHIVES/DEMOCRACY_INFLUENCE_ALL_INVESTIGATIONS_2026-09-07/DEMOCRACY_INFLUENCE_ALL_INVESTIGATIONS_2026-09-07/02_INVESTIGATIONS/INV-137/RAW_BUNDLE/INV-137/control/INV-137_RUN_HANDOFF.md,ffe90b6162ddec2d94bd84cf90fadaa18829b18ff6ce03c6f32970ea9092a85f,03_INVESTIGATIONS/03_NORMALIZED_BY_ID/INV-137/INV-137_RUN_HANDOFF.md,DUPLICATE_SHA
INV-137,METHOD_PACK.md,expanded:DEMOCRACY_INFLUENCE_ALL_INVESTIGATIONS_2026-09-07.zip,/mnt/data/DEMOCRACY_INFLUENCE_MASTER_EVIDENCE_BUNDLE_2026-09-11/03_INVESTIGATIONS/02_EXPANDED_ARCHIVES/DEMOCRACY_INFLUENCE_ALL_INVESTIGATIONS_2026-09-07/DEMOCRACY_INFLUENCE_ALL_INVESTIGATIONS_2026-09-07/02_INVESTIGATIONS/INV-137/RAW_BUNDLE/INV-137/control/METHOD_PACK.md,2b82f9e415b739e16252f845910c7d4b91600446e2e1d5010d3c4e14fa06635c,03_INVESTIGATIONS/03_NORMALIZED_BY_ID/INV-137/METHOD_PACK.md,DUPLICATE_SHA
INV-137,INV-137_RUN_CARD.md,expanded:DEMOCRACY_INFLUENCE_ALL_INVESTIGATIONS_2026-09-07.zip,/mnt/data/DEMOCRACY_INFLUENCE_MASTER_EVIDENCE_BUNDLE_2026-09-11/03_INVESTIGATIONS/02_EXPANDED_ARCHIVES/DEMOCRACY_INFLUENCE_ALL_INVESTIGATIONS_2026-09-07/DEMOCRACY_INFLUENCE_ALL_INVESTIGATIONS_2026-09-07/02_INVESTIGATIONS/INV-137/RAW_BUNDLE/INV-137/control/INV-137_RUN_CARD.md,f16c6d16732be42fc4b1c6ed007be384d283dc13f58161a4f966140218c43218,03_INVESTIGATIONS/03_NORMALIZED_BY_ID/INV-137/INV-137_RUN_CARD.md,DUPLICATE_SHA
INV-137,INV-137_SHA256.txt,expanded:DEMOCRACY_INFLUENCE_ALL_INVESTIGATIONS_2026-09-07.zip,/mnt/data/DEMOCRACY_INFLUENCE_MASTER_EVIDENCE_BUNDLE_2026-09-11/03_INVESTIGATIONS/02_EXPANDED_ARCHIVES/DEMOCRACY_INFLUENCE_ALL_INVESTIGATIONS_2026-09-07/DEMOCRACY_INFLUENCE_ALL_INVESTIGATIONS_2026-09-07/02_INVESTIGATIONS/INV-137/RAW_BUNDLE/INV-137/control/INV-137_SHA256.txt,99e1aa3d78a36726da49ae3e64419eda31c69a880ead0812579d5607ed1b5dfd,03_INVESTIGATIONS/03_NORMALIZED_BY_ID/INV-137/INV-137_SHA256.txt,DUPLICATE_SHA
INV-137,2026-09-06_20-25_renseignement-executif-medias_INVESTIGATION.md,expanded:DEMOCRACY_INFLUENCE_ALL_INVESTIGATIONS_2026-09-07.zip,/mnt/data/DEMOCRACY_INFLUENCE_MASTER_EVIDENCE_BUNDLE_2026-09-11/03_INVESTIGATIONS/02_EXPANDED_ARCHIVES/DEMOCRACY_INFLUENCE_ALL_INVESTIGATIONS_2026-09-07/DEMOCRACY_INFLUENCE_ALL_INVESTIGATIONS_2026-09-07/02_INVESTIGATIONS/INV-137/RAW_BUNDLE/INV-137/truth-engine/2026-09-06_20-25_renseignement-executif-medias_INVESTIGATION.md,8dc049a5ba14faa972fd2db9f3aca2d8eeedf2954fc085900b51a4a5db92ee04,03_INVESTIGATIONS/03_NORMALIZED_BY_ID/INV-137/2026-09-06_20-25_renseignement-executif-medias_INVESTIGATION.md,DUPLICATE_SHA
INV-137,2026-09-06_20-25_renseignement-executif-medias_RUN_STATE.json,expanded:DEMOCRACY_INFLUENCE_ALL_INVESTIGATIONS_2026-09-07.zip,/mnt/data/DEMOCRACY_INFLUENCE_MASTER_EVIDENCE_BUNDLE_2026-09-11/03_INVESTIGATIONS/02_EXPANDED_ARCHIVES/DEMOCRACY_INFLUENCE_ALL_INVESTIGATIONS_2026-09-07/DEMOCRACY_INFLUENCE_ALL_INVESTIGATIONS_2026-09-07/02_INVESTIGATIONS/INV-137/RAW_BUNDLE/INV-137/truth-engine/2026-09-06_20-25_renseignement-executif-medias_RUN_STATE.json,57518a4fbfef88be2e13945c70af57100614e2a7045391896706568af076287a,03_INVESTIGATIONS/03_NORMALIZED_BY_ID/INV-137/2026-09-06_20-25_renseignement-executif-medias_RUN_STATE.json,DUPLICATE_SHA
INV-137,2026-09-06_20-25_renseignement-executif-medias_MNEMO_SNAPSHOT.json,expanded:DEMOCRACY_INFLUENCE_ALL_INVESTIGATIONS_2026-09-07.zip,/mnt/data/DEMOCRACY_INFLUENCE_MASTER_EVIDENCE_BUNDLE_2026-09-11/03_INVESTIGATIONS/02_EXPANDED_ARCHIVES/DEMOCRACY_INFLUENCE_ALL_INVESTIGATIONS_2026-09-07/DEMOCRACY_INFLUENCE_ALL_INVESTIGATIONS_2026-09-07/02_INVESTIGATIONS/INV-137/RAW_BUNDLE/INV-137/truth-engine/2026-09-06_20-25_renseignement-executif-medias_MNEMO_SNAPSHOT.json,4f4b0ff325821e1e36e4dc3606c8d88527dccb152777a0f3fc446f3ad091816c,03_INVESTIGATIONS/03_NORMALIZED_BY_ID/INV-137/2026-09-06_20-25_renseignement-executif-medias_MNEMO_SNAPSHOT.json,DUPLICATE_SHA
INV-137,2026-09-06_20-25_renseignement-executif-medias_INPUT.md,expanded:DEMOCRACY_INFLUENCE_ALL_INVESTIGATIONS_2026-09-07.zip,/mnt/data/DEMOCRACY_INFLUENCE_MASTER_EVIDENCE_BUNDLE_2026-09-11/03_INVESTIGATIONS/02_EXPANDED_ARCHIVES/DEMOCRACY_INFLUENCE_ALL_INVESTIGATIONS_2026-09-07/DEMOCRACY_INFLUENCE_ALL_INVESTIGATIONS_2026-09-07/02_INVESTIGATIONS/INV-137/RAW_BUNDLE/INV-137/truth-engine/2026-09-06_20-25_renseignement-executif-medias_INPUT.md,f16c6d16732be42fc4b1c6ed007be384d283dc13f58161a4f966140218c43218,03_INVESTIGATIONS/03_NORMALIZED_BY_ID/INV-137/INV-137_RUN_CARD.md,DUPLICATE_SHA
INV-137,2026-09-06_20-25_renseignement-executif-medias_CERTIFICATION.json,expanded:DEMOCRACY_INFLUENCE_ALL_INVESTIGATIONS_2026-09-07.zip,/mnt/data/DEMOCRACY_INFLUENCE_MASTER_EVIDENCE_BUNDLE_2026-09-11/03_INVESTIGATIONS/02_EXPANDED_ARCHIVES/DEMOCRACY_INFLUENCE_ALL_INVESTIGATIONS_2026-09-07/DEMOCRACY_INFLUENCE_ALL_INVESTIGATIONS_2026-09-07/02_INVESTIGATIONS/INV-137/RAW_BUNDLE/INV-137/truth-engine/2026-09-06_20-25_renseignement-executif-medias_CERTIFICATION.json,b94dd4354291538dc54d0c37a306b9d29d1657cc5503748bb0c79b8e40dde256,03_INVESTIGATIONS/03_NORMALIZED_BY_ID/INV-137/2026-09-06_20-25_renseignement-executif-medias_CERTIFICATION.json,DUPLICATE_SHA
INV-137,2026-09-06_20-25_renseignement-executif-medias_NARRATIVE.tmp.md,expanded:DEMOCRACY_INFLUENCE_ALL_INVESTIGATIONS_2026-09-07.zip,/mnt/data/DEMOCRACY_INFLUENCE_MASTER_EVIDENCE_BUNDLE_2026-09-11/03_INVESTIGATIONS/02_EXPANDED_ARCHIVES/DEMOCRACY_INFLUENCE_ALL_INVESTIGATIONS_2026-09-07/DEMOCRACY_INFLUENCE_ALL_INVESTIGATIONS_2026-09-07/02_INVESTIGATIONS/INV-137/RAW_BUNDLE/INV-137/truth-engine/2026-09-06_20-25_renseignement-executif-medias_NARRATIVE.tmp.md,f43d9582377230e9d09a0f33b5d3dec6379fccd21e9d12bae54f2c73f737183d,03_INVESTIGATIONS/03_NORMALIZED_BY_ID/INV-137/2026-09-06_20-25_renseignement-executif-medias_NARRATIVE.tmp.md,DUPLICATE_SHA
INV-139,INV-139_RECOVERY_HANDOFF.md,expanded:DEMOCRACY_INFLUENCE_ALL_INVESTIGATIONS_2026-09-07.zip,/mnt/data/DEMOCRACY_INFLUENCE_MASTER_EVIDENCE_BUNDLE_2026-09-11/03_INVESTIGATIONS/02_EXPANDED_ARCHIVES/DEMOCRACY_INFLUENCE_ALL_INVESTIGATIONS_2026-09-07/DEMOCRACY_INFLUENCE_ALL_INVESTIGATIONS_2026-09-07/02_INVESTIGATIONS/INV-139/RECOVERY_ONLY/INV-139_RECOVERY_HANDOFF.md,4f1519ff60088529dcb42bed830fc5df8c8aa2218063e3dcb73f8e0d11a8405a,03_INVESTIGATIONS/03_NORMALIZED_BY_ID/INV-139/INV-139_RECOVERY_HANDOFF.md,DUPLICATE_SHA
INV-093,INV-093_INPUT.txt,expanded:DEMOCRACY_INFLUENCE_ALL_INVESTIGATIONS_2026-09-07.zip,/mnt/data/DEMOCRACY_INFLUENCE_MASTER_EVIDENCE_BUNDLE_2026-09-11/03_INVESTIGATIONS/02_EXPANDED_ARCHIVES/DEMOCRACY_INFLUENCE_ALL_INVESTIGATIONS_2026-09-07/DEMOCRACY_INFLUENCE_ALL_INVESTIGATIONS_2026-09-07/02_INVESTIGATIONS/INV-093/RAW_BUNDLE/INV-093_INPUT.txt,1024cec0816e579bf11b7c97fb511042c3dff509de0a1118bfb765938a48563e,03_INVESTIGATIONS/03_NORMALIZED_BY_ID/INV-093/INV-093_INPUT.txt,DUPLICATE_SHA
INV-093,INV-093_RUN_HANDOFF.md,expanded:DEMOCRACY_INFLUENCE_ALL_INVESTIGATIONS_2026-09-07.zip,/mnt/data/DEMOCRACY_INFLUENCE_MASTER_EVIDENCE_BUNDLE_2026-09-11/03_INVESTIGATIONS/02_EXPANDED_ARCHIVES/DEMOCRACY_INFLUENCE_ALL_INVESTIGATIONS_2026-09-07/DEMOCRACY_INFLUENCE_ALL_INVESTIGATIONS_2026-09-07/02_INVESTIGATIONS/INV-093/RAW_BUNDLE/INV-093_RUN_HANDOFF.md,0b0feab1eab4df6e1799ac2bb16b7ad0d89bbfd9130fa886690c1e4c19c1b3d5,03_INVESTIGATIONS/03_NORMALIZED_BY_ID/INV-093/INV-093_RUN_HANDOFF.md,DUPLICATE_SHA
INV-093,INV-093_RUN_CARD.md,expanded:DEMOCRACY_INFLUENCE_ALL_INVESTIGATIONS_2026-09-07.zip,/mnt/data/DEMOCRACY_INFLUENCE_MASTER_EVIDENCE_BUNDLE_2026-09-11/03_INVESTIGATIONS/02_EXPANDED_ARCHIVES/DEMOCRACY_INFLUENCE_ALL_INVESTIGATIONS_2026-09-07/DEMOCRACY_INFLUENCE_ALL_INVESTIGATIONS_2026-09-07/02_INVESTIGATIONS/INV-093/RAW_BUNDLE/INV-093_RUN_CARD.md,1024cec0816e579bf11b7c97fb511042c3dff509de0a1118bfb765938a48563e,03_INVESTIGATIONS/03_NORMALIZED_BY_ID/INV-093/INV-093_INPUT.txt,DUPLICATE_SHA
INV-093,INV-093_MNEMO_SNAPSHOT.json,expanded:DEMOCRACY_INFLUENCE_ALL_INVESTIGATIONS_2026-09-07.zip,/mnt/data/DEMOCRACY_INFLUENCE_MASTER_EVIDENCE_BUNDLE_2026-09-11/03_INVESTIGATIONS/02_EXPANDED_ARCHIVES/DEMOCRACY_INFLUENCE_ALL_INVESTIGATIONS_2026-09-07/DEMOCRACY_INFLUENCE_ALL_INVESTIGATIONS_2026-09-07/02_INVESTIGATIONS/INV-093/RAW_BUNDLE/INV-093_MNEMO_SNAPSHOT.json,28c3d83676e4525d372d967b1da87adf23e70b416d5c0c89541cb3242e93bbad,03_INVESTIGATIONS/03_NORMALIZED_BY_ID/INV-093/INV-093_MNEMO_SNAPSHOT.json,DUPLICATE_SHA
INV-093,INV-093_POST_RUN_REVIEW.md,expanded:DEMOCRACY_INFLUENCE_ALL_INVESTIGATIONS_2026-09-07.zip,/mnt/data/DEMOCRACY_INFLUENCE_MASTER_EVIDENCE_BUNDLE_2026-09-11/03_INVESTIGATIONS/02_EXPANDED_ARCHIVES/DEMOCRACY_INFLUENCE_ALL_INVESTIGATIONS_2026-09-07/DEMOCRACY_INFLUENCE_ALL_INVESTIGATIONS_2026-09-07/02_INVESTIGATIONS/INV-093/RAW_BUNDLE/INV-093_POST_RUN_REVIEW.md,876a0994c8a2c74847f6f977f44d8ac933f7319f099a45f2bd1a63291d4f62fe,03_INVESTIGATIONS/03_NORMALIZED_BY_ID/INV-093/INV-093_POST_RUN_REVIEW.md,DUPLICATE_SHA
INV-093,INV-093_SHA256.txt,expanded:DEMOCRACY_INFLUENCE_ALL_INVESTIGATIONS_2026-09-07.zip,/mnt/data/DEMOCRACY_INFLUENCE_MASTER_EVIDENCE_BUNDLE_2026-09-11/03_INVESTIGATIONS/02_EXPANDED_ARCHIVES/DEMOCRACY_INFLUENCE_ALL_INVESTIGATIONS_2026-09-07/DEMOCRACY_INFLUENCE_ALL_INVESTIGATIONS_2026-09-07/02_INVESTIGATIONS/INV-093/RAW_BUNDLE/INV-093_SHA256.txt,10703300fc1aac0fa5597dd74df99fa43f9b2e601e8aeb07acc4173265d7dd94,03_INVESTIGATIONS/03_NORMALIZED_BY_ID/INV-093/INV-093_SHA256.txt,DUPLICATE_SHA
INV-093,INV-093_INVESTIGATION.md,expanded:DEMOCRACY_INFLUENCE_ALL_INVESTIGATIONS_2026-09-07.zip,/mnt/data/DEMOCRACY_INFLUENCE_MASTER_EVIDENCE_BUNDLE_2026-09-11/03_INVESTIGATIONS/02_EXPANDED_ARCHIVES/DEMOCRACY_INFLUENCE_ALL_INVESTIGATIONS_2026-09-07/DEMOCRACY_INFLUENCE_ALL_INVESTIGATIONS_2026-09-07/02_INVESTIGATIONS/INV-093/RAW_BUNDLE/INV-093_INVESTIGATION.md,550bb01304486c054564e48da1a4482ac937e1e00f2865a2acec21a5f167d393,03_INVESTIGATIONS/03_NORMALIZED_BY_ID/INV-093/INV-093_INVESTIGATION.md,DUPLICATE_SHA
INV-093,INV-093_NARRATIVE.tmp.md,expanded:DEMOCRACY_INFLUENCE_ALL_INVESTIGATIONS_2026-09-07.zip,/mnt/data/DEMOCRACY_INFLUENCE_MASTER_EVIDENCE_BUNDLE_2026-09-11/03_INVESTIGATIONS/02_EXPANDED_ARCHIVES/DEMOCRACY_INFLUENCE_ALL_INVESTIGATIONS_2026-09-07/DEMOCRACY_INFLUENCE_ALL_INVESTIGATIONS_2026-09-07/02_INVESTIGATIONS/INV-093/RAW_BUNDLE/INV-093_NARRATIVE.tmp.md,5f1ffe830d7cec97e1f7c0bcf8ed98210bbae07925a49781184a9aed4a3f0272,03_INVESTIGATIONS/03_NORMALIZED_BY_ID/INV-093/INV-093_NARRATIVE.tmp.md,DUPLICATE_SHA
INV-093,INV-093_RUN_STATE.json,expanded:DEMOCRACY_INFLUENCE_ALL_INVESTIGATIONS_2026-09-07.zip,/mnt/data/DEMOCRACY_INFLUENCE_MASTER_EVIDENCE_BUNDLE_2026-09-11/03_INVESTIGATIONS/02_EXPANDED_ARCHIVES/DEMOCRACY_INFLUENCE_ALL_INVESTIGATIONS_2026-09-07/DEMOCRACY_INFLUENCE_ALL_INVESTIGATIONS_2026-09-07/02_INVESTIGATIONS/INV-093/RAW_BUNDLE/INV-093_RUN_STATE.json,7f507d93ddeddbcf0c7825f19dd1b7b089126219906894efa2533cd635c13fb8,03_INVESTIGATIONS/03_NORMALIZED_BY_ID/INV-093/INV-093_RUN_STATE.json,DUPLICATE_SHA
INV-093,INV-093_PRE_GATE.log,expanded:DEMOCRACY_INFLUENCE_ALL_INVESTIGATIONS_2026-09-07.zip,/mnt/data/DEMOCRACY_INFLUENCE_MASTER_EVIDENCE_BUNDLE_2026-09-11/03_INVESTIGATIONS/02_EXPANDED_ARCHIVES/DEMOCRACY_INFLUENCE_ALL_INVESTIGATIONS_2026-09-07/DEMOCRACY_INFLUENCE_ALL_INVESTIGATIONS_2026-09-07/02_INVESTIGATIONS/INV-093/RAW_BUNDLE/INV-093_PRE_GATE.log,b233dacaaf8e5fa54b1dc3b519b7cd525652115f8137c4748d4db6d22db2d3b6,03_INVESTIGATIONS/03_NORMALIZED_BY_ID/INV-093/INV-093_PRE_GATE.log,DUPLICATE_SHA
INV-093,INV-093_DELIVERY_GATE.log,expanded:DEMOCRACY_INFLUENCE_ALL_INVESTIGATIONS_2026-09-07.zip,/mnt/data/DEMOCRACY_INFLUENCE_MASTER_EVIDENCE_BUNDLE_2026-09-11/03_INVESTIGATIONS/02_EXPANDED_ARCHIVES/DEMOCRACY_INFLUENCE_ALL_INVESTIGATIONS_2026-09-07/DEMOCRACY_INFLUENCE_ALL_INVESTIGATIONS_2026-09-07/02_INVESTIGATIONS/INV-093/RAW_BUNDLE/INV-093_DELIVERY_GATE.log,6eec8b50603aa6412e3061ca093d6a5802c89d4354caa9f175b7eb7b6ea410bc,03_INVESTIGATIONS/03_NORMALIZED_BY_ID/INV-093/INV-093_DELIVERY_GATE.log,DUPLICATE_SHA
INV-093,INV-093_CERTIFICATION.json,expanded:DEMOCRACY_INFLUENCE_ALL_INVESTIGATIONS_2026-09-07.zip,/mnt/data/DEMOCRACY_INFLUENCE_MASTER_EVIDENCE_BUNDLE_2026-09-11/03_INVESTIGATIONS/02_EXPANDED_ARCHIVES/DEMOCRACY_INFLUENCE_ALL_INVESTIGATIONS_2026-09-07/DEMOCRACY_INFLUENCE_ALL_INVESTIGATIONS_2026-09-07/02_INVESTIGATIONS/INV-093/RAW_BUNDLE/INV-093_CERTIFICATION.json,6eec8b50603aa6412e3061ca093d6a5802c89d4354caa9f175b7eb7b6ea410bc,03_INVESTIGATIONS/03_NORMALIZED_BY_ID/INV-093/INV-093_DELIVERY_GATE.log,DUPLICATE_SHA
INV-022,README_BUNDLE.md,expanded:DEMOCRACY_INFLUENCE_ALL_INVESTIGATIONS_2026-09-07.zip,/mnt/data/DEMOCRACY_INFLUENCE_MASTER_EVIDENCE_BUNDLE_2026-09-11/03_INVESTIGATIONS/02_EXPANDED_ARCHIVES/DEMOCRACY_INFLUENCE_ALL_INVESTIGATIONS_2026-09-07/DEMOCRACY_INFLUENCE_ALL_INVESTIGATIONS_2026-09-07/02_INVESTIGATIONS/INV-022/RAW_BUNDLE/INV-022_R3_FULL_FORENSIC_BUNDLE/README_BUNDLE.md,8a08fd480f4d245eaa5c7d10044e863ea492de6cc2c43a2547f443b31ca231a1,03_INVESTIGATIONS/03_NORMALIZED_BY_ID/INV-022/README_BUNDLE.md,DUPLICATE_SHA
INV-022,SHA256SUMS.txt,expanded:DEMOCRACY_INFLUENCE_ALL_INVESTIGATIONS_2026-09-07.zip,/mnt/data/DEMOCRACY_INFLUENCE_MASTER_EVIDENCE_BUNDLE_2026-09-11/03_INVESTIGATIONS/02_EXPANDED_ARCHIVES/DEMOCRACY_INFLUENCE_ALL_INVESTIGATIONS_2026-09-07/DEMOCRACY_INFLUENCE_ALL_INVESTIGATIONS_2026-09-07/02_INVESTIGATIONS/INV-022/RAW_BUNDLE/INV-022_R3_FULL_FORENSIC_BUNDLE/SHA256SUMS.txt,02faf8eb8d88078c54b0253a2b2053cd813056a24d08ef83af8a55ad409925bf,03_INVESTIGATIONS/03_NORMALIZED_BY_ID/INV-022/SHA256SUMS.txt,DUPLICATE_SHA
INV-022,continue_r3_phase12_13.py,expanded:DEMOCRACY_INFLUENCE_ALL_INVESTIGATIONS_2026-09-07.zip,/mnt/data/DEMOCRACY_INFLUENCE_MASTER_EVIDENCE_BUNDLE_2026-09-11/03_INVESTIGATIONS/02_EXPANDED_ARCHIVES/DEMOCRACY_INFLUENCE_ALL_INVESTIGATIONS_2026-09-07/DEMOCRACY_INFLUENCE_ALL_INVESTIGATIONS_2026-09-07/02_INVESTIGATIONS/INV-022/RAW_BUNDLE/INV-022_R3_FULL_FORENSIC_BUNDLE/WORKING_TRACE/continue_r3_phase12_13.py,f23099fb7e4ba727475a31180470619bb7303f1cf2c865f16f00ba5c8f914540,03_INVESTIGATIONS/03_NORMALIZED_BY_ID/INV-022/continue_r3_phase12_13.py,DUPLICATE_SHA
INV-022,persistence_payload.py,expanded:DEMOCRACY_INFLUENCE_ALL_INVESTIGATIONS_2026-09-07.zip,/mnt/data/DEMOCRACY_INFLUENCE_MASTER_EVIDENCE_BUNDLE_2026-09-11/03_INVESTIGATIONS/02_EXPANDED_ARCHIVES/DEMOCRACY_INFLUENCE_ALL_INVESTIGATIONS_2026-09-07/DEMOCRACY_INFLUENCE_ALL_INVESTIGATIONS_2026-09-07/02_INVESTIGATIONS/INV-022/RAW_BUNDLE/INV-022_R3_FULL_FORENSIC_BUNDLE/WORKING_TRACE/persistence_payload.py,f259fbe18264fcf8fd528feee4d79f336e57af5b583e0fc6dbee4dbef68f8425,03_INVESTIGATIONS/03_NORMALIZED_BY_ID/INV-022/persistence_payload.py,DUPLICATE_SHA
INV-022,continue_r3_phase16_17.py,expanded:DEMOCRACY_INFLUENCE_ALL_INVESTIGATIONS_2026-09-07.zip,/mnt/data/DEMOCRACY_INFLUENCE_MASTER_EVIDENCE_BUNDLE_2026-09-11/03_INVESTIGATIONS/02_EXPANDED_ARCHIVES/DEMOCRACY_INFLUENCE_ALL_INVESTIGATIONS_2026-09-07/DEMOCRACY_INFLUENCE_ALL_INVESTIGATIONS_2026-09-07/02_INVESTIGATIONS/INV-022/RAW_BUNDLE/INV-022_R3_FULL_FORENSIC_BUNDLE/WORKING_TRACE/continue_r3_phase16_17.py,f74760f3f3f9554b404aa7f11fe325bec89c23c35a65a17a5a19e0e352f929bc,03_INVESTIGATIONS/03_NORMALIZED_BY_ID/INV-022/continue_r3_phase16_17.py,DUPLICATE_SHA
INV-022,INV022_TECHNICAL_BODY_CANDIDATE.md,expanded:DEMOCRACY_INFLUENCE_ALL_INVESTIGATIONS_2026-09-07.zip,/mnt/data/DEMOCRACY_INFLUENCE_MASTER_EVIDENCE_BUNDLE_2026-09-11/03_INVESTIGATIONS/02_EXPANDED_ARCHIVES/DEMOCRACY_INFLUENCE_ALL_INVESTIGATIONS_2026-09-07/DEMOCRACY_INFLUENCE_ALL_INVESTIGATIONS_2026-09-07/02_INVESTIGATIONS/INV-022/RAW_BUNDLE/INV-022_R3_FULL_FORENSIC_BUNDLE/WORKING_TRACE/INV022_TECHNICAL_BODY_CANDIDATE.md,79295880570f35fce78ab687b34d0604c56cb8ace01d17cd9a8fcc666cf52766,03_INVESTIGATIONS/03_NORMALIZED_BY_ID/INV-022/2026-09-06_10-57_russie-operations-influence-france_NARRATIVE.tmp.md,DUPLICATE_SHA
INV-022,INV-022_R3_E2E_TEST_REPORT.md,expanded:DEMOCRACY_INFLUENCE_ALL_INVESTIGATIONS_2026-09-07.zip,/mnt/data/DEMOCRACY_INFLUENCE_MASTER_EVIDENCE_BUNDLE_2026-09-11/03_INVESTIGATIONS/02_EXPANDED_ARCHIVES/DEMOCRACY_INFLUENCE_ALL_INVESTIGATIONS_2026-09-07/DEMOCRACY_INFLUENCE_ALL_INVESTIGATIONS_2026-09-07/02_INVESTIGATIONS/INV-022/RAW_BUNDLE/INV-022_R3_FULL_FORENSIC_BUNDLE/E2E/INV-022_R3_E2E_TEST_REPORT.md,74a7359e0fb339d1c6fbf3e08f111b7b75d0e81090832a40cf4bea60448c3aa4,03_INVESTIGATIONS/03_NORMALIZED_BY_ID/INV-022/INV-022_R3_E2E_TEST_REPORT.md,DUPLICATE_SHA
INV-022,.verify_pending_delivery.json,expanded:DEMOCRACY_INFLUENCE_ALL_INVESTIGATIONS_2026-09-07.zip,/mnt/data/DEMOCRACY_INFLUENCE_MASTER_EVIDENCE_BUNDLE_2026-09-11/03_INVESTIGATIONS/02_EXPANDED_ARCHIVES/DEMOCRACY_INFLUENCE_ALL_INVESTIGATIONS_2026-09-07/DEMOCRACY_INFLUENCE_ALL_INVESTIGATIONS_2026-09-07/02_INVESTIGATIONS/INV-022/RAW_BUNDLE/INV-022_R3_FULL_FORENSIC_BUNDLE/VERIFICATION/.verify_pending_delivery.json,4ebe303c11d45e4930e4874f0c06129e13428a4fa57cc9a70354bc0c7d33043b,03_INVESTIGATIONS/03_NORMALIZED_BY_ID/INV-022/.verify_pending_delivery.json,DUPLICATE_SHA
INV-022,.verify_result_delivery.json,expanded:DEMOCRACY_INFLUENCE_ALL_INVESTIGATIONS_2026-09-07.zip,/mnt/data/DEMOCRACY_INFLUENCE_MASTER_EVIDENCE_BUNDLE_2026-09-11/03_INVESTIGATIONS/02_EXPANDED_ARCHIVES/DEMOCRACY_INFLUENCE_ALL_INVESTIGATIONS_2026-09-07/DEMOCRACY_INFLUENCE_ALL_INVESTIGATIONS_2026-09-07/02_INVESTIGATIONS/INV-022/RAW_BUNDLE/INV-022_R3_FULL_FORENSIC_BUNDLE/VERIFICATION/.verify_result_delivery.json,d1bfee1e92f8b89f576e736594dd207621ae9e2a890252593dd246dab4ff67e8,03_INVESTIGATIONS/03_NORMALIZED_BY_ID/INV-022/.verify_result_delivery.json,DUPLICATE_SHA
INV-022,INV-022_VERIFY_DELIVERY_RESULT.json,expanded:DEMOCRACY_INFLUENCE_ALL_INVESTIGATIONS_2026-09-07.zip,/mnt/data/DEMOCRACY_INFLUENCE_MASTER_EVIDENCE_BUNDLE_2026-09-11/03_INVESTIGATIONS/02_EXPANDED_ARCHIVES/DEMOCRACY_INFLUENCE_ALL_INVESTIGATIONS_2026-09-07/DEMOCRACY_INFLUENCE_ALL_INVESTIGATIONS_2026-09-07/02_INVESTIGATIONS/INV-022/RAW_BUNDLE/INV-022_R3_FULL_FORENSIC_BUNDLE/VERIFICATION/INV-022_VERIFY_DELIVERY_RESULT.json,d1bfee1e92f8b89f576e736594dd207621ae9e2a890252593dd246dab4ff67e8,03_INVESTIGATIONS/03_NORMALIZED_BY_ID/INV-022/.verify_result_delivery.json,DUPLICATE_SHA
INV-022,KERNEL.md,expanded:DEMOCRACY_INFLUENCE_ALL_INVESTIGATIONS_2026-09-07.zip,/mnt/data/DEMOCRACY_INFLUENCE_MASTER_EVIDENCE_BUNDLE_2026-09-11/03_INVESTIGATIONS/02_EXPANDED_ARCHIVES/DEMOCRACY_INFLUENCE_ALL_INVESTIGATIONS_2026-09-07/DEMOCRACY_INFLUENCE_ALL_INVESTIGATIONS_2026-09-07/02_INVESTIGATIONS/INV-022/RAW_BUNDLE/INV-022_R3_FULL_FORENSIC_BUNDLE/ENGINE_CONTRACT_SNAPSHOT/KERNEL.md,0d78b5d2db873d6bb9984867c3a4b1095b46400db2145487a763680b43e88974,03_INVESTIGATIONS/03_NORMALIZED_BY_ID/INV-022/KERNEL.md,DUPLICATE_SHA
INV-022,2026-09-06_10-57_russie-operations-influence-france_RUN_STATE.json,expanded:DEMOCRACY_INFLUENCE_ALL_INVESTIGATIONS_2026-09-07.zip,/mnt/data/DEMOCRACY_INFLUENCE_MASTER_EVIDENCE_BUNDLE_2026-09-11/03_INVESTIGATIONS/02_EXPANDED_ARCHIVES/DEMOCRACY_INFLUENCE_ALL_INVESTIGATIONS_2026-09-07/DEMOCRACY_INFLUENCE_ALL_INVESTIGATIONS_2026-09-07/02_INVESTIGATIONS/INV-022/RAW_BUNDLE/INV-022_R3_FULL_FORENSIC_BUNDLE/CANONICAL_RUN/2026-09-06_10-57_russie-operations-influence-france_RUN_STATE.json,b639fb372d9599c675dbb4e2821fa3c6e66573be303f66297935db385e17662e,03_INVESTIGATIONS/03_NORMALIZED_BY_ID/INV-022/2026-09-06_10-57_russie-operations-influence-france_RUN_STATE.json,DUPLICATE_SHA
INV-022,2026-09-06_10-57_russie-operations-influence-france_INPUT.txt,expanded:DEMOCRACY_INFLUENCE_ALL_INVESTIGATIONS_2026-09-07.zip,/mnt/data/DEMOCRACY_INFLUENCE_MASTER_EVIDENCE_BUNDLE_2026-09-11/03_INVESTIGATIONS/02_EXPANDED_ARCHIVES/DEMOCRACY_INFLUENCE_ALL_INVESTIGATIONS_2026-09-07/DEMOCRACY_INFLUENCE_ALL_INVESTIGATIONS_2026-09-07/02_INVESTIGATIONS/INV-022/RAW_BUNDLE/INV-022_R3_FULL_FORENSIC_BUNDLE/CANONICAL_RUN/2026-09-06_10-57_russie-operations-influence-france_INPUT.txt,b4582f7330c39e3a47f6aa7512bfb623ddea7e7e3dd046421e246631a29e05f4,03_INVESTIGATIONS/03_NORMALIZED_BY_ID/INV-022/2026-09-06_10-57_russie-operations-influence-france_INPUT.txt,DUPLICATE_SHA
INV-022,2026-09-06_10-57_russie-operations-influence-france_NARRATIVE.tmp.md,expanded:DEMOCRACY_INFLUENCE_ALL_INVESTIGATIONS_2026-09-07.zip,/mnt/data/DEMOCRACY_INFLUENCE_MASTER_EVIDENCE_BUNDLE_2026-09-11/03_INVESTIGATIONS/02_EXPANDED_ARCHIVES/DEMOCRACY_INFLUENCE_ALL_INVESTIGATIONS_2026-09-07/DEMOCRACY_INFLUENCE_ALL_INVESTIGATIONS_2026-09-07/02_INVESTIGATIONS/INV-022/RAW_BUNDLE/INV-022_R3_FULL_FORENSIC_BUNDLE/CANONICAL_RUN/2026-09-06_10-57_russie-operations-influence-france_NARRATIVE.tmp.md,79295880570f35fce78ab687b34d0604c56cb8ace01d17cd9a8fcc666cf52766,03_INVESTIGATIONS/03_NORMALIZED_BY_ID/INV-022/2026-09-06_10-57_russie-operations-influence-france_NARRATIVE.tmp.md,DUPLICATE_SHA
INV-022,2026-09-06_10-57_russie-operations-influence-france_CERTIFICATION.json,expanded:DEMOCRACY_INFLUENCE_ALL_INVESTIGATIONS_2026-09-07.zip,/mnt/data/DEMOCRACY_INFLUENCE_MASTER_EVIDENCE_BUNDLE_2026-09-11/03_INVESTIGATIONS/02_EXPANDED_ARCHIVES/DEMOCRACY_INFLUENCE_ALL_INVESTIGATIONS_2026-09-07/DEMOCRACY_INFLUENCE_ALL_INVESTIGATIONS_2026-09-07/02_INVESTIGATIONS/INV-022/RAW_BUNDLE/INV-022_R3_FULL_FORENSIC_BUNDLE/CANONICAL_RUN/2026-09-06_10-57_russie-operations-influence-france_CERTIFICATION.json,1849eb3855b4b4ee51ce00d865617942beb0cd8088154f7bf95d177589668df9,03_INVESTIGATIONS/03_NORMALIZED_BY_ID/INV-022/2026-09-06_10-57_russie-operations-influence-france_CERTIFICATION.json,DUPLICATE_SHA
INV-022,2026-09-06_10-57_russie-operations-influence-france_MNEMO_SNAPSHOT.json,expanded:DEMOCRACY_INFLUENCE_ALL_INVESTIGATIONS_2026-09-07.zip,/mnt/data/DEMOCRACY_INFLUENCE_MASTER_EVIDENCE_BUNDLE_2026-09-11/03_INVESTIGATIONS/02_EXPANDED_ARCHIVES/DEMOCRACY_INFLUENCE_ALL_INVESTIGATIONS_2026-09-07/DEMOCRACY_INFLUENCE_ALL_INVESTIGATIONS_2026-09-07/02_INVESTIGATIONS/INV-022/RAW_BUNDLE/INV-022_R3_FULL_FORENSIC_BUNDLE/CANONICAL_RUN/2026-09-06_10-57_russie-operations-influence-france_MNEMO_SNAPSHOT.json,ccadef83af9d6f2dba278bf6f302984705f9a9f3eb9c1855e7299a8f7de8223e,03_INVESTIGATIONS/03_NORMALIZED_BY_ID/INV-022/2026-09-06_10-57_russie-operations-influence-france_MNEMO_SNAPSHOT.json,DUPLICATE_SHA
INV-022,2026-09-06_10-57_russie-operations-influence-france_INVESTIGATION.md,expanded:DEMOCRACY_INFLUENCE_ALL_INVESTIGATIONS_2026-09-07.zip,/mnt/data/DEMOCRACY_INFLUENCE_MASTER_EVIDENCE_BUNDLE_2026-09-11/03_INVESTIGATIONS/02_EXPANDED_ARCHIVES/DEMOCRACY_INFLUENCE_ALL_INVESTIGATIONS_2026-09-07/DEMOCRACY_INFLUENCE_ALL_INVESTIGATIONS_2026-09-07/02_INVESTIGATIONS/INV-022/RAW_BUNDLE/INV-022_R3_FULL_FORENSIC_BUNDLE/CANONICAL_RUN/2026-09-06_10-57_russie-operations-influence-france_INVESTIGATION.md,a5d3c37a2dec09a07a0d2ec2ab00be4fd794b814729a1c749032cdab07ff806e,03_INVESTIGATIONS/03_NORMALIZED_BY_ID/INV-022/2026-09-06_10-57_russie-operations-influence-france_INVESTIGATION.md,DUPLICATE_SHA
INV-022,GATES.md,expanded:DEMOCRACY_INFLUENCE_ALL_INVESTIGATIONS_2026-09-07.zip,/mnt/data/DEMOCRACY_INFLUENCE_MASTER_EVIDENCE_BUNDLE_2026-09-11/03_INVESTIGATIONS/02_EXPANDED_ARCHIVES/DEMOCRACY_INFLUENCE_ALL_INVESTIGATIONS_2026-09-07/DEMOCRACY_INFLUENCE_ALL_INVESTIGATIONS_2026-09-07/02_INVESTIGATIONS/INV-022/RAW_BUNDLE/INV-022_R3_FULL_FORENSIC_BUNDLE/ENGINE_CONTRACT_SNAPSHOT/forensic/GATES.md,f97b090c26f79b93eeecb291e37f8887d935df5ffaa36d8d6da502fa75f6da6d,03_INVESTIGATIONS/03_NORMALIZED_BY_ID/INV-022/GATES.md,DUPLICATE_SHA
INV-022,TEMPLATE.md,expanded:DEMOCRACY_INFLUENCE_ALL_INVESTIGATIONS_2026-09-07.zip,/mnt/data/DEMOCRACY_INFLUENCE_MASTER_EVIDENCE_BUNDLE_2026-09-11/03_INVESTIGATIONS/02_EXPANDED_ARCHIVES/DEMOCRACY_INFLUENCE_ALL_INVESTIGATIONS_2026-09-07/DEMOCRACY_INFLUENCE_ALL_INVESTIGATIONS_2026-09-07/02_INVESTIGATIONS/INV-022/RAW_BUNDLE/INV-022_R3_FULL_FORENSIC_BUNDLE/ENGINE_CONTRACT_SNAPSHOT/output/TEMPLATE.md,eb504ed558d7638b8f599fc6990c6d74783ca81ae1d8016a15d70b8273c31f05,03_INVESTIGATIONS/03_NORMALIZED_BY_ID/INV-022/TEMPLATE.md,DUPLICATE_SHA
INV-022,INVESTIGATION.md,expanded:DEMOCRACY_INFLUENCE_ALL_INVESTIGATIONS_2026-09-07.zip,/mnt/data/DEMOCRACY_INFLUENCE_MASTER_EVIDENCE_BUNDLE_2026-09-11/03_INVESTIGATIONS/02_EXPANDED_ARCHIVES/DEMOCRACY_INFLUENCE_ALL_INVESTIGATIONS_2026-09-07/DEMOCRACY_INFLUENCE_ALL_INVESTIGATIONS_2026-09-07/02_INVESTIGATIONS/INV-022/RAW_BUNDLE/INV-022_R3_FULL_FORENSIC_BUNDLE/ENGINE_CONTRACT_SNAPSHOT/protocol/INVESTIGATION.md,2418fb593a78048830f2900e04828ce3d7e26aef996bcdddd2199f61a026c208,03_INVESTIGATIONS/03_NORMALIZED_BY_ID/INV-022/INVESTIGATION.md,DUPLICATE_SHA
INV-022,EPISTEMIC.md,expanded:DEMOCRACY_INFLUENCE_ALL_INVESTIGATIONS_2026-09-07.zip,/mnt/data/DEMOCRACY_INFLUENCE_MASTER_EVIDENCE_BUNDLE_2026-09-11/03_INVESTIGATIONS/02_EXPANDED_ARCHIVES/DEMOCRACY_INFLUENCE_ALL_INVESTIGATIONS_2026-09-07/DEMOCRACY_INFLUENCE_ALL_INVESTIGATIONS_2026-09-07/02_INVESTIGATIONS/INV-022/RAW_BUNDLE/INV-022_R3_FULL_FORENSIC_BUNDLE/ENGINE_CONTRACT_SNAPSHOT/search/EPISTEMIC.md,482558f2ea834418625647b92659ef1773ffc71bc09bdce2f5f3bab91791ae00,03_INVESTIGATIONS/03_NORMALIZED_BY_ID/INV-022/EPISTEMIC.md,DUPLICATE_SHA
INV-022,run_state.py,expanded:DEMOCRACY_INFLUENCE_ALL_INVESTIGATIONS_2026-09-07.zip,/mnt/data/DEMOCRACY_INFLUENCE_MASTER_EVIDENCE_BUNDLE_2026-09-11/03_INVESTIGATIONS/02_EXPANDED_ARCHIVES/DEMOCRACY_INFLUENCE_ALL_INVESTIGATIONS_2026-09-07/DEMOCRACY_INFLUENCE_ALL_INVESTIGATIONS_2026-09-07/02_INVESTIGATIONS/INV-022/RAW_BUNDLE/INV-022_R3_FULL_FORENSIC_BUNDLE/ENGINE_CONTRACT_SNAPSHOT/tools/runtime/run_state.py,81effd7bfef4ddcdacba1f9a4139cd856fae0eb7853518846f2381a49869d77e,03_INVESTIGATIONS/03_NORMALIZED_BY_ID/INV-022/run_state.py,DUPLICATE_SHA
INV-022,verify.py,expanded:DEMOCRACY_INFLUENCE_ALL_INVESTIGATIONS_2026-09-07.zip,/mnt/data/DEMOCRACY_INFLUENCE_MASTER_EVIDENCE_BUNDLE_2026-09-11/03_INVESTIGATIONS/02_EXPANDED_ARCHIVES/DEMOCRACY_INFLUENCE_ALL_INVESTIGATIONS_2026-09-07/DEMOCRACY_INFLUENCE_ALL_INVESTIGATIONS_2026-09-07/02_INVESTIGATIONS/INV-022/RAW_BUNDLE/INV-022_R3_FULL_FORENSIC_BUNDLE/ENGINE_CONTRACT_SNAPSHOT/tools/verify/verify.py,19cf032f21945d6bd2c8e3889086293b640fee98b1e97e855baf5ec39f18fa59,03_INVESTIGATIONS/03_NORMALIZED_BY_ID/INV-022/verify.py,DUPLICATE_SHA
INV-054,INV-054_POST_RUN_REVIEW.md,expanded:DEMOCRACY_INFLUENCE_ALL_INVESTIGATIONS_2026-09-07.zip,/mnt/data/DEMOCRACY_INFLUENCE_MASTER_EVIDENCE_BUNDLE_2026-09-11/03_INVESTIGATIONS/02_EXPANDED_ARCHIVES/DEMOCRACY_INFLUENCE_ALL_INVESTIGATIONS_2026-09-07/DEMOCRACY_INFLUENCE_ALL_INVESTIGATIONS_2026-09-07/02_INVESTIGATIONS/INV-054/RAW_BUNDLE/INV-054_POST_RUN_REVIEW.md,77cb1075b7250f7196f87997c67bfe496468d1e0b488c9a3961f8af96b6e32e9,03_INVESTIGATIONS/03_NORMALIZED_BY_ID/INV-054/INV-054_POST_RUN_REVIEW.md,DUPLICATE_SHA
INV-054,INV-054_DELIVERY_GATE.log,expanded:DEMOCRACY_INFLUENCE_ALL_INVESTIGATIONS_2026-09-07.zip,/mnt/data/DEMOCRACY_INFLUENCE_MASTER_EVIDENCE_BUNDLE_2026-09-11/03_INVESTIGATIONS/02_EXPANDED_ARCHIVES/DEMOCRACY_INFLUENCE_ALL_INVESTIGATIONS_2026-09-07/DEMOCRACY_INFLUENCE_ALL_INVESTIGATIONS_2026-09-07/02_INVESTIGATIONS/INV-054/RAW_BUNDLE/INV-054_DELIVERY_GATE.log,858640adaca67e824e696957d53766e461a2c4d58c54f206aaa5b20565f15029,03_INVESTIGATIONS/03_NORMALIZED_BY_ID/INV-054/INV-054_DELIVERY_GATE.log,DUPLICATE_SHA
INV-054,INV-054_PRE_GATE.log,expanded:DEMOCRACY_INFLUENCE_ALL_INVESTIGATIONS_2026-09-07.zip,/mnt/data/DEMOCRACY_INFLUENCE_MASTER_EVIDENCE_BUNDLE_2026-09-11/03_INVESTIGATIONS/02_EXPANDED_ARCHIVES/DEMOCRACY_INFLUENCE_ALL_INVESTIGATIONS_2026-09-07/DEMOCRACY_INFLUENCE_ALL_INVESTIGATIONS_2026-09-07/02_INVESTIGATIONS/INV-054/RAW_BUNDLE/INV-054_PRE_GATE.log,eba55c8484a985b121ada134b418db0cc915f9a7f7ecc5a7c90a02a4ce1eb5d7,03_INVESTIGATIONS/03_NORMALIZED_BY_ID/INV-054/INV-054_PRE_GATE.log,DUPLICATE_SHA
INV-054,INV-054_CERTIFICATION.json,expanded:DEMOCRACY_INFLUENCE_ALL_INVESTIGATIONS_2026-09-07.zip,/mnt/data/DEMOCRACY_INFLUENCE_MASTER_EVIDENCE_BUNDLE_2026-09-11/03_INVESTIGATIONS/02_EXPANDED_ARCHIVES/DEMOCRACY_INFLUENCE_ALL_INVESTIGATIONS_2026-09-07/DEMOCRACY_INFLUENCE_ALL_INVESTIGATIONS_2026-09-07/02_INVESTIGATIONS/INV-054/RAW_BUNDLE/INV-054_CERTIFICATION.json,858640adaca67e824e696957d53766e461a2c4d58c54f206aaa5b20565f15029,03_INVESTIGATIONS/03_NORMALIZED_BY_ID/INV-054/INV-054_DELIVERY_GATE.log,DUPLICATE_SHA
INV-054,INV-054_SHA256.txt,expanded:DEMOCRACY_INFLUENCE_ALL_INVESTIGATIONS_2026-09-07.zip,/mnt/data/DEMOCRACY_INFLUENCE_MASTER_EVIDENCE_BUNDLE_2026-09-11/03_INVESTIGATIONS/02_EXPANDED_ARCHIVES/DEMOCRACY_INFLUENCE_ALL_INVESTIGATIONS_2026-09-07/DEMOCRACY_INFLUENCE_ALL_INVESTIGATIONS_2026-09-07/02_INVESTIGATIONS/INV-054/RAW_BUNDLE/INV-054_SHA256.txt,bafcc8fa5b9fd5b0d7e3e8638d3971a05a61be4cdbbfcf43bf7dad8e19b1cb7a,03_INVESTIGATIONS/03_NORMALIZED_BY_ID/INV-054/INV-054_SHA256.txt,DUPLICATE_SHA
INV-054,INV-054_MNEMO_SNAPSHOT.json,expanded:DEMOCRACY_INFLUENCE_ALL_INVESTIGATIONS_2026-09-07.zip,/mnt/data/DEMOCRACY_INFLUENCE_MASTER_EVIDENCE_BUNDLE_2026-09-11/03_INVESTIGATIONS/02_EXPANDED_ARCHIVES/DEMOCRACY_INFLUENCE_ALL_INVESTIGATIONS_2026-09-07/DEMOCRACY_INFLUENCE_ALL_INVESTIGATIONS_2026-09-07/02_INVESTIGATIONS/INV-054/RAW_BUNDLE/INV-054_MNEMO_SNAPSHOT.json,f49fdbb27d474e08b5fb37b8eb38e9785bd6061b2c3c24c375b1c27b8057dec8,03_INVESTIGATIONS/03_NORMALIZED_BY_ID/INV-054/INV-054_MNEMO_SNAPSHOT.json,DUPLICATE_SHA
INV-054,INV-054_RUN_CARD.md,expanded:DEMOCRACY_INFLUENCE_ALL_INVESTIGATIONS_2026-09-07.zip,/mnt/data/DEMOCRACY_INFLUENCE_MASTER_EVIDENCE_BUNDLE_2026-09-11/03_INVESTIGATIONS/02_EXPANDED_ARCHIVES/DEMOCRACY_INFLUENCE_ALL_INVESTIGATIONS_2026-09-07/DEMOCRACY_INFLUENCE_ALL_INVESTIGATIONS_2026-09-07/02_INVESTIGATIONS/INV-054/RAW_BUNDLE/INV-054_RUN_CARD.md,2a84951fb76acfe49c5a8202261a275b1927f327aece61a05a97a13c2dd66ec7,03_INVESTIGATIONS/03_NORMALIZED_BY_ID/INV-054/INV-054_RUN_CARD.md,DUPLICATE_SHA
INV-054,INV-054_NARRATIVE.tmp.md,expanded:DEMOCRACY_INFLUENCE_ALL_INVESTIGATIONS_2026-09-07.zip,/mnt/data/DEMOCRACY_INFLUENCE_MASTER_EVIDENCE_BUNDLE_2026-09-11/03_INVESTIGATIONS/02_EXPANDED_ARCHIVES/DEMOCRACY_INFLUENCE_ALL_INVESTIGATIONS_2026-09-07/DEMOCRACY_INFLUENCE_ALL_INVESTIGATIONS_2026-09-07/02_INVESTIGATIONS/INV-054/RAW_BUNDLE/INV-054_NARRATIVE.tmp.md,b59909d11998c9b458cdba76d3a59607c358bb0dea4084be032e38a39012ff3b,03_INVESTIGATIONS/03_NORMALIZED_BY_ID/INV-054/INV-054_NARRATIVE.tmp.md,DUPLICATE_SHA
INV-054,INV-054_RUN_STATE.json,expanded:DEMOCRACY_INFLUENCE_ALL_INVESTIGATIONS_2026-09-07.zip,/mnt/data/DEMOCRACY_INFLUENCE_MASTER_EVIDENCE_BUNDLE_2026-09-11/03_INVESTIGATIONS/02_EXPANDED_ARCHIVES/DEMOCRACY_INFLUENCE_ALL_INVESTIGATIONS_2026-09-07/DEMOCRACY_INFLUENCE_ALL_INVESTIGATIONS_2026-09-07/02_INVESTIGATIONS/INV-054/RAW_BUNDLE/INV-054_RUN_STATE.json,6d95ed621bc4e8fb48e80a7957e621957ed181ec0eab796963ecd16112efd7e5,03_INVESTIGATIONS/03_NORMALIZED_BY_ID/INV-054/INV-054_RUN_STATE.json,DUPLICATE_SHA
INV-054,INV-054_RUN_HANDOFF.md,expanded:DEMOCRACY_INFLUENCE_ALL_INVESTIGATIONS_2026-09-07.zip,/mnt/data/DEMOCRACY_INFLUENCE_MASTER_EVIDENCE_BUNDLE_2026-09-11/03_INVESTIGATIONS/02_EXPANDED_ARCHIVES/DEMOCRACY_INFLUENCE_ALL_INVESTIGATIONS_2026-09-07/DEMOCRACY_INFLUENCE_ALL_INVESTIGATIONS_2026-09-07/02_INVESTIGATIONS/INV-054/RAW_BUNDLE/INV-054_RUN_HANDOFF.md,64c37752d4c1dd713f6143766d652b8c6fe39981e603fcc2854d9cb71d574c1a,03_INVESTIGATIONS/03_NORMALIZED_BY_ID/INV-054/INV-054_RUN_HANDOFF.md,DUPLICATE_SHA
INV-054,INV-054_INVESTIGATION.md,expanded:DEMOCRACY_INFLUENCE_ALL_INVESTIGATIONS_2026-09-07.zip,/mnt/data/DEMOCRACY_INFLUENCE_MASTER_EVIDENCE_BUNDLE_2026-09-11/03_INVESTIGATIONS/02_EXPANDED_ARCHIVES/DEMOCRACY_INFLUENCE_ALL_INVESTIGATIONS_2026-09-07/DEMOCRACY_INFLUENCE_ALL_INVESTIGATIONS_2026-09-07/02_INVESTIGATIONS/INV-054/RAW_BUNDLE/INV-054_INVESTIGATION.md,9b02a7b42d2289c9ea2e2b0d47481f091a4bccc35118d0448f9620ab8b409c03,03_INVESTIGATIONS/03_NORMALIZED_BY_ID/INV-054/INV-054_INVESTIGATION.md,DUPLICATE_SHA
INV-054,INV-054_INPUT.txt,expanded:DEMOCRACY_INFLUENCE_ALL_INVESTIGATIONS_2026-09-07.zip,/mnt/data/DEMOCRACY_INFLUENCE_MASTER_EVIDENCE_BUNDLE_2026-09-11/03_INVESTIGATIONS/02_EXPANDED_ARCHIVES/DEMOCRACY_INFLUENCE_ALL_INVESTIGATIONS_2026-09-07/DEMOCRACY_INFLUENCE_ALL_INVESTIGATIONS_2026-09-07/02_INVESTIGATIONS/INV-054/RAW_BUNDLE/INV-054_INPUT.txt,2a84951fb76acfe49c5a8202261a275b1927f327aece61a05a97a13c2dd66ec7,03_INVESTIGATIONS/03_NORMALIZED_BY_ID/INV-054/INV-054_RUN_CARD.md,DUPLICATE_SHA
INV-103,_INPUT.md,expanded:DEMOCRACY_INFLUENCE_ALL_INVESTIGATIONS_2026-09-07.zip,/mnt/data/DEMOCRACY_INFLUENCE_MASTER_EVIDENCE_BUNDLE_2026-09-11/03_INVESTIGATIONS/02_EXPANDED_ARCHIVES/DEMOCRACY_INFLUENCE_ALL_INVESTIGATIONS_2026-09-07/DEMOCRACY_INFLUENCE_ALL_INVESTIGATIONS_2026-09-07/02_INVESTIGATIONS/INV-103/RAW_BUNDLE/INV-103/_INPUT.md,9b5bee0c0312885ec7574edc58274ef80c4362376620424e90aedd3045d6a7c7,03_INVESTIGATIONS/03_NORMALIZED_BY_ID/INV-103/_INPUT.md,DUPLICATE_SHA
INV-103,_MNEMO_SNAPSHOT.json,expanded:DEMOCRACY_INFLUENCE_ALL_INVESTIGATIONS_2026-09-07.zip,/mnt/data/DEMOCRACY_INFLUENCE_MASTER_EVIDENCE_BUNDLE_2026-09-11/03_INVESTIGATIONS/02_EXPANDED_ARCHIVES/DEMOCRACY_INFLUENCE_ALL_INVESTIGATIONS_2026-09-07/DEMOCRACY_INFLUENCE_ALL_INVESTIGATIONS_2026-09-07/02_INVESTIGATIONS/INV-103/RAW_BUNDLE/INV-103/_MNEMO_SNAPSHOT.json,34c65386beb45b5d886eb83e12d85515137e30494586d5dde1e382d069530a82,03_INVESTIGATIONS/03_NORMALIZED_BY_ID/INV-103/_MNEMO_SNAPSHOT.json,DUPLICATE_SHA
INV-103,_NARRATIVE.tmp.md,expanded:DEMOCRACY_INFLUENCE_ALL_INVESTIGATIONS_2026-09-07.zip,/mnt/data/DEMOCRACY_INFLUENCE_MASTER_EVIDENCE_BUNDLE_2026-09-11/03_INVESTIGATIONS/02_EXPANDED_ARCHIVES/DEMOCRACY_INFLUENCE_ALL_INVESTIGATIONS_2026-09-07/DEMOCRACY_INFLUENCE_ALL_INVESTIGATIONS_2026-09-07/02_INVESTIGATIONS/INV-103/RAW_BUNDLE/INV-103/_NARRATIVE.tmp.md,f015b8b0505577bda825843d67728421b89dedadd8a4399e8ad1dcbcd728a488,03_INVESTIGATIONS/03_NORMALIZED_BY_ID/INV-103/_NARRATIVE.tmp.md,DUPLICATE_SHA
INV-103,_CERTIFICATION.json,expanded:DEMOCRACY_INFLUENCE_ALL_INVESTIGATIONS_2026-09-07.zip,/mnt/data/DEMOCRACY_INFLUENCE_MASTER_EVIDENCE_BUNDLE_2026-09-11/03_INVESTIGATIONS/02_EXPANDED_ARCHIVES/DEMOCRACY_INFLUENCE_ALL_INVESTIGATIONS_2026-09-07/DEMOCRACY_INFLUENCE_ALL_INVESTIGATIONS_2026-09-07/02_INVESTIGATIONS/INV-103/RAW_BUNDLE/INV-103/_CERTIFICATION.json,6939bbaa93d43bcec5559dcd7a73618d463b198f883126763c635de2338b20fc,03_INVESTIGATIONS/03_NORMALIZED_BY_ID/INV-103/_CERTIFICATION.json,DUPLICATE_SHA
INV-103,_RUN_STATE.json,expanded:DEMOCRACY_INFLUENCE_ALL_INVESTIGATIONS_2026-09-07.zip,/mnt/data/DEMOCRACY_INFLUENCE_MASTER_EVIDENCE_BUNDLE_2026-09-11/03_INVESTIGATIONS/02_EXPANDED_ARCHIVES/DEMOCRACY_INFLUENCE_ALL_INVESTIGATIONS_2026-09-07/DEMOCRACY_INFLUENCE_ALL_INVESTIGATIONS_2026-09-07/02_INVESTIGATIONS/INV-103/RAW_BUNDLE/INV-103/_RUN_STATE.json,1d18fae4df92884883a198ff51cf1b9681f29cab00dd3116bd669ff0d12fede0,03_INVESTIGATIONS/03_NORMALIZED_BY_ID/INV-103/_RUN_STATE.json,DUPLICATE_SHA
INV-103,INV-103_PILOT_REVIEW.md,expanded:DEMOCRACY_INFLUENCE_ALL_INVESTIGATIONS_2026-09-07.zip,/mnt/data/DEMOCRACY_INFLUENCE_MASTER_EVIDENCE_BUNDLE_2026-09-11/03_INVESTIGATIONS/02_EXPANDED_ARCHIVES/DEMOCRACY_INFLUENCE_ALL_INVESTIGATIONS_2026-09-07/DEMOCRACY_INFLUENCE_ALL_INVESTIGATIONS_2026-09-07/02_INVESTIGATIONS/INV-103/RAW_BUNDLE/INV-103/INV-103_PILOT_REVIEW.md,afd4da3581a385f789774bc774282b3f99b88aa24380de82365d184fdfd5b514,03_INVESTIGATIONS/03_NORMALIZED_BY_ID/INV-103/INV-103_PILOT_REVIEW.md,DUPLICATE_SHA
INV-103,_INVESTIGATION.md,expanded:DEMOCRACY_INFLUENCE_ALL_INVESTIGATIONS_2026-09-07.zip,/mnt/data/DEMOCRACY_INFLUENCE_MASTER_EVIDENCE_BUNDLE_2026-09-11/03_INVESTIGATIONS/02_EXPANDED_ARCHIVES/DEMOCRACY_INFLUENCE_ALL_INVESTIGATIONS_2026-09-07/DEMOCRACY_INFLUENCE_ALL_INVESTIGATIONS_2026-09-07/02_INVESTIGATIONS/INV-103/RAW_BUNDLE/INV-103/_INVESTIGATION.md,41d0b8d330aae2da557e97437cfc8fd4ba844005c606556571cfae853508a2da,03_INVESTIGATIONS/03_NORMALIZED_BY_ID/INV-103/_INVESTIGATION.md,DUPLICATE_SHA
INV-103,INV-103_RUN_HANDOFF.md,expanded:DEMOCRACY_INFLUENCE_ALL_INVESTIGATIONS_2026-09-07.zip,/mnt/data/DEMOCRACY_INFLUENCE_MASTER_EVIDENCE_BUNDLE_2026-09-11/03_INVESTIGATIONS/02_EXPANDED_ARCHIVES/DEMOCRACY_INFLUENCE_ALL_INVESTIGATIONS_2026-09-07/DEMOCRACY_INFLUENCE_ALL_INVESTIGATIONS_2026-09-07/02_INVESTIGATIONS/INV-103/RAW_BUNDLE/INV-103/INV-103_RUN_HANDOFF.md,b5bfb845e9f5ee571f577313a973c6bf15556ef64ebe63b5829d20f3c45f873f,03_INVESTIGATIONS/03_NORMALIZED_BY_ID/INV-103/INV-103_RUN_HANDOFF.md,DUPLICATE_SHA
INV-023,2026-09-06_12-58_russie-financement-partis-europe_RUN_STATE.json,expanded:DEMOCRACY_INFLUENCE_ALL_INVESTIGATIONS_2026-09-07.zip,/mnt/data/DEMOCRACY_INFLUENCE_MASTER_EVIDENCE_BUNDLE_2026-09-11/03_INVESTIGATIONS/02_EXPANDED_ARCHIVES/DEMOCRACY_INFLUENCE_ALL_INVESTIGATIONS_2026-09-07/DEMOCRACY_INFLUENCE_ALL_INVESTIGATIONS_2026-09-07/02_INVESTIGATIONS/INV-023/RAW_BUNDLE/2026-09-06_12-58_russie-financement-partis-europe_RUN_STATE.json,8f530c4e5074a73da50feb0b26b98d97567f42baa814df69939a18d47c6302e7,03_INVESTIGATIONS/03_NORMALIZED_BY_ID/INV-023/2026-09-06_12-58_russie-financement-partis-europe_RUN_STATE.json,DUPLICATE_SHA
INV-023,2026-09-06_12-58_russie-financement-partis-europe_CERTIFICATION.json,expanded:DEMOCRACY_INFLUENCE_ALL_INVESTIGATIONS_2026-09-07.zip,/mnt/data/DEMOCRACY_INFLUENCE_MASTER_EVIDENCE_BUNDLE_2026-09-11/03_INVESTIGATIONS/02_EXPANDED_ARCHIVES/DEMOCRACY_INFLUENCE_ALL_INVESTIGATIONS_2026-09-07/DEMOCRACY_INFLUENCE_ALL_INVESTIGATIONS_2026-09-07/02_INVESTIGATIONS/INV-023/RAW_BUNDLE/2026-09-06_12-58_russie-financement-partis-europe_CERTIFICATION.json,0c9610b02a2b37b0fba565084f4da89e09d62ae49173a4c2a92f98d419f2c25a,03_INVESTIGATIONS/03_NORMALIZED_BY_ID/INV-023/2026-09-06_12-58_russie-financement-partis-europe_CERTIFICATION.json,DUPLICATE_SHA
INV-023,2026-09-06_12-58_russie-financement-partis-europe_INVESTIGATION.md,expanded:DEMOCRACY_INFLUENCE_ALL_INVESTIGATIONS_2026-09-07.zip,/mnt/data/DEMOCRACY_INFLUENCE_MASTER_EVIDENCE_BUNDLE_2026-09-11/03_INVESTIGATIONS/02_EXPANDED_ARCHIVES/DEMOCRACY_INFLUENCE_ALL_INVESTIGATIONS_2026-09-07/DEMOCRACY_INFLUENCE_ALL_INVESTIGATIONS_2026-09-07/02_INVESTIGATIONS/INV-023/RAW_BUNDLE/2026-09-06_12-58_russie-financement-partis-europe_INVESTIGATION.md,d0d9a8e5fb4c1fcc6dcdb3002b2cba5854b7704d4075a5e3d148df670909863c,03_INVESTIGATIONS/03_NORMALIZED_BY_ID/INV-023/2026-09-06_12-58_russie-financement-partis-europe_INVESTIGATION.md,DUPLICATE_SHA
INV-023,2026-09-06_12-58_russie-financement-partis-europe_NARRATIVE.tmp.md,expanded:DEMOCRACY_INFLUENCE_ALL_INVESTIGATIONS_2026-09-07.zip,/mnt/data/DEMOCRACY_INFLUENCE_MASTER_EVIDENCE_BUNDLE_2026-09-11/03_INVESTIGATIONS/02_EXPANDED_ARCHIVES/DEMOCRACY_INFLUENCE_ALL_INVESTIGATIONS_2026-09-07/DEMOCRACY_INFLUENCE_ALL_INVESTIGATIONS_2026-09-07/02_INVESTIGATIONS/INV-023/RAW_BUNDLE/2026-09-06_12-58_russie-financement-partis-europe_NARRATIVE.tmp.md,2d50f55437910fe87a57d54d6b3d27e389b47486e83406ed0ec22837e489a41d,03_INVESTIGATIONS/03_NORMALIZED_BY_ID/INV-023/2026-09-06_12-58_russie-financement-partis-europe_NARRATIVE.tmp.md,DUPLICATE_SHA
INV-023,2026-09-06_12-58_russie-financement-partis-europe_MNEMO_SNAPSHOT.json,expanded:DEMOCRACY_INFLUENCE_ALL_INVESTIGATIONS_2026-09-07.zip,/mnt/data/DEMOCRACY_INFLUENCE_MASTER_EVIDENCE_BUNDLE_2026-09-11/03_INVESTIGATIONS/02_EXPANDED_ARCHIVES/DEMOCRACY_INFLUENCE_ALL_INVESTIGATIONS_2026-09-07/DEMOCRACY_INFLUENCE_ALL_INVESTIGATIONS_2026-09-07/02_INVESTIGATIONS/INV-023/RAW_BUNDLE/2026-09-06_12-58_russie-financement-partis-europe_MNEMO_SNAPSHOT.json,4f2aaa0176df698d1240f3b25e36e301c6307d30246ed0efaeabd1c84cb8af69,03_INVESTIGATIONS/03_NORMALIZED_BY_ID/INV-023/2026-09-06_12-58_russie-financement-partis-europe_MNEMO_SNAPSHOT.json,DUPLICATE_SHA
INV-023,2026-09-06_12-58_russie-financement-partis-europe_INPUT.txt,expanded:DEMOCRACY_INFLUENCE_ALL_INVESTIGATIONS_2026-09-07.zip,/mnt/data/DEMOCRACY_INFLUENCE_MASTER_EVIDENCE_BUNDLE_2026-09-11/03_INVESTIGATIONS/02_EXPANDED_ARCHIVES/DEMOCRACY_INFLUENCE_ALL_INVESTIGATIONS_2026-09-07/DEMOCRACY_INFLUENCE_ALL_INVESTIGATIONS_2026-09-07/02_INVESTIGATIONS/INV-023/RAW_BUNDLE/2026-09-06_12-58_russie-financement-partis-europe_INPUT.txt,7a5e16f441442076c1b9d3a2d002c9089e784dea7c71969158a5353d195d829b,03_INVESTIGATIONS/03_NORMALIZED_BY_ID/INV-023/2026-09-06_12-58_russie-financement-partis-europe_INPUT.txt,DUPLICATE_SHA
INV-081,INV-081_RUN_CARD.md,expanded:DEMOCRACY_INFLUENCE_ALL_INVESTIGATIONS_2026-09-07.zip,/mnt/data/DEMOCRACY_INFLUENCE_MASTER_EVIDENCE_BUNDLE_2026-09-11/03_INVESTIGATIONS/02_EXPANDED_ARCHIVES/DEMOCRACY_INFLUENCE_ALL_INVESTIGATIONS_2026-09-07/DEMOCRACY_INFLUENCE_ALL_INVESTIGATIONS_2026-09-07/02_INVESTIGATIONS/INV-081/RAW_BUNDLE/INV-081/control/INV-081_RUN_CARD.md,aaf5026a47bda414d9f93edb98215c361a5c329671c7c543a26227f317ab7dbe,03_INVESTIGATIONS/03_NORMALIZED_BY_ID/INV-081/INV-081_RUN_CARD.md,DUPLICATE_SHA
INV-081,INV-081_RUN_HANDOFF.md,expanded:DEMOCRACY_INFLUENCE_ALL_INVESTIGATIONS_2026-09-07.zip,/mnt/data/DEMOCRACY_INFLUENCE_MASTER_EVIDENCE_BUNDLE_2026-09-11/03_INVESTIGATIONS/02_EXPANDED_ARCHIVES/DEMOCRACY_INFLUENCE_ALL_INVESTIGATIONS_2026-09-07/DEMOCRACY_INFLUENCE_ALL_INVESTIGATIONS_2026-09-07/02_INVESTIGATIONS/INV-081/RAW_BUNDLE/INV-081/control/INV-081_RUN_HANDOFF.md,7ac635ec0f5e0726c2cd08bbf7c8d26dcc93daf688c6214ce4080a38bdb11a5f,03_INVESTIGATIONS/03_NORMALIZED_BY_ID/INV-081/INV-081_RUN_HANDOFF.md,DUPLICATE_SHA
INV-081,INV-081_POST_RUN_REVIEW.md,expanded:DEMOCRACY_INFLUENCE_ALL_INVESTIGATIONS_2026-09-07.zip,/mnt/data/DEMOCRACY_INFLUENCE_MASTER_EVIDENCE_BUNDLE_2026-09-11/03_INVESTIGATIONS/02_EXPANDED_ARCHIVES/DEMOCRACY_INFLUENCE_ALL_INVESTIGATIONS_2026-09-07/DEMOCRACY_INFLUENCE_ALL_INVESTIGATIONS_2026-09-07/02_INVESTIGATIONS/INV-081/RAW_BUNDLE/INV-081/control/INV-081_POST_RUN_REVIEW.md,1adc6243d2ab1c07a7e3f6456d36dd4a27409b57171b3255744eeb38729dec5f,03_INVESTIGATIONS/03_NORMALIZED_BY_ID/INV-081/INV-081_POST_RUN_REVIEW.md,DUPLICATE_SHA
INV-081,2026-09-06_15-55_propriete-medias-francais_RUN_STATE.json,expanded:DEMOCRACY_INFLUENCE_ALL_INVESTIGATIONS_2026-09-07.zip,/mnt/data/DEMOCRACY_INFLUENCE_MASTER_EVIDENCE_BUNDLE_2026-09-11/03_INVESTIGATIONS/02_EXPANDED_ARCHIVES/DEMOCRACY_INFLUENCE_ALL_INVESTIGATIONS_2026-09-07/DEMOCRACY_INFLUENCE_ALL_INVESTIGATIONS_2026-09-07/02_INVESTIGATIONS/INV-081/RAW_BUNDLE/INV-081/truth-engine/2026-09-06_15-55_propriete-medias-francais_RUN_STATE.json,138563ff7c58a71171d84ae00d3c30b604d3b07fae9491dd3f2593194ce72116,03_INVESTIGATIONS/03_NORMALIZED_BY_ID/INV-081/2026-09-06_15-55_propriete-medias-francais_RUN_STATE.json,DUPLICATE_SHA
INV-081,2026-09-06_15-55_propriete-medias-francais_INVESTIGATION.md,expanded:DEMOCRACY_INFLUENCE_ALL_INVESTIGATIONS_2026-09-07.zip,/mnt/data/DEMOCRACY_INFLUENCE_MASTER_EVIDENCE_BUNDLE_2026-09-11/03_INVESTIGATIONS/02_EXPANDED_ARCHIVES/DEMOCRACY_INFLUENCE_ALL_INVESTIGATIONS_2026-09-07/DEMOCRACY_INFLUENCE_ALL_INVESTIGATIONS_2026-09-07/02_INVESTIGATIONS/INV-081/RAW_BUNDLE/INV-081/truth-engine/2026-09-06_15-55_propriete-medias-francais_INVESTIGATION.md,0fc4ee6583cdc16a5f02801795f0248c30baa437239d48871390f527f478238c,03_INVESTIGATIONS/03_NORMALIZED_BY_ID/INV-081/2026-09-06_15-55_propriete-medias-francais_INVESTIGATION.md,DUPLICATE_SHA
INV-081,2026-09-06_15-55_propriete-medias-francais_INPUT.md,expanded:DEMOCRACY_INFLUENCE_ALL_INVESTIGATIONS_2026-09-07.zip,/mnt/data/DEMOCRACY_INFLUENCE_MASTER_EVIDENCE_BUNDLE_2026-09-11/03_INVESTIGATIONS/02_EXPANDED_ARCHIVES/DEMOCRACY_INFLUENCE_ALL_INVESTIGATIONS_2026-09-07/DEMOCRACY_INFLUENCE_ALL_INVESTIGATIONS_2026-09-07/02_INVESTIGATIONS/INV-081/RAW_BUNDLE/INV-081/truth-engine/2026-09-06_15-55_propriete-medias-francais_INPUT.md,aaf5026a47bda414d9f93edb98215c361a5c329671c7c543a26227f317ab7dbe,03_INVESTIGATIONS/03_NORMALIZED_BY_ID/INV-081/INV-081_RUN_CARD.md,DUPLICATE_SHA
INV-081,2026-09-06_15-55_propriete-medias-francais_MNEMO_SNAPSHOT.json,expanded:DEMOCRACY_INFLUENCE_ALL_INVESTIGATIONS_2026-09-07.zip,/mnt/data/DEMOCRACY_INFLUENCE_MASTER_EVIDENCE_BUNDLE_2026-09-11/03_INVESTIGATIONS/02_EXPANDED_ARCHIVES/DEMOCRACY_INFLUENCE_ALL_INVESTIGATIONS_2026-09-07/DEMOCRACY_INFLUENCE_ALL_INVESTIGATIONS_2026-09-07/02_INVESTIGATIONS/INV-081/RAW_BUNDLE/INV-081/truth-engine/2026-09-06_15-55_propriete-medias-francais_MNEMO_SNAPSHOT.json,3ebbf70afaf4cca3fc05e181d920d6247514681a486d3231b3870b8a2809b07a,03_INVESTIGATIONS/03_NORMALIZED_BY_ID/INV-081/2026-09-06_15-55_propriete-medias-francais_MNEMO_SNAPSHOT.json,DUPLICATE_SHA
INV-081,2026-09-06_15-55_propriete-medias-francais_NARRATIVE.tmp.md,expanded:DEMOCRACY_INFLUENCE_ALL_INVESTIGATIONS_2026-09-07.zip,/mnt/data/DEMOCRACY_INFLUENCE_MASTER_EVIDENCE_BUNDLE_2026-09-11/03_INVESTIGATIONS/02_EXPANDED_ARCHIVES/DEMOCRACY_INFLUENCE_ALL_INVESTIGATIONS_2026-09-07/DEMOCRACY_INFLUENCE_ALL_INVESTIGATIONS_2026-09-07/02_INVESTIGATIONS/INV-081/RAW_BUNDLE/INV-081/truth-engine/2026-09-06_15-55_propriete-medias-francais_NARRATIVE.tmp.md,4a4de2d18f04b2856161a7ce36d9f375da9a63ec81c3b23f9db57453eb8cb2aa,03_INVESTIGATIONS/03_NORMALIZED_BY_ID/INV-081/2026-09-06_15-55_propriete-medias-francais_NARRATIVE.tmp.md,DUPLICATE_SHA
INV-081,2026-09-06_15-55_propriete-medias-francais_CERTIFICATION.json,expanded:DEMOCRACY_INFLUENCE_ALL_INVESTIGATIONS_2026-09-07.zip,/mnt/data/DEMOCRACY_INFLUENCE_MASTER_EVIDENCE_BUNDLE_2026-09-11/03_INVESTIGATIONS/02_EXPANDED_ARCHIVES/DEMOCRACY_INFLUENCE_ALL_INVESTIGATIONS_2026-09-07/DEMOCRACY_INFLUENCE_ALL_INVESTIGATIONS_2026-09-07/02_INVESTIGATIONS/INV-081/RAW_BUNDLE/INV-081/truth-engine/2026-09-06_15-55_propriete-medias-francais_CERTIFICATION.json,3b65bae77bd054903eb8a99028c49ba156c424dd3b12d799088c50ef2ff5621f,03_INVESTIGATIONS/03_NORMALIZED_BY_ID/INV-081/2026-09-06_15-55_propriete-medias-francais_CERTIFICATION.json,DUPLICATE_SHA
INV-145,INV-145_RUN_CARD.md,expanded:DEMOCRACY_INFLUENCE_ALL_INVESTIGATIONS_2026-09-07.zip,/mnt/data/DEMOCRACY_INFLUENCE_MASTER_EVIDENCE_BUNDLE_2026-09-11/03_INVESTIGATIONS/02_EXPANDED_ARCHIVES/DEMOCRACY_INFLUENCE_ALL_INVESTIGATIONS_2026-09-07/DEMOCRACY_INFLUENCE_ALL_INVESTIGATIONS_2026-09-07/02_INVESTIGATIONS/INV-145/RAW_BUNDLE/INV-145_RUN_CARD.md,71922fc117f2e36bfe0ae71bc90f74050b5d1c011abef1eca1def5dae945f591,03_INVESTIGATIONS/03_NORMALIZED_BY_ID/INV-145/INV-145_RUN_CARD.md,DUPLICATE_SHA
INV-145,INV-145_INPUT.md,expanded:DEMOCRACY_INFLUENCE_ALL_INVESTIGATIONS_2026-09-07.zip,/mnt/data/DEMOCRACY_INFLUENCE_MASTER_EVIDENCE_BUNDLE_2026-09-11/03_INVESTIGATIONS/02_EXPANDED_ARCHIVES/DEMOCRACY_INFLUENCE_ALL_INVESTIGATIONS_2026-09-07/DEMOCRACY_INFLUENCE_ALL_INVESTIGATIONS_2026-09-07/02_INVESTIGATIONS/INV-145/RAW_BUNDLE/INV-145_INPUT.md,71922fc117f2e36bfe0ae71bc90f74050b5d1c011abef1eca1def5dae945f591,03_INVESTIGATIONS/03_NORMALIZED_BY_ID/INV-145/INV-145_RUN_CARD.md,DUPLICATE_SHA
INV-145,INV-145_RUN_STATE.json,expanded:DEMOCRACY_INFLUENCE_ALL_INVESTIGATIONS_2026-09-07.zip,/mnt/data/DEMOCRACY_INFLUENCE_MASTER_EVIDENCE_BUNDLE_2026-09-11/03_INVESTIGATIONS/02_EXPANDED_ARCHIVES/DEMOCRACY_INFLUENCE_ALL_INVESTIGATIONS_2026-09-07/DEMOCRACY_INFLUENCE_ALL_INVESTIGATIONS_2026-09-07/02_INVESTIGATIONS/INV-145/RAW_BUNDLE/INV-145_RUN_STATE.json,9707155b75bafda6d2173e04ab5362af9f2352b0202bf2f921713713a7e999f2,03_INVESTIGATIONS/03_NORMALIZED_BY_ID/INV-145/INV-145_RUN_STATE.json,DUPLICATE_SHA
INV-145,INV-145_SHA256.txt,expanded:DEMOCRACY_INFLUENCE_ALL_INVESTIGATIONS_2026-09-07.zip,/mnt/data/DEMOCRACY_INFLUENCE_MASTER_EVIDENCE_BUNDLE_2026-09-11/03_INVESTIGATIONS/02_EXPANDED_ARCHIVES/DEMOCRACY_INFLUENCE_ALL_INVESTIGATIONS_2026-09-07/DEMOCRACY_INFLUENCE_ALL_INVESTIGATIONS_2026-09-07/02_INVESTIGATIONS/INV-145/RAW_BUNDLE/INV-145_SHA256.txt,c92a3720d47da2b7c2c2d20df814dfc6460fbf87fa746c316cb48965c23d469c,03_INVESTIGATIONS/03_NORMALIZED_BY_ID/INV-145/INV-145_SHA256.txt,DUPLICATE_SHA
INV-145,INV-145_POST_RUN_REVIEW.md,expanded:DEMOCRACY_INFLUENCE_ALL_INVESTIGATIONS_2026-09-07.zip,/mnt/data/DEMOCRACY_INFLUENCE_MASTER_EVIDENCE_BUNDLE_2026-09-11/03_INVESTIGATIONS/02_EXPANDED_ARCHIVES/DEMOCRACY_INFLUENCE_ALL_INVESTIGATIONS_2026-09-07/DEMOCRACY_INFLUENCE_ALL_INVESTIGATIONS_2026-09-07/02_INVESTIGATIONS/INV-145/RAW_BUNDLE/INV-145_POST_RUN_REVIEW.md,4a65d3d8ee5da97fb1556cc39a82ff3cd66521b80c95a5b0f29f30d0ffe4461f,03_INVESTIGATIONS/03_NORMALIZED_BY_ID/INV-145/INV-145_POST_RUN_REVIEW.md,DUPLICATE_SHA
INV-145,INV-145_CERTIFICATION.json,expanded:DEMOCRACY_INFLUENCE_ALL_INVESTIGATIONS_2026-09-07.zip,/mnt/data/DEMOCRACY_INFLUENCE_MASTER_EVIDENCE_BUNDLE_2026-09-11/03_INVESTIGATIONS/02_EXPANDED_ARCHIVES/DEMOCRACY_INFLUENCE_ALL_INVESTIGATIONS_2026-09-07/DEMOCRACY_INFLUENCE_ALL_INVESTIGATIONS_2026-09-07/02_INVESTIGATIONS/INV-145/RAW_BUNDLE/INV-145_CERTIFICATION.json,1f8c86a3884f57bebe813807eeaecce4f87871660064d781babf77c8bbf220e4,03_INVESTIGATIONS/03_NORMALIZED_BY_ID/INV-145/INV-145_CERTIFICATION.json,DUPLICATE_SHA
INV-145,INV-145_MNEMO_SNAPSHOT.json,expanded:DEMOCRACY_INFLUENCE_ALL_INVESTIGATIONS_2026-09-07.zip,/mnt/data/DEMOCRACY_INFLUENCE_MASTER_EVIDENCE_BUNDLE_2026-09-11/03_INVESTIGATIONS/02_EXPANDED_ARCHIVES/DEMOCRACY_INFLUENCE_ALL_INVESTIGATIONS_2026-09-07/DEMOCRACY_INFLUENCE_ALL_INVESTIGATIONS_2026-09-07/02_INVESTIGATIONS/INV-145/RAW_BUNDLE/INV-145_MNEMO_SNAPSHOT.json,447d8e54218025c4366dd26732b367124025d1332ec977e064ce0281f9b3c631,03_INVESTIGATIONS/03_NORMALIZED_BY_ID/INV-145/INV-145_MNEMO_SNAPSHOT.json,DUPLICATE_SHA
INV-145,INV-145_RUN_HANDOFF.md,expanded:DEMOCRACY_INFLUENCE_ALL_INVESTIGATIONS_2026-09-07.zip,/mnt/data/DEMOCRACY_INFLUENCE_MASTER_EVIDENCE_BUNDLE_2026-09-11/03_INVESTIGATIONS/02_EXPANDED_ARCHIVES/DEMOCRACY_INFLUENCE_ALL_INVESTIGATIONS_2026-09-07/DEMOCRACY_INFLUENCE_ALL_INVESTIGATIONS_2026-09-07/02_INVESTIGATIONS/INV-145/RAW_BUNDLE/INV-145_RUN_HANDOFF.md,e1987224267601dc9d8ea84bbf33137cd9d2df7b0b348484cb26e7be6a085aee,03_INVESTIGATIONS/03_NORMALIZED_BY_ID/INV-145/INV-145_RUN_HANDOFF.md,DUPLICATE_SHA
INV-145,INV-145_INVESTIGATION.md,expanded:DEMOCRACY_INFLUENCE_ALL_INVESTIGATIONS_2026-09-07.zip,/mnt/data/DEMOCRACY_INFLUENCE_MASTER_EVIDENCE_BUNDLE_2026-09-11/03_INVESTIGATIONS/02_EXPANDED_ARCHIVES/DEMOCRACY_INFLUENCE_ALL_INVESTIGATIONS_2026-09-07/DEMOCRACY_INFLUENCE_ALL_INVESTIGATIONS_2026-09-07/02_INVESTIGATIONS/INV-145/RAW_BUNDLE/INV-145_INVESTIGATION.md,2bc95a3d85ae5b0d7abda185b350067600ca3bd8e544d10a942f157940ac0c5a,03_INVESTIGATIONS/03_NORMALIZED_BY_ID/INV-145/INV-145_INVESTIGATION.md,DUPLICATE_SHA
INV-145,INV-145_NARRATIVE.tmp.md,expanded:DEMOCRACY_INFLUENCE_ALL_INVESTIGATIONS_2026-09-07.zip,/mnt/data/DEMOCRACY_INFLUENCE_MASTER_EVIDENCE_BUNDLE_2026-09-11/03_INVESTIGATIONS/02_EXPANDED_ARCHIVES/DEMOCRACY_INFLUENCE_ALL_INVESTIGATIONS_2026-09-07/DEMOCRACY_INFLUENCE_ALL_INVESTIGATIONS_2026-09-07/02_INVESTIGATIONS/INV-145/RAW_BUNDLE/INV-145_NARRATIVE.tmp.md,9d35e65297f885ae9c5b11ca293652b0cd90aa92d8f10ecfcd0cdf9d93be82e4,03_INVESTIGATIONS/03_NORMALIZED_BY_ID/INV-145/INV-145_NARRATIVE.tmp.md,DUPLICATE_SHA
INV-136,INV-136_POST_RUN_REVIEW.md,expanded:DEMOCRACY_INFLUENCE_ALL_INVESTIGATIONS_2026-09-07.zip,/mnt/data/DEMOCRACY_INFLUENCE_MASTER_EVIDENCE_BUNDLE_2026-09-11/03_INVESTIGATIONS/02_EXPANDED_ARCHIVES/DEMOCRACY_INFLUENCE_ALL_INVESTIGATIONS_2026-09-07/DEMOCRACY_INFLUENCE_ALL_INVESTIGATIONS_2026-09-07/02_INVESTIGATIONS/INV-136/RAW_BUNDLE/INV-136/INV-136_POST_RUN_REVIEW.md,77ec6b79d0a69bdc8ec9d9530a439e470bbd77ed41a8d13fc82bf04b9d4e84de,03_INVESTIGATIONS/03_NORMALIZED_BY_ID/INV-136/INV-136_POST_RUN_REVIEW.md,DUPLICATE_SHA
INV-136,INV-136_RUN_HANDOFF.md,expanded:DEMOCRACY_INFLUENCE_ALL_INVESTIGATIONS_2026-09-07.zip,/mnt/data/DEMOCRACY_INFLUENCE_MASTER_EVIDENCE_BUNDLE_2026-09-11/03_INVESTIGATIONS/02_EXPANDED_ARCHIVES/DEMOCRACY_INFLUENCE_ALL_INVESTIGATIONS_2026-09-07/DEMOCRACY_INFLUENCE_ALL_INVESTIGATIONS_2026-09-07/02_INVESTIGATIONS/INV-136/RAW_BUNDLE/INV-136/INV-136_RUN_HANDOFF.md,89ec70a74acccd17ec08856f6d2368b124cc34ee354f6f8b0fd78acd86175f9b,03_INVESTIGATIONS/03_NORMALIZED_BY_ID/INV-136/INV-136_RUN_HANDOFF.md,DUPLICATE_SHA
INV-136,INV-136_RUN_CARD.md,expanded:DEMOCRACY_INFLUENCE_ALL_INVESTIGATIONS_2026-09-07.zip,/mnt/data/DEMOCRACY_INFLUENCE_MASTER_EVIDENCE_BUNDLE_2026-09-11/03_INVESTIGATIONS/02_EXPANDED_ARCHIVES/DEMOCRACY_INFLUENCE_ALL_INVESTIGATIONS_2026-09-07/DEMOCRACY_INFLUENCE_ALL_INVESTIGATIONS_2026-09-07/02_INVESTIGATIONS/INV-136/RAW_BUNDLE/INV-136/INV-136_RUN_CARD.md,d7ed08f318f9baee19453e309e66a0efe40d87a57e1f83ec244870527b313a74,03_INVESTIGATIONS/03_NORMALIZED_BY_ID/INV-136/INV-136_RUN_CARD.md,DUPLICATE_SHA
INV-136,_MNEMO_SNAPSHOT.json,expanded:DEMOCRACY_INFLUENCE_ALL_INVESTIGATIONS_2026-09-07.zip,/mnt/data/DEMOCRACY_INFLUENCE_MASTER_EVIDENCE_BUNDLE_2026-09-11/03_INVESTIGATIONS/02_EXPANDED_ARCHIVES/DEMOCRACY_INFLUENCE_ALL_INVESTIGATIONS_2026-09-07/DEMOCRACY_INFLUENCE_ALL_INVESTIGATIONS_2026-09-07/02_INVESTIGATIONS/INV-136/RAW_BUNDLE/INV-136/_MNEMO_SNAPSHOT.json,004d81e270ec41b0bb49150a3c87135725f707ecbd1debc99593b82a38bf340e,03_INVESTIGATIONS/03_NORMALIZED_BY_ID/INV-136/_MNEMO_SNAPSHOT.json,DUPLICATE_SHA
INV-136,_NARRATIVE.tmp.md,expanded:DEMOCRACY_INFLUENCE_ALL_INVESTIGATIONS_2026-09-07.zip,/mnt/data/DEMOCRACY_INFLUENCE_MASTER_EVIDENCE_BUNDLE_2026-09-11/03_INVESTIGATIONS/02_EXPANDED_ARCHIVES/DEMOCRACY_INFLUENCE_ALL_INVESTIGATIONS_2026-09-07/DEMOCRACY_INFLUENCE_ALL_INVESTIGATIONS_2026-09-07/02_INVESTIGATIONS/INV-136/RAW_BUNDLE/INV-136/_NARRATIVE.tmp.md,bf26bba3156f93ca28e6bdf4802b007f26b4dcb1b68301d004225bef97e2f1ff,03_INVESTIGATIONS/03_NORMALIZED_BY_ID/INV-136/_NARRATIVE.tmp.md,DUPLICATE_SHA
INV-136,_INPUT.txt,expanded:DEMOCRACY_INFLUENCE_ALL_INVESTIGATIONS_2026-09-07.zip,/mnt/data/DEMOCRACY_INFLUENCE_MASTER_EVIDENCE_BUNDLE_2026-09-11/03_INVESTIGATIONS/02_EXPANDED_ARCHIVES/DEMOCRACY_INFLUENCE_ALL_INVESTIGATIONS_2026-09-07/DEMOCRACY_INFLUENCE_ALL_INVESTIGATIONS_2026-09-07/02_INVESTIGATIONS/INV-136/RAW_BUNDLE/INV-136/_INPUT.txt,d7ed08f318f9baee19453e309e66a0efe40d87a57e1f83ec244870527b313a74,03_INVESTIGATIONS/03_NORMALIZED_BY_ID/INV-136/INV-136_RUN_CARD.md,DUPLICATE_SHA
INV-136,_CERTIFICATION.json,expanded:DEMOCRACY_INFLUENCE_ALL_INVESTIGATIONS_2026-09-07.zip,/mnt/data/DEMOCRACY_INFLUENCE_MASTER_EVIDENCE_BUNDLE_2026-09-11/03_INVESTIGATIONS/02_EXPANDED_ARCHIVES/DEMOCRACY_INFLUENCE_ALL_INVESTIGATIONS_2026-09-07/DEMOCRACY_INFLUENCE_ALL_INVESTIGATIONS_2026-09-07/02_INVESTIGATIONS/INV-136/RAW_BUNDLE/INV-136/_CERTIFICATION.json,1930d6ceaf4380384fd30e5e2119fa3d7d9ec13c779cd12e6674571bf69d4da8,03_INVESTIGATIONS/03_NORMALIZED_BY_ID/INV-136/_CERTIFICATION.json,DUPLICATE_SHA
INV-136,_RUN_STATE.json,expanded:DEMOCRACY_INFLUENCE_ALL_INVESTIGATIONS_2026-09-07.zip,/mnt/data/DEMOCRACY_INFLUENCE_MASTER_EVIDENCE_BUNDLE_2026-09-11/03_INVESTIGATIONS/02_EXPANDED_ARCHIVES/DEMOCRACY_INFLUENCE_ALL_INVESTIGATIONS_2026-09-07/DEMOCRACY_INFLUENCE_ALL_INVESTIGATIONS_2026-09-07/02_INVESTIGATIONS/INV-136/RAW_BUNDLE/INV-136/_RUN_STATE.json,bc4cb81cb0f6f91d62dcf9acaf96b5f7392ef6661b6c9fb5c0e72af181908aba,03_INVESTIGATIONS/03_NORMALIZED_BY_ID/INV-136/_RUN_STATE.json,DUPLICATE_SHA
INV-136,INV-136_SHA256.txt,expanded:DEMOCRACY_INFLUENCE_ALL_INVESTIGATIONS_2026-09-07.zip,/mnt/data/DEMOCRACY_INFLUENCE_MASTER_EVIDENCE_BUNDLE_2026-09-11/03_INVESTIGATIONS/02_EXPANDED_ARCHIVES/DEMOCRACY_INFLUENCE_ALL_INVESTIGATIONS_2026-09-07/DEMOCRACY_INFLUENCE_ALL_INVESTIGATIONS_2026-09-07/02_INVESTIGATIONS/INV-136/RAW_BUNDLE/INV-136/INV-136_SHA256.txt,1bbc91a07a064947075e6f1e44a05aacf3c82f977df45d1c1e6e6952bebab25f,03_INVESTIGATIONS/03_NORMALIZED_BY_ID/INV-136/INV-136_SHA256.txt,DUPLICATE_SHA
INV-136,_INVESTIGATION.md,expanded:DEMOCRACY_INFLUENCE_ALL_INVESTIGATIONS_2026-09-07.zip,/mnt/data/DEMOCRACY_INFLUENCE_MASTER_EVIDENCE_BUNDLE_2026-09-11/03_INVESTIGATIONS/02_EXPANDED_ARCHIVES/DEMOCRACY_INFLUENCE_ALL_INVESTIGATIONS_2026-09-07/DEMOCRACY_INFLUENCE_ALL_INVESTIGATIONS_2026-09-07/02_INVESTIGATIONS/INV-136/RAW_BUNDLE/INV-136/_INVESTIGATION.md,64e654d0ae7a34168c47b47234757787ff91295c1655b37c526478857f3cc899,03_INVESTIGATIONS/03_NORMALIZED_BY_ID/INV-136/_INVESTIGATION.md,DUPLICATE_SHA
INV-134,INV-134_POST_RUN_REVIEW.md,expanded:DEMOCRACY_INFLUENCE_ALL_INVESTIGATIONS_2026-09-07.zip,/mnt/data/DEMOCRACY_INFLUENCE_MASTER_EVIDENCE_BUNDLE_2026-09-11/03_INVESTIGATIONS/02_EXPANDED_ARCHIVES/DEMOCRACY_INFLUENCE_ALL_INVESTIGATIONS_2026-09-07/DEMOCRACY_INFLUENCE_ALL_INVESTIGATIONS_2026-09-07/02_INVESTIGATIONS/INV-134/RAW_BUNDLE/INV-134/control/INV-134_POST_RUN_REVIEW.md,bc893547b9cd5e3953859605b8c79b96a8fad8ce633122fe358ca3cf4b92fd6e,03_INVESTIGATIONS/03_NORMALIZED_BY_ID/INV-134/INV-134_POST_RUN_REVIEW.md,DUPLICATE_SHA
INV-134,INV-134_RUN_CARD.md,expanded:DEMOCRACY_INFLUENCE_ALL_INVESTIGATIONS_2026-09-07.zip,/mnt/data/DEMOCRACY_INFLUENCE_MASTER_EVIDENCE_BUNDLE_2026-09-11/03_INVESTIGATIONS/02_EXPANDED_ARCHIVES/DEMOCRACY_INFLUENCE_ALL_INVESTIGATIONS_2026-09-07/DEMOCRACY_INFLUENCE_ALL_INVESTIGATIONS_2026-09-07/02_INVESTIGATIONS/INV-134/RAW_BUNDLE/INV-134/control/INV-134_RUN_CARD.md,785a52114285ad80ccf9bb44f8d39eea80e993e4a13bdd89b9669f85c42e0507,03_INVESTIGATIONS/03_NORMALIZED_BY_ID/INV-134/INV-134_RUN_CARD.md,DUPLICATE_SHA
INV-134,INV-134_RUN_HANDOFF.md,expanded:DEMOCRACY_INFLUENCE_ALL_INVESTIGATIONS_2026-09-07.zip,/mnt/data/DEMOCRACY_INFLUENCE_MASTER_EVIDENCE_BUNDLE_2026-09-11/03_INVESTIGATIONS/02_EXPANDED_ARCHIVES/DEMOCRACY_INFLUENCE_ALL_INVESTIGATIONS_2026-09-07/DEMOCRACY_INFLUENCE_ALL_INVESTIGATIONS_2026-09-07/02_INVESTIGATIONS/INV-134/RAW_BUNDLE/INV-134/control/INV-134_RUN_HANDOFF.md,86ecbc873978c6a375d21dd9f145f299f2ba3edd8460615d040034b459e7cd6a,03_INVESTIGATIONS/03_NORMALIZED_BY_ID/INV-134/INV-134_RUN_HANDOFF.md,DUPLICATE_SHA
INV-134,INV-134_SHA256.txt,expanded:DEMOCRACY_INFLUENCE_ALL_INVESTIGATIONS_2026-09-07.zip,/mnt/data/DEMOCRACY_INFLUENCE_MASTER_EVIDENCE_BUNDLE_2026-09-11/03_INVESTIGATIONS/02_EXPANDED_ARCHIVES/DEMOCRACY_INFLUENCE_ALL_INVESTIGATIONS_2026-09-07/DEMOCRACY_INFLUENCE_ALL_INVESTIGATIONS_2026-09-07/02_INVESTIGATIONS/INV-134/RAW_BUNDLE/INV-134/control/INV-134_SHA256.txt,9a058418ef7f5eb78149485273f41b971e047f0c485152fe09511fea91361c96,03_INVESTIGATIONS/03_NORMALIZED_BY_ID/INV-134/INV-134_SHA256.txt,DUPLICATE_SHA
INV-134,2026-09-06_18-05_attribution-ingerence_CERTIFICATION.json,expanded:DEMOCRACY_INFLUENCE_ALL_INVESTIGATIONS_2026-09-07.zip,/mnt/data/DEMOCRACY_INFLUENCE_MASTER_EVIDENCE_BUNDLE_2026-09-11/03_INVESTIGATIONS/02_EXPANDED_ARCHIVES/DEMOCRACY_INFLUENCE_ALL_INVESTIGATIONS_2026-09-07/DEMOCRACY_INFLUENCE_ALL_INVESTIGATIONS_2026-09-07/02_INVESTIGATIONS/INV-134/RAW_BUNDLE/INV-134/truth-engine/2026-09-06_18-05_attribution-ingerence_CERTIFICATION.json,d0604957a408ea1f6dec5b7a28895e6962fd4cc94078158bde385760a11ddfe2,03_INVESTIGATIONS/03_NORMALIZED_BY_ID/INV-134/2026-09-06_18-05_attribution-ingerence_CERTIFICATION.json,DUPLICATE_SHA
INV-134,2026-09-06_18-05_attribution-ingerence_INVESTIGATION.md,expanded:DEMOCRACY_INFLUENCE_ALL_INVESTIGATIONS_2026-09-07.zip,/mnt/data/DEMOCRACY_INFLUENCE_MASTER_EVIDENCE_BUNDLE_2026-09-11/03_INVESTIGATIONS/02_EXPANDED_ARCHIVES/DEMOCRACY_INFLUENCE_ALL_INVESTIGATIONS_2026-09-07/DEMOCRACY_INFLUENCE_ALL_INVESTIGATIONS_2026-09-07/02_INVESTIGATIONS/INV-134/RAW_BUNDLE/INV-134/truth-engine/2026-09-06_18-05_attribution-ingerence_INVESTIGATION.md,1af305d79fa8357672d05408c56994be5c20d640beee77929a4eed876eced56a,03_INVESTIGATIONS/03_NORMALIZED_BY_ID/INV-134/2026-09-06_18-05_attribution-ingerence_INVESTIGATION.md,DUPLICATE_SHA
INV-134,2026-09-06_18-05_attribution-ingerence_INPUT.txt,expanded:DEMOCRACY_INFLUENCE_ALL_INVESTIGATIONS_2026-09-07.zip,/mnt/data/DEMOCRACY_INFLUENCE_MASTER_EVIDENCE_BUNDLE_2026-09-11/03_INVESTIGATIONS/02_EXPANDED_ARCHIVES/DEMOCRACY_INFLUENCE_ALL_INVESTIGATIONS_2026-09-07/DEMOCRACY_INFLUENCE_ALL_INVESTIGATIONS_2026-09-07/02_INVESTIGATIONS/INV-134/RAW_BUNDLE/INV-134/truth-engine/2026-09-06_18-05_attribution-ingerence_INPUT.txt,785a52114285ad80ccf9bb44f8d39eea80e993e4a13bdd89b9669f85c42e0507,03_INVESTIGATIONS/03_NORMALIZED_BY_ID/INV-134/INV-134_RUN_CARD.md,DUPLICATE_SHA
INV-134,2026-09-06_18-05_attribution-ingerence_RUN_STATE.json,expanded:DEMOCRACY_INFLUENCE_ALL_INVESTIGATIONS_2026-09-07.zip,/mnt/data/DEMOCRACY_INFLUENCE_MASTER_EVIDENCE_BUNDLE_2026-09-11/03_INVESTIGATIONS/02_EXPANDED_ARCHIVES/DEMOCRACY_INFLUENCE_ALL_INVESTIGATIONS_2026-09-07/DEMOCRACY_INFLUENCE_ALL_INVESTIGATIONS_2026-09-07/02_INVESTIGATIONS/INV-134/RAW_BUNDLE/INV-134/truth-engine/2026-09-06_18-05_attribution-ingerence_RUN_STATE.json,d02ae6caec9ac1ae4ad552f72bc8b1bdda05cd1bad80983c0e79265cd4dd31c4,03_INVESTIGATIONS/03_NORMALIZED_BY_ID/INV-134/2026-09-06_18-05_attribution-ingerence_RUN_STATE.json,DUPLICATE_SHA
INV-134,2026-09-06_18-05_attribution-ingerence_NARRATIVE.tmp.md,expanded:DEMOCRACY_INFLUENCE_ALL_INVESTIGATIONS_2026-09-07.zip,/mnt/data/DEMOCRACY_INFLUENCE_MASTER_EVIDENCE_BUNDLE_2026-09-11/03_INVESTIGATIONS/02_EXPANDED_ARCHIVES/DEMOCRACY_INFLUENCE_ALL_INVESTIGATIONS_2026-09-07/DEMOCRACY_INFLUENCE_ALL_INVESTIGATIONS_2026-09-07/02_INVESTIGATIONS/INV-134/RAW_BUNDLE/INV-134/truth-engine/2026-09-06_18-05_attribution-ingerence_NARRATIVE.tmp.md,45e7ee6b35902d0a9c877b0f5f48349464b2b7eae24565f1b66a8fd282286f06,03_INVESTIGATIONS/03_NORMALIZED_BY_ID/INV-134/2026-09-06_18-05_attribution-ingerence_NARRATIVE.tmp.md,DUPLICATE_SHA
INV-134,2026-09-06_18-05_attribution-ingerence_MNEMO_SNAPSHOT.json,expanded:DEMOCRACY_INFLUENCE_ALL_INVESTIGATIONS_2026-09-07.zip,/mnt/data/DEMOCRACY_INFLUENCE_MASTER_EVIDENCE_BUNDLE_2026-09-11/03_INVESTIGATIONS/02_EXPANDED_ARCHIVES/DEMOCRACY_INFLUENCE_ALL_INVESTIGATIONS_2026-09-07/DEMOCRACY_INFLUENCE_ALL_INVESTIGATIONS_2026-09-07/02_INVESTIGATIONS/INV-134/RAW_BUNDLE/INV-134/truth-engine/2026-09-06_18-05_attribution-ingerence_MNEMO_SNAPSHOT.json,7baf5211ab0dce1d9fd8880289d9b281bd93e985b591c236f67d84ca02cb0522,03_INVESTIGATIONS/03_NORMALIZED_BY_ID/INV-134/2026-09-06_18-05_attribution-ingerence_MNEMO_SNAPSHOT.json,DUPLICATE_SHA
INV-033,INV-033_MNEMO_SNAPSHOT.json,expanded:DEMOCRACY_INFLUENCE_ALL_INVESTIGATIONS_2026-09-07.zip,/mnt/data/DEMOCRACY_INFLUENCE_MASTER_EVIDENCE_BUNDLE_2026-09-11/03_INVESTIGATIONS/02_EXPANDED_ARCHIVES/DEMOCRACY_INFLUENCE_ALL_INVESTIGATIONS_2026-09-07/DEMOCRACY_INFLUENCE_ALL_INVESTIGATIONS_2026-09-07/02_INVESTIGATIONS/INV-033/RAW_BUNDLE/INV-033_MNEMO_SNAPSHOT.json,868ffbbc3dd8742b3c88e8d8324334816b8f4fb9690e929b5863813b3503e99c,03_INVESTIGATIONS/03_NORMALIZED_BY_ID/INV-033/INV-033_MNEMO_SNAPSHOT.json,DUPLICATE_SHA
INV-033,DASHBOARD.md,expanded:DEMOCRACY_INFLUENCE_ALL_INVESTIGATIONS_2026-09-07.zip,/mnt/data/DEMOCRACY_INFLUENCE_MASTER_EVIDENCE_BUNDLE_2026-09-11/03_INVESTIGATIONS/02_EXPANDED_ARCHIVES/DEMOCRACY_INFLUENCE_ALL_INVESTIGATIONS_2026-09-07/DEMOCRACY_INFLUENCE_ALL_INVESTIGATIONS_2026-09-07/02_INVESTIGATIONS/INV-033/RAW_BUNDLE/DASHBOARD.md,64db5de31a11cf88c2a8befcfbb3202a99adc630baa4c9e2cfee31f276875358,03_INVESTIGATIONS/03_NORMALIZED_BY_ID/INV-033/DASHBOARD.md,DUPLICATE_SHA
INV-033,INVESTIGATION_REGISTRY.csv,expanded:DEMOCRACY_INFLUENCE_ALL_INVESTIGATIONS_2026-09-07.zip,/mnt/data/DEMOCRACY_INFLUENCE_MASTER_EVIDENCE_BUNDLE_2026-09-11/03_INVESTIGATIONS/02_EXPANDED_ARCHIVES/DEMOCRACY_INFLUENCE_ALL_INVESTIGATIONS_2026-09-07/DEMOCRACY_INFLUENCE_ALL_INVESTIGATIONS_2026-09-07/02_INVESTIGATIONS/INV-033/RAW_BUNDLE/INVESTIGATION_REGISTRY.csv,2448631cfc5573761370ff23a35ab22b3293b063b1a9fcf8898abc480bead111,03_INVESTIGATIONS/03_NORMALIZED_BY_ID/INV-033/INVESTIGATION_REGISTRY.csv,DUPLICATE_SHA
INV-033,PRE_VERIFY.txt,expanded:DEMOCRACY_INFLUENCE_ALL_INVESTIGATIONS_2026-09-07.zip,/mnt/data/DEMOCRACY_INFLUENCE_MASTER_EVIDENCE_BUNDLE_2026-09-11/03_INVESTIGATIONS/02_EXPANDED_ARCHIVES/DEMOCRACY_INFLUENCE_ALL_INVESTIGATIONS_2026-09-07/DEMOCRACY_INFLUENCE_ALL_INVESTIGATIONS_2026-09-07/02_INVESTIGATIONS/INV-033/RAW_BUNDLE/PRE_VERIFY.txt,5ebfb6d7c685f6d22380fbdfe6e2346344500edc7554dd8445c5688fd5e93300,03_INVESTIGATIONS/03_NORMALIZED_BY_ID/INV-033/PRE_VERIFY.txt,DUPLICATE_SHA
INV-033,TRACELOG.md,expanded:DEMOCRACY_INFLUENCE_ALL_INVESTIGATIONS_2026-09-07.zip,/mnt/data/DEMOCRACY_INFLUENCE_MASTER_EVIDENCE_BUNDLE_2026-09-11/03_INVESTIGATIONS/02_EXPANDED_ARCHIVES/DEMOCRACY_INFLUENCE_ALL_INVESTIGATIONS_2026-09-07/DEMOCRACY_INFLUENCE_ALL_INVESTIGATIONS_2026-09-07/02_INVESTIGATIONS/INV-033/RAW_BUNDLE/TRACELOG.md,19fbb1806aa38bbee1ad12857a36d1d28ce16791f9897a01877d23f4b70d8c7b,03_INVESTIGATIONS/03_NORMALIZED_BY_ID/INV-033/TRACELOG.md,DUPLICATE_SHA
INV-033,INV-033_NARRATIVE.tmp.md,expanded:DEMOCRACY_INFLUENCE_ALL_INVESTIGATIONS_2026-09-07.zip,/mnt/data/DEMOCRACY_INFLUENCE_MASTER_EVIDENCE_BUNDLE_2026-09-11/03_INVESTIGATIONS/02_EXPANDED_ARCHIVES/DEMOCRACY_INFLUENCE_ALL_INVESTIGATIONS_2026-09-07/DEMOCRACY_INFLUENCE_ALL_INVESTIGATIONS_2026-09-07/02_INVESTIGATIONS/INV-033/RAW_BUNDLE/INV-033_NARRATIVE.tmp.md,b2dd7dc9c5412f3b1dfb2c1477aa8d5133706a2d9c8686b9e6bd2667324bed0c,03_INVESTIGATIONS/03_NORMALIZED_BY_ID/INV-033/INV-033_NARRATIVE.tmp.md,DUPLICATE_SHA
INV-033,DELIVERY_VERIFY.txt,expanded:DEMOCRACY_INFLUENCE_ALL_INVESTIGATIONS_2026-09-07.zip,/mnt/data/DEMOCRACY_INFLUENCE_MASTER_EVIDENCE_BUNDLE_2026-09-11/03_INVESTIGATIONS/02_EXPANDED_ARCHIVES/DEMOCRACY_INFLUENCE_ALL_INVESTIGATIONS_2026-09-07/DEMOCRACY_INFLUENCE_ALL_INVESTIGATIONS_2026-09-07/02_INVESTIGATIONS/INV-033/RAW_BUNDLE/DELIVERY_VERIFY.txt,190eafb6b0ff665a21a7ad486eeffb0e21e4971664f4180b8e83bd3b9a7dbd40,03_INVESTIGATIONS/03_NORMALIZED_BY_ID/INV-033/DELIVERY_VERIFY.txt,DUPLICATE_SHA
INV-033,INV-033_RUN_CARD.md,expanded:DEMOCRACY_INFLUENCE_ALL_INVESTIGATIONS_2026-09-07.zip,/mnt/data/DEMOCRACY_INFLUENCE_MASTER_EVIDENCE_BUNDLE_2026-09-11/03_INVESTIGATIONS/02_EXPANDED_ARCHIVES/DEMOCRACY_INFLUENCE_ALL_INVESTIGATIONS_2026-09-07/DEMOCRACY_INFLUENCE_ALL_INVESTIGATIONS_2026-09-07/02_INVESTIGATIONS/INV-033/RAW_BUNDLE/INV-033_RUN_CARD.md,c01967887a2e9736751781f80a0b40ca7f612669e5453fb0f68c4277d7a9171b,03_INVESTIGATIONS/03_NORMALIZED_BY_ID/INV-033/INV-033_RUN_CARD.md,DUPLICATE_SHA
INV-033,INV-033_POST_RUN_REVIEW.md,expanded:DEMOCRACY_INFLUENCE_ALL_INVESTIGATIONS_2026-09-07.zip,/mnt/data/DEMOCRACY_INFLUENCE_MASTER_EVIDENCE_BUNDLE_2026-09-11/03_INVESTIGATIONS/02_EXPANDED_ARCHIVES/DEMOCRACY_INFLUENCE_ALL_INVESTIGATIONS_2026-09-07/DEMOCRACY_INFLUENCE_ALL_INVESTIGATIONS_2026-09-07/02_INVESTIGATIONS/INV-033/RAW_BUNDLE/INV-033_POST_RUN_REVIEW.md,fa7fe93df82ac2afa4ebc1c2fd4dfcb432bf790d9d2d3db2092bea65863edd70,03_INVESTIGATIONS/03_NORMALIZED_BY_ID/INV-033/INV-033_POST_RUN_REVIEW.md,DUPLICATE_SHA
INV-033,INV-033_INPUT.md,expanded:DEMOCRACY_INFLUENCE_ALL_INVESTIGATIONS_2026-09-07.zip,/mnt/data/DEMOCRACY_INFLUENCE_MASTER_EVIDENCE_BUNDLE_2026-09-11/03_INVESTIGATIONS/02_EXPANDED_ARCHIVES/DEMOCRACY_INFLUENCE_ALL_INVESTIGATIONS_2026-09-07/DEMOCRACY_INFLUENCE_ALL_INVESTIGATIONS_2026-09-07/02_INVESTIGATIONS/INV-033/RAW_BUNDLE/INV-033_INPUT.md,c01967887a2e9736751781f80a0b40ca7f612669e5453fb0f68c4277d7a9171b,03_INVESTIGATIONS/03_NORMALIZED_BY_ID/INV-033/INV-033_RUN_CARD.md,DUPLICATE_SHA
INV-033,DELIVERY_VERIFY_RESULT.json,expanded:DEMOCRACY_INFLUENCE_ALL_INVESTIGATIONS_2026-09-07.zip,/mnt/data/DEMOCRACY_INFLUENCE_MASTER_EVIDENCE_BUNDLE_2026-09-11/03_INVESTIGATIONS/02_EXPANDED_ARCHIVES/DEMOCRACY_INFLUENCE_ALL_INVESTIGATIONS_2026-09-07/DEMOCRACY_INFLUENCE_ALL_INVESTIGATIONS_2026-09-07/02_INVESTIGATIONS/INV-033/RAW_BUNDLE/DELIVERY_VERIFY_RESULT.json,a7718fb0c9d19ca5c5049a07251b3406023f8c215e7376e58c6cb1d11994e258,03_INVESTIGATIONS/03_NORMALIZED_BY_ID/INV-033/DELIVERY_VERIFY_RESULT.json,DUPLICATE_SHA
INV-033,INV-033_SHA256.txt,expanded:DEMOCRACY_INFLUENCE_ALL_INVESTIGATIONS_2026-09-07.zip,/mnt/data/DEMOCRACY_INFLUENCE_MASTER_EVIDENCE_BUNDLE_2026-09-11/03_INVESTIGATIONS/02_EXPANDED_ARCHIVES/DEMOCRACY_INFLUENCE_ALL_INVESTIGATIONS_2026-09-07/DEMOCRACY_INFLUENCE_ALL_INVESTIGATIONS_2026-09-07/02_INVESTIGATIONS/INV-033/RAW_BUNDLE/INV-033_SHA256.txt,e1e0ca4c08d99fda664d5237bdfb1997cd373fa7ea3fb18e6298066dbc46ca34,03_INVESTIGATIONS/03_NORMALIZED_BY_ID/INV-033/INV-033_SHA256.txt,DUPLICATE_SHA
INV-033,INV-033_RUN_HANDOFF.md,expanded:DEMOCRACY_INFLUENCE_ALL_INVESTIGATIONS_2026-09-07.zip,/mnt/data/DEMOCRACY_INFLUENCE_MASTER_EVIDENCE_BUNDLE_2026-09-11/03_INVESTIGATIONS/02_EXPANDED_ARCHIVES/DEMOCRACY_INFLUENCE_ALL_INVESTIGATIONS_2026-09-07/DEMOCRACY_INFLUENCE_ALL_INVESTIGATIONS_2026-09-07/02_INVESTIGATIONS/INV-033/RAW_BUNDLE/INV-033_RUN_HANDOFF.md,a33fa3cb614d41e2c2ac4319f2081bfaa210f7f556997cc853ac81a5b5549ebb,03_INVESTIGATIONS/03_NORMALIZED_BY_ID/INV-033/INV-033_RUN_HANDOFF.md,DUPLICATE_SHA
INV-033,INV-033_CERTIFICATION.json,expanded:DEMOCRACY_INFLUENCE_ALL_INVESTIGATIONS_2026-09-07.zip,/mnt/data/DEMOCRACY_INFLUENCE_MASTER_EVIDENCE_BUNDLE_2026-09-11/03_INVESTIGATIONS/02_EXPANDED_ARCHIVES/DEMOCRACY_INFLUENCE_ALL_INVESTIGATIONS_2026-09-07/DEMOCRACY_INFLUENCE_ALL_INVESTIGATIONS_2026-09-07/02_INVESTIGATIONS/INV-033/RAW_BUNDLE/INV-033_CERTIFICATION.json,190eafb6b0ff665a21a7ad486eeffb0e21e4971664f4180b8e83bd3b9a7dbd40,03_INVESTIGATIONS/03_NORMALIZED_BY_ID/INV-033/DELIVERY_VERIFY.txt,DUPLICATE_SHA
INV-033,INV-033_INVESTIGATION.md,expanded:DEMOCRACY_INFLUENCE_ALL_INVESTIGATIONS_2026-09-07.zip,/mnt/data/DEMOCRACY_INFLUENCE_MASTER_EVIDENCE_BUNDLE_2026-09-11/03_INVESTIGATIONS/02_EXPANDED_ARCHIVES/DEMOCRACY_INFLUENCE_ALL_INVESTIGATIONS_2026-09-07/DEMOCRACY_INFLUENCE_ALL_INVESTIGATIONS_2026-09-07/02_INVESTIGATIONS/INV-033/RAW_BUNDLE/INV-033_INVESTIGATION.md,6882743d76521abaf201035c2d0148116b76c0f3f28fc5bfb95595ea42e67a8e,03_INVESTIGATIONS/03_NORMALIZED_BY_ID/INV-033/INV-033_INVESTIGATION.md,DUPLICATE_SHA
INV-033,INV-033_RUN_STATE.json,expanded:DEMOCRACY_INFLUENCE_ALL_INVESTIGATIONS_2026-09-07.zip,/mnt/data/DEMOCRACY_INFLUENCE_MASTER_EVIDENCE_BUNDLE_2026-09-11/03_INVESTIGATIONS/02_EXPANDED_ARCHIVES/DEMOCRACY_INFLUENCE_ALL_INVESTIGATIONS_2026-09-07/DEMOCRACY_INFLUENCE_ALL_INVESTIGATIONS_2026-09-07/02_INVESTIGATIONS/INV-033/RAW_BUNDLE/INV-033_RUN_STATE.json,ede322327835e5c8e4d19fbd11885bf9007623c93dafad18a8eadf7430537adc,03_INVESTIGATIONS/03_NORMALIZED_BY_ID/INV-033/INV-033_RUN_STATE.json,DUPLICATE_SHA
INV-033,DEPENDENCY_GATE_INV-146_2026-09-07_0752.md,expanded:DEMOCRACY_INFLUENCE_ALL_INVESTIGATIONS_2026-09-07.zip,/mnt/data/DEMOCRACY_INFLUENCE_MASTER_EVIDENCE_BUNDLE_2026-09-11/03_INVESTIGATIONS/02_EXPANDED_ARCHIVES/DEMOCRACY_INFLUENCE_ALL_INVESTIGATIONS_2026-09-07/DEMOCRACY_INFLUENCE_ALL_INVESTIGATIONS_2026-09-07/02_INVESTIGATIONS/INV-033/RAW_BUNDLE/DEPENDENCY_GATE_INV-146_2026-09-07_0752.md,24ad44dd0550af2a15758d931cf0dcca6cb28d4098f79d941f8a7b63bc3abca4,03_INVESTIGATIONS/03_NORMALIZED_BY_ID/INV-033/DEPENDENCY_GATE_INV-146_2026-09-07_0752.md,DUPLICATE_SHA
INV-100,INV-100_MNEMO_SNAPSHOT.json,expanded:DEMOCRACY_INFLUENCE_ALL_INVESTIGATIONS_2026-09-07.zip,/mnt/data/DEMOCRACY_INFLUENCE_MASTER_EVIDENCE_BUNDLE_2026-09-11/03_INVESTIGATIONS/02_EXPANDED_ARCHIVES/DEMOCRACY_INFLUENCE_ALL_INVESTIGATIONS_2026-09-07/DEMOCRACY_INFLUENCE_ALL_INVESTIGATIONS_2026-09-07/02_INVESTIGATIONS/INV-100/RAW_BUNDLE/INV-100_MNEMO_SNAPSHOT.json,05efc4c9cbb536da523e1da936d7ab1d36e31fe2b2750f9331628f1bd45db436,03_INVESTIGATIONS/03_NORMALIZED_BY_ID/INV-100/INV-100_MNEMO_SNAPSHOT.json,DUPLICATE_SHA
INV-100,INV-100_RUN_HANDOFF.md,expanded:DEMOCRACY_INFLUENCE_ALL_INVESTIGATIONS_2026-09-07.zip,/mnt/data/DEMOCRACY_INFLUENCE_MASTER_EVIDENCE_BUNDLE_2026-09-11/03_INVESTIGATIONS/02_EXPANDED_ARCHIVES/DEMOCRACY_INFLUENCE_ALL_INVESTIGATIONS_2026-09-07/DEMOCRACY_INFLUENCE_ALL_INVESTIGATIONS_2026-09-07/02_INVESTIGATIONS/INV-100/RAW_BUNDLE/INV-100_RUN_HANDOFF.md,aa8fb0bf28eb888c88e5c913703a9e5d008ab7dc73bd3e052e193dc98bd385e6,03_INVESTIGATIONS/03_NORMALIZED_BY_ID/INV-100/INV-100_RUN_HANDOFF.md,DUPLICATE_SHA
INV-100,INV-100_CERTIFICATION.json,expanded:DEMOCRACY_INFLUENCE_ALL_INVESTIGATIONS_2026-09-07.zip,/mnt/data/DEMOCRACY_INFLUENCE_MASTER_EVIDENCE_BUNDLE_2026-09-11/03_INVESTIGATIONS/02_EXPANDED_ARCHIVES/DEMOCRACY_INFLUENCE_ALL_INVESTIGATIONS_2026-09-07/DEMOCRACY_INFLUENCE_ALL_INVESTIGATIONS_2026-09-07/02_INVESTIGATIONS/INV-100/RAW_BUNDLE/INV-100_CERTIFICATION.json,cc5306de0e1ecfcf76b061cf7efeb91914f2741cbd58c9ce51f80a84122bd966,03_INVESTIGATIONS/03_NORMALIZED_BY_ID/INV-100/INV-100_CERTIFICATION.json,DUPLICATE_SHA
INV-100,INV-100_NARRATIVE.tmp.md,expanded:DEMOCRACY_INFLUENCE_ALL_INVESTIGATIONS_2026-09-07.zip,/mnt/data/DEMOCRACY_INFLUENCE_MASTER_EVIDENCE_BUNDLE_2026-09-11/03_INVESTIGATIONS/02_EXPANDED_ARCHIVES/DEMOCRACY_INFLUENCE_ALL_INVESTIGATIONS_2026-09-07/DEMOCRACY_INFLUENCE_ALL_INVESTIGATIONS_2026-09-07/02_INVESTIGATIONS/INV-100/RAW_BUNDLE/INV-100_NARRATIVE.tmp.md,d5141bb4c515fcc9edd9fc6216858f29a433a050f30b14d33684231fe08bd526,03_INVESTIGATIONS/03_NORMALIZED_BY_ID/INV-100/INV-100_NARRATIVE.tmp.md,DUPLICATE_SHA
INV-100,INV-100_RUN_STATE.json,expanded:DEMOCRACY_INFLUENCE_ALL_INVESTIGATIONS_2026-09-07.zip,/mnt/data/DEMOCRACY_INFLUENCE_MASTER_EVIDENCE_BUNDLE_2026-09-11/03_INVESTIGATIONS/02_EXPANDED_ARCHIVES/DEMOCRACY_INFLUENCE_ALL_INVESTIGATIONS_2026-09-07/DEMOCRACY_INFLUENCE_ALL_INVESTIGATIONS_2026-09-07/02_INVESTIGATIONS/INV-100/RAW_BUNDLE/INV-100_RUN_STATE.json,e7f622a0ecac98a16e3ce093bb8af8c72111f6027f45bc2138953f8de10cc95f,03_INVESTIGATIONS/03_NORMALIZED_BY_ID/INV-100/INV-100_RUN_STATE.json,DUPLICATE_SHA
INV-100,INV-100_DELIVERY_GATE.json,expanded:DEMOCRACY_INFLUENCE_ALL_INVESTIGATIONS_2026-09-07.zip,/mnt/data/DEMOCRACY_INFLUENCE_MASTER_EVIDENCE_BUNDLE_2026-09-11/03_INVESTIGATIONS/02_EXPANDED_ARCHIVES/DEMOCRACY_INFLUENCE_ALL_INVESTIGATIONS_2026-09-07/DEMOCRACY_INFLUENCE_ALL_INVESTIGATIONS_2026-09-07/02_INVESTIGATIONS/INV-100/RAW_BUNDLE/INV-100_DELIVERY_GATE.json,f5536c5ca3824bba14a328f5a836f7015eb2350e98afbac9f2e1ed9bab279240,03_INVESTIGATIONS/03_NORMALIZED_BY_ID/INV-100/INV-100_DELIVERY_GATE.json,DUPLICATE_SHA
INV-100,INV-100_POST_RUN_REVIEW.md,expanded:DEMOCRACY_INFLUENCE_ALL_INVESTIGATIONS_2026-09-07.zip,/mnt/data/DEMOCRACY_INFLUENCE_MASTER_EVIDENCE_BUNDLE_2026-09-11/03_INVESTIGATIONS/02_EXPANDED_ARCHIVES/DEMOCRACY_INFLUENCE_ALL_INVESTIGATIONS_2026-09-07/DEMOCRACY_INFLUENCE_ALL_INVESTIGATIONS_2026-09-07/02_INVESTIGATIONS/INV-100/RAW_BUNDLE/INV-100_POST_RUN_REVIEW.md,a50e6f5a148acdeae5c2c5a0e04eed9ccd63acee48467ec5836721803f06debf,03_INVESTIGATIONS/03_NORMALIZED_BY_ID/INV-100/INV-100_POST_RUN_REVIEW.md,DUPLICATE_SHA
INV-100,INV-100_PRE_GATE.json,expanded:DEMOCRACY_INFLUENCE_ALL_INVESTIGATIONS_2026-09-07.zip,/mnt/data/DEMOCRACY_INFLUENCE_MASTER_EVIDENCE_BUNDLE_2026-09-11/03_INVESTIGATIONS/02_EXPANDED_ARCHIVES/DEMOCRACY_INFLUENCE_ALL_INVESTIGATIONS_2026-09-07/DEMOCRACY_INFLUENCE_ALL_INVESTIGATIONS_2026-09-07/02_INVESTIGATIONS/INV-100/RAW_BUNDLE/INV-100_PRE_GATE.json,4597b27cbc85db4734b856a46119824c9ccd3a017448b9907339262ad54fb4f3,03_INVESTIGATIONS/03_NORMALIZED_BY_ID/INV-100/INV-100_PRE_GATE.json,DUPLICATE_SHA
INV-100,INV-100_RUN_CARD.md,expanded:DEMOCRACY_INFLUENCE_ALL_INVESTIGATIONS_2026-09-07.zip,/mnt/data/DEMOCRACY_INFLUENCE_MASTER_EVIDENCE_BUNDLE_2026-09-11/03_INVESTIGATIONS/02_EXPANDED_ARCHIVES/DEMOCRACY_INFLUENCE_ALL_INVESTIGATIONS_2026-09-07/DEMOCRACY_INFLUENCE_ALL_INVESTIGATIONS_2026-09-07/02_INVESTIGATIONS/INV-100/RAW_BUNDLE/INV-100_RUN_CARD.md,b2cb293b8a8f4df17a11640248479e706c08517230c798b1222522fb2c3f4c4e,03_INVESTIGATIONS/03_NORMALIZED_BY_ID/INV-100/INV-100_RUN_CARD.md,DUPLICATE_SHA
INV-100,INV-100_SHA256.txt,expanded:DEMOCRACY_INFLUENCE_ALL_INVESTIGATIONS_2026-09-07.zip,/mnt/data/DEMOCRACY_INFLUENCE_MASTER_EVIDENCE_BUNDLE_2026-09-11/03_INVESTIGATIONS/02_EXPANDED_ARCHIVES/DEMOCRACY_INFLUENCE_ALL_INVESTIGATIONS_2026-09-07/DEMOCRACY_INFLUENCE_ALL_INVESTIGATIONS_2026-09-07/02_INVESTIGATIONS/INV-100/RAW_BUNDLE/INV-100_SHA256.txt,009d4a9c050ea0495718a50f79cd7aa3b369a495449ddd63a930432adcd98378,03_INVESTIGATIONS/03_NORMALIZED_BY_ID/INV-100/INV-100_SHA256.txt,DUPLICATE_SHA
INV-100,INV-100_INPUT.txt,expanded:DEMOCRACY_INFLUENCE_ALL_INVESTIGATIONS_2026-09-07.zip,/mnt/data/DEMOCRACY_INFLUENCE_MASTER_EVIDENCE_BUNDLE_2026-09-11/03_INVESTIGATIONS/02_EXPANDED_ARCHIVES/DEMOCRACY_INFLUENCE_ALL_INVESTIGATIONS_2026-09-07/DEMOCRACY_INFLUENCE_ALL_INVESTIGATIONS_2026-09-07/02_INVESTIGATIONS/INV-100/RAW_BUNDLE/INV-100_INPUT.txt,b2cb293b8a8f4df17a11640248479e706c08517230c798b1222522fb2c3f4c4e,03_INVESTIGATIONS/03_NORMALIZED_BY_ID/INV-100/INV-100_RUN_CARD.md,DUPLICATE_SHA
INV-100,INV-100_INVESTIGATION.md,expanded:DEMOCRACY_INFLUENCE_ALL_INVESTIGATIONS_2026-09-07.zip,/mnt/data/DEMOCRACY_INFLUENCE_MASTER_EVIDENCE_BUNDLE_2026-09-11/03_INVESTIGATIONS/02_EXPANDED_ARCHIVES/DEMOCRACY_INFLUENCE_ALL_INVESTIGATIONS_2026-09-07/DEMOCRACY_INFLUENCE_ALL_INVESTIGATIONS_2026-09-07/02_INVESTIGATIONS/INV-100/RAW_BUNDLE/INV-100_INVESTIGATION.md,12a9cb06c54fbab16dba416a39b4c1e1355d76c67a492da577bdffb117e0d39e,03_INVESTIGATIONS/03_NORMALIZED_BY_ID/INV-100/INV-100_INVESTIGATION.md,DUPLICATE_SHA
INV-128,INV-128_RUN_CARD.md,expanded:DEMOCRACY_INFLUENCE_ALL_INVESTIGATIONS_2026-09-07.zip,/mnt/data/DEMOCRACY_INFLUENCE_MASTER_EVIDENCE_BUNDLE_2026-09-11/03_INVESTIGATIONS/02_EXPANDED_ARCHIVES/DEMOCRACY_INFLUENCE_ALL_INVESTIGATIONS_2026-09-07/DEMOCRACY_INFLUENCE_ALL_INVESTIGATIONS_2026-09-07/02_INVESTIGATIONS/INV-128/RAW_BUNDLE/INV-128/INV-128_RUN_CARD.md,0d7909dfd828e3c222322bdf7365c5cb511a5b8c5537b28e2b04fd4c501a8f0e,03_INVESTIGATIONS/03_NORMALIZED_BY_ID/INV-128/INV-128_RUN_CARD.md,DUPLICATE_SHA
INV-128,INV-128_RUN_STATE.json,expanded:DEMOCRACY_INFLUENCE_ALL_INVESTIGATIONS_2026-09-07.zip,/mnt/data/DEMOCRACY_INFLUENCE_MASTER_EVIDENCE_BUNDLE_2026-09-11/03_INVESTIGATIONS/02_EXPANDED_ARCHIVES/DEMOCRACY_INFLUENCE_ALL_INVESTIGATIONS_2026-09-07/DEMOCRACY_INFLUENCE_ALL_INVESTIGATIONS_2026-09-07/02_INVESTIGATIONS/INV-128/RAW_BUNDLE/INV-128/INV-128_RUN_STATE.json,5def101485cc650532a329dac98e6d87647aaaab96a9208d67c9b75337a37df4,03_INVESTIGATIONS/03_NORMALIZED_BY_ID/INV-128/INV-128_RUN_STATE.json,DUPLICATE_SHA
INV-128,INV-128_INVESTIGATION.md,expanded:DEMOCRACY_INFLUENCE_ALL_INVESTIGATIONS_2026-09-07.zip,/mnt/data/DEMOCRACY_INFLUENCE_MASTER_EVIDENCE_BUNDLE_2026-09-11/03_INVESTIGATIONS/02_EXPANDED_ARCHIVES/DEMOCRACY_INFLUENCE_ALL_INVESTIGATIONS_2026-09-07/DEMOCRACY_INFLUENCE_ALL_INVESTIGATIONS_2026-09-07/02_INVESTIGATIONS/INV-128/RAW_BUNDLE/INV-128/INV-128_INVESTIGATION.md,f75c96e5b32e77d14e87ad78af1711c01c46023a2bfc62366f1f327cd6244053,03_INVESTIGATIONS/03_NORMALIZED_BY_ID/INV-128/INV-128_INVESTIGATION.md,DUPLICATE_SHA
INV-128,INV-128_INPUT.txt,expanded:DEMOCRACY_INFLUENCE_ALL_INVESTIGATIONS_2026-09-07.zip,/mnt/data/DEMOCRACY_INFLUENCE_MASTER_EVIDENCE_BUNDLE_2026-09-11/03_INVESTIGATIONS/02_EXPANDED_ARCHIVES/DEMOCRACY_INFLUENCE_ALL_INVESTIGATIONS_2026-09-07/DEMOCRACY_INFLUENCE_ALL_INVESTIGATIONS_2026-09-07/02_INVESTIGATIONS/INV-128/RAW_BUNDLE/INV-128/INV-128_INPUT.txt,0d7909dfd828e3c222322bdf7365c5cb511a5b8c5537b28e2b04fd4c501a8f0e,03_INVESTIGATIONS/03_NORMALIZED_BY_ID/INV-128/INV-128_RUN_CARD.md,DUPLICATE_SHA
INV-128,INV-128_CERTIFICATION.json,expanded:DEMOCRACY_INFLUENCE_ALL_INVESTIGATIONS_2026-09-07.zip,/mnt/data/DEMOCRACY_INFLUENCE_MASTER_EVIDENCE_BUNDLE_2026-09-11/03_INVESTIGATIONS/02_EXPANDED_ARCHIVES/DEMOCRACY_INFLUENCE_ALL_INVESTIGATIONS_2026-09-07/DEMOCRACY_INFLUENCE_ALL_INVESTIGATIONS_2026-09-07/02_INVESTIGATIONS/INV-128/RAW_BUNDLE/INV-128/INV-128_CERTIFICATION.json,53aa3196657f4d06c2299265fa76cddf1befc4e6c4761f1b1a057a63956c1829,03_INVESTIGATIONS/03_NORMALIZED_BY_ID/INV-128/INV-128_CERTIFICATION.json,DUPLICATE_SHA
INV-128,INV-128_MNEMO_SNAPSHOT.json,expanded:DEMOCRACY_INFLUENCE_ALL_INVESTIGATIONS_2026-09-07.zip,/mnt/data/DEMOCRACY_INFLUENCE_MASTER_EVIDENCE_BUNDLE_2026-09-11/03_INVESTIGATIONS/02_EXPANDED_ARCHIVES/DEMOCRACY_INFLUENCE_ALL_INVESTIGATIONS_2026-09-07/DEMOCRACY_INFLUENCE_ALL_INVESTIGATIONS_2026-09-07/02_INVESTIGATIONS/INV-128/RAW_BUNDLE/INV-128/INV-128_MNEMO_SNAPSHOT.json,6f9a74f7c985d39210eee1f0b9d7cda32ac240fd754d86ade315bb5a4c2032ac,03_INVESTIGATIONS/03_NORMALIZED_BY_ID/INV-128/INV-128_MNEMO_SNAPSHOT.json,DUPLICATE_SHA
INV-128,INV-128_NARRATIVE.tmp.md,expanded:DEMOCRACY_INFLUENCE_ALL_INVESTIGATIONS_2026-09-07.zip,/mnt/data/DEMOCRACY_INFLUENCE_MASTER_EVIDENCE_BUNDLE_2026-09-11/03_INVESTIGATIONS/02_EXPANDED_ARCHIVES/DEMOCRACY_INFLUENCE_ALL_INVESTIGATIONS_2026-09-07/DEMOCRACY_INFLUENCE_ALL_INVESTIGATIONS_2026-09-07/02_INVESTIGATIONS/INV-128/RAW_BUNDLE/INV-128/INV-128_NARRATIVE.tmp.md,a6d6391201a8cefe965694a01344726109f26dea46873a6295885be188427d8b,03_INVESTIGATIONS/03_NORMALIZED_BY_ID/INV-128/INV-128_NARRATIVE.tmp.md,DUPLICATE_SHA
INV-128,INV-128_POST_RUN_REVIEW.md,expanded:DEMOCRACY_INFLUENCE_ALL_INVESTIGATIONS_2026-09-07.zip,/mnt/data/DEMOCRACY_INFLUENCE_MASTER_EVIDENCE_BUNDLE_2026-09-11/03_INVESTIGATIONS/02_EXPANDED_ARCHIVES/DEMOCRACY_INFLUENCE_ALL_INVESTIGATIONS_2026-09-07/DEMOCRACY_INFLUENCE_ALL_INVESTIGATIONS_2026-09-07/02_INVESTIGATIONS/INV-128/RAW_BUNDLE/INV-128/INV-128_POST_RUN_REVIEW.md,f1d27435d96ed212b4d50e22102b1beb7b0c4f9426c5f46c5ad4a7351f688920,03_INVESTIGATIONS/03_NORMALIZED_BY_ID/INV-128/INV-128_POST_RUN_REVIEW.md,DUPLICATE_SHA
INV-128,INV-128_RUN_HANDOFF.md,expanded:DEMOCRACY_INFLUENCE_ALL_INVESTIGATIONS_2026-09-07.zip,/mnt/data/DEMOCRACY_INFLUENCE_MASTER_EVIDENCE_BUNDLE_2026-09-11/03_INVESTIGATIONS/02_EXPANDED_ARCHIVES/DEMOCRACY_INFLUENCE_ALL_INVESTIGATIONS_2026-09-07/DEMOCRACY_INFLUENCE_ALL_INVESTIGATIONS_2026-09-07/02_INVESTIGATIONS/INV-128/RAW_BUNDLE/INV-128/INV-128_RUN_HANDOFF.md,e6ebbe716642c098fccd8d02f7ebd4bb6677f8647b7022e530d0c83fbdfc977d,03_INVESTIGATIONS/03_NORMALIZED_BY_ID/INV-128/INV-128_RUN_HANDOFF.md,DUPLICATE_SHA
INV-026,DASHBOARD.md,expanded:DEMOCRACY_INFLUENCE_ALL_INVESTIGATIONS_2026-09-07.zip,/mnt/data/DEMOCRACY_INFLUENCE_MASTER_EVIDENCE_BUNDLE_2026-09-11/03_INVESTIGATIONS/02_EXPANDED_ARCHIVES/DEMOCRACY_INFLUENCE_ALL_INVESTIGATIONS_2026-09-07/DEMOCRACY_INFLUENCE_ALL_INVESTIGATIONS_2026-09-07/02_INVESTIGATIONS/INV-026/RAW_BUNDLE/inv026-final/DASHBOARD.md,3bbd303639d2fa6212289f3316d2917ad41eb035b4286baa40ed0f1da6c34f6b,03_INVESTIGATIONS/03_NORMALIZED_BY_ID/INV-026/DASHBOARD.md,DUPLICATE_SHA
INV-026,INVESTIGATION_REGISTRY.csv,expanded:DEMOCRACY_INFLUENCE_ALL_INVESTIGATIONS_2026-09-07.zip,/mnt/data/DEMOCRACY_INFLUENCE_MASTER_EVIDENCE_BUNDLE_2026-09-11/03_INVESTIGATIONS/02_EXPANDED_ARCHIVES/DEMOCRACY_INFLUENCE_ALL_INVESTIGATIONS_2026-09-07/DEMOCRACY_INFLUENCE_ALL_INVESTIGATIONS_2026-09-07/02_INVESTIGATIONS/INV-026/RAW_BUNDLE/inv026-final/INVESTIGATION_REGISTRY.csv,4e7a2a6f377a9f141f75c2a7a560f67d213925d590dbe18e79bc4db47dcd7ff0,03_INVESTIGATIONS/03_NORMALIZED_BY_ID/INV-026/INVESTIGATION_REGISTRY.csv,DUPLICATE_SHA
INV-026,INV-026_POST_RUN_REVIEW.md,expanded:DEMOCRACY_INFLUENCE_ALL_INVESTIGATIONS_2026-09-07.zip,/mnt/data/DEMOCRACY_INFLUENCE_MASTER_EVIDENCE_BUNDLE_2026-09-11/03_INVESTIGATIONS/02_EXPANDED_ARCHIVES/DEMOCRACY_INFLUENCE_ALL_INVESTIGATIONS_2026-09-07/DEMOCRACY_INFLUENCE_ALL_INVESTIGATIONS_2026-09-07/02_INVESTIGATIONS/INV-026/RAW_BUNDLE/inv026-final/INV-026_POST_RUN_REVIEW.md,fab7d4996050a5eeaadddb20e3ea362bac90226b6205b6e59deb02ade4951fa0,03_INVESTIGATIONS/03_NORMALIZED_BY_ID/INV-026/INV-026_POST_RUN_REVIEW.md,DUPLICATE_SHA
INV-026,INV-026_SHA256.txt,expanded:DEMOCRACY_INFLUENCE_ALL_INVESTIGATIONS_2026-09-07.zip,/mnt/data/DEMOCRACY_INFLUENCE_MASTER_EVIDENCE_BUNDLE_2026-09-11/03_INVESTIGATIONS/02_EXPANDED_ARCHIVES/DEMOCRACY_INFLUENCE_ALL_INVESTIGATIONS_2026-09-07/DEMOCRACY_INFLUENCE_ALL_INVESTIGATIONS_2026-09-07/02_INVESTIGATIONS/INV-026/RAW_BUNDLE/inv026-final/INV-026_SHA256.txt,b1c4675eade937d9dcebfd37bf02fd02f3efa424143f41555aa6b0952305b076,03_INVESTIGATIONS/03_NORMALIZED_BY_ID/INV-026/INV-026_SHA256.txt,DUPLICATE_SHA
INV-026,TRACELOG.md,expanded:DEMOCRACY_INFLUENCE_ALL_INVESTIGATIONS_2026-09-07.zip,/mnt/data/DEMOCRACY_INFLUENCE_MASTER_EVIDENCE_BUNDLE_2026-09-11/03_INVESTIGATIONS/02_EXPANDED_ARCHIVES/DEMOCRACY_INFLUENCE_ALL_INVESTIGATIONS_2026-09-07/DEMOCRACY_INFLUENCE_ALL_INVESTIGATIONS_2026-09-07/02_INVESTIGATIONS/INV-026/RAW_BUNDLE/inv026-final/TRACELOG.md,b198c415887e7b65365dfba165c26fb2bf20a8ac17976851921ed5e1d55a1009,03_INVESTIGATIONS/03_NORMALIZED_BY_ID/INV-026/TRACELOG.md,DUPLICATE_SHA
INV-026,INV-026_MNEMO_SNAPSHOT.json,expanded:DEMOCRACY_INFLUENCE_ALL_INVESTIGATIONS_2026-09-07.zip,/mnt/data/DEMOCRACY_INFLUENCE_MASTER_EVIDENCE_BUNDLE_2026-09-11/03_INVESTIGATIONS/02_EXPANDED_ARCHIVES/DEMOCRACY_INFLUENCE_ALL_INVESTIGATIONS_2026-09-07/DEMOCRACY_INFLUENCE_ALL_INVESTIGATIONS_2026-09-07/02_INVESTIGATIONS/INV-026/RAW_BUNDLE/inv026-final/INV-026_MNEMO_SNAPSHOT.json,9e5ab5e08fe16307937bb9c393e2871bfc1edeb266ffc420c6c226c07cc98366,03_INVESTIGATIONS/03_NORMALIZED_BY_ID/INV-026/INV-026_MNEMO_SNAPSHOT.json,DUPLICATE_SHA
INV-026,INV-026_INPUT.md,expanded:DEMOCRACY_INFLUENCE_ALL_INVESTIGATIONS_2026-09-07.zip,/mnt/data/DEMOCRACY_INFLUENCE_MASTER_EVIDENCE_BUNDLE_2026-09-11/03_INVESTIGATIONS/02_EXPANDED_ARCHIVES/DEMOCRACY_INFLUENCE_ALL_INVESTIGATIONS_2026-09-07/DEMOCRACY_INFLUENCE_ALL_INVESTIGATIONS_2026-09-07/02_INVESTIGATIONS/INV-026/RAW_BUNDLE/inv026-final/INV-026_INPUT.md,616c1f7007d3d70a64d5a5bbb4153762763d085537605d5e99cef5439dced970,03_INVESTIGATIONS/03_NORMALIZED_BY_ID/INV-026/INV-026_INPUT.md,DUPLICATE_SHA
INV-026,INV-026_NARRATIVE.tmp.md,expanded:DEMOCRACY_INFLUENCE_ALL_INVESTIGATIONS_2026-09-07.zip,/mnt/data/DEMOCRACY_INFLUENCE_MASTER_EVIDENCE_BUNDLE_2026-09-11/03_INVESTIGATIONS/02_EXPANDED_ARCHIVES/DEMOCRACY_INFLUENCE_ALL_INVESTIGATIONS_2026-09-07/DEMOCRACY_INFLUENCE_ALL_INVESTIGATIONS_2026-09-07/02_INVESTIGATIONS/INV-026/RAW_BUNDLE/inv026-final/INV-026_NARRATIVE.tmp.md,0ad693f01236e6f14dbb7959c4763b3e639a6200750102e5e04d8be40fef8159,03_INVESTIGATIONS/03_NORMALIZED_BY_ID/INV-026/INV-026_NARRATIVE.tmp.md,DUPLICATE_SHA
INV-026,INV-026_INVESTIGATION.md,expanded:DEMOCRACY_INFLUENCE_ALL_INVESTIGATIONS_2026-09-07.zip,/mnt/data/DEMOCRACY_INFLUENCE_MASTER_EVIDENCE_BUNDLE_2026-09-11/03_INVESTIGATIONS/02_EXPANDED_ARCHIVES/DEMOCRACY_INFLUENCE_ALL_INVESTIGATIONS_2026-09-07/DEMOCRACY_INFLUENCE_ALL_INVESTIGATIONS_2026-09-07/02_INVESTIGATIONS/INV-026/RAW_BUNDLE/inv026-final/INV-026_INVESTIGATION.md,86f7d0d457469edf3edb9dffa2e5f55f253cfebefdb0037652cc4ebf5a2d963a,03_INVESTIGATIONS/03_NORMALIZED_BY_ID/INV-026/INV-026_INVESTIGATION.md,DUPLICATE_SHA
INV-026,INV-026_RUN_STATE.json,expanded:DEMOCRACY_INFLUENCE_ALL_INVESTIGATIONS_2026-09-07.zip,/mnt/data/DEMOCRACY_INFLUENCE_MASTER_EVIDENCE_BUNDLE_2026-09-11/03_INVESTIGATIONS/02_EXPANDED_ARCHIVES/DEMOCRACY_INFLUENCE_ALL_INVESTIGATIONS_2026-09-07/DEMOCRACY_INFLUENCE_ALL_INVESTIGATIONS_2026-09-07/02_INVESTIGATIONS/INV-026/RAW_BUNDLE/inv026-final/INV-026_RUN_STATE.json,b88924457119b727d79f3188e78db0c62636ec515e79b538c5d442207fbdf438,03_INVESTIGATIONS/03_NORMALIZED_BY_ID/INV-026/INV-026_RUN_STATE.json,DUPLICATE_SHA
INV-026,INV-026_RUN_CARD.md,expanded:DEMOCRACY_INFLUENCE_ALL_INVESTIGATIONS_2026-09-07.zip,/mnt/data/DEMOCRACY_INFLUENCE_MASTER_EVIDENCE_BUNDLE_2026-09-11/03_INVESTIGATIONS/02_EXPANDED_ARCHIVES/DEMOCRACY_INFLUENCE_ALL_INVESTIGATIONS_2026-09-07/DEMOCRACY_INFLUENCE_ALL_INVESTIGATIONS_2026-09-07/02_INVESTIGATIONS/INV-026/RAW_BUNDLE/inv026-final/INV-026_RUN_CARD.md,616c1f7007d3d70a64d5a5bbb4153762763d085537605d5e99cef5439dced970,03_INVESTIGATIONS/03_NORMALIZED_BY_ID/INV-026/INV-026_INPUT.md,DUPLICATE_SHA
INV-026,INV-026_CERTIFICATION.json,expanded:DEMOCRACY_INFLUENCE_ALL_INVESTIGATIONS_2026-09-07.zip,/mnt/data/DEMOCRACY_INFLUENCE_MASTER_EVIDENCE_BUNDLE_2026-09-11/03_INVESTIGATIONS/02_EXPANDED_ARCHIVES/DEMOCRACY_INFLUENCE_ALL_INVESTIGATIONS_2026-09-07/DEMOCRACY_INFLUENCE_ALL_INVESTIGATIONS_2026-09-07/02_INVESTIGATIONS/INV-026/RAW_BUNDLE/inv026-final/INV-026_CERTIFICATION.json,8bc8557b845204626f39333fce71cf6d69f3092964334bc9bb1e79b893c18067,03_INVESTIGATIONS/03_NORMALIZED_BY_ID/INV-026/INV-026_CERTIFICATION.json,DUPLICATE_SHA
INV-026,INV-026_RUN_HANDOFF.md,expanded:DEMOCRACY_INFLUENCE_ALL_INVESTIGATIONS_2026-09-07.zip,/mnt/data/DEMOCRACY_INFLUENCE_MASTER_EVIDENCE_BUNDLE_2026-09-11/03_INVESTIGATIONS/02_EXPANDED_ARCHIVES/DEMOCRACY_INFLUENCE_ALL_INVESTIGATIONS_2026-09-07/DEMOCRACY_INFLUENCE_ALL_INVESTIGATIONS_2026-09-07/02_INVESTIGATIONS/INV-026/RAW_BUNDLE/inv026-final/INV-026_RUN_HANDOFF.md,bf70cae7b998ae0aa16949f1f12cb8258d4d4de9527316832b9cb398531ae4cb,03_INVESTIGATIONS/03_NORMALIZED_BY_ID/INV-026/INV-026_RUN_HANDOFF.md,DUPLICATE_SHA
INV-039,2026-09-06_16-39_pouvoir-institutions-ue_RUN_STATE.json,expanded:DEMOCRACY_INFLUENCE_ALL_INVESTIGATIONS_2026-09-07.zip,/mnt/data/DEMOCRACY_INFLUENCE_MASTER_EVIDENCE_BUNDLE_2026-09-11/03_INVESTIGATIONS/02_EXPANDED_ARCHIVES/DEMOCRACY_INFLUENCE_ALL_INVESTIGATIONS_2026-09-07/DEMOCRACY_INFLUENCE_ALL_INVESTIGATIONS_2026-09-07/02_INVESTIGATIONS/INV-039/RAW_BUNDLE/INV-039/2026-09-06_16-39_pouvoir-institutions-ue_RUN_STATE.json,f8ad9e0c60236005c9df4cd011004150c40ad01a1332233a7c826ab2291fae45,03_INVESTIGATIONS/03_NORMALIZED_BY_ID/INV-039/2026-09-06_16-39_pouvoir-institutions-ue_RUN_STATE.json,DUPLICATE_SHA
INV-039,INV-039_RUN_CARD.md,expanded:DEMOCRACY_INFLUENCE_ALL_INVESTIGATIONS_2026-09-07.zip,/mnt/data/DEMOCRACY_INFLUENCE_MASTER_EVIDENCE_BUNDLE_2026-09-11/03_INVESTIGATIONS/02_EXPANDED_ARCHIVES/DEMOCRACY_INFLUENCE_ALL_INVESTIGATIONS_2026-09-07/DEMOCRACY_INFLUENCE_ALL_INVESTIGATIONS_2026-09-07/02_INVESTIGATIONS/INV-039/RAW_BUNDLE/INV-039/INV-039_RUN_CARD.md,587a77b12e931cd4310d83d06110705744826db2186d4c8b1da0f16fa25510a6,03_INVESTIGATIONS/03_NORMALIZED_BY_ID/INV-039/INV-039_RUN_CARD.md,DUPLICATE_SHA
INV-039,2026-09-06_16-39_pouvoir-institutions-ue_INVESTIGATION.md,expanded:DEMOCRACY_INFLUENCE_ALL_INVESTIGATIONS_2026-09-07.zip,/mnt/data/DEMOCRACY_INFLUENCE_MASTER_EVIDENCE_BUNDLE_2026-09-11/03_INVESTIGATIONS/02_EXPANDED_ARCHIVES/DEMOCRACY_INFLUENCE_ALL_INVESTIGATIONS_2026-09-07/DEMOCRACY_INFLUENCE_ALL_INVESTIGATIONS_2026-09-07/02_INVESTIGATIONS/INV-039/RAW_BUNDLE/INV-039/2026-09-06_16-39_pouvoir-institutions-ue_INVESTIGATION.md,ca5113fdeba13fe444538d3d76cc80227d811a50356a002398312d16e1838e8c,03_INVESTIGATIONS/03_NORMALIZED_BY_ID/INV-039/2026-09-06_16-39_pouvoir-institutions-ue_INVESTIGATION.md,DUPLICATE_SHA
INV-039,INV-039_RUN_HANDOFF.md,expanded:DEMOCRACY_INFLUENCE_ALL_INVESTIGATIONS_2026-09-07.zip,/mnt/data/DEMOCRACY_INFLUENCE_MASTER_EVIDENCE_BUNDLE_2026-09-11/03_INVESTIGATIONS/02_EXPANDED_ARCHIVES/DEMOCRACY_INFLUENCE_ALL_INVESTIGATIONS_2026-09-07/DEMOCRACY_INFLUENCE_ALL_INVESTIGATIONS_2026-09-07/02_INVESTIGATIONS/INV-039/RAW_BUNDLE/INV-039/INV-039_RUN_HANDOFF.md,f161f85f3b3e4ac598054a114b461a01b480ef2fb646c39112e3ff7df8733748,03_INVESTIGATIONS/03_NORMALIZED_BY_ID/INV-039/INV-039_RUN_HANDOFF.md,DUPLICATE_SHA
INV-039,2026-09-06_16-39_pouvoir-institutions-ue_INPUT.md,expanded:DEMOCRACY_INFLUENCE_ALL_INVESTIGATIONS_2026-09-07.zip,/mnt/data/DEMOCRACY_INFLUENCE_MASTER_EVIDENCE_BUNDLE_2026-09-11/03_INVESTIGATIONS/02_EXPANDED_ARCHIVES/DEMOCRACY_INFLUENCE_ALL_INVESTIGATIONS_2026-09-07/DEMOCRACY_INFLUENCE_ALL_INVESTIGATIONS_2026-09-07/02_INVESTIGATIONS/INV-039/RAW_BUNDLE/INV-039/2026-09-06_16-39_pouvoir-institutions-ue_INPUT.md,587a77b12e931cd4310d83d06110705744826db2186d4c8b1da0f16fa25510a6,03_INVESTIGATIONS/03_NORMALIZED_BY_ID/INV-039/INV-039_RUN_CARD.md,DUPLICATE_SHA
INV-039,2026-09-06_16-39_pouvoir-institutions-ue_CERTIFICATION.json,expanded:DEMOCRACY_INFLUENCE_ALL_INVESTIGATIONS_2026-09-07.zip,/mnt/data/DEMOCRACY_INFLUENCE_MASTER_EVIDENCE_BUNDLE_2026-09-11/03_INVESTIGATIONS/02_EXPANDED_ARCHIVES/DEMOCRACY_INFLUENCE_ALL_INVESTIGATIONS_2026-09-07/DEMOCRACY_INFLUENCE_ALL_INVESTIGATIONS_2026-09-07/02_INVESTIGATIONS/INV-039/RAW_BUNDLE/INV-039/2026-09-06_16-39_pouvoir-institutions-ue_CERTIFICATION.json,ce17430d3a8f9839315969456a9ffb66f07199141c604bfbd9a6478c4cedb3f5,03_INVESTIGATIONS/03_NORMALIZED_BY_ID/INV-039/2026-09-06_16-39_pouvoir-institutions-ue_CERTIFICATION.json,DUPLICATE_SHA
INV-039,INV-039_POST_RUN_REVIEW.md,expanded:DEMOCRACY_INFLUENCE_ALL_INVESTIGATIONS_2026-09-07.zip,/mnt/data/DEMOCRACY_INFLUENCE_MASTER_EVIDENCE_BUNDLE_2026-09-11/03_INVESTIGATIONS/02_EXPANDED_ARCHIVES/DEMOCRACY_INFLUENCE_ALL_INVESTIGATIONS_2026-09-07/DEMOCRACY_INFLUENCE_ALL_INVESTIGATIONS_2026-09-07/02_INVESTIGATIONS/INV-039/RAW_BUNDLE/INV-039/INV-039_POST_RUN_REVIEW.md,af3a9bcc5dcf952c49f698c25d73317886a1930e731544915f341031f8d3225f,03_INVESTIGATIONS/03_NORMALIZED_BY_ID/INV-039/INV-039_POST_RUN_REVIEW.md,DUPLICATE_SHA
INV-039,2026-09-06_16-39_pouvoir-institutions-ue_NARRATIVE.tmp.md,expanded:DEMOCRACY_INFLUENCE_ALL_INVESTIGATIONS_2026-09-07.zip,/mnt/data/DEMOCRACY_INFLUENCE_MASTER_EVIDENCE_BUNDLE_2026-09-11/03_INVESTIGATIONS/02_EXPANDED_ARCHIVES/DEMOCRACY_INFLUENCE_ALL_INVESTIGATIONS_2026-09-07/DEMOCRACY_INFLUENCE_ALL_INVESTIGATIONS_2026-09-07/02_INVESTIGATIONS/INV-039/RAW_BUNDLE/INV-039/2026-09-06_16-39_pouvoir-institutions-ue_NARRATIVE.tmp.md,1293e484228b4d0c990543480750e0e2231e52e76d2b169fd74ff7254c361cb1,03_INVESTIGATIONS/03_NORMALIZED_BY_ID/INV-039/2026-09-06_16-39_pouvoir-institutions-ue_NARRATIVE.tmp.md,DUPLICATE_SHA
INV-039,2026-09-06_16-39_pouvoir-institutions-ue_MNEMO_SNAPSHOT.json,expanded:DEMOCRACY_INFLUENCE_ALL_INVESTIGATIONS_2026-09-07.zip,/mnt/data/DEMOCRACY_INFLUENCE_MASTER_EVIDENCE_BUNDLE_2026-09-11/03_INVESTIGATIONS/02_EXPANDED_ARCHIVES/DEMOCRACY_INFLUENCE_ALL_INVESTIGATIONS_2026-09-07/DEMOCRACY_INFLUENCE_ALL_INVESTIGATIONS_2026-09-07/02_INVESTIGATIONS/INV-039/RAW_BUNDLE/INV-039/2026-09-06_16-39_pouvoir-institutions-ue_MNEMO_SNAPSHOT.json,c8b917d1739d77c63de717e9642971674a106596660a60853fceb5090f1dd28b,03_INVESTIGATIONS/03_NORMALIZED_BY_ID/INV-039/2026-09-06_16-39_pouvoir-institutions-ue_MNEMO_SNAPSHOT.json,DUPLICATE_SHA
INV-140,INV-140_RECOVERY_HANDOFF.md,expanded:DEMOCRACY_INFLUENCE_ALL_INVESTIGATIONS_2026-09-07.zip,/mnt/data/DEMOCRACY_INFLUENCE_MASTER_EVIDENCE_BUNDLE_2026-09-11/03_INVESTIGATIONS/02_EXPANDED_ARCHIVES/DEMOCRACY_INFLUENCE_ALL_INVESTIGATIONS_2026-09-07/DEMOCRACY_INFLUENCE_ALL_INVESTIGATIONS_2026-09-07/02_INVESTIGATIONS/INV-140/RECOVERY_ONLY/INV-140_RECOVERY_HANDOFF.md,aec894571a3eee531ea92bd386da1ecb664e9a7bd27c82ee2a73b330f26cb083,03_INVESTIGATIONS/03_NORMALIZED_BY_ID/INV-140/INV-140_RECOVERY_HANDOFF.md,DUPLICATE_SHA
INV-044,INV-044_RUN_STATE.json,expanded:DEMOCRACY_INFLUENCE_ALL_INVESTIGATIONS_2026-09-07.zip,/mnt/data/DEMOCRACY_INFLUENCE_MASTER_EVIDENCE_BUNDLE_2026-09-11/03_INVESTIGATIONS/02_EXPANDED_ARCHIVES/DEMOCRACY_INFLUENCE_ALL_INVESTIGATIONS_2026-09-07/DEMOCRACY_INFLUENCE_ALL_INVESTIGATIONS_2026-09-07/02_INVESTIGATIONS/INV-044/RAW_BUNDLE/INV-044_RUN_STATE.json,3ba2778c9a505eaa032930652c2ea22e38112348ba78bab6f9b301bbc7fcd5d4,03_INVESTIGATIONS/03_NORMALIZED_BY_ID/INV-044/INV-044_RUN_STATE.json,DUPLICATE_SHA
INV-044,INV-044_MNEMO_SNAPSHOT.json,expanded:DEMOCRACY_INFLUENCE_ALL_INVESTIGATIONS_2026-09-07.zip,/mnt/data/DEMOCRACY_INFLUENCE_MASTER_EVIDENCE_BUNDLE_2026-09-11/03_INVESTIGATIONS/02_EXPANDED_ARCHIVES/DEMOCRACY_INFLUENCE_ALL_INVESTIGATIONS_2026-09-07/DEMOCRACY_INFLUENCE_ALL_INVESTIGATIONS_2026-09-07/02_INVESTIGATIONS/INV-044/RAW_BUNDLE/INV-044_MNEMO_SNAPSHOT.json,353fdeef4d33a325aa4b27fab05f504f5f6004a09889f9406c141c1c6e0360f2,03_INVESTIGATIONS/03_NORMALIZED_BY_ID/INV-044/INV-044_MNEMO_SNAPSHOT.json,DUPLICATE_SHA
INV-044,INV-044_NARRATIVE.tmp.md,expanded:DEMOCRACY_INFLUENCE_ALL_INVESTIGATIONS_2026-09-07.zip,/mnt/data/DEMOCRACY_INFLUENCE_MASTER_EVIDENCE_BUNDLE_2026-09-11/03_INVESTIGATIONS/02_EXPANDED_ARCHIVES/DEMOCRACY_INFLUENCE_ALL_INVESTIGATIONS_2026-09-07/DEMOCRACY_INFLUENCE_ALL_INVESTIGATIONS_2026-09-07/02_INVESTIGATIONS/INV-044/RAW_BUNDLE/INV-044_NARRATIVE.tmp.md,7a408911092b00479bc4a9ab5ddf8dfd913b45df4867b8e2cafe6378e5aae57a,03_INVESTIGATIONS/03_NORMALIZED_BY_ID/INV-044/INV-044_NARRATIVE.tmp.md,DUPLICATE_SHA
INV-044,INV-044_POST_RUN_REVIEW.md,expanded:DEMOCRACY_INFLUENCE_ALL_INVESTIGATIONS_2026-09-07.zip,/mnt/data/DEMOCRACY_INFLUENCE_MASTER_EVIDENCE_BUNDLE_2026-09-11/03_INVESTIGATIONS/02_EXPANDED_ARCHIVES/DEMOCRACY_INFLUENCE_ALL_INVESTIGATIONS_2026-09-07/DEMOCRACY_INFLUENCE_ALL_INVESTIGATIONS_2026-09-07/02_INVESTIGATIONS/INV-044/RAW_BUNDLE/INV-044_POST_RUN_REVIEW.md,d96500b470abb66659a864112fff49b91117e3f285c79856548a566fe0ac5437,03_INVESTIGATIONS/03_NORMALIZED_BY_ID/INV-044/INV-044_POST_RUN_REVIEW.md,DUPLICATE_SHA
INV-044,INV-044_INPUT.txt,expanded:DEMOCRACY_INFLUENCE_ALL_INVESTIGATIONS_2026-09-07.zip,/mnt/data/DEMOCRACY_INFLUENCE_MASTER_EVIDENCE_BUNDLE_2026-09-11/03_INVESTIGATIONS/02_EXPANDED_ARCHIVES/DEMOCRACY_INFLUENCE_ALL_INVESTIGATIONS_2026-09-07/DEMOCRACY_INFLUENCE_ALL_INVESTIGATIONS_2026-09-07/02_INVESTIGATIONS/INV-044/RAW_BUNDLE/INV-044_INPUT.txt,e93f3c9bdbfcf70fc104c67a3688dc676401806accac9b4ed44a1a2b09760a33,03_INVESTIGATIONS/03_NORMALIZED_BY_ID/INV-044/INV-044_INPUT.txt,DUPLICATE_SHA
INV-044,INV-044_CERTIFICATION.json,expanded:DEMOCRACY_INFLUENCE_ALL_INVESTIGATIONS_2026-09-07.zip,/mnt/data/DEMOCRACY_INFLUENCE_MASTER_EVIDENCE_BUNDLE_2026-09-11/03_INVESTIGATIONS/02_EXPANDED_ARCHIVES/DEMOCRACY_INFLUENCE_ALL_INVESTIGATIONS_2026-09-07/DEMOCRACY_INFLUENCE_ALL_INVESTIGATIONS_2026-09-07/02_INVESTIGATIONS/INV-044/RAW_BUNDLE/INV-044_CERTIFICATION.json,07c3a634469b838828334965b5eaaed67aade0c3f7364f6a6b12258810b4bf1b,03_INVESTIGATIONS/03_NORMALIZED_BY_ID/INV-044/INV-044_CERTIFICATION.json,DUPLICATE_SHA
INV-044,INV-044_DELIVERY_GATE.json,expanded:DEMOCRACY_INFLUENCE_ALL_INVESTIGATIONS_2026-09-07.zip,/mnt/data/DEMOCRACY_INFLUENCE_MASTER_EVIDENCE_BUNDLE_2026-09-11/03_INVESTIGATIONS/02_EXPANDED_ARCHIVES/DEMOCRACY_INFLUENCE_ALL_INVESTIGATIONS_2026-09-07/DEMOCRACY_INFLUENCE_ALL_INVESTIGATIONS_2026-09-07/02_INVESTIGATIONS/INV-044/RAW_BUNDLE/INV-044_DELIVERY_GATE.json,07c3a634469b838828334965b5eaaed67aade0c3f7364f6a6b12258810b4bf1b,03_INVESTIGATIONS/03_NORMALIZED_BY_ID/INV-044/INV-044_CERTIFICATION.json,DUPLICATE_SHA
INV-044,INV-044_SHA256.txt,expanded:DEMOCRACY_INFLUENCE_ALL_INVESTIGATIONS_2026-09-07.zip,/mnt/data/DEMOCRACY_INFLUENCE_MASTER_EVIDENCE_BUNDLE_2026-09-11/03_INVESTIGATIONS/02_EXPANDED_ARCHIVES/DEMOCRACY_INFLUENCE_ALL_INVESTIGATIONS_2026-09-07/DEMOCRACY_INFLUENCE_ALL_INVESTIGATIONS_2026-09-07/02_INVESTIGATIONS/INV-044/RAW_BUNDLE/INV-044_SHA256.txt,002ac8c26cfe9a181e388d64f4dabc4e19cbfd12fc801626ccbcf635735d06ae,03_INVESTIGATIONS/03_NORMALIZED_BY_ID/INV-044/INV-044_SHA256.txt,DUPLICATE_SHA
INV-044,INV-044_INVESTIGATION.md,expanded:DEMOCRACY_INFLUENCE_ALL_INVESTIGATIONS_2026-09-07.zip,/mnt/data/DEMOCRACY_INFLUENCE_MASTER_EVIDENCE_BUNDLE_2026-09-11/03_INVESTIGATIONS/02_EXPANDED_ARCHIVES/DEMOCRACY_INFLUENCE_ALL_INVESTIGATIONS_2026-09-07/DEMOCRACY_INFLUENCE_ALL_INVESTIGATIONS_2026-09-07/02_INVESTIGATIONS/INV-044/RAW_BUNDLE/INV-044_INVESTIGATION.md,5b8a802a0d20c786ff174fa2906daf769884837c8ba88a6e0b64bb3275fc34af,03_INVESTIGATIONS/03_NORMALIZED_BY_ID/INV-044/INV-044_INVESTIGATION.md,DUPLICATE_SHA
INV-044,INV-044_PRE_GATE.json,expanded:DEMOCRACY_INFLUENCE_ALL_INVESTIGATIONS_2026-09-07.zip,/mnt/data/DEMOCRACY_INFLUENCE_MASTER_EVIDENCE_BUNDLE_2026-09-11/03_INVESTIGATIONS/02_EXPANDED_ARCHIVES/DEMOCRACY_INFLUENCE_ALL_INVESTIGATIONS_2026-09-07/DEMOCRACY_INFLUENCE_ALL_INVESTIGATIONS_2026-09-07/02_INVESTIGATIONS/INV-044/RAW_BUNDLE/INV-044_PRE_GATE.json,a85bc29c6b2197ca61a339d079a7e91064b298dcfab2c7d7f6a921e425648e8e,03_INVESTIGATIONS/03_NORMALIZED_BY_ID/INV-044/INV-044_PRE_GATE.json,DUPLICATE_SHA
INV-044,INV-044_RUN_CARD.md,expanded:DEMOCRACY_INFLUENCE_ALL_INVESTIGATIONS_2026-09-07.zip,/mnt/data/DEMOCRACY_INFLUENCE_MASTER_EVIDENCE_BUNDLE_2026-09-11/03_INVESTIGATIONS/02_EXPANDED_ARCHIVES/DEMOCRACY_INFLUENCE_ALL_INVESTIGATIONS_2026-09-07/DEMOCRACY_INFLUENCE_ALL_INVESTIGATIONS_2026-09-07/02_INVESTIGATIONS/INV-044/RAW_BUNDLE/INV-044_RUN_CARD.md,e93f3c9bdbfcf70fc104c67a3688dc676401806accac9b4ed44a1a2b09760a33,03_INVESTIGATIONS/03_NORMALIZED_BY_ID/INV-044/INV-044_INPUT.txt,DUPLICATE_SHA
INV-044,INV-044_RUN_HANDOFF.md,expanded:DEMOCRACY_INFLUENCE_ALL_INVESTIGATIONS_2026-09-07.zip,/mnt/data/DEMOCRACY_INFLUENCE_MASTER_EVIDENCE_BUNDLE_2026-09-11/03_INVESTIGATIONS/02_EXPANDED_ARCHIVES/DEMOCRACY_INFLUENCE_ALL_INVESTIGATIONS_2026-09-07/DEMOCRACY_INFLUENCE_ALL_INVESTIGATIONS_2026-09-07/02_INVESTIGATIONS/INV-044/RAW_BUNDLE/INV-044_RUN_HANDOFF.md,e3c7258c52842e0cd0a4b425c1ea35ecd0ea452653b75c341ba205aacf4d761f,03_INVESTIGATIONS/03_NORMALIZED_BY_ID/INV-044/INV-044_RUN_HANDOFF.md,DUPLICATE_SHA
INV-002,INV-002_COVERAGE_CHANGES.csv,expanded:DEMOCRACY_INFLUENCE_ALL_INVESTIGATIONS_2026-09-07.zip,/mnt/data/DEMOCRACY_INFLUENCE_MASTER_EVIDENCE_BUNDLE_2026-09-11/03_INVESTIGATIONS/02_EXPANDED_ARCHIVES/DEMOCRACY_INFLUENCE_ALL_INVESTIGATIONS_2026-09-07/DEMOCRACY_INFLUENCE_ALL_INVESTIGATIONS_2026-09-07/03_STRUCTURAL_METHOD/INV-002/INV-002_COVERAGE_CHANGES.csv,6a28f9e134d0395884b06562070668a375e228a9d76623a7dc6db608b2199ef8,03_INVESTIGATIONS/03_NORMALIZED_BY_ID/INV-002/INV-002_COVERAGE_CHANGES.csv,DUPLICATE_SHA
INV-002,INV-002_THEME_MATRIX.csv,expanded:DEMOCRACY_INFLUENCE_ALL_INVESTIGATIONS_2026-09-07.zip,/mnt/data/DEMOCRACY_INFLUENCE_MASTER_EVIDENCE_BUNDLE_2026-09-11/03_INVESTIGATIONS/02_EXPANDED_ARCHIVES/DEMOCRACY_INFLUENCE_ALL_INVESTIGATIONS_2026-09-07/DEMOCRACY_INFLUENCE_ALL_INVESTIGATIONS_2026-09-07/03_STRUCTURAL_METHOD/INV-002/INV-002_THEME_MATRIX.csv,f6eb6032873806e0180772cfe90fc44b649408b4b646077f835a4b0b02084a68,03_INVESTIGATIONS/03_NORMALIZED_BY_ID/INV-002/INV-002_THEME_MATRIX.csv,DUPLICATE_SHA
INV-002,INV-002_INVESTIGATION_COVERAGE.csv,expanded:DEMOCRACY_INFLUENCE_ALL_INVESTIGATIONS_2026-09-07.zip,/mnt/data/DEMOCRACY_INFLUENCE_MASTER_EVIDENCE_BUNDLE_2026-09-11/03_INVESTIGATIONS/02_EXPANDED_ARCHIVES/DEMOCRACY_INFLUENCE_ALL_INVESTIGATIONS_2026-09-07/DEMOCRACY_INFLUENCE_ALL_INVESTIGATIONS_2026-09-07/03_STRUCTURAL_METHOD/INV-002/INV-002_INVESTIGATION_COVERAGE.csv,517d66685cde2d9398af522e7ad344ae494ad0036a346dfa7b66c80e49dbfe3c,03_INVESTIGATIONS/03_NORMALIZED_BY_ID/INV-002/INV-002_INVESTIGATION_COVERAGE.csv,DUPLICATE_SHA
INV-002,MANIFEST_SHA256.csv,expanded:DEMOCRACY_INFLUENCE_ALL_INVESTIGATIONS_2026-09-07.zip,/mnt/data/DEMOCRACY_INFLUENCE_MASTER_EVIDENCE_BUNDLE_2026-09-11/03_INVESTIGATIONS/02_EXPANDED_ARCHIVES/DEMOCRACY_INFLUENCE_ALL_INVESTIGATIONS_2026-09-07/DEMOCRACY_INFLUENCE_ALL_INVESTIGATIONS_2026-09-07/03_STRUCTURAL_METHOD/INV-002/MANIFEST_SHA256.csv,01d0b53abd48f0f2a0f0ab3113fe508318f1710e6b593decc0deffb17f014f6a,03_INVESTIGATIONS/03_NORMALIZED_BY_ID/INV-002/MANIFEST_SHA256.csv,DUPLICATE_SHA
INV-002,INV-002_STATS.json,expanded:DEMOCRACY_INFLUENCE_ALL_INVESTIGATIONS_2026-09-07.zip,/mnt/data/DEMOCRACY_INFLUENCE_MASTER_EVIDENCE_BUNDLE_2026-09-11/03_INVESTIGATIONS/02_EXPANDED_ARCHIVES/DEMOCRACY_INFLUENCE_ALL_INVESTIGATIONS_2026-09-07/DEMOCRACY_INFLUENCE_ALL_INVESTIGATIONS_2026-09-07/03_STRUCTURAL_METHOD/INV-002/INV-002_STATS.json,c50fc6c700650e7c719d8b33be0b880e8cd3d19d8cb50983972577814e50d9df,03_INVESTIGATIONS/03_NORMALIZED_BY_ID/INV-002/INV-002_STATS.json,DUPLICATE_SHA
INV-002,INV-002_REPORT.md,expanded:DEMOCRACY_INFLUENCE_ALL_INVESTIGATIONS_2026-09-07.zip,/mnt/data/DEMOCRACY_INFLUENCE_MASTER_EVIDENCE_BUNDLE_2026-09-11/03_INVESTIGATIONS/02_EXPANDED_ARCHIVES/DEMOCRACY_INFLUENCE_ALL_INVESTIGATIONS_2026-09-07/DEMOCRACY_INFLUENCE_ALL_INVESTIGATIONS_2026-09-07/03_STRUCTURAL_METHOD/INV-002/INV-002_REPORT.md,f4de1fac8ea62469b00987cc8461e2bc702b98b66a501f0fb6c930f7dcd5503b,03_INVESTIGATIONS/03_NORMALIZED_BY_ID/INV-002/INV-002_REPORT.md,DUPLICATE_SHA
INV-002,INV-002_CORPUS_MAP.csv,expanded:DEMOCRACY_INFLUENCE_ALL_INVESTIGATIONS_2026-09-07.zip,/mnt/data/DEMOCRACY_INFLUENCE_MASTER_EVIDENCE_BUNDLE_2026-09-11/03_INVESTIGATIONS/02_EXPANDED_ARCHIVES/DEMOCRACY_INFLUENCE_ALL_INVESTIGATIONS_2026-09-07/DEMOCRACY_INFLUENCE_ALL_INVESTIGATIONS_2026-09-07/03_STRUCTURAL_METHOD/INV-002/INV-002_CORPUS_MAP.csv,16381ccc4a133aaf83e86fc357284444b83cc2ee3663c6ecbfae8aa0d76dc46a,03_INVESTIGATIONS/03_NORMALIZED_BY_ID/INV-002/INV-002_CORPUS_MAP.csv,DUPLICATE_SHA
INV-001,INV-001_CORPUS_INTEGRITY_AUDIT.md,expanded:DEMOCRACY_INFLUENCE_ALL_INVESTIGATIONS_2026-09-07.zip,/mnt/data/DEMOCRACY_INFLUENCE_MASTER_EVIDENCE_BUNDLE_2026-09-11/03_INVESTIGATIONS/02_EXPANDED_ARCHIVES/DEMOCRACY_INFLUENCE_ALL_INVESTIGATIONS_2026-09-07/DEMOCRACY_INFLUENCE_ALL_INVESTIGATIONS_2026-09-07/03_STRUCTURAL_METHOD/INV-001/INV-001_CORPUS_INTEGRITY_AUDIT.md,21704b2e6957dd9550327c63b779f57137bd809ebd7ae28c87b1dc33b0854c78,03_INVESTIGATIONS/03_NORMALIZED_BY_ID/INV-001/INV-001_CORPUS_INTEGRITY_AUDIT.md,DUPLICATE_SHA
INV-001,INV-001_CORPUS_MANIFEST.csv,expanded:DEMOCRACY_INFLUENCE_ALL_INVESTIGATIONS_2026-09-07.zip,/mnt/data/DEMOCRACY_INFLUENCE_MASTER_EVIDENCE_BUNDLE_2026-09-11/03_INVESTIGATIONS/02_EXPANDED_ARCHIVES/DEMOCRACY_INFLUENCE_ALL_INVESTIGATIONS_2026-09-07/DEMOCRACY_INFLUENCE_ALL_INVESTIGATIONS_2026-09-07/03_STRUCTURAL_METHOD/INV-001/INV-001_CORPUS_MANIFEST.csv,961d9574b220485375431fd0f4763d8c938903a1da50095a80e10aa7948bc5be,03_INVESTIGATIONS/03_NORMALIZED_BY_ID/INV-001/INV-001_CORPUS_MANIFEST.csv,DUPLICATE_SHA
INV-001,INV-001-R1_REPLAY.md,expanded:DEMOCRACY_INFLUENCE_ALL_INVESTIGATIONS_2026-09-07.zip,/mnt/data/DEMOCRACY_INFLUENCE_MASTER_EVIDENCE_BUNDLE_2026-09-11/03_INVESTIGATIONS/02_EXPANDED_ARCHIVES/DEMOCRACY_INFLUENCE_ALL_INVESTIGATIONS_2026-09-07/DEMOCRACY_INFLUENCE_ALL_INVESTIGATIONS_2026-09-07/03_STRUCTURAL_METHOD/INV-001/INV-001-R1_REPLAY.md,c3b02fe75ee3ccd0804ac9ab420489b1b7af7710b7aa9920aa00a4f626ed1105,03_INVESTIGATIONS/03_NORMALIZED_BY_ID/INV-001/INV-001-R1_REPLAY.md,DUPLICATE_SHA
INV-003,METHOD_PACK.md,expanded:DEMOCRACY_INFLUENCE_ALL_INVESTIGATIONS_2026-09-07.zip,/mnt/data/DEMOCRACY_INFLUENCE_MASTER_EVIDENCE_BUNDLE_2026-09-11/03_INVESTIGATIONS/02_EXPANDED_ARCHIVES/DEMOCRACY_INFLUENCE_ALL_INVESTIGATIONS_2026-09-07/DEMOCRACY_INFLUENCE_ALL_INVESTIGATIONS_2026-09-07/03_STRUCTURAL_METHOD/INV-003/METHOD_PACK.md,2b82f9e415b739e16252f845910c7d4b91600446e2e1d5010d3c4e14fa06635c,03_INVESTIGATIONS/03_NORMALIZED_BY_ID/INV-003/METHOD_PACK.md,COPIED
INV-003,README.md,expanded:DEMOCRACY_INFLUENCE_ALL_INVESTIGATIONS_2026-09-07.zip,/mnt/data/DEMOCRACY_INFLUENCE_MASTER_EVIDENCE_BUNDLE_2026-09-11/03_INVESTIGATIONS/02_EXPANDED_ARCHIVES/DEMOCRACY_INFLUENCE_ALL_INVESTIGATIONS_2026-09-07/DEMOCRACY_INFLUENCE_ALL_INVESTIGATIONS_2026-09-07/03_STRUCTURAL_METHOD/INV-003/README.md,0eb67b279a3f471def9dbb86a164167027843bf3997a3e066b06ce9e304a42b6,03_INVESTIGATIONS/03_NORMALIZED_BY_ID/INV-003/README.md,COPIED
INV-006,METHOD_PACK.md,expanded:DEMOCRACY_INFLUENCE_ALL_INVESTIGATIONS_2026-09-07.zip,/mnt/data/DEMOCRACY_INFLUENCE_MASTER_EVIDENCE_BUNDLE_2026-09-11/03_INVESTIGATIONS/02_EXPANDED_ARCHIVES/DEMOCRACY_INFLUENCE_ALL_INVESTIGATIONS_2026-09-07/DEMOCRACY_INFLUENCE_ALL_INVESTIGATIONS_2026-09-07/03_STRUCTURAL_METHOD/INV-006/METHOD_PACK.md,2b82f9e415b739e16252f845910c7d4b91600446e2e1d5010d3c4e14fa06635c,03_INVESTIGATIONS/03_NORMALIZED_BY_ID/INV-006/METHOD_PACK.md,COPIED
INV-006,README.md,expanded:DEMOCRACY_INFLUENCE_ALL_INVESTIGATIONS_2026-09-07.zip,/mnt/data/DEMOCRACY_INFLUENCE_MASTER_EVIDENCE_BUNDLE_2026-09-11/03_INVESTIGATIONS/02_EXPANDED_ARCHIVES/DEMOCRACY_INFLUENCE_ALL_INVESTIGATIONS_2026-09-07/DEMOCRACY_INFLUENCE_ALL_INVESTIGATIONS_2026-09-07/03_STRUCTURAL_METHOD/INV-006/README.md,ca22195d73f565782d8271423b8c0d85e290ff539bcbee8665bef7642b7a50e0,03_INVESTIGATIONS/03_NORMALIZED_BY_ID/INV-006/README.md,COPIED
INV-005,METHOD_PACK.md,expanded:DEMOCRACY_INFLUENCE_ALL_INVESTIGATIONS_2026-09-07.zip,/mnt/data/DEMOCRACY_INFLUENCE_MASTER_EVIDENCE_BUNDLE_2026-09-11/03_INVESTIGATIONS/02_EXPANDED_ARCHIVES/DEMOCRACY_INFLUENCE_ALL_INVESTIGATIONS_2026-09-07/DEMOCRACY_INFLUENCE_ALL_INVESTIGATIONS_2026-09-07/03_STRUCTURAL_METHOD/INV-005/METHOD_PACK.md,2b82f9e415b739e16252f845910c7d4b91600446e2e1d5010d3c4e14fa06635c,03_INVESTIGATIONS/03_NORMALIZED_BY_ID/INV-005/METHOD_PACK.md,COPIED
INV-005,README.md,expanded:DEMOCRACY_INFLUENCE_ALL_INVESTIGATIONS_2026-09-07.zip,/mnt/data/DEMOCRACY_INFLUENCE_MASTER_EVIDENCE_BUNDLE_2026-09-11/03_INVESTIGATIONS/02_EXPANDED_ARCHIVES/DEMOCRACY_INFLUENCE_ALL_INVESTIGATIONS_2026-09-07/DEMOCRACY_INFLUENCE_ALL_INVESTIGATIONS_2026-09-07/03_STRUCTURAL_METHOD/INV-005/README.md,eb19a241b7207076aa122b3387f5c8731d72f3373c0dfe1dc694da167c1ad137,03_INVESTIGATIONS/03_NORMALIZED_BY_ID/INV-005/README.md,COPIED
INV-007,METHOD_PACK.md,expanded:DEMOCRACY_INFLUENCE_ALL_INVESTIGATIONS_2026-09-07.zip,/mnt/data/DEMOCRACY_INFLUENCE_MASTER_EVIDENCE_BUNDLE_2026-09-11/03_INVESTIGATIONS/02_EXPANDED_ARCHIVES/DEMOCRACY_INFLUENCE_ALL_INVESTIGATIONS_2026-09-07/DEMOCRACY_INFLUENCE_ALL_INVESTIGATIONS_2026-09-07/03_STRUCTURAL_METHOD/INV-007/METHOD_PACK.md,2b82f9e415b739e16252f845910c7d4b91600446e2e1d5010d3c4e14fa06635c,03_INVESTIGATIONS/03_NORMALIZED_BY_ID/INV-007/METHOD_PACK.md,COPIED
INV-007,README.md,expanded:DEMOCRACY_INFLUENCE_ALL_INVESTIGATIONS_2026-09-07.zip,/mnt/data/DEMOCRACY_INFLUENCE_MASTER_EVIDENCE_BUNDLE_2026-09-11/03_INVESTIGATIONS/02_EXPANDED_ARCHIVES/DEMOCRACY_INFLUENCE_ALL_INVESTIGATIONS_2026-09-07/DEMOCRACY_INFLUENCE_ALL_INVESTIGATIONS_2026-09-07/03_STRUCTURAL_METHOD/INV-007/README.md,86cde76b26fb995daeedd1a9fbf57709648d56873bdff8199be368ae8c991da1,03_INVESTIGATIONS/03_NORMALIZED_BY_ID/INV-007/README.md,COPIED
INV-008,METHOD_PACK.md,expanded:DEMOCRACY_INFLUENCE_ALL_INVESTIGATIONS_2026-09-07.zip,/mnt/data/DEMOCRACY_INFLUENCE_MASTER_EVIDENCE_BUNDLE_2026-09-11/03_INVESTIGATIONS/02_EXPANDED_ARCHIVES/DEMOCRACY_INFLUENCE_ALL_INVESTIGATIONS_2026-09-07/DEMOCRACY_INFLUENCE_ALL_INVESTIGATIONS_2026-09-07/03_STRUCTURAL_METHOD/INV-008/METHOD_PACK.md,2b82f9e415b739e16252f845910c7d4b91600446e2e1d5010d3c4e14fa06635c,03_INVESTIGATIONS/03_NORMALIZED_BY_ID/INV-008/METHOD_PACK.md,COPIED
INV-008,README.md,expanded:DEMOCRACY_INFLUENCE_ALL_INVESTIGATIONS_2026-09-07.zip,/mnt/data/DEMOCRACY_INFLUENCE_MASTER_EVIDENCE_BUNDLE_2026-09-11/03_INVESTIGATIONS/02_EXPANDED_ARCHIVES/DEMOCRACY_INFLUENCE_ALL_INVESTIGATIONS_2026-09-07/DEMOCRACY_INFLUENCE_ALL_INVESTIGATIONS_2026-09-07/03_STRUCTURAL_METHOD/INV-008/README.md,f667ca01c6a9d54b7f4f7b417287c414d50de4bb67245501dd2b77f1e76a93fc,03_INVESTIGATIONS/03_NORMALIZED_BY_ID/INV-008/README.md,COPIED
INV-004,METHOD_PACK.md,expanded:DEMOCRACY_INFLUENCE_ALL_INVESTIGATIONS_2026-09-07.zip,/mnt/data/DEMOCRACY_INFLUENCE_MASTER_EVIDENCE_BUNDLE_2026-09-11/03_INVESTIGATIONS/02_EXPANDED_ARCHIVES/DEMOCRACY_INFLUENCE_ALL_INVESTIGATIONS_2026-09-07/DEMOCRACY_INFLUENCE_ALL_INVESTIGATIONS_2026-09-07/03_STRUCTURAL_METHOD/INV-004/METHOD_PACK.md,2b82f9e415b739e16252f845910c7d4b91600446e2e1d5010d3c4e14fa06635c,03_INVESTIGATIONS/03_NORMALIZED_BY_ID/INV-004/METHOD_PACK.md,COPIED
INV-004,README.md,expanded:DEMOCRACY_INFLUENCE_ALL_INVESTIGATIONS_2026-09-07.zip,/mnt/data/DEMOCRACY_INFLUENCE_MASTER_EVIDENCE_BUNDLE_2026-09-11/03_INVESTIGATIONS/02_EXPANDED_ARCHIVES/DEMOCRACY_INFLUENCE_ALL_INVESTIGATIONS_2026-09-07/DEMOCRACY_INFLUENCE_ALL_INVESTIGATIONS_2026-09-07/03_STRUCTURAL_METHOD/INV-004/README.md,4bebe14644ce9a35f90d4e187a6d3aa94e4b0368cf6f4a5171aa4c0cf2ab2b9e,03_INVESTIGATIONS/03_NORMALIZED_BY_ID/INV-004/README.md,COPIED
INV-010,INV-010_RUN_CARD.md,expanded:DEMOCRACY_INFLUENCE_ALL_INVESTIGATIONS_2026-09-07.zip,/mnt/data/DEMOCRACY_INFLUENCE_MASTER_EVIDENCE_BUNDLE_2026-09-11/03_INVESTIGATIONS/02_EXPANDED_ARCHIVES/DEMOCRACY_INFLUENCE_ALL_INVESTIGATIONS_2026-09-07/DEMOCRACY_INFLUENCE_ALL_INVESTIGATIONS_2026-09-07/03_STRUCTURAL_METHOD/METHOD_PACK/samples/INV-010_RUN_CARD.md,9ecf226e422c4ea15371142cecfa6af2ab54dad338126da4a9fe6dbad56ccf56,03_INVESTIGATIONS/03_NORMALIZED_BY_ID/INV-010/INV-010_RUN_CARD.md,DUPLICATE_SHA
INV-039,2026-09-06_16-39_pouvoir-institutions-ue_RUN_STATE.json,expanded:INV-039_BUNDLE.zip,/mnt/data/DEMOCRACY_INFLUENCE_MASTER_EVIDENCE_BUNDLE_2026-09-11/03_INVESTIGATIONS/02_EXPANDED_ARCHIVES/DEMOCRACY_INFLUENCE_ALL_INVESTIGATIONS_2026-09-07/__NESTED_EXPANDED__/DEMOCRACY_INFLUENCE_ALL_INVESTIGATIONS_2026-09-07__99_SOURCE_BUNDLES__INV-039_BUNDLE/INV-039/2026-09-06_16-39_pouvoir-institutions-ue_RUN_STATE.json,f8ad9e0c60236005c9df4cd011004150c40ad01a1332233a7c826ab2291fae45,03_INVESTIGATIONS/03_NORMALIZED_BY_ID/INV-039/2026-09-06_16-39_pouvoir-institutions-ue_RUN_STATE.json,DUPLICATE_SHA
INV-039,INV-039_RUN_CARD.md,expanded:INV-039_BUNDLE.zip,/mnt/data/DEMOCRACY_INFLUENCE_MASTER_EVIDENCE_BUNDLE_2026-09-11/03_INVESTIGATIONS/02_EXPANDED_ARCHIVES/DEMOCRACY_INFLUENCE_ALL_INVESTIGATIONS_2026-09-07/__NESTED_EXPANDED__/DEMOCRACY_INFLUENCE_ALL_INVESTIGATIONS_2026-09-07__99_SOURCE_BUNDLES__INV-039_BUNDLE/INV-039/INV-039_RUN_CARD.md,587a77b12e931cd4310d83d06110705744826db2186d4c8b1da0f16fa25510a6,03_INVESTIGATIONS/03_NORMALIZED_BY_ID/INV-039/INV-039_RUN_CARD.md,DUPLICATE_SHA
INV-039,2026-09-06_16-39_pouvoir-institutions-ue_INVESTIGATION.md,expanded:INV-039_BUNDLE.zip,/mnt/data/DEMOCRACY_INFLUENCE_MASTER_EVIDENCE_BUNDLE_2026-09-11/03_INVESTIGATIONS/02_EXPANDED_ARCHIVES/DEMOCRACY_INFLUENCE_ALL_INVESTIGATIONS_2026-09-07/__NESTED_EXPANDED__/DEMOCRACY_INFLUENCE_ALL_INVESTIGATIONS_2026-09-07__99_SOURCE_BUNDLES__INV-039_BUNDLE/INV-039/2026-09-06_16-39_pouvoir-institutions-ue_INVESTIGATION.md,ca5113fdeba13fe444538d3d76cc80227d811a50356a002398312d16e1838e8c,03_INVESTIGATIONS/03_NORMALIZED_BY_ID/INV-039/2026-09-06_16-39_pouvoir-institutions-ue_INVESTIGATION.md,DUPLICATE_SHA
INV-039,INV-039_RUN_HANDOFF.md,expanded:INV-039_BUNDLE.zip,/mnt/data/DEMOCRACY_INFLUENCE_MASTER_EVIDENCE_BUNDLE_2026-09-11/03_INVESTIGATIONS/02_EXPANDED_ARCHIVES/DEMOCRACY_INFLUENCE_ALL_INVESTIGATIONS_2026-09-07/__NESTED_EXPANDED__/DEMOCRACY_INFLUENCE_ALL_INVESTIGATIONS_2026-09-07__99_SOURCE_BUNDLES__INV-039_BUNDLE/INV-039/INV-039_RUN_HANDOFF.md,f161f85f3b3e4ac598054a114b461a01b480ef2fb646c39112e3ff7df8733748,03_INVESTIGATIONS/03_NORMALIZED_BY_ID/INV-039/INV-039_RUN_HANDOFF.md,DUPLICATE_SHA
INV-039,2026-09-06_16-39_pouvoir-institutions-ue_INPUT.md,expanded:INV-039_BUNDLE.zip,/mnt/data/DEMOCRACY_INFLUENCE_MASTER_EVIDENCE_BUNDLE_2026-09-11/03_INVESTIGATIONS/02_EXPANDED_ARCHIVES/DEMOCRACY_INFLUENCE_ALL_INVESTIGATIONS_2026-09-07/__NESTED_EXPANDED__/DEMOCRACY_INFLUENCE_ALL_INVESTIGATIONS_2026-09-07__99_SOURCE_BUNDLES__INV-039_BUNDLE/INV-039/2026-09-06_16-39_pouvoir-institutions-ue_INPUT.md,587a77b12e931cd4310d83d06110705744826db2186d4c8b1da0f16fa25510a6,03_INVESTIGATIONS/03_NORMALIZED_BY_ID/INV-039/INV-039_RUN_CARD.md,DUPLICATE_SHA
INV-039,2026-09-06_16-39_pouvoir-institutions-ue_CERTIFICATION.json,expanded:INV-039_BUNDLE.zip,/mnt/data/DEMOCRACY_INFLUENCE_MASTER_EVIDENCE_BUNDLE_2026-09-11/03_INVESTIGATIONS/02_EXPANDED_ARCHIVES/DEMOCRACY_INFLUENCE_ALL_INVESTIGATIONS_2026-09-07/__NESTED_EXPANDED__/DEMOCRACY_INFLUENCE_ALL_INVESTIGATIONS_2026-09-07__99_SOURCE_BUNDLES__INV-039_BUNDLE/INV-039/2026-09-06_16-39_pouvoir-institutions-ue_CERTIFICATION.json,ce17430d3a8f9839315969456a9ffb66f07199141c604bfbd9a6478c4cedb3f5,03_INVESTIGATIONS/03_NORMALIZED_BY_ID/INV-039/2026-09-06_16-39_pouvoir-institutions-ue_CERTIFICATION.json,DUPLICATE_SHA
INV-039,INV-039_POST_RUN_REVIEW.md,expanded:INV-039_BUNDLE.zip,/mnt/data/DEMOCRACY_INFLUENCE_MASTER_EVIDENCE_BUNDLE_2026-09-11/03_INVESTIGATIONS/02_EXPANDED_ARCHIVES/DEMOCRACY_INFLUENCE_ALL_INVESTIGATIONS_2026-09-07/__NESTED_EXPANDED__/DEMOCRACY_INFLUENCE_ALL_INVESTIGATIONS_2026-09-07__99_SOURCE_BUNDLES__INV-039_BUNDLE/INV-039/INV-039_POST_RUN_REVIEW.md,af3a9bcc5dcf952c49f698c25d73317886a1930e731544915f341031f8d3225f,03_INVESTIGATIONS/03_NORMALIZED_BY_ID/INV-039/INV-039_POST_RUN_REVIEW.md,DUPLICATE_SHA
INV-039,2026-09-06_16-39_pouvoir-institutions-ue_NARRATIVE.tmp.md,expanded:INV-039_BUNDLE.zip,/mnt/data/DEMOCRACY_INFLUENCE_MASTER_EVIDENCE_BUNDLE_2026-09-11/03_INVESTIGATIONS/02_EXPANDED_ARCHIVES/DEMOCRACY_INFLUENCE_ALL_INVESTIGATIONS_2026-09-07/__NESTED_EXPANDED__/DEMOCRACY_INFLUENCE_ALL_INVESTIGATIONS_2026-09-07__99_SOURCE_BUNDLES__INV-039_BUNDLE/INV-039/2026-09-06_16-39_pouvoir-institutions-ue_NARRATIVE.tmp.md,1293e484228b4d0c990543480750e0e2231e52e76d2b169fd74ff7254c361cb1,03_INVESTIGATIONS/03_NORMALIZED_BY_ID/INV-039/2026-09-06_16-39_pouvoir-institutions-ue_NARRATIVE.tmp.md,DUPLICATE_SHA
INV-039,2026-09-06_16-39_pouvoir-institutions-ue_MNEMO_SNAPSHOT.json,expanded:INV-039_BUNDLE.zip,/mnt/data/DEMOCRACY_INFLUENCE_MASTER_EVIDENCE_BUNDLE_2026-09-11/03_INVESTIGATIONS/02_EXPANDED_ARCHIVES/DEMOCRACY_INFLUENCE_ALL_INVESTIGATIONS_2026-09-07/__NESTED_EXPANDED__/DEMOCRACY_INFLUENCE_ALL_INVESTIGATIONS_2026-09-07__99_SOURCE_BUNDLES__INV-039_BUNDLE/INV-039/2026-09-06_16-39_pouvoir-institutions-ue_MNEMO_SNAPSHOT.json,c8b917d1739d77c63de717e9642971674a106596660a60853fceb5090f1dd28b,03_INVESTIGATIONS/03_NORMALIZED_BY_ID/INV-039/2026-09-06_16-39_pouvoir-institutions-ue_MNEMO_SNAPSHOT.json,DUPLICATE_SHA
INV-128,INV-128_RUN_CARD.md,expanded:INV-128_BUNDLE.zip,/mnt/data/DEMOCRACY_INFLUENCE_MASTER_EVIDENCE_BUNDLE_2026-09-11/03_INVESTIGATIONS/02_EXPANDED_ARCHIVES/DEMOCRACY_INFLUENCE_ALL_INVESTIGATIONS_2026-09-07/__NESTED_EXPANDED__/DEMOCRACY_INFLUENCE_ALL_INVESTIGATIONS_2026-09-07__99_SOURCE_BUNDLES__INV-128_BUNDLE/INV-128/INV-128_RUN_CARD.md,0d7909dfd828e3c222322bdf7365c5cb511a5b8c5537b28e2b04fd4c501a8f0e,03_INVESTIGATIONS/03_NORMALIZED_BY_ID/INV-128/INV-128_RUN_CARD.md,DUPLICATE_SHA
INV-128,INV-128_RUN_STATE.json,expanded:INV-128_BUNDLE.zip,/mnt/data/DEMOCRACY_INFLUENCE_MASTER_EVIDENCE_BUNDLE_2026-09-11/03_INVESTIGATIONS/02_EXPANDED_ARCHIVES/DEMOCRACY_INFLUENCE_ALL_INVESTIGATIONS_2026-09-07/__NESTED_EXPANDED__/DEMOCRACY_INFLUENCE_ALL_INVESTIGATIONS_2026-09-07__99_SOURCE_BUNDLES__INV-128_BUNDLE/INV-128/INV-128_RUN_STATE.json,5def101485cc650532a329dac98e6d87647aaaab96a9208d67c9b75337a37df4,03_INVESTIGATIONS/03_NORMALIZED_BY_ID/INV-128/INV-128_RUN_STATE.json,DUPLICATE_SHA
INV-128,INV-128_INVESTIGATION.md,expanded:INV-128_BUNDLE.zip,/mnt/data/DEMOCRACY_INFLUENCE_MASTER_EVIDENCE_BUNDLE_2026-09-11/03_INVESTIGATIONS/02_EXPANDED_ARCHIVES/DEMOCRACY_INFLUENCE_ALL_INVESTIGATIONS_2026-09-07/__NESTED_EXPANDED__/DEMOCRACY_INFLUENCE_ALL_INVESTIGATIONS_2026-09-07__99_SOURCE_BUNDLES__INV-128_BUNDLE/INV-128/INV-128_INVESTIGATION.md,f75c96e5b32e77d14e87ad78af1711c01c46023a2bfc62366f1f327cd6244053,03_INVESTIGATIONS/03_NORMALIZED_BY_ID/INV-128/INV-128_INVESTIGATION.md,DUPLICATE_SHA
INV-128,INV-128_INPUT.txt,expanded:INV-128_BUNDLE.zip,/mnt/data/DEMOCRACY_INFLUENCE_MASTER_EVIDENCE_BUNDLE_2026-09-11/03_INVESTIGATIONS/02_EXPANDED_ARCHIVES/DEMOCRACY_INFLUENCE_ALL_INVESTIGATIONS_2026-09-07/__NESTED_EXPANDED__/DEMOCRACY_INFLUENCE_ALL_INVESTIGATIONS_2026-09-07__99_SOURCE_BUNDLES__INV-128_BUNDLE/INV-128/INV-128_INPUT.txt,0d7909dfd828e3c222322bdf7365c5cb511a5b8c5537b28e2b04fd4c501a8f0e,03_INVESTIGATIONS/03_NORMALIZED_BY_ID/INV-128/INV-128_RUN_CARD.md,DUPLICATE_SHA
INV-128,INV-128_CERTIFICATION.json,expanded:INV-128_BUNDLE.zip,/mnt/data/DEMOCRACY_INFLUENCE_MASTER_EVIDENCE_BUNDLE_2026-09-11/03_INVESTIGATIONS/02_EXPANDED_ARCHIVES/DEMOCRACY_INFLUENCE_ALL_INVESTIGATIONS_2026-09-07/__NESTED_EXPANDED__/DEMOCRACY_INFLUENCE_ALL_INVESTIGATIONS_2026-09-07__99_SOURCE_BUNDLES__INV-128_BUNDLE/INV-128/INV-128_CERTIFICATION.json,53aa3196657f4d06c2299265fa76cddf1befc4e6c4761f1b1a057a63956c1829,03_INVESTIGATIONS/03_NORMALIZED_BY_ID/INV-128/INV-128_CERTIFICATION.json,DUPLICATE_SHA
INV-128,INV-128_MNEMO_SNAPSHOT.json,expanded:INV-128_BUNDLE.zip,/mnt/data/DEMOCRACY_INFLUENCE_MASTER_EVIDENCE_BUNDLE_2026-09-11/03_INVESTIGATIONS/02_EXPANDED_ARCHIVES/DEMOCRACY_INFLUENCE_ALL_INVESTIGATIONS_2026-09-07/__NESTED_EXPANDED__/DEMOCRACY_INFLUENCE_ALL_INVESTIGATIONS_2026-09-07__99_SOURCE_BUNDLES__INV-128_BUNDLE/INV-128/INV-128_MNEMO_SNAPSHOT.json,6f9a74f7c985d39210eee1f0b9d7cda32ac240fd754d86ade315bb5a4c2032ac,03_INVESTIGATIONS/03_NORMALIZED_BY_ID/INV-128/INV-128_MNEMO_SNAPSHOT.json,DUPLICATE_SHA
INV-128,INV-128_NARRATIVE.tmp.md,expanded:INV-128_BUNDLE.zip,/mnt/data/DEMOCRACY_INFLUENCE_MASTER_EVIDENCE_BUNDLE_2026-09-11/03_INVESTIGATIONS/02_EXPANDED_ARCHIVES/DEMOCRACY_INFLUENCE_ALL_INVESTIGATIONS_2026-09-07/__NESTED_EXPANDED__/DEMOCRACY_INFLUENCE_ALL_INVESTIGATIONS_2026-09-07__99_SOURCE_BUNDLES__INV-128_BUNDLE/INV-128/INV-128_NARRATIVE.tmp.md,a6d6391201a8cefe965694a01344726109f26dea46873a6295885be188427d8b,03_INVESTIGATIONS/03_NORMALIZED_BY_ID/INV-128/INV-128_NARRATIVE.tmp.md,DUPLICATE_SHA
INV-128,INV-128_POST_RUN_REVIEW.md,expanded:INV-128_BUNDLE.zip,/mnt/data/DEMOCRACY_INFLUENCE_MASTER_EVIDENCE_BUNDLE_2026-09-11/03_INVESTIGATIONS/02_EXPANDED_ARCHIVES/DEMOCRACY_INFLUENCE_ALL_INVESTIGATIONS_2026-09-07/__NESTED_EXPANDED__/DEMOCRACY_INFLUENCE_ALL_INVESTIGATIONS_2026-09-07__99_SOURCE_BUNDLES__INV-128_BUNDLE/INV-128/INV-128_POST_RUN_REVIEW.md,f1d27435d96ed212b4d50e22102b1beb7b0c4f9426c5f46c5ad4a7351f688920,03_INVESTIGATIONS/03_NORMALIZED_BY_ID/INV-128/INV-128_POST_RUN_REVIEW.md,DUPLICATE_SHA
INV-128,INV-128_RUN_HANDOFF.md,expanded:INV-128_BUNDLE.zip,/mnt/data/DEMOCRACY_INFLUENCE_MASTER_EVIDENCE_BUNDLE_2026-09-11/03_INVESTIGATIONS/02_EXPANDED_ARCHIVES/DEMOCRACY_INFLUENCE_ALL_INVESTIGATIONS_2026-09-07/__NESTED_EXPANDED__/DEMOCRACY_INFLUENCE_ALL_INVESTIGATIONS_2026-09-07__99_SOURCE_BUNDLES__INV-128_BUNDLE/INV-128/INV-128_RUN_HANDOFF.md,e6ebbe716642c098fccd8d02f7ebd4bb6677f8647b7022e530d0c83fbdfc977d,03_INVESTIGATIONS/03_NORMALIZED_BY_ID/INV-128/INV-128_RUN_HANDOFF.md,DUPLICATE_SHA
INV-026,DASHBOARD.md,expanded:INV-026_BUNDLE.zip,/mnt/data/DEMOCRACY_INFLUENCE_MASTER_EVIDENCE_BUNDLE_2026-09-11/03_INVESTIGATIONS/02_EXPANDED_ARCHIVES/DEMOCRACY_INFLUENCE_ALL_INVESTIGATIONS_2026-09-07/__NESTED_EXPANDED__/DEMOCRACY_INFLUENCE_ALL_INVESTIGATIONS_2026-09-07__99_SOURCE_BUNDLES__INV-026_BUNDLE/inv026-final/DASHBOARD.md,3bbd303639d2fa6212289f3316d2917ad41eb035b4286baa40ed0f1da6c34f6b,03_INVESTIGATIONS/03_NORMALIZED_BY_ID/INV-026/DASHBOARD.md,DUPLICATE_SHA
INV-026,INVESTIGATION_REGISTRY.csv,expanded:INV-026_BUNDLE.zip,/mnt/data/DEMOCRACY_INFLUENCE_MASTER_EVIDENCE_BUNDLE_2026-09-11/03_INVESTIGATIONS/02_EXPANDED_ARCHIVES/DEMOCRACY_INFLUENCE_ALL_INVESTIGATIONS_2026-09-07/__NESTED_EXPANDED__/DEMOCRACY_INFLUENCE_ALL_INVESTIGATIONS_2026-09-07__99_SOURCE_BUNDLES__INV-026_BUNDLE/inv026-final/INVESTIGATION_REGISTRY.csv,4e7a2a6f377a9f141f75c2a7a560f67d213925d590dbe18e79bc4db47dcd7ff0,03_INVESTIGATIONS/03_NORMALIZED_BY_ID/INV-026/INVESTIGATION_REGISTRY.csv,DUPLICATE_SHA
INV-026,INV-026_POST_RUN_REVIEW.md,expanded:INV-026_BUNDLE.zip,/mnt/data/DEMOCRACY_INFLUENCE_MASTER_EVIDENCE_BUNDLE_2026-09-11/03_INVESTIGATIONS/02_EXPANDED_ARCHIVES/DEMOCRACY_INFLUENCE_ALL_INVESTIGATIONS_2026-09-07/__NESTED_EXPANDED__/DEMOCRACY_INFLUENCE_ALL_INVESTIGATIONS_2026-09-07__99_SOURCE_BUNDLES__INV-026_BUNDLE/inv026-final/INV-026_POST_RUN_REVIEW.md,fab7d4996050a5eeaadddb20e3ea362bac90226b6205b6e59deb02ade4951fa0,03_INVESTIGATIONS/03_NORMALIZED_BY_ID/INV-026/INV-026_POST_RUN_REVIEW.md,DUPLICATE_SHA
INV-026,INV-026_SHA256.txt,expanded:INV-026_BUNDLE.zip,/mnt/data/DEMOCRACY_INFLUENCE_MASTER_EVIDENCE_BUNDLE_2026-09-11/03_INVESTIGATIONS/02_EXPANDED_ARCHIVES/DEMOCRACY_INFLUENCE_ALL_INVESTIGATIONS_2026-09-07/__NESTED_EXPANDED__/DEMOCRACY_INFLUENCE_ALL_INVESTIGATIONS_2026-09-07__99_SOURCE_BUNDLES__INV-026_BUNDLE/inv026-final/INV-026_SHA256.txt,b1c4675eade937d9dcebfd37bf02fd02f3efa424143f41555aa6b0952305b076,03_INVESTIGATIONS/03_NORMALIZED_BY_ID/INV-026/INV-026_SHA256.txt,DUPLICATE_SHA
INV-026,TRACELOG.md,expanded:INV-026_BUNDLE.zip,/mnt/data/DEMOCRACY_INFLUENCE_MASTER_EVIDENCE_BUNDLE_2026-09-11/03_INVESTIGATIONS/02_EXPANDED_ARCHIVES/DEMOCRACY_INFLUENCE_ALL_INVESTIGATIONS_2026-09-07/__NESTED_EXPANDED__/DEMOCRACY_INFLUENCE_ALL_INVESTIGATIONS_2026-09-07__99_SOURCE_BUNDLES__INV-026_BUNDLE/inv026-final/TRACELOG.md,b198c415887e7b65365dfba165c26fb2bf20a8ac17976851921ed5e1d55a1009,03_INVESTIGATIONS/03_NORMALIZED_BY_ID/INV-026/TRACELOG.md,DUPLICATE_SHA
INV-026,INV-026_MNEMO_SNAPSHOT.json,expanded:INV-026_BUNDLE.zip,/mnt/data/DEMOCRACY_INFLUENCE_MASTER_EVIDENCE_BUNDLE_2026-09-11/03_INVESTIGATIONS/02_EXPANDED_ARCHIVES/DEMOCRACY_INFLUENCE_ALL_INVESTIGATIONS_2026-09-07/__NESTED_EXPANDED__/DEMOCRACY_INFLUENCE_ALL_INVESTIGATIONS_2026-09-07__99_SOURCE_BUNDLES__INV-026_BUNDLE/inv026-final/INV-026_MNEMO_SNAPSHOT.json,9e5ab5e08fe16307937bb9c393e2871bfc1edeb266ffc420c6c226c07cc98366,03_INVESTIGATIONS/03_NORMALIZED_BY_ID/INV-026/INV-026_MNEMO_SNAPSHOT.json,DUPLICATE_SHA
INV-026,INV-026_INPUT.md,expanded:INV-026_BUNDLE.zip,/mnt/data/DEMOCRACY_INFLUENCE_MASTER_EVIDENCE_BUNDLE_2026-09-11/03_INVESTIGATIONS/02_EXPANDED_ARCHIVES/DEMOCRACY_INFLUENCE_ALL_INVESTIGATIONS_2026-09-07/__NESTED_EXPANDED__/DEMOCRACY_INFLUENCE_ALL_INVESTIGATIONS_2026-09-07__99_SOURCE_BUNDLES__INV-026_BUNDLE/inv026-final/INV-026_INPUT.md,616c1f7007d3d70a64d5a5bbb4153762763d085537605d5e99cef5439dced970,03_INVESTIGATIONS/03_NORMALIZED_BY_ID/INV-026/INV-026_INPUT.md,DUPLICATE_SHA
INV-026,INV-026_NARRATIVE.tmp.md,expanded:INV-026_BUNDLE.zip,/mnt/data/DEMOCRACY_INFLUENCE_MASTER_EVIDENCE_BUNDLE_2026-09-11/03_INVESTIGATIONS/02_EXPANDED_ARCHIVES/DEMOCRACY_INFLUENCE_ALL_INVESTIGATIONS_2026-09-07/__NESTED_EXPANDED__/DEMOCRACY_INFLUENCE_ALL_INVESTIGATIONS_2026-09-07__99_SOURCE_BUNDLES__INV-026_BUNDLE/inv026-final/INV-026_NARRATIVE.tmp.md,0ad693f01236e6f14dbb7959c4763b3e639a6200750102e5e04d8be40fef8159,03_INVESTIGATIONS/03_NORMALIZED_BY_ID/INV-026/INV-026_NARRATIVE.tmp.md,DUPLICATE_SHA
INV-026,INV-026_INVESTIGATION.md,expanded:INV-026_BUNDLE.zip,/mnt/data/DEMOCRACY_INFLUENCE_MASTER_EVIDENCE_BUNDLE_2026-09-11/03_INVESTIGATIONS/02_EXPANDED_ARCHIVES/DEMOCRACY_INFLUENCE_ALL_INVESTIGATIONS_2026-09-07/__NESTED_EXPANDED__/DEMOCRACY_INFLUENCE_ALL_INVESTIGATIONS_2026-09-07__99_SOURCE_BUNDLES__INV-026_BUNDLE/inv026-final/INV-026_INVESTIGATION.md,86f7d0d457469edf3edb9dffa2e5f55f253cfebefdb0037652cc4ebf5a2d963a,03_INVESTIGATIONS/03_NORMALIZED_BY_ID/INV-026/INV-026_INVESTIGATION.md,DUPLICATE_SHA
INV-026,INV-026_RUN_STATE.json,expanded:INV-026_BUNDLE.zip,/mnt/data/DEMOCRACY_INFLUENCE_MASTER_EVIDENCE_BUNDLE_2026-09-11/03_INVESTIGATIONS/02_EXPANDED_ARCHIVES/DEMOCRACY_INFLUENCE_ALL_INVESTIGATIONS_2026-09-07/__NESTED_EXPANDED__/DEMOCRACY_INFLUENCE_ALL_INVESTIGATIONS_2026-09-07__99_SOURCE_BUNDLES__INV-026_BUNDLE/inv026-final/INV-026_RUN_STATE.json,b88924457119b727d79f3188e78db0c62636ec515e79b538c5d442207fbdf438,03_INVESTIGATIONS/03_NORMALIZED_BY_ID/INV-026/INV-026_RUN_STATE.json,DUPLICATE_SHA
INV-026,INV-026_RUN_CARD.md,expanded:INV-026_BUNDLE.zip,/mnt/data/DEMOCRACY_INFLUENCE_MASTER_EVIDENCE_BUNDLE_2026-09-11/03_INVESTIGATIONS/02_EXPANDED_ARCHIVES/DEMOCRACY_INFLUENCE_ALL_INVESTIGATIONS_2026-09-07/__NESTED_EXPANDED__/DEMOCRACY_INFLUENCE_ALL_INVESTIGATIONS_2026-09-07__99_SOURCE_BUNDLES__INV-026_BUNDLE/inv026-final/INV-026_RUN_CARD.md,616c1f7007d3d70a64d5a5bbb4153762763d085537605d5e99cef5439dced970,03_INVESTIGATIONS/03_NORMALIZED_BY_ID/INV-026/INV-026_INPUT.md,DUPLICATE_SHA
INV-026,INV-026_CERTIFICATION.json,expanded:INV-026_BUNDLE.zip,/mnt/data/DEMOCRACY_INFLUENCE_MASTER_EVIDENCE_BUNDLE_2026-09-11/03_INVESTIGATIONS/02_EXPANDED_ARCHIVES/DEMOCRACY_INFLUENCE_ALL_INVESTIGATIONS_2026-09-07/__NESTED_EXPANDED__/DEMOCRACY_INFLUENCE_ALL_INVESTIGATIONS_2026-09-07__99_SOURCE_BUNDLES__INV-026_BUNDLE/inv026-final/INV-026_CERTIFICATION.json,8bc8557b845204626f39333fce71cf6d69f3092964334bc9bb1e79b893c18067,03_INVESTIGATIONS/03_NORMALIZED_BY_ID/INV-026/INV-026_CERTIFICATION.json,DUPLICATE_SHA
INV-026,INV-026_RUN_HANDOFF.md,expanded:INV-026_BUNDLE.zip,/mnt/data/DEMOCRACY_INFLUENCE_MASTER_EVIDENCE_BUNDLE_2026-09-11/03_INVESTIGATIONS/02_EXPANDED_ARCHIVES/DEMOCRACY_INFLUENCE_ALL_INVESTIGATIONS_2026-09-07/__NESTED_EXPANDED__/DEMOCRACY_INFLUENCE_ALL_INVESTIGATIONS_2026-09-07__99_SOURCE_BUNDLES__INV-026_BUNDLE/inv026-final/INV-026_RUN_HANDOFF.md,bf70cae7b998ae0aa16949f1f12cb8258d4d4de9527316832b9cb398531ae4cb,03_INVESTIGATIONS/03_NORMALIZED_BY_ID/INV-026/INV-026_RUN_HANDOFF.md,DUPLICATE_SHA
INV-146,INV-139_RECOVERY_HANDOFF.md,expanded:INV-146_BUNDLE.zip,/mnt/data/DEMOCRACY_INFLUENCE_MASTER_EVIDENCE_BUNDLE_2026-09-11/03_INVESTIGATIONS/02_EXPANDED_ARCHIVES/DEMOCRACY_INFLUENCE_ALL_INVESTIGATIONS_2026-09-07/__NESTED_EXPANDED__/DEMOCRACY_INFLUENCE_ALL_INVESTIGATIONS_2026-09-07__99_SOURCE_BUNDLES__INV-146_BUNDLE/INV-146/INV-139_RECOVERY_HANDOFF.md,4f1519ff60088529dcb42bed830fc5df8c8aa2218063e3dcb73f8e0d11a8405a,03_INVESTIGATIONS/03_NORMALIZED_BY_ID/INV-146/INV-139_RECOVERY_HANDOFF.md,DUPLICATE_SHA
INV-146,INV-140_RECOVERY_HANDOFF.md,expanded:INV-146_BUNDLE.zip,/mnt/data/DEMOCRACY_INFLUENCE_MASTER_EVIDENCE_BUNDLE_2026-09-11/03_INVESTIGATIONS/02_EXPANDED_ARCHIVES/DEMOCRACY_INFLUENCE_ALL_INVESTIGATIONS_2026-09-07/__NESTED_EXPANDED__/DEMOCRACY_INFLUENCE_ALL_INVESTIGATIONS_2026-09-07__99_SOURCE_BUNDLES__INV-146_BUNDLE/INV-146/INV-140_RECOVERY_HANDOFF.md,aec894571a3eee531ea92bd386da1ecb664e9a7bd27c82ee2a73b330f26cb083,03_INVESTIGATIONS/03_NORMALIZED_BY_ID/INV-146/INV-140_RECOVERY_HANDOFF.md,DUPLICATE_SHA
INV-146,INV-146_SHA256.txt,expanded:INV-146_BUNDLE.zip,/mnt/data/DEMOCRACY_INFLUENCE_MASTER_EVIDENCE_BUNDLE_2026-09-11/03_INVESTIGATIONS/02_EXPANDED_ARCHIVES/DEMOCRACY_INFLUENCE_ALL_INVESTIGATIONS_2026-09-07/__NESTED_EXPANDED__/DEMOCRACY_INFLUENCE_ALL_INVESTIGATIONS_2026-09-07__99_SOURCE_BUNDLES__INV-146_BUNDLE/INV-146/INV-146_SHA256.txt,7f9cec09d26530ff5ac0e4d3ab9bf92953dff50f2e348ac6c0c356f269281fbc,03_INVESTIGATIONS/03_NORMALIZED_BY_ID/INV-146/INV-146_SHA256.txt,DUPLICATE_SHA
INV-146,INV-146_SYNTHESIS_INPUT_GATE.md,expanded:INV-146_BUNDLE.zip,/mnt/data/DEMOCRACY_INFLUENCE_MASTER_EVIDENCE_BUNDLE_2026-09-11/03_INVESTIGATIONS/02_EXPANDED_ARCHIVES/DEMOCRACY_INFLUENCE_ALL_INVESTIGATIONS_2026-09-07/__NESTED_EXPANDED__/DEMOCRACY_INFLUENCE_ALL_INVESTIGATIONS_2026-09-07__99_SOURCE_BUNDLES__INV-146_BUNDLE/INV-146/INV-146_SYNTHESIS_INPUT_GATE.md,7c561d2499508e92cc3202049deb6c17309b1ad7de21c6b088a516ca54712d76,03_INVESTIGATIONS/03_NORMALIZED_BY_ID/INV-146/INV-146_SYNTHESIS_INPUT_GATE.md,DUPLICATE_SHA
INV-146,INV-146_SYNTHESIS_CARD.md,expanded:INV-146_BUNDLE.zip,/mnt/data/DEMOCRACY_INFLUENCE_MASTER_EVIDENCE_BUNDLE_2026-09-11/03_INVESTIGATIONS/02_EXPANDED_ARCHIVES/DEMOCRACY_INFLUENCE_ALL_INVESTIGATIONS_2026-09-07/__NESTED_EXPANDED__/DEMOCRACY_INFLUENCE_ALL_INVESTIGATIONS_2026-09-07__99_SOURCE_BUNDLES__INV-146_BUNDLE/INV-146/INV-146_SYNTHESIS_CARD.md,6f45981cbb617c7f923f31fe99271df6c048ef9276582f96e2413f1fcb2cd667,03_INVESTIGATIONS/03_NORMALIZED_BY_ID/INV-146/INV-146_SYNTHESIS_CARD.md,DUPLICATE_SHA
INV-146,INV-146_CERTIFICATION.json,expanded:INV-146_BUNDLE.zip,/mnt/data/DEMOCRACY_INFLUENCE_MASTER_EVIDENCE_BUNDLE_2026-09-11/03_INVESTIGATIONS/02_EXPANDED_ARCHIVES/DEMOCRACY_INFLUENCE_ALL_INVESTIGATIONS_2026-09-07/__NESTED_EXPANDED__/DEMOCRACY_INFLUENCE_ALL_INVESTIGATIONS_2026-09-07__99_SOURCE_BUNDLES__INV-146_BUNDLE/INV-146/INV-146_CERTIFICATION.json,6726d48d2ccae389894d357b9b89abbe1b511f6d8d821d0e934b2615c68503d8,03_INVESTIGATIONS/03_NORMALIZED_BY_ID/INV-146/INV-146_CERTIFICATION.json,DUPLICATE_SHA
INV-146,INV-146_POST_RUN_REVIEW.md,expanded:INV-146_BUNDLE.zip,/mnt/data/DEMOCRACY_INFLUENCE_MASTER_EVIDENCE_BUNDLE_2026-09-11/03_INVESTIGATIONS/02_EXPANDED_ARCHIVES/DEMOCRACY_INFLUENCE_ALL_INVESTIGATIONS_2026-09-07/__NESTED_EXPANDED__/DEMOCRACY_INFLUENCE_ALL_INVESTIGATIONS_2026-09-07__99_SOURCE_BUNDLES__INV-146_BUNDLE/INV-146/INV-146_POST_RUN_REVIEW.md,b0f59fa38682fa1d09eb13c7e5ed2fe0bf8a4c727a54ccd68778ad6bc90376a9,03_INVESTIGATIONS/03_NORMALIZED_BY_ID/INV-146/INV-146_POST_RUN_REVIEW.md,DUPLICATE_SHA
INV-146,INV-146_RUN_HANDOFF.md,expanded:INV-146_BUNDLE.zip,/mnt/data/DEMOCRACY_INFLUENCE_MASTER_EVIDENCE_BUNDLE_2026-09-11/03_INVESTIGATIONS/02_EXPANDED_ARCHIVES/DEMOCRACY_INFLUENCE_ALL_INVESTIGATIONS_2026-09-07/__NESTED_EXPANDED__/DEMOCRACY_INFLUENCE_ALL_INVESTIGATIONS_2026-09-07__99_SOURCE_BUNDLES__INV-146_BUNDLE/INV-146/INV-146_RUN_HANDOFF.md,fa9d75722e36f42fe74febe2f06f0f7144143a601fb45873115230f9ff6d4889,03_INVESTIGATIONS/03_NORMALIZED_BY_ID/INV-146/INV-146_RUN_HANDOFF.md,DUPLICATE_SHA
INV-146,INV-146_SYNTHESIS.md,expanded:INV-146_BUNDLE.zip,/mnt/data/DEMOCRACY_INFLUENCE_MASTER_EVIDENCE_BUNDLE_2026-09-11/03_INVESTIGATIONS/02_EXPANDED_ARCHIVES/DEMOCRACY_INFLUENCE_ALL_INVESTIGATIONS_2026-09-07/__NESTED_EXPANDED__/DEMOCRACY_INFLUENCE_ALL_INVESTIGATIONS_2026-09-07__99_SOURCE_BUNDLES__INV-146_BUNDLE/INV-146/INV-146_SYNTHESIS.md,9cf2a68c467cdc3a850e4494bda6b32044ee4f003d4623f4b161a62624bd3f8b,03_INVESTIGATIONS/03_NORMALIZED_BY_ID/INV-146/INV-146_SYNTHESIS.md,DUPLICATE_SHA
INV-071,INV-071_RUN_HANDOFF.md,expanded:DEMOCRACY_INFLUENCE_INVESTIGATIONS_BUNDLE_001.zip,/mnt/data/DEMOCRACY_INFLUENCE_MASTER_EVIDENCE_BUNDLE_2026-09-11/03_INVESTIGATIONS/02_EXPANDED_ARCHIVES/DEMOCRACY_INFLUENCE_ALL_INVESTIGATIONS_2026-09-07/__NESTED_EXPANDED__/DEMOCRACY_INFLUENCE_ALL_INVESTIGATIONS_2026-09-07__99_SOURCE_BUNDLES__DEMOCRACY_INFLUENCE_INVESTIGATIONS_BUNDLE_001/democracy-influence-investigations-bundle/INV-071/INV-071_RUN_HANDOFF.md,40a5c487ae9f5367cd68895cc24b8d18fd90bf66e4f4d960e9164c2585309879,03_INVESTIGATIONS/03_NORMALIZED_BY_ID/INV-071/INV-071_RUN_HANDOFF.md,DUPLICATE_SHA
INV-071,INV-071_PILOT_REVIEW.md,expanded:DEMOCRACY_INFLUENCE_INVESTIGATIONS_BUNDLE_001.zip,/mnt/data/DEMOCRACY_INFLUENCE_MASTER_EVIDENCE_BUNDLE_2026-09-11/03_INVESTIGATIONS/02_EXPANDED_ARCHIVES/DEMOCRACY_INFLUENCE_ALL_INVESTIGATIONS_2026-09-07/__NESTED_EXPANDED__/DEMOCRACY_INFLUENCE_ALL_INVESTIGATIONS_2026-09-07__99_SOURCE_BUNDLES__DEMOCRACY_INFLUENCE_INVESTIGATIONS_BUNDLE_001/democracy-influence-investigations-bundle/INV-071/INV-071_PILOT_REVIEW.md,5f5118e52d72133c7015432fe2d306068103c5884d9ec6d7ec7b5617eda3a50a,03_INVESTIGATIONS/03_NORMALIZED_BY_ID/INV-071/INV-071_PILOT_REVIEW.md,DUPLICATE_SHA
INV-071,INV-071_INVESTIGATION.md,expanded:DEMOCRACY_INFLUENCE_INVESTIGATIONS_BUNDLE_001.zip,/mnt/data/DEMOCRACY_INFLUENCE_MASTER_EVIDENCE_BUNDLE_2026-09-11/03_INVESTIGATIONS/02_EXPANDED_ARCHIVES/DEMOCRACY_INFLUENCE_ALL_INVESTIGATIONS_2026-09-07/__NESTED_EXPANDED__/DEMOCRACY_INFLUENCE_ALL_INVESTIGATIONS_2026-09-07__99_SOURCE_BUNDLES__DEMOCRACY_INFLUENCE_INVESTIGATIONS_BUNDLE_001/democracy-influence-investigations-bundle/INV-071/INV-071_INVESTIGATION.md,cc0063eb57f6b95f1589cb9d50f81a603bec0415b5069109c4855bdb76f5e810,03_INVESTIGATIONS/03_NORMALIZED_BY_ID/INV-071/INV-071_INVESTIGATION.md,DUPLICATE_SHA
INV-071,INV-071_CERTIFICATION.json,expanded:DEMOCRACY_INFLUENCE_INVESTIGATIONS_BUNDLE_001.zip,/mnt/data/DEMOCRACY_INFLUENCE_MASTER_EVIDENCE_BUNDLE_2026-09-11/03_INVESTIGATIONS/02_EXPANDED_ARCHIVES/DEMOCRACY_INFLUENCE_ALL_INVESTIGATIONS_2026-09-07/__NESTED_EXPANDED__/DEMOCRACY_INFLUENCE_ALL_INVESTIGATIONS_2026-09-07__99_SOURCE_BUNDLES__DEMOCRACY_INFLUENCE_INVESTIGATIONS_BUNDLE_001/democracy-influence-investigations-bundle/INV-071/INV-071_CERTIFICATION.json,fbe1ad101bb2dd2b1b0b5776a2809d62946267501a0f7efd4bedc66b7a4265bb,03_INVESTIGATIONS/03_NORMALIZED_BY_ID/INV-071/INV-071_CERTIFICATION.json,DUPLICATE_SHA
INV-019,INV-019_PILOT_REVIEW.md,expanded:DEMOCRACY_INFLUENCE_INVESTIGATIONS_BUNDLE_001.zip,/mnt/data/DEMOCRACY_INFLUENCE_MASTER_EVIDENCE_BUNDLE_2026-09-11/03_INVESTIGATIONS/02_EXPANDED_ARCHIVES/DEMOCRACY_INFLUENCE_ALL_INVESTIGATIONS_2026-09-07/__NESTED_EXPANDED__/DEMOCRACY_INFLUENCE_ALL_INVESTIGATIONS_2026-09-07__99_SOURCE_BUNDLES__DEMOCRACY_INFLUENCE_INVESTIGATIONS_BUNDLE_001/democracy-influence-investigations-bundle/INV-019/INV-019_PILOT_REVIEW.md,6d0607ea4d071fc8f48e0e6db9a87182a8c715547b07547c3bc2109f370d7c48,03_INVESTIGATIONS/03_NORMALIZED_BY_ID/INV-019/INV-019_PILOT_REVIEW.md,DUPLICATE_SHA
INV-019,INV-019_INVESTIGATION.md,expanded:DEMOCRACY_INFLUENCE_INVESTIGATIONS_BUNDLE_001.zip,/mnt/data/DEMOCRACY_INFLUENCE_MASTER_EVIDENCE_BUNDLE_2026-09-11/03_INVESTIGATIONS/02_EXPANDED_ARCHIVES/DEMOCRACY_INFLUENCE_ALL_INVESTIGATIONS_2026-09-07/__NESTED_EXPANDED__/DEMOCRACY_INFLUENCE_ALL_INVESTIGATIONS_2026-09-07__99_SOURCE_BUNDLES__DEMOCRACY_INFLUENCE_INVESTIGATIONS_BUNDLE_001/democracy-influence-investigations-bundle/INV-019/INV-019_INVESTIGATION.md,bf255493afd50152c0123d42c8521c0e85febe44f89deeb8a6450543184072b6,03_INVESTIGATIONS/03_NORMALIZED_BY_ID/INV-019/INV-019_INVESTIGATION.md,DUPLICATE_SHA
INV-019,INV-019_RUN_HANDOFF.md,expanded:DEMOCRACY_INFLUENCE_INVESTIGATIONS_BUNDLE_001.zip,/mnt/data/DEMOCRACY_INFLUENCE_MASTER_EVIDENCE_BUNDLE_2026-09-11/03_INVESTIGATIONS/02_EXPANDED_ARCHIVES/DEMOCRACY_INFLUENCE_ALL_INVESTIGATIONS_2026-09-07/__NESTED_EXPANDED__/DEMOCRACY_INFLUENCE_ALL_INVESTIGATIONS_2026-09-07__99_SOURCE_BUNDLES__DEMOCRACY_INFLUENCE_INVESTIGATIONS_BUNDLE_001/democracy-influence-investigations-bundle/INV-019/INV-019_RUN_HANDOFF.md,c72fff3b19b5ab1b2bd36b064544c1a3635f42e3d30b99c8c225e616f1d76c9b,03_INVESTIGATIONS/03_NORMALIZED_BY_ID/INV-019/INV-019_RUN_HANDOFF.md,DUPLICATE_SHA
INV-010,INV-010_RUN_HANDOFF.md,expanded:DEMOCRACY_INFLUENCE_INVESTIGATIONS_BUNDLE_001.zip,/mnt/data/DEMOCRACY_INFLUENCE_MASTER_EVIDENCE_BUNDLE_2026-09-11/03_INVESTIGATIONS/02_EXPANDED_ARCHIVES/DEMOCRACY_INFLUENCE_ALL_INVESTIGATIONS_2026-09-07/__NESTED_EXPANDED__/DEMOCRACY_INFLUENCE_ALL_INVESTIGATIONS_2026-09-07__99_SOURCE_BUNDLES__DEMOCRACY_INFLUENCE_INVESTIGATIONS_BUNDLE_001/democracy-influence-investigations-bundle/INV-010/INV-010_RUN_HANDOFF.md,98ab3ccd5806547ffa3e0783c9486047d6fa02de01123162c3bb573da49c7bef,03_INVESTIGATIONS/03_NORMALIZED_BY_ID/INV-010/INV-010_RUN_HANDOFF.md,DUPLICATE_SHA
INV-010,INV-010_RENARD.md,expanded:DEMOCRACY_INFLUENCE_INVESTIGATIONS_BUNDLE_001.zip,/mnt/data/DEMOCRACY_INFLUENCE_MASTER_EVIDENCE_BUNDLE_2026-09-11/03_INVESTIGATIONS/02_EXPANDED_ARCHIVES/DEMOCRACY_INFLUENCE_ALL_INVESTIGATIONS_2026-09-07/__NESTED_EXPANDED__/DEMOCRACY_INFLUENCE_ALL_INVESTIGATIONS_2026-09-07__99_SOURCE_BUNDLES__DEMOCRACY_INFLUENCE_INVESTIGATIONS_BUNDLE_001/democracy-influence-investigations-bundle/INV-010/INV-010_RENARD.md,d37779d5de34c9f1cda22355e6df5cc976d38e29532c93d0217749162b751f7f,03_INVESTIGATIONS/03_NORMALIZED_BY_ID/INV-010/INV-010_RENARD.md,DUPLICATE_SHA
INV-010,INV-010_PILOT_REVIEW.md,expanded:DEMOCRACY_INFLUENCE_INVESTIGATIONS_BUNDLE_001.zip,/mnt/data/DEMOCRACY_INFLUENCE_MASTER_EVIDENCE_BUNDLE_2026-09-11/03_INVESTIGATIONS/02_EXPANDED_ARCHIVES/DEMOCRACY_INFLUENCE_ALL_INVESTIGATIONS_2026-09-07/__NESTED_EXPANDED__/DEMOCRACY_INFLUENCE_ALL_INVESTIGATIONS_2026-09-07__99_SOURCE_BUNDLES__DEMOCRACY_INFLUENCE_INVESTIGATIONS_BUNDLE_001/democracy-influence-investigations-bundle/INV-010/INV-010_PILOT_REVIEW.md,d0fc11c8019e37219cac649157b658345fb0fbe46e15539c61cb530e249933c7,03_INVESTIGATIONS/03_NORMALIZED_BY_ID/INV-010/INV-010_PILOT_REVIEW.md,DUPLICATE_SHA
INV-010,INV-010_INVESTIGATION_AVAILABLE_R2.md,expanded:DEMOCRACY_INFLUENCE_INVESTIGATIONS_BUNDLE_001.zip,/mnt/data/DEMOCRACY_INFLUENCE_MASTER_EVIDENCE_BUNDLE_2026-09-11/03_INVESTIGATIONS/02_EXPANDED_ARCHIVES/DEMOCRACY_INFLUENCE_ALL_INVESTIGATIONS_2026-09-07/__NESTED_EXPANDED__/DEMOCRACY_INFLUENCE_ALL_INVESTIGATIONS_2026-09-07__99_SOURCE_BUNDLES__DEMOCRACY_INFLUENCE_INVESTIGATIONS_BUNDLE_001/democracy-influence-investigations-bundle/INV-010/INV-010_INVESTIGATION_AVAILABLE_R2.md,5455cd0616e4b35c5464b954c21105efad435516ad9454b0cb0468157ee2250b,03_INVESTIGATIONS/03_NORMALIZED_BY_ID/INV-010/INV-010_INVESTIGATION_AVAILABLE_R2.md,DUPLICATE_SHA
INV-010,INV-010_R4_CERTIFICATION.json,expanded:DEMOCRACY_INFLUENCE_INVESTIGATIONS_BUNDLE_001.zip,/mnt/data/DEMOCRACY_INFLUENCE_MASTER_EVIDENCE_BUNDLE_2026-09-11/03_INVESTIGATIONS/02_EXPANDED_ARCHIVES/DEMOCRACY_INFLUENCE_ALL_INVESTIGATIONS_2026-09-07/__NESTED_EXPANDED__/DEMOCRACY_INFLUENCE_ALL_INVESTIGATIONS_2026-09-07__99_SOURCE_BUNDLES__DEMOCRACY_INFLUENCE_INVESTIGATIONS_BUNDLE_001/democracy-influence-investigations-bundle/INV-010/INV-010_R4_CERTIFICATION.json,c314e427c3c8d8a44bf4d7ff8222c96db244d14449fdb107832a7760cd0cf111,03_INVESTIGATIONS/03_NORMALIZED_BY_ID/INV-010/INV-010_R4_CERTIFICATION.json,DUPLICATE_SHA
INV-049,INV-049_RENARD.md,expanded:DEMOCRACY_INFLUENCE_INVESTIGATIONS_BUNDLE_001.zip,/mnt/data/DEMOCRACY_INFLUENCE_MASTER_EVIDENCE_BUNDLE_2026-09-11/03_INVESTIGATIONS/02_EXPANDED_ARCHIVES/DEMOCRACY_INFLUENCE_ALL_INVESTIGATIONS_2026-09-07/__NESTED_EXPANDED__/DEMOCRACY_INFLUENCE_ALL_INVESTIGATIONS_2026-09-07__99_SOURCE_BUNDLES__DEMOCRACY_INFLUENCE_INVESTIGATIONS_BUNDLE_001/democracy-influence-investigations-bundle/INV-049/INV-049_RENARD.md,11e5413284bd3523fe78b1458eb16fe59c0980591ef66e0519f5911483ea08a6,03_INVESTIGATIONS/03_NORMALIZED_BY_ID/INV-049/INV-049_RENARD.md,DUPLICATE_SHA
INV-049,INV-049_INVESTIGATION.md,expanded:DEMOCRACY_INFLUENCE_INVESTIGATIONS_BUNDLE_001.zip,/mnt/data/DEMOCRACY_INFLUENCE_MASTER_EVIDENCE_BUNDLE_2026-09-11/03_INVESTIGATIONS/02_EXPANDED_ARCHIVES/DEMOCRACY_INFLUENCE_ALL_INVESTIGATIONS_2026-09-07/__NESTED_EXPANDED__/DEMOCRACY_INFLUENCE_ALL_INVESTIGATIONS_2026-09-07__99_SOURCE_BUNDLES__DEMOCRACY_INFLUENCE_INVESTIGATIONS_BUNDLE_001/democracy-influence-investigations-bundle/INV-049/INV-049_INVESTIGATION.md,f731e05757a6b8bcd0fcee1919677256790000e69f9243bb294704f4ca9d14d4,03_INVESTIGATIONS/03_NORMALIZED_BY_ID/INV-049/INV-049_INVESTIGATION.md,DUPLICATE_SHA
INV-049,INV-049_CERTIFICATION.json,expanded:DEMOCRACY_INFLUENCE_INVESTIGATIONS_BUNDLE_001.zip,/mnt/data/DEMOCRACY_INFLUENCE_MASTER_EVIDENCE_BUNDLE_2026-09-11/03_INVESTIGATIONS/02_EXPANDED_ARCHIVES/DEMOCRACY_INFLUENCE_ALL_INVESTIGATIONS_2026-09-07/__NESTED_EXPANDED__/DEMOCRACY_INFLUENCE_ALL_INVESTIGATIONS_2026-09-07__99_SOURCE_BUNDLES__DEMOCRACY_INFLUENCE_INVESTIGATIONS_BUNDLE_001/democracy-influence-investigations-bundle/INV-049/INV-049_CERTIFICATION.json,8f549bc737a32acf68e6adce0084ed4efa679cd108283a99d70d0f4271abbad8,03_INVESTIGATIONS/03_NORMALIZED_BY_ID/INV-049/INV-049_CERTIFICATION.json,DUPLICATE_SHA
INV-049,INV-049_RUN_HANDOFF.md,expanded:DEMOCRACY_INFLUENCE_INVESTIGATIONS_BUNDLE_001.zip,/mnt/data/DEMOCRACY_INFLUENCE_MASTER_EVIDENCE_BUNDLE_2026-09-11/03_INVESTIGATIONS/02_EXPANDED_ARCHIVES/DEMOCRACY_INFLUENCE_ALL_INVESTIGATIONS_2026-09-07/__NESTED_EXPANDED__/DEMOCRACY_INFLUENCE_ALL_INVESTIGATIONS_2026-09-07__99_SOURCE_BUNDLES__DEMOCRACY_INFLUENCE_INVESTIGATIONS_BUNDLE_001/democracy-influence-investigations-bundle/INV-049/INV-049_RUN_HANDOFF.md,53b700412f23822520263f58965856384a77fa82053df12fc2d5ea6671830bfa,03_INVESTIGATIONS/03_NORMALIZED_BY_ID/INV-049/INV-049_RUN_HANDOFF.md,DUPLICATE_SHA
INV-049,INV-049_PILOT_REVIEW.md,expanded:DEMOCRACY_INFLUENCE_INVESTIGATIONS_BUNDLE_001.zip,/mnt/data/DEMOCRACY_INFLUENCE_MASTER_EVIDENCE_BUNDLE_2026-09-11/03_INVESTIGATIONS/02_EXPANDED_ARCHIVES/DEMOCRACY_INFLUENCE_ALL_INVESTIGATIONS_2026-09-07/__NESTED_EXPANDED__/DEMOCRACY_INFLUENCE_ALL_INVESTIGATIONS_2026-09-07__99_SOURCE_BUNDLES__DEMOCRACY_INFLUENCE_INVESTIGATIONS_BUNDLE_001/democracy-influence-investigations-bundle/INV-049/INV-049_PILOT_REVIEW.md,0aa8ddd4ada3851b66e336585e630ff4e40b795917bc909f7093e4275277fc9c,03_INVESTIGATIONS/03_NORMALIZED_BY_ID/INV-049/INV-049_PILOT_REVIEW.md,DUPLICATE_SHA
INV-103,_INPUT.md,expanded:INV-103_BUNDLE.zip,/mnt/data/DEMOCRACY_INFLUENCE_MASTER_EVIDENCE_BUNDLE_2026-09-11/03_INVESTIGATIONS/02_EXPANDED_ARCHIVES/DEMOCRACY_INFLUENCE_ALL_INVESTIGATIONS_2026-09-07/__NESTED_EXPANDED__/DEMOCRACY_INFLUENCE_ALL_INVESTIGATIONS_2026-09-07__99_SOURCE_BUNDLES__INV-103_BUNDLE/INV-103/_INPUT.md,9b5bee0c0312885ec7574edc58274ef80c4362376620424e90aedd3045d6a7c7,03_INVESTIGATIONS/03_NORMALIZED_BY_ID/INV-103/_INPUT.md,DUPLICATE_SHA
INV-103,_MNEMO_SNAPSHOT.json,expanded:INV-103_BUNDLE.zip,/mnt/data/DEMOCRACY_INFLUENCE_MASTER_EVIDENCE_BUNDLE_2026-09-11/03_INVESTIGATIONS/02_EXPANDED_ARCHIVES/DEMOCRACY_INFLUENCE_ALL_INVESTIGATIONS_2026-09-07/__NESTED_EXPANDED__/DEMOCRACY_INFLUENCE_ALL_INVESTIGATIONS_2026-09-07__99_SOURCE_BUNDLES__INV-103_BUNDLE/INV-103/_MNEMO_SNAPSHOT.json,34c65386beb45b5d886eb83e12d85515137e30494586d5dde1e382d069530a82,03_INVESTIGATIONS/03_NORMALIZED_BY_ID/INV-103/_MNEMO_SNAPSHOT.json,DUPLICATE_SHA
INV-103,_NARRATIVE.tmp.md,expanded:INV-103_BUNDLE.zip,/mnt/data/DEMOCRACY_INFLUENCE_MASTER_EVIDENCE_BUNDLE_2026-09-11/03_INVESTIGATIONS/02_EXPANDED_ARCHIVES/DEMOCRACY_INFLUENCE_ALL_INVESTIGATIONS_2026-09-07/__NESTED_EXPANDED__/DEMOCRACY_INFLUENCE_ALL_INVESTIGATIONS_2026-09-07__99_SOURCE_BUNDLES__INV-103_BUNDLE/INV-103/_NARRATIVE.tmp.md,f015b8b0505577bda825843d67728421b89dedadd8a4399e8ad1dcbcd728a488,03_INVESTIGATIONS/03_NORMALIZED_BY_ID/INV-103/_NARRATIVE.tmp.md,DUPLICATE_SHA
INV-103,_CERTIFICATION.json,expanded:INV-103_BUNDLE.zip,/mnt/data/DEMOCRACY_INFLUENCE_MASTER_EVIDENCE_BUNDLE_2026-09-11/03_INVESTIGATIONS/02_EXPANDED_ARCHIVES/DEMOCRACY_INFLUENCE_ALL_INVESTIGATIONS_2026-09-07/__NESTED_EXPANDED__/DEMOCRACY_INFLUENCE_ALL_INVESTIGATIONS_2026-09-07__99_SOURCE_BUNDLES__INV-103_BUNDLE/INV-103/_CERTIFICATION.json,6939bbaa93d43bcec5559dcd7a73618d463b198f883126763c635de2338b20fc,03_INVESTIGATIONS/03_NORMALIZED_BY_ID/INV-103/_CERTIFICATION.json,DUPLICATE_SHA
INV-103,_RUN_STATE.json,expanded:INV-103_BUNDLE.zip,/mnt/data/DEMOCRACY_INFLUENCE_MASTER_EVIDENCE_BUNDLE_2026-09-11/03_INVESTIGATIONS/02_EXPANDED_ARCHIVES/DEMOCRACY_INFLUENCE_ALL_INVESTIGATIONS_2026-09-07/__NESTED_EXPANDED__/DEMOCRACY_INFLUENCE_ALL_INVESTIGATIONS_2026-09-07__99_SOURCE_BUNDLES__INV-103_BUNDLE/INV-103/_RUN_STATE.json,1d18fae4df92884883a198ff51cf1b9681f29cab00dd3116bd669ff0d12fede0,03_INVESTIGATIONS/03_NORMALIZED_BY_ID/INV-103/_RUN_STATE.json,DUPLICATE_SHA
INV-103,INV-103_PILOT_REVIEW.md,expanded:INV-103_BUNDLE.zip,/mnt/data/DEMOCRACY_INFLUENCE_MASTER_EVIDENCE_BUNDLE_2026-09-11/03_INVESTIGATIONS/02_EXPANDED_ARCHIVES/DEMOCRACY_INFLUENCE_ALL_INVESTIGATIONS_2026-09-07/__NESTED_EXPANDED__/DEMOCRACY_INFLUENCE_ALL_INVESTIGATIONS_2026-09-07__99_SOURCE_BUNDLES__INV-103_BUNDLE/INV-103/INV-103_PILOT_REVIEW.md,afd4da3581a385f789774bc774282b3f99b88aa24380de82365d184fdfd5b514,03_INVESTIGATIONS/03_NORMALIZED_BY_ID/INV-103/INV-103_PILOT_REVIEW.md,DUPLICATE_SHA
INV-103,_INVESTIGATION.md,expanded:INV-103_BUNDLE.zip,/mnt/data/DEMOCRACY_INFLUENCE_MASTER_EVIDENCE_BUNDLE_2026-09-11/03_INVESTIGATIONS/02_EXPANDED_ARCHIVES/DEMOCRACY_INFLUENCE_ALL_INVESTIGATIONS_2026-09-07/__NESTED_EXPANDED__/DEMOCRACY_INFLUENCE_ALL_INVESTIGATIONS_2026-09-07__99_SOURCE_BUNDLES__INV-103_BUNDLE/INV-103/_INVESTIGATION.md,41d0b8d330aae2da557e97437cfc8fd4ba844005c606556571cfae853508a2da,03_INVESTIGATIONS/03_NORMALIZED_BY_ID/INV-103/_INVESTIGATION.md,DUPLICATE_SHA
INV-103,INV-103_RUN_HANDOFF.md,expanded:INV-103_BUNDLE.zip,/mnt/data/DEMOCRACY_INFLUENCE_MASTER_EVIDENCE_BUNDLE_2026-09-11/03_INVESTIGATIONS/02_EXPANDED_ARCHIVES/DEMOCRACY_INFLUENCE_ALL_INVESTIGATIONS_2026-09-07/__NESTED_EXPANDED__/DEMOCRACY_INFLUENCE_ALL_INVESTIGATIONS_2026-09-07__99_SOURCE_BUNDLES__INV-103_BUNDLE/INV-103/INV-103_RUN_HANDOFF.md,b5bfb845e9f5ee571f577313a973c6bf15556ef64ebe63b5829d20f3c45f873f,03_INVESTIGATIONS/03_NORMALIZED_BY_ID/INV-103/INV-103_RUN_HANDOFF.md,DUPLICATE_SHA
INV-145,INV-145_RUN_CARD.md,expanded:INV-145_BUNDLE.zip,/mnt/data/DEMOCRACY_INFLUENCE_MASTER_EVIDENCE_BUNDLE_2026-09-11/03_INVESTIGATIONS/02_EXPANDED_ARCHIVES/DEMOCRACY_INFLUENCE_ALL_INVESTIGATIONS_2026-09-07/__NESTED_EXPANDED__/DEMOCRACY_INFLUENCE_ALL_INVESTIGATIONS_2026-09-07__99_SOURCE_BUNDLES__INV-145_BUNDLE/INV-145_RUN_CARD.md,71922fc117f2e36bfe0ae71bc90f74050b5d1c011abef1eca1def5dae945f591,03_INVESTIGATIONS/03_NORMALIZED_BY_ID/INV-145/INV-145_RUN_CARD.md,DUPLICATE_SHA
INV-145,INV-145_INPUT.md,expanded:INV-145_BUNDLE.zip,/mnt/data/DEMOCRACY_INFLUENCE_MASTER_EVIDENCE_BUNDLE_2026-09-11/03_INVESTIGATIONS/02_EXPANDED_ARCHIVES/DEMOCRACY_INFLUENCE_ALL_INVESTIGATIONS_2026-09-07/__NESTED_EXPANDED__/DEMOCRACY_INFLUENCE_ALL_INVESTIGATIONS_2026-09-07__99_SOURCE_BUNDLES__INV-145_BUNDLE/INV-145_INPUT.md,71922fc117f2e36bfe0ae71bc90f74050b5d1c011abef1eca1def5dae945f591,03_INVESTIGATIONS/03_NORMALIZED_BY_ID/INV-145/INV-145_RUN_CARD.md,DUPLICATE_SHA
INV-145,INV-145_RUN_STATE.json,expanded:INV-145_BUNDLE.zip,/mnt/data/DEMOCRACY_INFLUENCE_MASTER_EVIDENCE_BUNDLE_2026-09-11/03_INVESTIGATIONS/02_EXPANDED_ARCHIVES/DEMOCRACY_INFLUENCE_ALL_INVESTIGATIONS_2026-09-07/__NESTED_EXPANDED__/DEMOCRACY_INFLUENCE_ALL_INVESTIGATIONS_2026-09-07__99_SOURCE_BUNDLES__INV-145_BUNDLE/INV-145_RUN_STATE.json,9707155b75bafda6d2173e04ab5362af9f2352b0202bf2f921713713a7e999f2,03_INVESTIGATIONS/03_NORMALIZED_BY_ID/INV-145/INV-145_RUN_STATE.json,DUPLICATE_SHA
INV-145,INV-145_SHA256.txt,expanded:INV-145_BUNDLE.zip,/mnt/data/DEMOCRACY_INFLUENCE_MASTER_EVIDENCE_BUNDLE_2026-09-11/03_INVESTIGATIONS/02_EXPANDED_ARCHIVES/DEMOCRACY_INFLUENCE_ALL_INVESTIGATIONS_2026-09-07/__NESTED_EXPANDED__/DEMOCRACY_INFLUENCE_ALL_INVESTIGATIONS_2026-09-07__99_SOURCE_BUNDLES__INV-145_BUNDLE/INV-145_SHA256.txt,c92a3720d47da2b7c2c2d20df814dfc6460fbf87fa746c316cb48965c23d469c,03_INVESTIGATIONS/03_NORMALIZED_BY_ID/INV-145/INV-145_SHA256.txt,DUPLICATE_SHA
INV-145,INV-145_POST_RUN_REVIEW.md,expanded:INV-145_BUNDLE.zip,/mnt/data/DEMOCRACY_INFLUENCE_MASTER_EVIDENCE_BUNDLE_2026-09-11/03_INVESTIGATIONS/02_EXPANDED_ARCHIVES/DEMOCRACY_INFLUENCE_ALL_INVESTIGATIONS_2026-09-07/__NESTED_EXPANDED__/DEMOCRACY_INFLUENCE_ALL_INVESTIGATIONS_2026-09-07__99_SOURCE_BUNDLES__INV-145_BUNDLE/INV-145_POST_RUN_REVIEW.md,4a65d3d8ee5da97fb1556cc39a82ff3cd66521b80c95a5b0f29f30d0ffe4461f,03_INVESTIGATIONS/03_NORMALIZED_BY_ID/INV-145/INV-145_POST_RUN_REVIEW.md,DUPLICATE_SHA
INV-145,INV-145_CERTIFICATION.json,expanded:INV-145_BUNDLE.zip,/mnt/data/DEMOCRACY_INFLUENCE_MASTER_EVIDENCE_BUNDLE_2026-09-11/03_INVESTIGATIONS/02_EXPANDED_ARCHIVES/DEMOCRACY_INFLUENCE_ALL_INVESTIGATIONS_2026-09-07/__NESTED_EXPANDED__/DEMOCRACY_INFLUENCE_ALL_INVESTIGATIONS_2026-09-07__99_SOURCE_BUNDLES__INV-145_BUNDLE/INV-145_CERTIFICATION.json,1f8c86a3884f57bebe813807eeaecce4f87871660064d781babf77c8bbf220e4,03_INVESTIGATIONS/03_NORMALIZED_BY_ID/INV-145/INV-145_CERTIFICATION.json,DUPLICATE_SHA
INV-145,INV-145_MNEMO_SNAPSHOT.json,expanded:INV-145_BUNDLE.zip,/mnt/data/DEMOCRACY_INFLUENCE_MASTER_EVIDENCE_BUNDLE_2026-09-11/03_INVESTIGATIONS/02_EXPANDED_ARCHIVES/DEMOCRACY_INFLUENCE_ALL_INVESTIGATIONS_2026-09-07/__NESTED_EXPANDED__/DEMOCRACY_INFLUENCE_ALL_INVESTIGATIONS_2026-09-07__99_SOURCE_BUNDLES__INV-145_BUNDLE/INV-145_MNEMO_SNAPSHOT.json,447d8e54218025c4366dd26732b367124025d1332ec977e064ce0281f9b3c631,03_INVESTIGATIONS/03_NORMALIZED_BY_ID/INV-145/INV-145_MNEMO_SNAPSHOT.json,DUPLICATE_SHA
INV-145,INV-145_RUN_HANDOFF.md,expanded:INV-145_BUNDLE.zip,/mnt/data/DEMOCRACY_INFLUENCE_MASTER_EVIDENCE_BUNDLE_2026-09-11/03_INVESTIGATIONS/02_EXPANDED_ARCHIVES/DEMOCRACY_INFLUENCE_ALL_INVESTIGATIONS_2026-09-07/__NESTED_EXPANDED__/DEMOCRACY_INFLUENCE_ALL_INVESTIGATIONS_2026-09-07__99_SOURCE_BUNDLES__INV-145_BUNDLE/INV-145_RUN_HANDOFF.md,e1987224267601dc9d8ea84bbf33137cd9d2df7b0b348484cb26e7be6a085aee,03_INVESTIGATIONS/03_NORMALIZED_BY_ID/INV-145/INV-145_RUN_HANDOFF.md,DUPLICATE_SHA
INV-145,INV-145_INVESTIGATION.md,expanded:INV-145_BUNDLE.zip,/mnt/data/DEMOCRACY_INFLUENCE_MASTER_EVIDENCE_BUNDLE_2026-09-11/03_INVESTIGATIONS/02_EXPANDED_ARCHIVES/DEMOCRACY_INFLUENCE_ALL_INVESTIGATIONS_2026-09-07/__NESTED_EXPANDED__/DEMOCRACY_INFLUENCE_ALL_INVESTIGATIONS_2026-09-07__99_SOURCE_BUNDLES__INV-145_BUNDLE/INV-145_INVESTIGATION.md,2bc95a3d85ae5b0d7abda185b350067600ca3bd8e544d10a942f157940ac0c5a,03_INVESTIGATIONS/03_NORMALIZED_BY_ID/INV-145/INV-145_INVESTIGATION.md,DUPLICATE_SHA
INV-145,INV-145_NARRATIVE.tmp.md,expanded:INV-145_BUNDLE.zip,/mnt/data/DEMOCRACY_INFLUENCE_MASTER_EVIDENCE_BUNDLE_2026-09-11/03_INVESTIGATIONS/02_EXPANDED_ARCHIVES/DEMOCRACY_INFLUENCE_ALL_INVESTIGATIONS_2026-09-07/__NESTED_EXPANDED__/DEMOCRACY_INFLUENCE_ALL_INVESTIGATIONS_2026-09-07__99_SOURCE_BUNDLES__INV-145_BUNDLE/INV-145_NARRATIVE.tmp.md,9d35e65297f885ae9c5b11ca293652b0cd90aa92d8f10ecfcd0cdf9d93be82e4,03_INVESTIGATIONS/03_NORMALIZED_BY_ID/INV-145/INV-145_NARRATIVE.tmp.md,DUPLICATE_SHA
INV-134,INV-134_POST_RUN_REVIEW.md,expanded:INV-134_BUNDLE.zip,/mnt/data/DEMOCRACY_INFLUENCE_MASTER_EVIDENCE_BUNDLE_2026-09-11/03_INVESTIGATIONS/02_EXPANDED_ARCHIVES/DEMOCRACY_INFLUENCE_ALL_INVESTIGATIONS_2026-09-07/__NESTED_EXPANDED__/DEMOCRACY_INFLUENCE_ALL_INVESTIGATIONS_2026-09-07__99_SOURCE_BUNDLES__INV-134_BUNDLE/INV-134/control/INV-134_POST_RUN_REVIEW.md,bc893547b9cd5e3953859605b8c79b96a8fad8ce633122fe358ca3cf4b92fd6e,03_INVESTIGATIONS/03_NORMALIZED_BY_ID/INV-134/INV-134_POST_RUN_REVIEW.md,DUPLICATE_SHA
INV-134,INV-134_RUN_CARD.md,expanded:INV-134_BUNDLE.zip,/mnt/data/DEMOCRACY_INFLUENCE_MASTER_EVIDENCE_BUNDLE_2026-09-11/03_INVESTIGATIONS/02_EXPANDED_ARCHIVES/DEMOCRACY_INFLUENCE_ALL_INVESTIGATIONS_2026-09-07/__NESTED_EXPANDED__/DEMOCRACY_INFLUENCE_ALL_INVESTIGATIONS_2026-09-07__99_SOURCE_BUNDLES__INV-134_BUNDLE/INV-134/control/INV-134_RUN_CARD.md,785a52114285ad80ccf9bb44f8d39eea80e993e4a13bdd89b9669f85c42e0507,03_INVESTIGATIONS/03_NORMALIZED_BY_ID/INV-134/INV-134_RUN_CARD.md,DUPLICATE_SHA
INV-134,INV-134_RUN_HANDOFF.md,expanded:INV-134_BUNDLE.zip,/mnt/data/DEMOCRACY_INFLUENCE_MASTER_EVIDENCE_BUNDLE_2026-09-11/03_INVESTIGATIONS/02_EXPANDED_ARCHIVES/DEMOCRACY_INFLUENCE_ALL_INVESTIGATIONS_2026-09-07/__NESTED_EXPANDED__/DEMOCRACY_INFLUENCE_ALL_INVESTIGATIONS_2026-09-07__99_SOURCE_BUNDLES__INV-134_BUNDLE/INV-134/control/INV-134_RUN_HANDOFF.md,86ecbc873978c6a375d21dd9f145f299f2ba3edd8460615d040034b459e7cd6a,03_INVESTIGATIONS/03_NORMALIZED_BY_ID/INV-134/INV-134_RUN_HANDOFF.md,DUPLICATE_SHA
INV-134,INV-134_SHA256.txt,expanded:INV-134_BUNDLE.zip,/mnt/data/DEMOCRACY_INFLUENCE_MASTER_EVIDENCE_BUNDLE_2026-09-11/03_INVESTIGATIONS/02_EXPANDED_ARCHIVES/DEMOCRACY_INFLUENCE_ALL_INVESTIGATIONS_2026-09-07/__NESTED_EXPANDED__/DEMOCRACY_INFLUENCE_ALL_INVESTIGATIONS_2026-09-07__99_SOURCE_BUNDLES__INV-134_BUNDLE/INV-134/control/INV-134_SHA256.txt,9a058418ef7f5eb78149485273f41b971e047f0c485152fe09511fea91361c96,03_INVESTIGATIONS/03_NORMALIZED_BY_ID/INV-134/INV-134_SHA256.txt,DUPLICATE_SHA
INV-134,2026-09-06_18-05_attribution-ingerence_CERTIFICATION.json,expanded:INV-134_BUNDLE.zip,/mnt/data/DEMOCRACY_INFLUENCE_MASTER_EVIDENCE_BUNDLE_2026-09-11/03_INVESTIGATIONS/02_EXPANDED_ARCHIVES/DEMOCRACY_INFLUENCE_ALL_INVESTIGATIONS_2026-09-07/__NESTED_EXPANDED__/DEMOCRACY_INFLUENCE_ALL_INVESTIGATIONS_2026-09-07__99_SOURCE_BUNDLES__INV-134_BUNDLE/INV-134/truth-engine/2026-09-06_18-05_attribution-ingerence_CERTIFICATION.json,d0604957a408ea1f6dec5b7a28895e6962fd4cc94078158bde385760a11ddfe2,03_INVESTIGATIONS/03_NORMALIZED_BY_ID/INV-134/2026-09-06_18-05_attribution-ingerence_CERTIFICATION.json,DUPLICATE_SHA
INV-134,2026-09-06_18-05_attribution-ingerence_INVESTIGATION.md,expanded:INV-134_BUNDLE.zip,/mnt/data/DEMOCRACY_INFLUENCE_MASTER_EVIDENCE_BUNDLE_2026-09-11/03_INVESTIGATIONS/02_EXPANDED_ARCHIVES/DEMOCRACY_INFLUENCE_ALL_INVESTIGATIONS_2026-09-07/__NESTED_EXPANDED__/DEMOCRACY_INFLUENCE_ALL_INVESTIGATIONS_2026-09-07__99_SOURCE_BUNDLES__INV-134_BUNDLE/INV-134/truth-engine/2026-09-06_18-05_attribution-ingerence_INVESTIGATION.md,1af305d79fa8357672d05408c56994be5c20d640beee77929a4eed876eced56a,03_INVESTIGATIONS/03_NORMALIZED_BY_ID/INV-134/2026-09-06_18-05_attribution-ingerence_INVESTIGATION.md,DUPLICATE_SHA
INV-134,2026-09-06_18-05_attribution-ingerence_INPUT.txt,expanded:INV-134_BUNDLE.zip,/mnt/data/DEMOCRACY_INFLUENCE_MASTER_EVIDENCE_BUNDLE_2026-09-11/03_INVESTIGATIONS/02_EXPANDED_ARCHIVES/DEMOCRACY_INFLUENCE_ALL_INVESTIGATIONS_2026-09-07/__NESTED_EXPANDED__/DEMOCRACY_INFLUENCE_ALL_INVESTIGATIONS_2026-09-07__99_SOURCE_BUNDLES__INV-134_BUNDLE/INV-134/truth-engine/2026-09-06_18-05_attribution-ingerence_INPUT.txt,785a52114285ad80ccf9bb44f8d39eea80e993e4a13bdd89b9669f85c42e0507,03_INVESTIGATIONS/03_NORMALIZED_BY_ID/INV-134/INV-134_RUN_CARD.md,DUPLICATE_SHA
INV-134,2026-09-06_18-05_attribution-ingerence_RUN_STATE.json,expanded:INV-134_BUNDLE.zip,/mnt/data/DEMOCRACY_INFLUENCE_MASTER_EVIDENCE_BUNDLE_2026-09-11/03_INVESTIGATIONS/02_EXPANDED_ARCHIVES/DEMOCRACY_INFLUENCE_ALL_INVESTIGATIONS_2026-09-07/__NESTED_EXPANDED__/DEMOCRACY_INFLUENCE_ALL_INVESTIGATIONS_2026-09-07__99_SOURCE_BUNDLES__INV-134_BUNDLE/INV-134/truth-engine/2026-09-06_18-05_attribution-ingerence_RUN_STATE.json,d02ae6caec9ac1ae4ad552f72bc8b1bdda05cd1bad80983c0e79265cd4dd31c4,03_INVESTIGATIONS/03_NORMALIZED_BY_ID/INV-134/2026-09-06_18-05_attribution-ingerence_RUN_STATE.json,DUPLICATE_SHA
INV-134,2026-09-06_18-05_attribution-ingerence_NARRATIVE.tmp.md,expanded:INV-134_BUNDLE.zip,/mnt/data/DEMOCRACY_INFLUENCE_MASTER_EVIDENCE_BUNDLE_2026-09-11/03_INVESTIGATIONS/02_EXPANDED_ARCHIVES/DEMOCRACY_INFLUENCE_ALL_INVESTIGATIONS_2026-09-07/__NESTED_EXPANDED__/DEMOCRACY_INFLUENCE_ALL_INVESTIGATIONS_2026-09-07__99_SOURCE_BUNDLES__INV-134_BUNDLE/INV-134/truth-engine/2026-09-06_18-05_attribution-ingerence_NARRATIVE.tmp.md,45e7ee6b35902d0a9c877b0f5f48349464b2b7eae24565f1b66a8fd282286f06,03_INVESTIGATIONS/03_NORMALIZED_BY_ID/INV-134/2026-09-06_18-05_attribution-ingerence_NARRATIVE.tmp.md,DUPLICATE_SHA
INV-134,2026-09-06_18-05_attribution-ingerence_MNEMO_SNAPSHOT.json,expanded:INV-134_BUNDLE.zip,/mnt/data/DEMOCRACY_INFLUENCE_MASTER_EVIDENCE_BUNDLE_2026-09-11/03_INVESTIGATIONS/02_EXPANDED_ARCHIVES/DEMOCRACY_INFLUENCE_ALL_INVESTIGATIONS_2026-09-07/__NESTED_EXPANDED__/DEMOCRACY_INFLUENCE_ALL_INVESTIGATIONS_2026-09-07__99_SOURCE_BUNDLES__INV-134_BUNDLE/INV-134/truth-engine/2026-09-06_18-05_attribution-ingerence_MNEMO_SNAPSHOT.json,7baf5211ab0dce1d9fd8880289d9b281bd93e985b591c236f67d84ca02cb0522,03_INVESTIGATIONS/03_NORMALIZED_BY_ID/INV-134/2026-09-06_18-05_attribution-ingerence_MNEMO_SNAPSHOT.json,DUPLICATE_SHA
INV-137,INV-137_POST_RUN_REVIEW.md,expanded:INV-137_BUNDLE.zip,/mnt/data/DEMOCRACY_INFLUENCE_MASTER_EVIDENCE_BUNDLE_2026-09-11/03_INVESTIGATIONS/02_EXPANDED_ARCHIVES/DEMOCRACY_INFLUENCE_ALL_INVESTIGATIONS_2026-09-07/__NESTED_EXPANDED__/DEMOCRACY_INFLUENCE_ALL_INVESTIGATIONS_2026-09-07__99_SOURCE_BUNDLES__INV-137_BUNDLE/INV-137/control/INV-137_POST_RUN_REVIEW.md,49a2303be32c068d326ad63b90844146cd38a5577c267f77814e3945e41b95bd,03_INVESTIGATIONS/03_NORMALIZED_BY_ID/INV-137/INV-137_POST_RUN_REVIEW.md,DUPLICATE_SHA
INV-137,DASHBOARD.md,expanded:INV-137_BUNDLE.zip,/mnt/data/DEMOCRACY_INFLUENCE_MASTER_EVIDENCE_BUNDLE_2026-09-11/03_INVESTIGATIONS/02_EXPANDED_ARCHIVES/DEMOCRACY_INFLUENCE_ALL_INVESTIGATIONS_2026-09-07/__NESTED_EXPANDED__/DEMOCRACY_INFLUENCE_ALL_INVESTIGATIONS_2026-09-07__99_SOURCE_BUNDLES__INV-137_BUNDLE/INV-137/control/DASHBOARD.md,df38dd982493d465ba94dac2de40d133b48e84d1b91b8fa75b09118a50322624,03_INVESTIGATIONS/03_NORMALIZED_BY_ID/INV-137/DASHBOARD.md,DUPLICATE_SHA
INV-137,INVESTIGATION_REGISTRY.csv,expanded:INV-137_BUNDLE.zip,/mnt/data/DEMOCRACY_INFLUENCE_MASTER_EVIDENCE_BUNDLE_2026-09-11/03_INVESTIGATIONS/02_EXPANDED_ARCHIVES/DEMOCRACY_INFLUENCE_ALL_INVESTIGATIONS_2026-09-07/__NESTED_EXPANDED__/DEMOCRACY_INFLUENCE_ALL_INVESTIGATIONS_2026-09-07__99_SOURCE_BUNDLES__INV-137_BUNDLE/INV-137/control/INVESTIGATION_REGISTRY.csv,516b4e2983457004c3a7314bd15cb43cfbf9978cf50b7767f16fc9d6dfcc32de,03_INVESTIGATIONS/03_NORMALIZED_BY_ID/INV-137/INVESTIGATION_REGISTRY.csv,DUPLICATE_SHA
INV-137,TRACELOG.md,expanded:INV-137_BUNDLE.zip,/mnt/data/DEMOCRACY_INFLUENCE_MASTER_EVIDENCE_BUNDLE_2026-09-11/03_INVESTIGATIONS/02_EXPANDED_ARCHIVES/DEMOCRACY_INFLUENCE_ALL_INVESTIGATIONS_2026-09-07/__NESTED_EXPANDED__/DEMOCRACY_INFLUENCE_ALL_INVESTIGATIONS_2026-09-07__99_SOURCE_BUNDLES__INV-137_BUNDLE/INV-137/control/TRACELOG.md,76f87b23b8727449a7538348f30001839b16a7dd1b84ded4b8a5a22bb79b40cc,03_INVESTIGATIONS/03_NORMALIZED_BY_ID/INV-137/TRACELOG.md,DUPLICATE_SHA
INV-137,INV-137_RUN_HANDOFF.md,expanded:INV-137_BUNDLE.zip,/mnt/data/DEMOCRACY_INFLUENCE_MASTER_EVIDENCE_BUNDLE_2026-09-11/03_INVESTIGATIONS/02_EXPANDED_ARCHIVES/DEMOCRACY_INFLUENCE_ALL_INVESTIGATIONS_2026-09-07/__NESTED_EXPANDED__/DEMOCRACY_INFLUENCE_ALL_INVESTIGATIONS_2026-09-07__99_SOURCE_BUNDLES__INV-137_BUNDLE/INV-137/control/INV-137_RUN_HANDOFF.md,ffe90b6162ddec2d94bd84cf90fadaa18829b18ff6ce03c6f32970ea9092a85f,03_INVESTIGATIONS/03_NORMALIZED_BY_ID/INV-137/INV-137_RUN_HANDOFF.md,DUPLICATE_SHA
INV-137,METHOD_PACK.md,expanded:INV-137_BUNDLE.zip,/mnt/data/DEMOCRACY_INFLUENCE_MASTER_EVIDENCE_BUNDLE_2026-09-11/03_INVESTIGATIONS/02_EXPANDED_ARCHIVES/DEMOCRACY_INFLUENCE_ALL_INVESTIGATIONS_2026-09-07/__NESTED_EXPANDED__/DEMOCRACY_INFLUENCE_ALL_INVESTIGATIONS_2026-09-07__99_SOURCE_BUNDLES__INV-137_BUNDLE/INV-137/control/METHOD_PACK.md,2b82f9e415b739e16252f845910c7d4b91600446e2e1d5010d3c4e14fa06635c,03_INVESTIGATIONS/03_NORMALIZED_BY_ID/INV-137/METHOD_PACK.md,DUPLICATE_SHA
INV-137,INV-137_RUN_CARD.md,expanded:INV-137_BUNDLE.zip,/mnt/data/DEMOCRACY_INFLUENCE_MASTER_EVIDENCE_BUNDLE_2026-09-11/03_INVESTIGATIONS/02_EXPANDED_ARCHIVES/DEMOCRACY_INFLUENCE_ALL_INVESTIGATIONS_2026-09-07/__NESTED_EXPANDED__/DEMOCRACY_INFLUENCE_ALL_INVESTIGATIONS_2026-09-07__99_SOURCE_BUNDLES__INV-137_BUNDLE/INV-137/control/INV-137_RUN_CARD.md,f16c6d16732be42fc4b1c6ed007be384d283dc13f58161a4f966140218c43218,03_INVESTIGATIONS/03_NORMALIZED_BY_ID/INV-137/INV-137_RUN_CARD.md,DUPLICATE_SHA
INV-137,INV-137_SHA256.txt,expanded:INV-137_BUNDLE.zip,/mnt/data/DEMOCRACY_INFLUENCE_MASTER_EVIDENCE_BUNDLE_2026-09-11/03_INVESTIGATIONS/02_EXPANDED_ARCHIVES/DEMOCRACY_INFLUENCE_ALL_INVESTIGATIONS_2026-09-07/__NESTED_EXPANDED__/DEMOCRACY_INFLUENCE_ALL_INVESTIGATIONS_2026-09-07__99_SOURCE_BUNDLES__INV-137_BUNDLE/INV-137/control/INV-137_SHA256.txt,99e1aa3d78a36726da49ae3e64419eda31c69a880ead0812579d5607ed1b5dfd,03_INVESTIGATIONS/03_NORMALIZED_BY_ID/INV-137/INV-137_SHA256.txt,DUPLICATE_SHA
INV-137,2026-09-06_20-25_renseignement-executif-medias_INVESTIGATION.md,expanded:INV-137_BUNDLE.zip,/mnt/data/DEMOCRACY_INFLUENCE_MASTER_EVIDENCE_BUNDLE_2026-09-11/03_INVESTIGATIONS/02_EXPANDED_ARCHIVES/DEMOCRACY_INFLUENCE_ALL_INVESTIGATIONS_2026-09-07/__NESTED_EXPANDED__/DEMOCRACY_INFLUENCE_ALL_INVESTIGATIONS_2026-09-07__99_SOURCE_BUNDLES__INV-137_BUNDLE/INV-137/truth-engine/2026-09-06_20-25_renseignement-executif-medias_INVESTIGATION.md,8dc049a5ba14faa972fd2db9f3aca2d8eeedf2954fc085900b51a4a5db92ee04,03_INVESTIGATIONS/03_NORMALIZED_BY_ID/INV-137/2026-09-06_20-25_renseignement-executif-medias_INVESTIGATION.md,DUPLICATE_SHA
INV-137,2026-09-06_20-25_renseignement-executif-medias_RUN_STATE.json,expanded:INV-137_BUNDLE.zip,/mnt/data/DEMOCRACY_INFLUENCE_MASTER_EVIDENCE_BUNDLE_2026-09-11/03_INVESTIGATIONS/02_EXPANDED_ARCHIVES/DEMOCRACY_INFLUENCE_ALL_INVESTIGATIONS_2026-09-07/__NESTED_EXPANDED__/DEMOCRACY_INFLUENCE_ALL_INVESTIGATIONS_2026-09-07__99_SOURCE_BUNDLES__INV-137_BUNDLE/INV-137/truth-engine/2026-09-06_20-25_renseignement-executif-medias_RUN_STATE.json,57518a4fbfef88be2e13945c70af57100614e2a7045391896706568af076287a,03_INVESTIGATIONS/03_NORMALIZED_BY_ID/INV-137/2026-09-06_20-25_renseignement-executif-medias_RUN_STATE.json,DUPLICATE_SHA
INV-137,2026-09-06_20-25_renseignement-executif-medias_MNEMO_SNAPSHOT.json,expanded:INV-137_BUNDLE.zip,/mnt/data/DEMOCRACY_INFLUENCE_MASTER_EVIDENCE_BUNDLE_2026-09-11/03_INVESTIGATIONS/02_EXPANDED_ARCHIVES/DEMOCRACY_INFLUENCE_ALL_INVESTIGATIONS_2026-09-07/__NESTED_EXPANDED__/DEMOCRACY_INFLUENCE_ALL_INVESTIGATIONS_2026-09-07__99_SOURCE_BUNDLES__INV-137_BUNDLE/INV-137/truth-engine/2026-09-06_20-25_renseignement-executif-medias_MNEMO_SNAPSHOT.json,4f4b0ff325821e1e36e4dc3606c8d88527dccb152777a0f3fc446f3ad091816c,03_INVESTIGATIONS/03_NORMALIZED_BY_ID/INV-137/2026-09-06_20-25_renseignement-executif-medias_MNEMO_SNAPSHOT.json,DUPLICATE_SHA
INV-137,2026-09-06_20-25_renseignement-executif-medias_INPUT.md,expanded:INV-137_BUNDLE.zip,/mnt/data/DEMOCRACY_INFLUENCE_MASTER_EVIDENCE_BUNDLE_2026-09-11/03_INVESTIGATIONS/02_EXPANDED_ARCHIVES/DEMOCRACY_INFLUENCE_ALL_INVESTIGATIONS_2026-09-07/__NESTED_EXPANDED__/DEMOCRACY_INFLUENCE_ALL_INVESTIGATIONS_2026-09-07__99_SOURCE_BUNDLES__INV-137_BUNDLE/INV-137/truth-engine/2026-09-06_20-25_renseignement-executif-medias_INPUT.md,f16c6d16732be42fc4b1c6ed007be384d283dc13f58161a4f966140218c43218,03_INVESTIGATIONS/03_NORMALIZED_BY_ID/INV-137/INV-137_RUN_CARD.md,DUPLICATE_SHA
INV-137,2026-09-06_20-25_renseignement-executif-medias_CERTIFICATION.json,expanded:INV-137_BUNDLE.zip,/mnt/data/DEMOCRACY_INFLUENCE_MASTER_EVIDENCE_BUNDLE_2026-09-11/03_INVESTIGATIONS/02_EXPANDED_ARCHIVES/DEMOCRACY_INFLUENCE_ALL_INVESTIGATIONS_2026-09-07/__NESTED_EXPANDED__/DEMOCRACY_INFLUENCE_ALL_INVESTIGATIONS_2026-09-07__99_SOURCE_BUNDLES__INV-137_BUNDLE/INV-137/truth-engine/2026-09-06_20-25_renseignement-executif-medias_CERTIFICATION.json,b94dd4354291538dc54d0c37a306b9d29d1657cc5503748bb0c79b8e40dde256,03_INVESTIGATIONS/03_NORMALIZED_BY_ID/INV-137/2026-09-06_20-25_renseignement-executif-medias_CERTIFICATION.json,DUPLICATE_SHA
INV-137,2026-09-06_20-25_renseignement-executif-medias_NARRATIVE.tmp.md,expanded:INV-137_BUNDLE.zip,/mnt/data/DEMOCRACY_INFLUENCE_MASTER_EVIDENCE_BUNDLE_2026-09-11/03_INVESTIGATIONS/02_EXPANDED_ARCHIVES/DEMOCRACY_INFLUENCE_ALL_INVESTIGATIONS_2026-09-07/__NESTED_EXPANDED__/DEMOCRACY_INFLUENCE_ALL_INVESTIGATIONS_2026-09-07__99_SOURCE_BUNDLES__INV-137_BUNDLE/INV-137/truth-engine/2026-09-06_20-25_renseignement-executif-medias_NARRATIVE.tmp.md,f43d9582377230e9d09a0f33b5d3dec6379fccd21e9d12bae54f2c73f737183d,03_INVESTIGATIONS/03_NORMALIZED_BY_ID/INV-137/2026-09-06_20-25_renseignement-executif-medias_NARRATIVE.tmp.md,DUPLICATE_SHA
INV-100,INV-100_MNEMO_SNAPSHOT.json,expanded:INV-100_BUNDLE.zip,/mnt/data/DEMOCRACY_INFLUENCE_MASTER_EVIDENCE_BUNDLE_2026-09-11/03_INVESTIGATIONS/02_EXPANDED_ARCHIVES/DEMOCRACY_INFLUENCE_ALL_INVESTIGATIONS_2026-09-07/__NESTED_EXPANDED__/DEMOCRACY_INFLUENCE_ALL_INVESTIGATIONS_2026-09-07__99_SOURCE_BUNDLES__INV-100_BUNDLE/INV-100_MNEMO_SNAPSHOT.json,05efc4c9cbb536da523e1da936d7ab1d36e31fe2b2750f9331628f1bd45db436,03_INVESTIGATIONS/03_NORMALIZED_BY_ID/INV-100/INV-100_MNEMO_SNAPSHOT.json,DUPLICATE_SHA
INV-100,INV-100_RUN_HANDOFF.md,expanded:INV-100_BUNDLE.zip,/mnt/data/DEMOCRACY_INFLUENCE_MASTER_EVIDENCE_BUNDLE_2026-09-11/03_INVESTIGATIONS/02_EXPANDED_ARCHIVES/DEMOCRACY_INFLUENCE_ALL_INVESTIGATIONS_2026-09-07/__NESTED_EXPANDED__/DEMOCRACY_INFLUENCE_ALL_INVESTIGATIONS_2026-09-07__99_SOURCE_BUNDLES__INV-100_BUNDLE/INV-100_RUN_HANDOFF.md,aa8fb0bf28eb888c88e5c913703a9e5d008ab7dc73bd3e052e193dc98bd385e6,03_INVESTIGATIONS/03_NORMALIZED_BY_ID/INV-100/INV-100_RUN_HANDOFF.md,DUPLICATE_SHA
INV-100,INV-100_CERTIFICATION.json,expanded:INV-100_BUNDLE.zip,/mnt/data/DEMOCRACY_INFLUENCE_MASTER_EVIDENCE_BUNDLE_2026-09-11/03_INVESTIGATIONS/02_EXPANDED_ARCHIVES/DEMOCRACY_INFLUENCE_ALL_INVESTIGATIONS_2026-09-07/__NESTED_EXPANDED__/DEMOCRACY_INFLUENCE_ALL_INVESTIGATIONS_2026-09-07__99_SOURCE_BUNDLES__INV-100_BUNDLE/INV-100_CERTIFICATION.json,cc5306de0e1ecfcf76b061cf7efeb91914f2741cbd58c9ce51f80a84122bd966,03_INVESTIGATIONS/03_NORMALIZED_BY_ID/INV-100/INV-100_CERTIFICATION.json,DUPLICATE_SHA
INV-100,INV-100_NARRATIVE.tmp.md,expanded:INV-100_BUNDLE.zip,/mnt/data/DEMOCRACY_INFLUENCE_MASTER_EVIDENCE_BUNDLE_2026-09-11/03_INVESTIGATIONS/02_EXPANDED_ARCHIVES/DEMOCRACY_INFLUENCE_ALL_INVESTIGATIONS_2026-09-07/__NESTED_EXPANDED__/DEMOCRACY_INFLUENCE_ALL_INVESTIGATIONS_2026-09-07__99_SOURCE_BUNDLES__INV-100_BUNDLE/INV-100_NARRATIVE.tmp.md,d5141bb4c515fcc9edd9fc6216858f29a433a050f30b14d33684231fe08bd526,03_INVESTIGATIONS/03_NORMALIZED_BY_ID/INV-100/INV-100_NARRATIVE.tmp.md,DUPLICATE_SHA
INV-100,INV-100_RUN_STATE.json,expanded:INV-100_BUNDLE.zip,/mnt/data/DEMOCRACY_INFLUENCE_MASTER_EVIDENCE_BUNDLE_2026-09-11/03_INVESTIGATIONS/02_EXPANDED_ARCHIVES/DEMOCRACY_INFLUENCE_ALL_INVESTIGATIONS_2026-09-07/__NESTED_EXPANDED__/DEMOCRACY_INFLUENCE_ALL_INVESTIGATIONS_2026-09-07__99_SOURCE_BUNDLES__INV-100_BUNDLE/INV-100_RUN_STATE.json,e7f622a0ecac98a16e3ce093bb8af8c72111f6027f45bc2138953f8de10cc95f,03_INVESTIGATIONS/03_NORMALIZED_BY_ID/INV-100/INV-100_RUN_STATE.json,DUPLICATE_SHA
INV-100,INV-100_DELIVERY_GATE.json,expanded:INV-100_BUNDLE.zip,/mnt/data/DEMOCRACY_INFLUENCE_MASTER_EVIDENCE_BUNDLE_2026-09-11/03_INVESTIGATIONS/02_EXPANDED_ARCHIVES/DEMOCRACY_INFLUENCE_ALL_INVESTIGATIONS_2026-09-07/__NESTED_EXPANDED__/DEMOCRACY_INFLUENCE_ALL_INVESTIGATIONS_2026-09-07__99_SOURCE_BUNDLES__INV-100_BUNDLE/INV-100_DELIVERY_GATE.json,f5536c5ca3824bba14a328f5a836f7015eb2350e98afbac9f2e1ed9bab279240,03_INVESTIGATIONS/03_NORMALIZED_BY_ID/INV-100/INV-100_DELIVERY_GATE.json,DUPLICATE_SHA
INV-100,INV-100_POST_RUN_REVIEW.md,expanded:INV-100_BUNDLE.zip,/mnt/data/DEMOCRACY_INFLUENCE_MASTER_EVIDENCE_BUNDLE_2026-09-11/03_INVESTIGATIONS/02_EXPANDED_ARCHIVES/DEMOCRACY_INFLUENCE_ALL_INVESTIGATIONS_2026-09-07/__NESTED_EXPANDED__/DEMOCRACY_INFLUENCE_ALL_INVESTIGATIONS_2026-09-07__99_SOURCE_BUNDLES__INV-100_BUNDLE/INV-100_POST_RUN_REVIEW.md,a50e6f5a148acdeae5c2c5a0e04eed9ccd63acee48467ec5836721803f06debf,03_INVESTIGATIONS/03_NORMALIZED_BY_ID/INV-100/INV-100_POST_RUN_REVIEW.md,DUPLICATE_SHA
INV-100,INV-100_PRE_GATE.json,expanded:INV-100_BUNDLE.zip,/mnt/data/DEMOCRACY_INFLUENCE_MASTER_EVIDENCE_BUNDLE_2026-09-11/03_INVESTIGATIONS/02_EXPANDED_ARCHIVES/DEMOCRACY_INFLUENCE_ALL_INVESTIGATIONS_2026-09-07/__NESTED_EXPANDED__/DEMOCRACY_INFLUENCE_ALL_INVESTIGATIONS_2026-09-07__99_SOURCE_BUNDLES__INV-100_BUNDLE/INV-100_PRE_GATE.json,4597b27cbc85db4734b856a46119824c9ccd3a017448b9907339262ad54fb4f3,03_INVESTIGATIONS/03_NORMALIZED_BY_ID/INV-100/INV-100_PRE_GATE.json,DUPLICATE_SHA
INV-100,INV-100_RUN_CARD.md,expanded:INV-100_BUNDLE.zip,/mnt/data/DEMOCRACY_INFLUENCE_MASTER_EVIDENCE_BUNDLE_2026-09-11/03_INVESTIGATIONS/02_EXPANDED_ARCHIVES/DEMOCRACY_INFLUENCE_ALL_INVESTIGATIONS_2026-09-07/__NESTED_EXPANDED__/DEMOCRACY_INFLUENCE_ALL_INVESTIGATIONS_2026-09-07__99_SOURCE_BUNDLES__INV-100_BUNDLE/INV-100_RUN_CARD.md,b2cb293b8a8f4df17a11640248479e706c08517230c798b1222522fb2c3f4c4e,03_INVESTIGATIONS/03_NORMALIZED_BY_ID/INV-100/INV-100_RUN_CARD.md,DUPLICATE_SHA
INV-100,INV-100_SHA256.txt,expanded:INV-100_BUNDLE.zip,/mnt/data/DEMOCRACY_INFLUENCE_MASTER_EVIDENCE_BUNDLE_2026-09-11/03_INVESTIGATIONS/02_EXPANDED_ARCHIVES/DEMOCRACY_INFLUENCE_ALL_INVESTIGATIONS_2026-09-07/__NESTED_EXPANDED__/DEMOCRACY_INFLUENCE_ALL_INVESTIGATIONS_2026-09-07__99_SOURCE_BUNDLES__INV-100_BUNDLE/INV-100_SHA256.txt,009d4a9c050ea0495718a50f79cd7aa3b369a495449ddd63a930432adcd98378,03_INVESTIGATIONS/03_NORMALIZED_BY_ID/INV-100/INV-100_SHA256.txt,DUPLICATE_SHA
INV-100,INV-100_INPUT.txt,expanded:INV-100_BUNDLE.zip,/mnt/data/DEMOCRACY_INFLUENCE_MASTER_EVIDENCE_BUNDLE_2026-09-11/03_INVESTIGATIONS/02_EXPANDED_ARCHIVES/DEMOCRACY_INFLUENCE_ALL_INVESTIGATIONS_2026-09-07/__NESTED_EXPANDED__/DEMOCRACY_INFLUENCE_ALL_INVESTIGATIONS_2026-09-07__99_SOURCE_BUNDLES__INV-100_BUNDLE/INV-100_INPUT.txt,b2cb293b8a8f4df17a11640248479e706c08517230c798b1222522fb2c3f4c4e,03_INVESTIGATIONS/03_NORMALIZED_BY_ID/INV-100/INV-100_RUN_CARD.md,DUPLICATE_SHA
INV-100,INV-100_INVESTIGATION.md,expanded:INV-100_BUNDLE.zip,/mnt/data/DEMOCRACY_INFLUENCE_MASTER_EVIDENCE_BUNDLE_2026-09-11/03_INVESTIGATIONS/02_EXPANDED_ARCHIVES/DEMOCRACY_INFLUENCE_ALL_INVESTIGATIONS_2026-09-07/__NESTED_EXPANDED__/DEMOCRACY_INFLUENCE_ALL_INVESTIGATIONS_2026-09-07__99_SOURCE_BUNDLES__INV-100_BUNDLE/INV-100_INVESTIGATION.md,12a9cb06c54fbab16dba416a39b4c1e1355d76c67a492da577bdffb117e0d39e,03_INVESTIGATIONS/03_NORMALIZED_BY_ID/INV-100/INV-100_INVESTIGATION.md,DUPLICATE_SHA
INV-093,INV-093_INPUT.txt,expanded:INV-093_BUNDLE.zip,/mnt/data/DEMOCRACY_INFLUENCE_MASTER_EVIDENCE_BUNDLE_2026-09-11/03_INVESTIGATIONS/02_EXPANDED_ARCHIVES/DEMOCRACY_INFLUENCE_ALL_INVESTIGATIONS_2026-09-07/__NESTED_EXPANDED__/DEMOCRACY_INFLUENCE_ALL_INVESTIGATIONS_2026-09-07__99_SOURCE_BUNDLES__INV-093_BUNDLE/INV-093_INPUT.txt,1024cec0816e579bf11b7c97fb511042c3dff509de0a1118bfb765938a48563e,03_INVESTIGATIONS/03_NORMALIZED_BY_ID/INV-093/INV-093_INPUT.txt,DUPLICATE_SHA
INV-093,INV-093_RUN_HANDOFF.md,expanded:INV-093_BUNDLE.zip,/mnt/data/DEMOCRACY_INFLUENCE_MASTER_EVIDENCE_BUNDLE_2026-09-11/03_INVESTIGATIONS/02_EXPANDED_ARCHIVES/DEMOCRACY_INFLUENCE_ALL_INVESTIGATIONS_2026-09-07/__NESTED_EXPANDED__/DEMOCRACY_INFLUENCE_ALL_INVESTIGATIONS_2026-09-07__99_SOURCE_BUNDLES__INV-093_BUNDLE/INV-093_RUN_HANDOFF.md,0b0feab1eab4df6e1799ac2bb16b7ad0d89bbfd9130fa886690c1e4c19c1b3d5,03_INVESTIGATIONS/03_NORMALIZED_BY_ID/INV-093/INV-093_RUN_HANDOFF.md,DUPLICATE_SHA
INV-093,INV-093_RUN_CARD.md,expanded:INV-093_BUNDLE.zip,/mnt/data/DEMOCRACY_INFLUENCE_MASTER_EVIDENCE_BUNDLE_2026-09-11/03_INVESTIGATIONS/02_EXPANDED_ARCHIVES/DEMOCRACY_INFLUENCE_ALL_INVESTIGATIONS_2026-09-07/__NESTED_EXPANDED__/DEMOCRACY_INFLUENCE_ALL_INVESTIGATIONS_2026-09-07__99_SOURCE_BUNDLES__INV-093_BUNDLE/INV-093_RUN_CARD.md,1024cec0816e579bf11b7c97fb511042c3dff509de0a1118bfb765938a48563e,03_INVESTIGATIONS/03_NORMALIZED_BY_ID/INV-093/INV-093_INPUT.txt,DUPLICATE_SHA
INV-093,INV-093_MNEMO_SNAPSHOT.json,expanded:INV-093_BUNDLE.zip,/mnt/data/DEMOCRACY_INFLUENCE_MASTER_EVIDENCE_BUNDLE_2026-09-11/03_INVESTIGATIONS/02_EXPANDED_ARCHIVES/DEMOCRACY_INFLUENCE_ALL_INVESTIGATIONS_2026-09-07/__NESTED_EXPANDED__/DEMOCRACY_INFLUENCE_ALL_INVESTIGATIONS_2026-09-07__99_SOURCE_BUNDLES__INV-093_BUNDLE/INV-093_MNEMO_SNAPSHOT.json,28c3d83676e4525d372d967b1da87adf23e70b416d5c0c89541cb3242e93bbad,03_INVESTIGATIONS/03_NORMALIZED_BY_ID/INV-093/INV-093_MNEMO_SNAPSHOT.json,DUPLICATE_SHA
INV-093,INV-093_POST_RUN_REVIEW.md,expanded:INV-093_BUNDLE.zip,/mnt/data/DEMOCRACY_INFLUENCE_MASTER_EVIDENCE_BUNDLE_2026-09-11/03_INVESTIGATIONS/02_EXPANDED_ARCHIVES/DEMOCRACY_INFLUENCE_ALL_INVESTIGATIONS_2026-09-07/__NESTED_EXPANDED__/DEMOCRACY_INFLUENCE_ALL_INVESTIGATIONS_2026-09-07__99_SOURCE_BUNDLES__INV-093_BUNDLE/INV-093_POST_RUN_REVIEW.md,876a0994c8a2c74847f6f977f44d8ac933f7319f099a45f2bd1a63291d4f62fe,03_INVESTIGATIONS/03_NORMALIZED_BY_ID/INV-093/INV-093_POST_RUN_REVIEW.md,DUPLICATE_SHA
INV-093,INV-093_SHA256.txt,expanded:INV-093_BUNDLE.zip,/mnt/data/DEMOCRACY_INFLUENCE_MASTER_EVIDENCE_BUNDLE_2026-09-11/03_INVESTIGATIONS/02_EXPANDED_ARCHIVES/DEMOCRACY_INFLUENCE_ALL_INVESTIGATIONS_2026-09-07/__NESTED_EXPANDED__/DEMOCRACY_INFLUENCE_ALL_INVESTIGATIONS_2026-09-07__99_SOURCE_BUNDLES__INV-093_BUNDLE/INV-093_SHA256.txt,10703300fc1aac0fa5597dd74df99fa43f9b2e601e8aeb07acc4173265d7dd94,03_INVESTIGATIONS/03_NORMALIZED_BY_ID/INV-093/INV-093_SHA256.txt,DUPLICATE_SHA
INV-093,INV-093_INVESTIGATION.md,expanded:INV-093_BUNDLE.zip,/mnt/data/DEMOCRACY_INFLUENCE_MASTER_EVIDENCE_BUNDLE_2026-09-11/03_INVESTIGATIONS/02_EXPANDED_ARCHIVES/DEMOCRACY_INFLUENCE_ALL_INVESTIGATIONS_2026-09-07/__NESTED_EXPANDED__/DEMOCRACY_INFLUENCE_ALL_INVESTIGATIONS_2026-09-07__99_SOURCE_BUNDLES__INV-093_BUNDLE/INV-093_INVESTIGATION.md,550bb01304486c054564e48da1a4482ac937e1e00f2865a2acec21a5f167d393,03_INVESTIGATIONS/03_NORMALIZED_BY_ID/INV-093/INV-093_INVESTIGATION.md,DUPLICATE_SHA
INV-093,INV-093_NARRATIVE.tmp.md,expanded:INV-093_BUNDLE.zip,/mnt/data/DEMOCRACY_INFLUENCE_MASTER_EVIDENCE_BUNDLE_2026-09-11/03_INVESTIGATIONS/02_EXPANDED_ARCHIVES/DEMOCRACY_INFLUENCE_ALL_INVESTIGATIONS_2026-09-07/__NESTED_EXPANDED__/DEMOCRACY_INFLUENCE_ALL_INVESTIGATIONS_2026-09-07__99_SOURCE_BUNDLES__INV-093_BUNDLE/INV-093_NARRATIVE.tmp.md,5f1ffe830d7cec97e1f7c0bcf8ed98210bbae07925a49781184a9aed4a3f0272,03_INVESTIGATIONS/03_NORMALIZED_BY_ID/INV-093/INV-093_NARRATIVE.tmp.md,DUPLICATE_SHA
INV-093,INV-093_RUN_STATE.json,expanded:INV-093_BUNDLE.zip,/mnt/data/DEMOCRACY_INFLUENCE_MASTER_EVIDENCE_BUNDLE_2026-09-11/03_INVESTIGATIONS/02_EXPANDED_ARCHIVES/DEMOCRACY_INFLUENCE_ALL_INVESTIGATIONS_2026-09-07/__NESTED_EXPANDED__/DEMOCRACY_INFLUENCE_ALL_INVESTIGATIONS_2026-09-07__99_SOURCE_BUNDLES__INV-093_BUNDLE/INV-093_RUN_STATE.json,7f507d93ddeddbcf0c7825f19dd1b7b089126219906894efa2533cd635c13fb8,03_INVESTIGATIONS/03_NORMALIZED_BY_ID/INV-093/INV-093_RUN_STATE.json,DUPLICATE_SHA
INV-093,INV-093_PRE_GATE.log,expanded:INV-093_BUNDLE.zip,/mnt/data/DEMOCRACY_INFLUENCE_MASTER_EVIDENCE_BUNDLE_2026-09-11/03_INVESTIGATIONS/02_EXPANDED_ARCHIVES/DEMOCRACY_INFLUENCE_ALL_INVESTIGATIONS_2026-09-07/__NESTED_EXPANDED__/DEMOCRACY_INFLUENCE_ALL_INVESTIGATIONS_2026-09-07__99_SOURCE_BUNDLES__INV-093_BUNDLE/INV-093_PRE_GATE.log,b233dacaaf8e5fa54b1dc3b519b7cd525652115f8137c4748d4db6d22db2d3b6,03_INVESTIGATIONS/03_NORMALIZED_BY_ID/INV-093/INV-093_PRE_GATE.log,DUPLICATE_SHA
INV-093,INV-093_DELIVERY_GATE.log,expanded:INV-093_BUNDLE.zip,/mnt/data/DEMOCRACY_INFLUENCE_MASTER_EVIDENCE_BUNDLE_2026-09-11/03_INVESTIGATIONS/02_EXPANDED_ARCHIVES/DEMOCRACY_INFLUENCE_ALL_INVESTIGATIONS_2026-09-07/__NESTED_EXPANDED__/DEMOCRACY_INFLUENCE_ALL_INVESTIGATIONS_2026-09-07__99_SOURCE_BUNDLES__INV-093_BUNDLE/INV-093_DELIVERY_GATE.log,6eec8b50603aa6412e3061ca093d6a5802c89d4354caa9f175b7eb7b6ea410bc,03_INVESTIGATIONS/03_NORMALIZED_BY_ID/INV-093/INV-093_DELIVERY_GATE.log,DUPLICATE_SHA
INV-093,INV-093_CERTIFICATION.json,expanded:INV-093_BUNDLE.zip,/mnt/data/DEMOCRACY_INFLUENCE_MASTER_EVIDENCE_BUNDLE_2026-09-11/03_INVESTIGATIONS/02_EXPANDED_ARCHIVES/DEMOCRACY_INFLUENCE_ALL_INVESTIGATIONS_2026-09-07/__NESTED_EXPANDED__/DEMOCRACY_INFLUENCE_ALL_INVESTIGATIONS_2026-09-07__99_SOURCE_BUNDLES__INV-093_BUNDLE/INV-093_CERTIFICATION.json,6eec8b50603aa6412e3061ca093d6a5802c89d4354caa9f175b7eb7b6ea410bc,03_INVESTIGATIONS/03_NORMALIZED_BY_ID/INV-093/INV-093_DELIVERY_GATE.log,DUPLICATE_SHA
INV-022,2026-09-06_10-57_russie-operations-influence-france_RUN_STATE.json,expanded:INV-022_R3_CANONICAL_6_FILES.zip,/mnt/data/DEMOCRACY_INFLUENCE_MASTER_EVIDENCE_BUNDLE_2026-09-11/03_INVESTIGATIONS/02_EXPANDED_ARCHIVES/DEMOCRACY_INFLUENCE_ALL_INVESTIGATIONS_2026-09-07/__NESTED_EXPANDED__/DEMOCRACY_INFLUENCE_ALL_INVESTIGATIONS_2026-09-07__99_SOURCE_BUNDLES__INV-022_R3_CANONICAL_6_FILES/2026-09-06_10-57_russie-operations-influence-france_RUN_STATE.json,b639fb372d9599c675dbb4e2821fa3c6e66573be303f66297935db385e17662e,03_INVESTIGATIONS/03_NORMALIZED_BY_ID/INV-022/2026-09-06_10-57_russie-operations-influence-france_RUN_STATE.json,DUPLICATE_SHA
INV-022,2026-09-06_10-57_russie-operations-influence-france_INPUT.txt,expanded:INV-022_R3_CANONICAL_6_FILES.zip,/mnt/data/DEMOCRACY_INFLUENCE_MASTER_EVIDENCE_BUNDLE_2026-09-11/03_INVESTIGATIONS/02_EXPANDED_ARCHIVES/DEMOCRACY_INFLUENCE_ALL_INVESTIGATIONS_2026-09-07/__NESTED_EXPANDED__/DEMOCRACY_INFLUENCE_ALL_INVESTIGATIONS_2026-09-07__99_SOURCE_BUNDLES__INV-022_R3_CANONICAL_6_FILES/2026-09-06_10-57_russie-operations-influence-france_INPUT.txt,b4582f7330c39e3a47f6aa7512bfb623ddea7e7e3dd046421e246631a29e05f4,03_INVESTIGATIONS/03_NORMALIZED_BY_ID/INV-022/2026-09-06_10-57_russie-operations-influence-france_INPUT.txt,DUPLICATE_SHA
INV-022,2026-09-06_10-57_russie-operations-influence-france_NARRATIVE.tmp.md,expanded:INV-022_R3_CANONICAL_6_FILES.zip,/mnt/data/DEMOCRACY_INFLUENCE_MASTER_EVIDENCE_BUNDLE_2026-09-11/03_INVESTIGATIONS/02_EXPANDED_ARCHIVES/DEMOCRACY_INFLUENCE_ALL_INVESTIGATIONS_2026-09-07/__NESTED_EXPANDED__/DEMOCRACY_INFLUENCE_ALL_INVESTIGATIONS_2026-09-07__99_SOURCE_BUNDLES__INV-022_R3_CANONICAL_6_FILES/2026-09-06_10-57_russie-operations-influence-france_NARRATIVE.tmp.md,79295880570f35fce78ab687b34d0604c56cb8ace01d17cd9a8fcc666cf52766,03_INVESTIGATIONS/03_NORMALIZED_BY_ID/INV-022/2026-09-06_10-57_russie-operations-influence-france_NARRATIVE.tmp.md,DUPLICATE_SHA
INV-022,2026-09-06_10-57_russie-operations-influence-france_CERTIFICATION.json,expanded:INV-022_R3_CANONICAL_6_FILES.zip,/mnt/data/DEMOCRACY_INFLUENCE_MASTER_EVIDENCE_BUNDLE_2026-09-11/03_INVESTIGATIONS/02_EXPANDED_ARCHIVES/DEMOCRACY_INFLUENCE_ALL_INVESTIGATIONS_2026-09-07/__NESTED_EXPANDED__/DEMOCRACY_INFLUENCE_ALL_INVESTIGATIONS_2026-09-07__99_SOURCE_BUNDLES__INV-022_R3_CANONICAL_6_FILES/2026-09-06_10-57_russie-operations-influence-france_CERTIFICATION.json,1849eb3855b4b4ee51ce00d865617942beb0cd8088154f7bf95d177589668df9,03_INVESTIGATIONS/03_NORMALIZED_BY_ID/INV-022/2026-09-06_10-57_russie-operations-influence-france_CERTIFICATION.json,DUPLICATE_SHA
INV-022,2026-09-06_10-57_russie-operations-influence-france_MNEMO_SNAPSHOT.json,expanded:INV-022_R3_CANONICAL_6_FILES.zip,/mnt/data/DEMOCRACY_INFLUENCE_MASTER_EVIDENCE_BUNDLE_2026-09-11/03_INVESTIGATIONS/02_EXPANDED_ARCHIVES/DEMOCRACY_INFLUENCE_ALL_INVESTIGATIONS_2026-09-07/__NESTED_EXPANDED__/DEMOCRACY_INFLUENCE_ALL_INVESTIGATIONS_2026-09-07__99_SOURCE_BUNDLES__INV-022_R3_CANONICAL_6_FILES/2026-09-06_10-57_russie-operations-influence-france_MNEMO_SNAPSHOT.json,ccadef83af9d6f2dba278bf6f302984705f9a9f3eb9c1855e7299a8f7de8223e,03_INVESTIGATIONS/03_NORMALIZED_BY_ID/INV-022/2026-09-06_10-57_russie-operations-influence-france_MNEMO_SNAPSHOT.json,DUPLICATE_SHA
INV-022,2026-09-06_10-57_russie-operations-influence-france_INVESTIGATION.md,expanded:INV-022_R3_CANONICAL_6_FILES.zip,/mnt/data/DEMOCRACY_INFLUENCE_MASTER_EVIDENCE_BUNDLE_2026-09-11/03_INVESTIGATIONS/02_EXPANDED_ARCHIVES/DEMOCRACY_INFLUENCE_ALL_INVESTIGATIONS_2026-09-07/__NESTED_EXPANDED__/DEMOCRACY_INFLUENCE_ALL_INVESTIGATIONS_2026-09-07__99_SOURCE_BUNDLES__INV-022_R3_CANONICAL_6_FILES/2026-09-06_10-57_russie-operations-influence-france_INVESTIGATION.md,a5d3c37a2dec09a07a0d2ec2ab00be4fd794b814729a1c749032cdab07ff806e,03_INVESTIGATIONS/03_NORMALIZED_BY_ID/INV-022/2026-09-06_10-57_russie-operations-influence-france_INVESTIGATION.md,DUPLICATE_SHA
INV-001,INV-001-R1_REPLAY.md,expanded:SUBSTACK_BASELINE_2026-08-26_v0.4.zip,/mnt/data/DEMOCRACY_INFLUENCE_MASTER_EVIDENCE_BUNDLE_2026-09-11/03_INVESTIGATIONS/02_EXPANDED_ARCHIVES/DEMOCRACY_INFLUENCE_ALL_INVESTIGATIONS_2026-09-07/__NESTED_EXPANDED__/DEMOCRACY_INFLUENCE_ALL_INVESTIGATIONS_2026-09-07__99_SOURCE_BUNDLES__SUBSTACK_BASELINE_2026-08-26_v0.4/SUBSTACK_BASELINE_2026-08-26_v0.4/INV-001-R1_REPLAY.md,203397d17377b724cda89dd9a0c117c32b2bb14195e710656a06e63e9a3079fe,03_INVESTIGATIONS/03_NORMALIZED_BY_ID/INV-001/INV-001-R1_REPLAY__expanded_DEMOCRACY_INFLUENCE_ALL_INVESTIGATIONS_20.md,DUPLICATE_SHA
INV-136,INV-136_POST_RUN_REVIEW.md,expanded:INV-136_BUNDLE.zip,/mnt/data/DEMOCRACY_INFLUENCE_MASTER_EVIDENCE_BUNDLE_2026-09-11/03_INVESTIGATIONS/02_EXPANDED_ARCHIVES/DEMOCRACY_INFLUENCE_ALL_INVESTIGATIONS_2026-09-07/__NESTED_EXPANDED__/DEMOCRACY_INFLUENCE_ALL_INVESTIGATIONS_2026-09-07__99_SOURCE_BUNDLES__INV-136_BUNDLE/INV-136/INV-136_POST_RUN_REVIEW.md,77ec6b79d0a69bdc8ec9d9530a439e470bbd77ed41a8d13fc82bf04b9d4e84de,03_INVESTIGATIONS/03_NORMALIZED_BY_ID/INV-136/INV-136_POST_RUN_REVIEW.md,DUPLICATE_SHA
INV-136,INV-136_RUN_HANDOFF.md,expanded:INV-136_BUNDLE.zip,/mnt/data/DEMOCRACY_INFLUENCE_MASTER_EVIDENCE_BUNDLE_2026-09-11/03_INVESTIGATIONS/02_EXPANDED_ARCHIVES/DEMOCRACY_INFLUENCE_ALL_INVESTIGATIONS_2026-09-07/__NESTED_EXPANDED__/DEMOCRACY_INFLUENCE_ALL_INVESTIGATIONS_2026-09-07__99_SOURCE_BUNDLES__INV-136_BUNDLE/INV-136/INV-136_RUN_HANDOFF.md,89ec70a74acccd17ec08856f6d2368b124cc34ee354f6f8b0fd78acd86175f9b,03_INVESTIGATIONS/03_NORMALIZED_BY_ID/INV-136/INV-136_RUN_HANDOFF.md,DUPLICATE_SHA
INV-136,INV-136_RUN_CARD.md,expanded:INV-136_BUNDLE.zip,/mnt/data/DEMOCRACY_INFLUENCE_MASTER_EVIDENCE_BUNDLE_2026-09-11/03_INVESTIGATIONS/02_EXPANDED_ARCHIVES/DEMOCRACY_INFLUENCE_ALL_INVESTIGATIONS_2026-09-07/__NESTED_EXPANDED__/DEMOCRACY_INFLUENCE_ALL_INVESTIGATIONS_2026-09-07__99_SOURCE_BUNDLES__INV-136_BUNDLE/INV-136/INV-136_RUN_CARD.md,d7ed08f318f9baee19453e309e66a0efe40d87a57e1f83ec244870527b313a74,03_INVESTIGATIONS/03_NORMALIZED_BY_ID/INV-136/INV-136_RUN_CARD.md,DUPLICATE_SHA
INV-136,_MNEMO_SNAPSHOT.json,expanded:INV-136_BUNDLE.zip,/mnt/data/DEMOCRACY_INFLUENCE_MASTER_EVIDENCE_BUNDLE_2026-09-11/03_INVESTIGATIONS/02_EXPANDED_ARCHIVES/DEMOCRACY_INFLUENCE_ALL_INVESTIGATIONS_2026-09-07/__NESTED_EXPANDED__/DEMOCRACY_INFLUENCE_ALL_INVESTIGATIONS_2026-09-07__99_SOURCE_BUNDLES__INV-136_BUNDLE/INV-136/_MNEMO_SNAPSHOT.json,004d81e270ec41b0bb49150a3c87135725f707ecbd1debc99593b82a38bf340e,03_INVESTIGATIONS/03_NORMALIZED_BY_ID/INV-136/_MNEMO_SNAPSHOT.json,DUPLICATE_SHA
INV-136,_NARRATIVE.tmp.md,expanded:INV-136_BUNDLE.zip,/mnt/data/DEMOCRACY_INFLUENCE_MASTER_EVIDENCE_BUNDLE_2026-09-11/03_INVESTIGATIONS/02_EXPANDED_ARCHIVES/DEMOCRACY_INFLUENCE_ALL_INVESTIGATIONS_2026-09-07/__NESTED_EXPANDED__/DEMOCRACY_INFLUENCE_ALL_INVESTIGATIONS_2026-09-07__99_SOURCE_BUNDLES__INV-136_BUNDLE/INV-136/_NARRATIVE.tmp.md,bf26bba3156f93ca28e6bdf4802b007f26b4dcb1b68301d004225bef97e2f1ff,03_INVESTIGATIONS/03_NORMALIZED_BY_ID/INV-136/_NARRATIVE.tmp.md,DUPLICATE_SHA
INV-136,_INPUT.txt,expanded:INV-136_BUNDLE.zip,/mnt/data/DEMOCRACY_INFLUENCE_MASTER_EVIDENCE_BUNDLE_2026-09-11/03_INVESTIGATIONS/02_EXPANDED_ARCHIVES/DEMOCRACY_INFLUENCE_ALL_INVESTIGATIONS_2026-09-07/__NESTED_EXPANDED__/DEMOCRACY_INFLUENCE_ALL_INVESTIGATIONS_2026-09-07__99_SOURCE_BUNDLES__INV-136_BUNDLE/INV-136/_INPUT.txt,d7ed08f318f9baee19453e309e66a0efe40d87a57e1f83ec244870527b313a74,03_INVESTIGATIONS/03_NORMALIZED_BY_ID/INV-136/INV-136_RUN_CARD.md,DUPLICATE_SHA
INV-136,_CERTIFICATION.json,expanded:INV-136_BUNDLE.zip,/mnt/data/DEMOCRACY_INFLUENCE_MASTER_EVIDENCE_BUNDLE_2026-09-11/03_INVESTIGATIONS/02_EXPANDED_ARCHIVES/DEMOCRACY_INFLUENCE_ALL_INVESTIGATIONS_2026-09-07/__NESTED_EXPANDED__/DEMOCRACY_INFLUENCE_ALL_INVESTIGATIONS_2026-09-07__99_SOURCE_BUNDLES__INV-136_BUNDLE/INV-136/_CERTIFICATION.json,1930d6ceaf4380384fd30e5e2119fa3d7d9ec13c779cd12e6674571bf69d4da8,03_INVESTIGATIONS/03_NORMALIZED_BY_ID/INV-136/_CERTIFICATION.json,DUPLICATE_SHA
INV-136,_RUN_STATE.json,expanded:INV-136_BUNDLE.zip,/mnt/data/DEMOCRACY_INFLUENCE_MASTER_EVIDENCE_BUNDLE_2026-09-11/03_INVESTIGATIONS/02_EXPANDED_ARCHIVES/DEMOCRACY_INFLUENCE_ALL_INVESTIGATIONS_2026-09-07/__NESTED_EXPANDED__/DEMOCRACY_INFLUENCE_ALL_INVESTIGATIONS_2026-09-07__99_SOURCE_BUNDLES__INV-136_BUNDLE/INV-136/_RUN_STATE.json,bc4cb81cb0f6f91d62dcf9acaf96b5f7392ef6661b6c9fb5c0e72af181908aba,03_INVESTIGATIONS/03_NORMALIZED_BY_ID/INV-136/_RUN_STATE.json,DUPLICATE_SHA
INV-136,INV-136_SHA256.txt,expanded:INV-136_BUNDLE.zip,/mnt/data/DEMOCRACY_INFLUENCE_MASTER_EVIDENCE_BUNDLE_2026-09-11/03_INVESTIGATIONS/02_EXPANDED_ARCHIVES/DEMOCRACY_INFLUENCE_ALL_INVESTIGATIONS_2026-09-07/__NESTED_EXPANDED__/DEMOCRACY_INFLUENCE_ALL_INVESTIGATIONS_2026-09-07__99_SOURCE_BUNDLES__INV-136_BUNDLE/INV-136/INV-136_SHA256.txt,1bbc91a07a064947075e6f1e44a05aacf3c82f977df45d1c1e6e6952bebab25f,03_INVESTIGATIONS/03_NORMALIZED_BY_ID/INV-136/INV-136_SHA256.txt,DUPLICATE_SHA
INV-136,_INVESTIGATION.md,expanded:INV-136_BUNDLE.zip,/mnt/data/DEMOCRACY_INFLUENCE_MASTER_EVIDENCE_BUNDLE_2026-09-11/03_INVESTIGATIONS/02_EXPANDED_ARCHIVES/DEMOCRACY_INFLUENCE_ALL_INVESTIGATIONS_2026-09-07/__NESTED_EXPANDED__/DEMOCRACY_INFLUENCE_ALL_INVESTIGATIONS_2026-09-07__99_SOURCE_BUNDLES__INV-136_BUNDLE/INV-136/_INVESTIGATION.md,64e654d0ae7a34168c47b47234757787ff91295c1655b37c526478857f3cc899,03_INVESTIGATIONS/03_NORMALIZED_BY_ID/INV-136/_INVESTIGATION.md,DUPLICATE_SHA
INV-138,INV-138_SHA256.txt,expanded:INV-138_CANONICAL_ASSEMBLED.zip,/mnt/data/DEMOCRACY_INFLUENCE_MASTER_EVIDENCE_BUNDLE_2026-09-11/03_INVESTIGATIONS/02_EXPANDED_ARCHIVES/DEMOCRACY_INFLUENCE_ALL_INVESTIGATIONS_2026-09-07/__NESTED_EXPANDED__/DEMOCRACY_INFLUENCE_ALL_INVESTIGATIONS_2026-09-07__99_SOURCE_BUNDLES__INV-138_CANONICAL_ASSEMBLED/INV-138_SHA256.txt,0d21ad6105e1dfba61a7e990dcbcc568a317e7fb01f45c8e679ae765a76fdd97,03_INVESTIGATIONS/03_NORMALIZED_BY_ID/INV-138/INV-138_SHA256.txt,DUPLICATE_SHA
INV-138,INV-138_CERTIFICATION.json,expanded:INV-138_CANONICAL_ASSEMBLED.zip,/mnt/data/DEMOCRACY_INFLUENCE_MASTER_EVIDENCE_BUNDLE_2026-09-11/03_INVESTIGATIONS/02_EXPANDED_ARCHIVES/DEMOCRACY_INFLUENCE_ALL_INVESTIGATIONS_2026-09-07/__NESTED_EXPANDED__/DEMOCRACY_INFLUENCE_ALL_INVESTIGATIONS_2026-09-07__99_SOURCE_BUNDLES__INV-138_CANONICAL_ASSEMBLED/INV-138_CERTIFICATION.json,408f61f103cf319efda30439626f86a038a3b54608496a522b46607a97ee53cc,03_INVESTIGATIONS/03_NORMALIZED_BY_ID/INV-138/INV-138_CERTIFICATION.json,DUPLICATE_SHA
INV-138,INV-138_MNEMO_SNAPSHOT.json,expanded:INV-138_CANONICAL_ASSEMBLED.zip,/mnt/data/DEMOCRACY_INFLUENCE_MASTER_EVIDENCE_BUNDLE_2026-09-11/03_INVESTIGATIONS/02_EXPANDED_ARCHIVES/DEMOCRACY_INFLUENCE_ALL_INVESTIGATIONS_2026-09-07/__NESTED_EXPANDED__/DEMOCRACY_INFLUENCE_ALL_INVESTIGATIONS_2026-09-07__99_SOURCE_BUNDLES__INV-138_CANONICAL_ASSEMBLED/INV-138_MNEMO_SNAPSHOT.json,6f92ae672014397387c9c89f68cc838224f61e455c59e6130127a0f2400d934b,03_INVESTIGATIONS/03_NORMALIZED_BY_ID/INV-138/INV-138_MNEMO_SNAPSHOT.json,DUPLICATE_SHA
INV-138,INV-138_RUN_STATE.json,expanded:INV-138_CANONICAL_ASSEMBLED.zip,/mnt/data/DEMOCRACY_INFLUENCE_MASTER_EVIDENCE_BUNDLE_2026-09-11/03_INVESTIGATIONS/02_EXPANDED_ARCHIVES/DEMOCRACY_INFLUENCE_ALL_INVESTIGATIONS_2026-09-07/__NESTED_EXPANDED__/DEMOCRACY_INFLUENCE_ALL_INVESTIGATIONS_2026-09-07__99_SOURCE_BUNDLES__INV-138_CANONICAL_ASSEMBLED/INV-138_RUN_STATE.json,fdf03f019a5e7498da9e59bfb8ab3c9eab6fe88b383563a61f6636dcb1f6b413,03_INVESTIGATIONS/03_NORMALIZED_BY_ID/INV-138/INV-138_RUN_STATE.json,DUPLICATE_SHA
INV-138,INV-138_RUN_CARD.md,expanded:INV-138_CANONICAL_ASSEMBLED.zip,/mnt/data/DEMOCRACY_INFLUENCE_MASTER_EVIDENCE_BUNDLE_2026-09-11/03_INVESTIGATIONS/02_EXPANDED_ARCHIVES/DEMOCRACY_INFLUENCE_ALL_INVESTIGATIONS_2026-09-07/__NESTED_EXPANDED__/DEMOCRACY_INFLUENCE_ALL_INVESTIGATIONS_2026-09-07__99_SOURCE_BUNDLES__INV-138_CANONICAL_ASSEMBLED/INV-138_RUN_CARD.md,12d28e0dcfe9e054848adcedd88cb5073bc28a38297b68e9616dc5c30dc0dc0b,03_INVESTIGATIONS/03_NORMALIZED_BY_ID/INV-138/INV-138_RUN_CARD.md,DUPLICATE_SHA
INV-138,INV-138_INPUT.md,expanded:INV-138_CANONICAL_ASSEMBLED.zip,/mnt/data/DEMOCRACY_INFLUENCE_MASTER_EVIDENCE_BUNDLE_2026-09-11/03_INVESTIGATIONS/02_EXPANDED_ARCHIVES/DEMOCRACY_INFLUENCE_ALL_INVESTIGATIONS_2026-09-07/__NESTED_EXPANDED__/DEMOCRACY_INFLUENCE_ALL_INVESTIGATIONS_2026-09-07__99_SOURCE_BUNDLES__INV-138_CANONICAL_ASSEMBLED/INV-138_INPUT.md,12d28e0dcfe9e054848adcedd88cb5073bc28a38297b68e9616dc5c30dc0dc0b,03_INVESTIGATIONS/03_NORMALIZED_BY_ID/INV-138/INV-138_RUN_CARD.md,DUPLICATE_SHA
INV-138,INV-138_RUN_HANDOFF.md,expanded:INV-138_CANONICAL_ASSEMBLED.zip,/mnt/data/DEMOCRACY_INFLUENCE_MASTER_EVIDENCE_BUNDLE_2026-09-11/03_INVESTIGATIONS/02_EXPANDED_ARCHIVES/DEMOCRACY_INFLUENCE_ALL_INVESTIGATIONS_2026-09-07/__NESTED_EXPANDED__/DEMOCRACY_INFLUENCE_ALL_INVESTIGATIONS_2026-09-07__99_SOURCE_BUNDLES__INV-138_CANONICAL_ASSEMBLED/INV-138_RUN_HANDOFF.md,33cf00cd572c2109187d853d87848aa22c0d81371fdbfcc089e3a085d8551845,03_INVESTIGATIONS/03_NORMALIZED_BY_ID/INV-138/INV-138_RUN_HANDOFF.md,DUPLICATE_SHA
INV-138,INV-138_POST_RUN_REVIEW.md,expanded:INV-138_CANONICAL_ASSEMBLED.zip,/mnt/data/DEMOCRACY_INFLUENCE_MASTER_EVIDENCE_BUNDLE_2026-09-11/03_INVESTIGATIONS/02_EXPANDED_ARCHIVES/DEMOCRACY_INFLUENCE_ALL_INVESTIGATIONS_2026-09-07/__NESTED_EXPANDED__/DEMOCRACY_INFLUENCE_ALL_INVESTIGATIONS_2026-09-07__99_SOURCE_BUNDLES__INV-138_CANONICAL_ASSEMBLED/INV-138_POST_RUN_REVIEW.md,4e5549ce441526a55a66d3edd5e9fffd5cb5f3a967014c16d05f82f86414f85b,03_INVESTIGATIONS/03_NORMALIZED_BY_ID/INV-138/INV-138_POST_RUN_REVIEW.md,DUPLICATE_SHA
INV-138,INV-138_NARRATIVE.tmp.md,expanded:INV-138_CANONICAL_ASSEMBLED.zip,/mnt/data/DEMOCRACY_INFLUENCE_MASTER_EVIDENCE_BUNDLE_2026-09-11/03_INVESTIGATIONS/02_EXPANDED_ARCHIVES/DEMOCRACY_INFLUENCE_ALL_INVESTIGATIONS_2026-09-07/__NESTED_EXPANDED__/DEMOCRACY_INFLUENCE_ALL_INVESTIGATIONS_2026-09-07__99_SOURCE_BUNDLES__INV-138_CANONICAL_ASSEMBLED/INV-138_NARRATIVE.tmp.md,bbd21ab2ed3ab616e43c6677d2320de2e3f5223c6090ff333da783f1ac6e4352,03_INVESTIGATIONS/03_NORMALIZED_BY_ID/INV-138/INV-138_NARRATIVE.tmp.md,DUPLICATE_SHA
INV-138,INV-138_INVESTIGATION.md,expanded:INV-138_CANONICAL_ASSEMBLED.zip,/mnt/data/DEMOCRACY_INFLUENCE_MASTER_EVIDENCE_BUNDLE_2026-09-11/03_INVESTIGATIONS/02_EXPANDED_ARCHIVES/DEMOCRACY_INFLUENCE_ALL_INVESTIGATIONS_2026-09-07/__NESTED_EXPANDED__/DEMOCRACY_INFLUENCE_ALL_INVESTIGATIONS_2026-09-07__99_SOURCE_BUNDLES__INV-138_CANONICAL_ASSEMBLED/INV-138_INVESTIGATION.md,54cc64ec22dff754b445b41bb921b9dd7b90c1397c4938a891f79675e050d823,03_INVESTIGATIONS/03_NORMALIZED_BY_ID/INV-138/INV-138_INVESTIGATION.md,DUPLICATE_SHA
INV-135,DASHBOARD.md,expanded:INV-135_BUNDLE.zip,/mnt/data/DEMOCRACY_INFLUENCE_MASTER_EVIDENCE_BUNDLE_2026-09-11/03_INVESTIGATIONS/02_EXPANDED_ARCHIVES/DEMOCRACY_INFLUENCE_ALL_INVESTIGATIONS_2026-09-07/__NESTED_EXPANDED__/DEMOCRACY_INFLUENCE_ALL_INVESTIGATIONS_2026-09-07__99_SOURCE_BUNDLES__INV-135_BUNDLE/INV-135/DASHBOARD.md,df38dd982493d465ba94dac2de40d133b48e84d1b91b8fa75b09118a50322624,03_INVESTIGATIONS/03_NORMALIZED_BY_ID/INV-135/DASHBOARD.md,DUPLICATE_SHA
INV-135,INVESTIGATION_REGISTRY.csv,expanded:INV-135_BUNDLE.zip,/mnt/data/DEMOCRACY_INFLUENCE_MASTER_EVIDENCE_BUNDLE_2026-09-11/03_INVESTIGATIONS/02_EXPANDED_ARCHIVES/DEMOCRACY_INFLUENCE_ALL_INVESTIGATIONS_2026-09-07/__NESTED_EXPANDED__/DEMOCRACY_INFLUENCE_ALL_INVESTIGATIONS_2026-09-07__99_SOURCE_BUNDLES__INV-135_BUNDLE/INV-135/INVESTIGATION_REGISTRY.csv,3a9612a7e9d9fc5c06290eaf3e13e5a89d72a6518380803fdb39bdfcfab38f2f,03_INVESTIGATIONS/03_NORMALIZED_BY_ID/INV-135/INVESTIGATION_REGISTRY.csv,DUPLICATE_SHA
INV-135,INV-135_NARRATIVE.tmp.md,expanded:INV-135_BUNDLE.zip,/mnt/data/DEMOCRACY_INFLUENCE_MASTER_EVIDENCE_BUNDLE_2026-09-11/03_INVESTIGATIONS/02_EXPANDED_ARCHIVES/DEMOCRACY_INFLUENCE_ALL_INVESTIGATIONS_2026-09-07/__NESTED_EXPANDED__/DEMOCRACY_INFLUENCE_ALL_INVESTIGATIONS_2026-09-07__99_SOURCE_BUNDLES__INV-135_BUNDLE/INV-135/INV-135_NARRATIVE.tmp.md,714c6133423fa2cd9874acbbac42385638520e6e461e0fd016b75c4676855124,03_INVESTIGATIONS/03_NORMALIZED_BY_ID/INV-135/INV-135_NARRATIVE.tmp.md,DUPLICATE_SHA
INV-135,TRACELOG.md,expanded:INV-135_BUNDLE.zip,/mnt/data/DEMOCRACY_INFLUENCE_MASTER_EVIDENCE_BUNDLE_2026-09-11/03_INVESTIGATIONS/02_EXPANDED_ARCHIVES/DEMOCRACY_INFLUENCE_ALL_INVESTIGATIONS_2026-09-07/__NESTED_EXPANDED__/DEMOCRACY_INFLUENCE_ALL_INVESTIGATIONS_2026-09-07__99_SOURCE_BUNDLES__INV-135_BUNDLE/INV-135/TRACELOG.md,9ab8c5e4b4e9483564e7709f174fa7e051ef76131dce0de465b3bc3c0a074e15,03_INVESTIGATIONS/03_NORMALIZED_BY_ID/INV-135/TRACELOG.md,DUPLICATE_SHA
INV-135,INV-135_RUN_STATE.json,expanded:INV-135_BUNDLE.zip,/mnt/data/DEMOCRACY_INFLUENCE_MASTER_EVIDENCE_BUNDLE_2026-09-11/03_INVESTIGATIONS/02_EXPANDED_ARCHIVES/DEMOCRACY_INFLUENCE_ALL_INVESTIGATIONS_2026-09-07/__NESTED_EXPANDED__/DEMOCRACY_INFLUENCE_ALL_INVESTIGATIONS_2026-09-07__99_SOURCE_BUNDLES__INV-135_BUNDLE/INV-135/INV-135_RUN_STATE.json,5c7992ce7053679df40f5425b30c681982c9bee03b105312bcb6422a31a62ac3,03_INVESTIGATIONS/03_NORMALIZED_BY_ID/INV-135/INV-135_RUN_STATE.json,DUPLICATE_SHA
INV-135,INV-135_POST_RUN_REVIEW.md,expanded:INV-135_BUNDLE.zip,/mnt/data/DEMOCRACY_INFLUENCE_MASTER_EVIDENCE_BUNDLE_2026-09-11/03_INVESTIGATIONS/02_EXPANDED_ARCHIVES/DEMOCRACY_INFLUENCE_ALL_INVESTIGATIONS_2026-09-07/__NESTED_EXPANDED__/DEMOCRACY_INFLUENCE_ALL_INVESTIGATIONS_2026-09-07__99_SOURCE_BUNDLES__INV-135_BUNDLE/INV-135/INV-135_POST_RUN_REVIEW.md,f7a513568c02242ef179f3ddbf0aa15c71b6c9f923fd2c3a311c5bcd7f7e7731,03_INVESTIGATIONS/03_NORMALIZED_BY_ID/INV-135/INV-135_POST_RUN_REVIEW.md,DUPLICATE_SHA
INV-135,INV-135_RUN_CARD.md,expanded:INV-135_BUNDLE.zip,/mnt/data/DEMOCRACY_INFLUENCE_MASTER_EVIDENCE_BUNDLE_2026-09-11/03_INVESTIGATIONS/02_EXPANDED_ARCHIVES/DEMOCRACY_INFLUENCE_ALL_INVESTIGATIONS_2026-09-07/__NESTED_EXPANDED__/DEMOCRACY_INFLUENCE_ALL_INVESTIGATIONS_2026-09-07__99_SOURCE_BUNDLES__INV-135_BUNDLE/INV-135/INV-135_RUN_CARD.md,ba4fd06707cd8aefba0339919bee3e97d81e6109f5370385a293c817b2b75c7b,03_INVESTIGATIONS/03_NORMALIZED_BY_ID/INV-135/INV-135_RUN_CARD.md,DUPLICATE_SHA
INV-135,INV-135_CERTIFICATION.json,expanded:INV-135_BUNDLE.zip,/mnt/data/DEMOCRACY_INFLUENCE_MASTER_EVIDENCE_BUNDLE_2026-09-11/03_INVESTIGATIONS/02_EXPANDED_ARCHIVES/DEMOCRACY_INFLUENCE_ALL_INVESTIGATIONS_2026-09-07/__NESTED_EXPANDED__/DEMOCRACY_INFLUENCE_ALL_INVESTIGATIONS_2026-09-07__99_SOURCE_BUNDLES__INV-135_BUNDLE/INV-135/INV-135_CERTIFICATION.json,e5adb53fbae32d5a635a4de237895429fc3422ca1eea116d8d28f84e3000531b,03_INVESTIGATIONS/03_NORMALIZED_BY_ID/INV-135/INV-135_CERTIFICATION.json,DUPLICATE_SHA
INV-135,INV-135_INPUT.txt,expanded:INV-135_BUNDLE.zip,/mnt/data/DEMOCRACY_INFLUENCE_MASTER_EVIDENCE_BUNDLE_2026-09-11/03_INVESTIGATIONS/02_EXPANDED_ARCHIVES/DEMOCRACY_INFLUENCE_ALL_INVESTIGATIONS_2026-09-07/__NESTED_EXPANDED__/DEMOCRACY_INFLUENCE_ALL_INVESTIGATIONS_2026-09-07__99_SOURCE_BUNDLES__INV-135_BUNDLE/INV-135/INV-135_INPUT.txt,ba4fd06707cd8aefba0339919bee3e97d81e6109f5370385a293c817b2b75c7b,03_INVESTIGATIONS/03_NORMALIZED_BY_ID/INV-135/INV-135_RUN_CARD.md,DUPLICATE_SHA
INV-135,INV-135_MNEMO_SNAPSHOT.json,expanded:INV-135_BUNDLE.zip,/mnt/data/DEMOCRACY_INFLUENCE_MASTER_EVIDENCE_BUNDLE_2026-09-11/03_INVESTIGATIONS/02_EXPANDED_ARCHIVES/DEMOCRACY_INFLUENCE_ALL_INVESTIGATIONS_2026-09-07/__NESTED_EXPANDED__/DEMOCRACY_INFLUENCE_ALL_INVESTIGATIONS_2026-09-07__99_SOURCE_BUNDLES__INV-135_BUNDLE/INV-135/INV-135_MNEMO_SNAPSHOT.json,40609a97752c9c0f3615876b029e9289cea11e1a0c7e8cb8d4db2e271e100651,03_INVESTIGATIONS/03_NORMALIZED_BY_ID/INV-135/INV-135_MNEMO_SNAPSHOT.json,DUPLICATE_SHA
INV-135,INV-135_SHA256.txt,expanded:INV-135_BUNDLE.zip,/mnt/data/DEMOCRACY_INFLUENCE_MASTER_EVIDENCE_BUNDLE_2026-09-11/03_INVESTIGATIONS/02_EXPANDED_ARCHIVES/DEMOCRACY_INFLUENCE_ALL_INVESTIGATIONS_2026-09-07/__NESTED_EXPANDED__/DEMOCRACY_INFLUENCE_ALL_INVESTIGATIONS_2026-09-07__99_SOURCE_BUNDLES__INV-135_BUNDLE/INV-135/INV-135_SHA256.txt,6af2d0166dc187631d8910f78a5818f55c94b2d0e1cf96297e5d762b70f9cc6e,03_INVESTIGATIONS/03_NORMALIZED_BY_ID/INV-135/INV-135_SHA256.txt,DUPLICATE_SHA
INV-135,INV-135_INVESTIGATION.md,expanded:INV-135_BUNDLE.zip,/mnt/data/DEMOCRACY_INFLUENCE_MASTER_EVIDENCE_BUNDLE_2026-09-11/03_INVESTIGATIONS/02_EXPANDED_ARCHIVES/DEMOCRACY_INFLUENCE_ALL_INVESTIGATIONS_2026-09-07/__NESTED_EXPANDED__/DEMOCRACY_INFLUENCE_ALL_INVESTIGATIONS_2026-09-07__99_SOURCE_BUNDLES__INV-135_BUNDLE/INV-135/INV-135_INVESTIGATION.md,353a82a97819f95366c9ab146b64c2ed72865fd4df2fec2cfd168bad6c555c72,03_INVESTIGATIONS/03_NORMALIZED_BY_ID/INV-135/INV-135_INVESTIGATION.md,DUPLICATE_SHA
INV-135,INV-135_RUN_HANDOFF.md,expanded:INV-135_BUNDLE.zip,/mnt/data/DEMOCRACY_INFLUENCE_MASTER_EVIDENCE_BUNDLE_2026-09-11/03_INVESTIGATIONS/02_EXPANDED_ARCHIVES/DEMOCRACY_INFLUENCE_ALL_INVESTIGATIONS_2026-09-07/__NESTED_EXPANDED__/DEMOCRACY_INFLUENCE_ALL_INVESTIGATIONS_2026-09-07__99_SOURCE_BUNDLES__INV-135_BUNDLE/INV-135/INV-135_RUN_HANDOFF.md,656b7327adaeb9c776c276883292f54f4ff53d4d41607c14bd4a76532ca03187,03_INVESTIGATIONS/03_NORMALIZED_BY_ID/INV-135/INV-135_RUN_HANDOFF.md,DUPLICATE_SHA
INV-002,INV-002_COVERAGE_CHANGES.csv,expanded:INVESTIGATION_CONTROL_v0.7_METHOD_PACK.zip,/mnt/data/DEMOCRACY_INFLUENCE_MASTER_EVIDENCE_BUNDLE_2026-09-11/03_INVESTIGATIONS/02_EXPANDED_ARCHIVES/DEMOCRACY_INFLUENCE_ALL_INVESTIGATIONS_2026-09-07/__NESTED_EXPANDED__/DEMOCRACY_INFLUENCE_ALL_INVESTIGATIONS_2026-09-07__99_SOURCE_BUNDLES__INVESTIGATION_CONTROL_v0.7_METHOD_PACK/INVESTIGATION_CONTROL_v0.7_METHOD_PACK/INV-002/INV-002_COVERAGE_CHANGES.csv,6a28f9e134d0395884b06562070668a375e228a9d76623a7dc6db608b2199ef8,03_INVESTIGATIONS/03_NORMALIZED_BY_ID/INV-002/INV-002_COVERAGE_CHANGES.csv,DUPLICATE_SHA
INV-002,INV-002_THEME_MATRIX.csv,expanded:INVESTIGATION_CONTROL_v0.7_METHOD_PACK.zip,/mnt/data/DEMOCRACY_INFLUENCE_MASTER_EVIDENCE_BUNDLE_2026-09-11/03_INVESTIGATIONS/02_EXPANDED_ARCHIVES/DEMOCRACY_INFLUENCE_ALL_INVESTIGATIONS_2026-09-07/__NESTED_EXPANDED__/DEMOCRACY_INFLUENCE_ALL_INVESTIGATIONS_2026-09-07__99_SOURCE_BUNDLES__INVESTIGATION_CONTROL_v0.7_METHOD_PACK/INVESTIGATION_CONTROL_v0.7_METHOD_PACK/INV-002/INV-002_THEME_MATRIX.csv,f6eb6032873806e0180772cfe90fc44b649408b4b646077f835a4b0b02084a68,03_INVESTIGATIONS/03_NORMALIZED_BY_ID/INV-002/INV-002_THEME_MATRIX.csv,DUPLICATE_SHA
INV-002,INV-002_INVESTIGATION_COVERAGE.csv,expanded:INVESTIGATION_CONTROL_v0.7_METHOD_PACK.zip,/mnt/data/DEMOCRACY_INFLUENCE_MASTER_EVIDENCE_BUNDLE_2026-09-11/03_INVESTIGATIONS/02_EXPANDED_ARCHIVES/DEMOCRACY_INFLUENCE_ALL_INVESTIGATIONS_2026-09-07/__NESTED_EXPANDED__/DEMOCRACY_INFLUENCE_ALL_INVESTIGATIONS_2026-09-07__99_SOURCE_BUNDLES__INVESTIGATION_CONTROL_v0.7_METHOD_PACK/INVESTIGATION_CONTROL_v0.7_METHOD_PACK/INV-002/INV-002_INVESTIGATION_COVERAGE.csv,517d66685cde2d9398af522e7ad344ae494ad0036a346dfa7b66c80e49dbfe3c,03_INVESTIGATIONS/03_NORMALIZED_BY_ID/INV-002/INV-002_INVESTIGATION_COVERAGE.csv,DUPLICATE_SHA
INV-002,MANIFEST_SHA256.csv,expanded:INVESTIGATION_CONTROL_v0.7_METHOD_PACK.zip,/mnt/data/DEMOCRACY_INFLUENCE_MASTER_EVIDENCE_BUNDLE_2026-09-11/03_INVESTIGATIONS/02_EXPANDED_ARCHIVES/DEMOCRACY_INFLUENCE_ALL_INVESTIGATIONS_2026-09-07/__NESTED_EXPANDED__/DEMOCRACY_INFLUENCE_ALL_INVESTIGATIONS_2026-09-07__99_SOURCE_BUNDLES__INVESTIGATION_CONTROL_v0.7_METHOD_PACK/INVESTIGATION_CONTROL_v0.7_METHOD_PACK/INV-002/MANIFEST_SHA256.csv,01d0b53abd48f0f2a0f0ab3113fe508318f1710e6b593decc0deffb17f014f6a,03_INVESTIGATIONS/03_NORMALIZED_BY_ID/INV-002/MANIFEST_SHA256.csv,DUPLICATE_SHA
INV-002,INV-002_STATS.json,expanded:INVESTIGATION_CONTROL_v0.7_METHOD_PACK.zip,/mnt/data/DEMOCRACY_INFLUENCE_MASTER_EVIDENCE_BUNDLE_2026-09-11/03_INVESTIGATIONS/02_EXPANDED_ARCHIVES/DEMOCRACY_INFLUENCE_ALL_INVESTIGATIONS_2026-09-07/__NESTED_EXPANDED__/DEMOCRACY_INFLUENCE_ALL_INVESTIGATIONS_2026-09-07__99_SOURCE_BUNDLES__INVESTIGATION_CONTROL_v0.7_METHOD_PACK/INVESTIGATION_CONTROL_v0.7_METHOD_PACK/INV-002/INV-002_STATS.json,c50fc6c700650e7c719d8b33be0b880e8cd3d19d8cb50983972577814e50d9df,03_INVESTIGATIONS/03_NORMALIZED_BY_ID/INV-002/INV-002_STATS.json,DUPLICATE_SHA
INV-002,INV-002_REPORT.md,expanded:INVESTIGATION_CONTROL_v0.7_METHOD_PACK.zip,/mnt/data/DEMOCRACY_INFLUENCE_MASTER_EVIDENCE_BUNDLE_2026-09-11/03_INVESTIGATIONS/02_EXPANDED_ARCHIVES/DEMOCRACY_INFLUENCE_ALL_INVESTIGATIONS_2026-09-07/__NESTED_EXPANDED__/DEMOCRACY_INFLUENCE_ALL_INVESTIGATIONS_2026-09-07__99_SOURCE_BUNDLES__INVESTIGATION_CONTROL_v0.7_METHOD_PACK/INVESTIGATION_CONTROL_v0.7_METHOD_PACK/INV-002/INV-002_REPORT.md,f4de1fac8ea62469b00987cc8461e2bc702b98b66a501f0fb6c930f7dcd5503b,03_INVESTIGATIONS/03_NORMALIZED_BY_ID/INV-002/INV-002_REPORT.md,DUPLICATE_SHA
INV-002,INV-002_CORPUS_MAP.csv,expanded:INVESTIGATION_CONTROL_v0.7_METHOD_PACK.zip,/mnt/data/DEMOCRACY_INFLUENCE_MASTER_EVIDENCE_BUNDLE_2026-09-11/03_INVESTIGATIONS/02_EXPANDED_ARCHIVES/DEMOCRACY_INFLUENCE_ALL_INVESTIGATIONS_2026-09-07/__NESTED_EXPANDED__/DEMOCRACY_INFLUENCE_ALL_INVESTIGATIONS_2026-09-07__99_SOURCE_BUNDLES__INVESTIGATION_CONTROL_v0.7_METHOD_PACK/INVESTIGATION_CONTROL_v0.7_METHOD_PACK/INV-002/INV-002_CORPUS_MAP.csv,16381ccc4a133aaf83e86fc357284444b83cc2ee3663c6ecbfae8aa0d76dc46a,03_INVESTIGATIONS/03_NORMALIZED_BY_ID/INV-002/INV-002_CORPUS_MAP.csv,DUPLICATE_SHA
INV-001,INV-001_CORPUS_INTEGRITY_AUDIT.md,expanded:INVESTIGATION_CONTROL_v0.7_METHOD_PACK.zip,/mnt/data/DEMOCRACY_INFLUENCE_MASTER_EVIDENCE_BUNDLE_2026-09-11/03_INVESTIGATIONS/02_EXPANDED_ARCHIVES/DEMOCRACY_INFLUENCE_ALL_INVESTIGATIONS_2026-09-07/__NESTED_EXPANDED__/DEMOCRACY_INFLUENCE_ALL_INVESTIGATIONS_2026-09-07__99_SOURCE_BUNDLES__INVESTIGATION_CONTROL_v0.7_METHOD_PACK/INVESTIGATION_CONTROL_v0.7_METHOD_PACK/INV-001/INV-001_CORPUS_INTEGRITY_AUDIT.md,21704b2e6957dd9550327c63b779f57137bd809ebd7ae28c87b1dc33b0854c78,03_INVESTIGATIONS/03_NORMALIZED_BY_ID/INV-001/INV-001_CORPUS_INTEGRITY_AUDIT.md,DUPLICATE_SHA
INV-001,INV-001_CORPUS_MANIFEST.csv,expanded:INVESTIGATION_CONTROL_v0.7_METHOD_PACK.zip,/mnt/data/DEMOCRACY_INFLUENCE_MASTER_EVIDENCE_BUNDLE_2026-09-11/03_INVESTIGATIONS/02_EXPANDED_ARCHIVES/DEMOCRACY_INFLUENCE_ALL_INVESTIGATIONS_2026-09-07/__NESTED_EXPANDED__/DEMOCRACY_INFLUENCE_ALL_INVESTIGATIONS_2026-09-07__99_SOURCE_BUNDLES__INVESTIGATION_CONTROL_v0.7_METHOD_PACK/INVESTIGATION_CONTROL_v0.7_METHOD_PACK/INV-001/INV-001_CORPUS_MANIFEST.csv,961d9574b220485375431fd0f4763d8c938903a1da50095a80e10aa7948bc5be,03_INVESTIGATIONS/03_NORMALIZED_BY_ID/INV-001/INV-001_CORPUS_MANIFEST.csv,DUPLICATE_SHA
INV-001,INV-001-R1_REPLAY.md,expanded:INVESTIGATION_CONTROL_v0.7_METHOD_PACK.zip,/mnt/data/DEMOCRACY_INFLUENCE_MASTER_EVIDENCE_BUNDLE_2026-09-11/03_INVESTIGATIONS/02_EXPANDED_ARCHIVES/DEMOCRACY_INFLUENCE_ALL_INVESTIGATIONS_2026-09-07/__NESTED_EXPANDED__/DEMOCRACY_INFLUENCE_ALL_INVESTIGATIONS_2026-09-07__99_SOURCE_BUNDLES__INVESTIGATION_CONTROL_v0.7_METHOD_PACK/INVESTIGATION_CONTROL_v0.7_METHOD_PACK/INV-001/INV-001-R1_REPLAY.md,c3b02fe75ee3ccd0804ac9ab420489b1b7af7710b7aa9920aa00a4f626ed1105,03_INVESTIGATIONS/03_NORMALIZED_BY_ID/INV-001/INV-001-R1_REPLAY.md,DUPLICATE_SHA
INV-001,INV-001-R1_REPLAY.md,expanded:INVESTIGATION_CONTROL_v0.7_METHOD_PACK.zip,/mnt/data/DEMOCRACY_INFLUENCE_MASTER_EVIDENCE_BUNDLE_2026-09-11/03_INVESTIGATIONS/02_EXPANDED_ARCHIVES/DEMOCRACY_INFLUENCE_ALL_INVESTIGATIONS_2026-09-07/__NESTED_EXPANDED__/DEMOCRACY_INFLUENCE_ALL_INVESTIGATIONS_2026-09-07__99_SOURCE_BUNDLES__INVESTIGATION_CONTROL_v0.7_METHOD_PACK/INVESTIGATION_CONTROL_v0.7_METHOD_PACK/BASELINE/SUBSTACK_2026-08-26/INV-001-R1_REPLAY.md,203397d17377b724cda89dd9a0c117c32b2bb14195e710656a06e63e9a3079fe,03_INVESTIGATIONS/03_NORMALIZED_BY_ID/INV-001/INV-001-R1_REPLAY__expanded_DEMOCRACY_INFLUENCE_ALL_INVESTIGATIONS_20.md,DUPLICATE_SHA
INV-010,INV-010_RUN_CARD.md,expanded:INVESTIGATION_CONTROL_v0.7_METHOD_PACK.zip,/mnt/data/DEMOCRACY_INFLUENCE_MASTER_EVIDENCE_BUNDLE_2026-09-11/03_INVESTIGATIONS/02_EXPANDED_ARCHIVES/DEMOCRACY_INFLUENCE_ALL_INVESTIGATIONS_2026-09-07/__NESTED_EXPANDED__/DEMOCRACY_INFLUENCE_ALL_INVESTIGATIONS_2026-09-07__99_SOURCE_BUNDLES__INVESTIGATION_CONTROL_v0.7_METHOD_PACK/INVESTIGATION_CONTROL_v0.7_METHOD_PACK/METHOD_PACK/samples/INV-010_RUN_CARD.md,9ecf226e422c4ea15371142cecfa6af2ab54dad338126da4a9fe6dbad56ccf56,03_INVESTIGATIONS/03_NORMALIZED_BY_ID/INV-010/INV-010_RUN_CARD.md,DUPLICATE_SHA
INV-044,INV-044_RUN_STATE.json,expanded:INV-044_BUNDLE.zip,/mnt/data/DEMOCRACY_INFLUENCE_MASTER_EVIDENCE_BUNDLE_2026-09-11/03_INVESTIGATIONS/02_EXPANDED_ARCHIVES/DEMOCRACY_INFLUENCE_ALL_INVESTIGATIONS_2026-09-07/__NESTED_EXPANDED__/DEMOCRACY_INFLUENCE_ALL_INVESTIGATIONS_2026-09-07__99_SOURCE_BUNDLES__INV-044_BUNDLE/INV-044_RUN_STATE.json,3ba2778c9a505eaa032930652c2ea22e38112348ba78bab6f9b301bbc7fcd5d4,03_INVESTIGATIONS/03_NORMALIZED_BY_ID/INV-044/INV-044_RUN_STATE.json,DUPLICATE_SHA
INV-044,INV-044_MNEMO_SNAPSHOT.json,expanded:INV-044_BUNDLE.zip,/mnt/data/DEMOCRACY_INFLUENCE_MASTER_EVIDENCE_BUNDLE_2026-09-11/03_INVESTIGATIONS/02_EXPANDED_ARCHIVES/DEMOCRACY_INFLUENCE_ALL_INVESTIGATIONS_2026-09-07/__NESTED_EXPANDED__/DEMOCRACY_INFLUENCE_ALL_INVESTIGATIONS_2026-09-07__99_SOURCE_BUNDLES__INV-044_BUNDLE/INV-044_MNEMO_SNAPSHOT.json,353fdeef4d33a325aa4b27fab05f504f5f6004a09889f9406c141c1c6e0360f2,03_INVESTIGATIONS/03_NORMALIZED_BY_ID/INV-044/INV-044_MNEMO_SNAPSHOT.json,DUPLICATE_SHA
INV-044,INV-044_NARRATIVE.tmp.md,expanded:INV-044_BUNDLE.zip,/mnt/data/DEMOCRACY_INFLUENCE_MASTER_EVIDENCE_BUNDLE_2026-09-11/03_INVESTIGATIONS/02_EXPANDED_ARCHIVES/DEMOCRACY_INFLUENCE_ALL_INVESTIGATIONS_2026-09-07/__NESTED_EXPANDED__/DEMOCRACY_INFLUENCE_ALL_INVESTIGATIONS_2026-09-07__99_SOURCE_BUNDLES__INV-044_BUNDLE/INV-044_NARRATIVE.tmp.md,7a408911092b00479bc4a9ab5ddf8dfd913b45df4867b8e2cafe6378e5aae57a,03_INVESTIGATIONS/03_NORMALIZED_BY_ID/INV-044/INV-044_NARRATIVE.tmp.md,DUPLICATE_SHA
INV-044,INV-044_POST_RUN_REVIEW.md,expanded:INV-044_BUNDLE.zip,/mnt/data/DEMOCRACY_INFLUENCE_MASTER_EVIDENCE_BUNDLE_2026-09-11/03_INVESTIGATIONS/02_EXPANDED_ARCHIVES/DEMOCRACY_INFLUENCE_ALL_INVESTIGATIONS_2026-09-07/__NESTED_EXPANDED__/DEMOCRACY_INFLUENCE_ALL_INVESTIGATIONS_2026-09-07__99_SOURCE_BUNDLES__INV-044_BUNDLE/INV-044_POST_RUN_REVIEW.md,d96500b470abb66659a864112fff49b91117e3f285c79856548a566fe0ac5437,03_INVESTIGATIONS/03_NORMALIZED_BY_ID/INV-044/INV-044_POST_RUN_REVIEW.md,DUPLICATE_SHA
INV-044,INV-044_INPUT.txt,expanded:INV-044_BUNDLE.zip,/mnt/data/DEMOCRACY_INFLUENCE_MASTER_EVIDENCE_BUNDLE_2026-09-11/03_INVESTIGATIONS/02_EXPANDED_ARCHIVES/DEMOCRACY_INFLUENCE_ALL_INVESTIGATIONS_2026-09-07/__NESTED_EXPANDED__/DEMOCRACY_INFLUENCE_ALL_INVESTIGATIONS_2026-09-07__99_SOURCE_BUNDLES__INV-044_BUNDLE/INV-044_INPUT.txt,e93f3c9bdbfcf70fc104c67a3688dc676401806accac9b4ed44a1a2b09760a33,03_INVESTIGATIONS/03_NORMALIZED_BY_ID/INV-044/INV-044_INPUT.txt,DUPLICATE_SHA
INV-044,INV-044_CERTIFICATION.json,expanded:INV-044_BUNDLE.zip,/mnt/data/DEMOCRACY_INFLUENCE_MASTER_EVIDENCE_BUNDLE_2026-09-11/03_INVESTIGATIONS/02_EXPANDED_ARCHIVES/DEMOCRACY_INFLUENCE_ALL_INVESTIGATIONS_2026-09-07/__NESTED_EXPANDED__/DEMOCRACY_INFLUENCE_ALL_INVESTIGATIONS_2026-09-07__99_SOURCE_BUNDLES__INV-044_BUNDLE/INV-044_CERTIFICATION.json,07c3a634469b838828334965b5eaaed67aade0c3f7364f6a6b12258810b4bf1b,03_INVESTIGATIONS/03_NORMALIZED_BY_ID/INV-044/INV-044_CERTIFICATION.json,DUPLICATE_SHA
INV-044,INV-044_DELIVERY_GATE.json,expanded:INV-044_BUNDLE.zip,/mnt/data/DEMOCRACY_INFLUENCE_MASTER_EVIDENCE_BUNDLE_2026-09-11/03_INVESTIGATIONS/02_EXPANDED_ARCHIVES/DEMOCRACY_INFLUENCE_ALL_INVESTIGATIONS_2026-09-07/__NESTED_EXPANDED__/DEMOCRACY_INFLUENCE_ALL_INVESTIGATIONS_2026-09-07__99_SOURCE_BUNDLES__INV-044_BUNDLE/INV-044_DELIVERY_GATE.json,07c3a634469b838828334965b5eaaed67aade0c3f7364f6a6b12258810b4bf1b,03_INVESTIGATIONS/03_NORMALIZED_BY_ID/INV-044/INV-044_CERTIFICATION.json,DUPLICATE_SHA
INV-044,INV-044_SHA256.txt,expanded:INV-044_BUNDLE.zip,/mnt/data/DEMOCRACY_INFLUENCE_MASTER_EVIDENCE_BUNDLE_2026-09-11/03_INVESTIGATIONS/02_EXPANDED_ARCHIVES/DEMOCRACY_INFLUENCE_ALL_INVESTIGATIONS_2026-09-07/__NESTED_EXPANDED__/DEMOCRACY_INFLUENCE_ALL_INVESTIGATIONS_2026-09-07__99_SOURCE_BUNDLES__INV-044_BUNDLE/INV-044_SHA256.txt,002ac8c26cfe9a181e388d64f4dabc4e19cbfd12fc801626ccbcf635735d06ae,03_INVESTIGATIONS/03_NORMALIZED_BY_ID/INV-044/INV-044_SHA256.txt,DUPLICATE_SHA
INV-044,INV-044_INVESTIGATION.md,expanded:INV-044_BUNDLE.zip,/mnt/data/DEMOCRACY_INFLUENCE_MASTER_EVIDENCE_BUNDLE_2026-09-11/03_INVESTIGATIONS/02_EXPANDED_ARCHIVES/DEMOCRACY_INFLUENCE_ALL_INVESTIGATIONS_2026-09-07/__NESTED_EXPANDED__/DEMOCRACY_INFLUENCE_ALL_INVESTIGATIONS_2026-09-07__99_SOURCE_BUNDLES__INV-044_BUNDLE/INV-044_INVESTIGATION.md,5b8a802a0d20c786ff174fa2906daf769884837c8ba88a6e0b64bb3275fc34af,03_INVESTIGATIONS/03_NORMALIZED_BY_ID/INV-044/INV-044_INVESTIGATION.md,DUPLICATE_SHA
INV-044,INV-044_PRE_GATE.json,expanded:INV-044_BUNDLE.zip,/mnt/data/DEMOCRACY_INFLUENCE_MASTER_EVIDENCE_BUNDLE_2026-09-11/03_INVESTIGATIONS/02_EXPANDED_ARCHIVES/DEMOCRACY_INFLUENCE_ALL_INVESTIGATIONS_2026-09-07/__NESTED_EXPANDED__/DEMOCRACY_INFLUENCE_ALL_INVESTIGATIONS_2026-09-07__99_SOURCE_BUNDLES__INV-044_BUNDLE/INV-044_PRE_GATE.json,a85bc29c6b2197ca61a339d079a7e91064b298dcfab2c7d7f6a921e425648e8e,03_INVESTIGATIONS/03_NORMALIZED_BY_ID/INV-044/INV-044_PRE_GATE.json,DUPLICATE_SHA
INV-044,INV-044_RUN_CARD.md,expanded:INV-044_BUNDLE.zip,/mnt/data/DEMOCRACY_INFLUENCE_MASTER_EVIDENCE_BUNDLE_2026-09-11/03_INVESTIGATIONS/02_EXPANDED_ARCHIVES/DEMOCRACY_INFLUENCE_ALL_INVESTIGATIONS_2026-09-07/__NESTED_EXPANDED__/DEMOCRACY_INFLUENCE_ALL_INVESTIGATIONS_2026-09-07__99_SOURCE_BUNDLES__INV-044_BUNDLE/INV-044_RUN_CARD.md,e93f3c9bdbfcf70fc104c67a3688dc676401806accac9b4ed44a1a2b09760a33,03_INVESTIGATIONS/03_NORMALIZED_BY_ID/INV-044/INV-044_INPUT.txt,DUPLICATE_SHA
INV-044,INV-044_RUN_HANDOFF.md,expanded:INV-044_BUNDLE.zip,/mnt/data/DEMOCRACY_INFLUENCE_MASTER_EVIDENCE_BUNDLE_2026-09-11/03_INVESTIGATIONS/02_EXPANDED_ARCHIVES/DEMOCRACY_INFLUENCE_ALL_INVESTIGATIONS_2026-09-07/__NESTED_EXPANDED__/DEMOCRACY_INFLUENCE_ALL_INVESTIGATIONS_2026-09-07__99_SOURCE_BUNDLES__INV-044_BUNDLE/INV-044_RUN_HANDOFF.md,e3c7258c52842e0cd0a4b425c1ea35ecd0ea452653b75c341ba205aacf4d761f,03_INVESTIGATIONS/03_NORMALIZED_BY_ID/INV-044/INV-044_RUN_HANDOFF.md,DUPLICATE_SHA
INV-033,INV-033_MNEMO_SNAPSHOT.json,expanded:INV-033_BUNDLE.zip,/mnt/data/DEMOCRACY_INFLUENCE_MASTER_EVIDENCE_BUNDLE_2026-09-11/03_INVESTIGATIONS/02_EXPANDED_ARCHIVES/DEMOCRACY_INFLUENCE_ALL_INVESTIGATIONS_2026-09-07/__NESTED_EXPANDED__/DEMOCRACY_INFLUENCE_ALL_INVESTIGATIONS_2026-09-07__99_SOURCE_BUNDLES__INV-033_BUNDLE/INV-033_MNEMO_SNAPSHOT.json,868ffbbc3dd8742b3c88e8d8324334816b8f4fb9690e929b5863813b3503e99c,03_INVESTIGATIONS/03_NORMALIZED_BY_ID/INV-033/INV-033_MNEMO_SNAPSHOT.json,DUPLICATE_SHA
INV-033,DASHBOARD.md,expanded:INV-033_BUNDLE.zip,/mnt/data/DEMOCRACY_INFLUENCE_MASTER_EVIDENCE_BUNDLE_2026-09-11/03_INVESTIGATIONS/02_EXPANDED_ARCHIVES/DEMOCRACY_INFLUENCE_ALL_INVESTIGATIONS_2026-09-07/__NESTED_EXPANDED__/DEMOCRACY_INFLUENCE_ALL_INVESTIGATIONS_2026-09-07__99_SOURCE_BUNDLES__INV-033_BUNDLE/DASHBOARD.md,64db5de31a11cf88c2a8befcfbb3202a99adc630baa4c9e2cfee31f276875358,03_INVESTIGATIONS/03_NORMALIZED_BY_ID/INV-033/DASHBOARD.md,DUPLICATE_SHA
INV-033,INVESTIGATION_REGISTRY.csv,expanded:INV-033_BUNDLE.zip,/mnt/data/DEMOCRACY_INFLUENCE_MASTER_EVIDENCE_BUNDLE_2026-09-11/03_INVESTIGATIONS/02_EXPANDED_ARCHIVES/DEMOCRACY_INFLUENCE_ALL_INVESTIGATIONS_2026-09-07/__NESTED_EXPANDED__/DEMOCRACY_INFLUENCE_ALL_INVESTIGATIONS_2026-09-07__99_SOURCE_BUNDLES__INV-033_BUNDLE/INVESTIGATION_REGISTRY.csv,2448631cfc5573761370ff23a35ab22b3293b063b1a9fcf8898abc480bead111,03_INVESTIGATIONS/03_NORMALIZED_BY_ID/INV-033/INVESTIGATION_REGISTRY.csv,DUPLICATE_SHA
INV-033,PRE_VERIFY.txt,expanded:INV-033_BUNDLE.zip,/mnt/data/DEMOCRACY_INFLUENCE_MASTER_EVIDENCE_BUNDLE_2026-09-11/03_INVESTIGATIONS/02_EXPANDED_ARCHIVES/DEMOCRACY_INFLUENCE_ALL_INVESTIGATIONS_2026-09-07/__NESTED_EXPANDED__/DEMOCRACY_INFLUENCE_ALL_INVESTIGATIONS_2026-09-07__99_SOURCE_BUNDLES__INV-033_BUNDLE/PRE_VERIFY.txt,5ebfb6d7c685f6d22380fbdfe6e2346344500edc7554dd8445c5688fd5e93300,03_INVESTIGATIONS/03_NORMALIZED_BY_ID/INV-033/PRE_VERIFY.txt,DUPLICATE_SHA
INV-033,TRACELOG.md,expanded:INV-033_BUNDLE.zip,/mnt/data/DEMOCRACY_INFLUENCE_MASTER_EVIDENCE_BUNDLE_2026-09-11/03_INVESTIGATIONS/02_EXPANDED_ARCHIVES/DEMOCRACY_INFLUENCE_ALL_INVESTIGATIONS_2026-09-07/__NESTED_EXPANDED__/DEMOCRACY_INFLUENCE_ALL_INVESTIGATIONS_2026-09-07__99_SOURCE_BUNDLES__INV-033_BUNDLE/TRACELOG.md,19fbb1806aa38bbee1ad12857a36d1d28ce16791f9897a01877d23f4b70d8c7b,03_INVESTIGATIONS/03_NORMALIZED_BY_ID/INV-033/TRACELOG.md,DUPLICATE_SHA
INV-033,INV-033_NARRATIVE.tmp.md,expanded:INV-033_BUNDLE.zip,/mnt/data/DEMOCRACY_INFLUENCE_MASTER_EVIDENCE_BUNDLE_2026-09-11/03_INVESTIGATIONS/02_EXPANDED_ARCHIVES/DEMOCRACY_INFLUENCE_ALL_INVESTIGATIONS_2026-09-07/__NESTED_EXPANDED__/DEMOCRACY_INFLUENCE_ALL_INVESTIGATIONS_2026-09-07__99_SOURCE_BUNDLES__INV-033_BUNDLE/INV-033_NARRATIVE.tmp.md,b2dd7dc9c5412f3b1dfb2c1477aa8d5133706a2d9c8686b9e6bd2667324bed0c,03_INVESTIGATIONS/03_NORMALIZED_BY_ID/INV-033/INV-033_NARRATIVE.tmp.md,DUPLICATE_SHA
INV-033,DELIVERY_VERIFY.txt,expanded:INV-033_BUNDLE.zip,/mnt/data/DEMOCRACY_INFLUENCE_MASTER_EVIDENCE_BUNDLE_2026-09-11/03_INVESTIGATIONS/02_EXPANDED_ARCHIVES/DEMOCRACY_INFLUENCE_ALL_INVESTIGATIONS_2026-09-07/__NESTED_EXPANDED__/DEMOCRACY_INFLUENCE_ALL_INVESTIGATIONS_2026-09-07__99_SOURCE_BUNDLES__INV-033_BUNDLE/DELIVERY_VERIFY.txt,190eafb6b0ff665a21a7ad486eeffb0e21e4971664f4180b8e83bd3b9a7dbd40,03_INVESTIGATIONS/03_NORMALIZED_BY_ID/INV-033/DELIVERY_VERIFY.txt,DUPLICATE_SHA
INV-033,INV-033_RUN_CARD.md,expanded:INV-033_BUNDLE.zip,/mnt/data/DEMOCRACY_INFLUENCE_MASTER_EVIDENCE_BUNDLE_2026-09-11/03_INVESTIGATIONS/02_EXPANDED_ARCHIVES/DEMOCRACY_INFLUENCE_ALL_INVESTIGATIONS_2026-09-07/__NESTED_EXPANDED__/DEMOCRACY_INFLUENCE_ALL_INVESTIGATIONS_2026-09-07__99_SOURCE_BUNDLES__INV-033_BUNDLE/INV-033_RUN_CARD.md,c01967887a2e9736751781f80a0b40ca7f612669e5453fb0f68c4277d7a9171b,03_INVESTIGATIONS/03_NORMALIZED_BY_ID/INV-033/INV-033_RUN_CARD.md,DUPLICATE_SHA
INV-033,INV-033_POST_RUN_REVIEW.md,expanded:INV-033_BUNDLE.zip,/mnt/data/DEMOCRACY_INFLUENCE_MASTER_EVIDENCE_BUNDLE_2026-09-11/03_INVESTIGATIONS/02_EXPANDED_ARCHIVES/DEMOCRACY_INFLUENCE_ALL_INVESTIGATIONS_2026-09-07/__NESTED_EXPANDED__/DEMOCRACY_INFLUENCE_ALL_INVESTIGATIONS_2026-09-07__99_SOURCE_BUNDLES__INV-033_BUNDLE/INV-033_POST_RUN_REVIEW.md,fa7fe93df82ac2afa4ebc1c2fd4dfcb432bf790d9d2d3db2092bea65863edd70,03_INVESTIGATIONS/03_NORMALIZED_BY_ID/INV-033/INV-033_POST_RUN_REVIEW.md,DUPLICATE_SHA
INV-033,INV-033_INPUT.md,expanded:INV-033_BUNDLE.zip,/mnt/data/DEMOCRACY_INFLUENCE_MASTER_EVIDENCE_BUNDLE_2026-09-11/03_INVESTIGATIONS/02_EXPANDED_ARCHIVES/DEMOCRACY_INFLUENCE_ALL_INVESTIGATIONS_2026-09-07/__NESTED_EXPANDED__/DEMOCRACY_INFLUENCE_ALL_INVESTIGATIONS_2026-09-07__99_SOURCE_BUNDLES__INV-033_BUNDLE/INV-033_INPUT.md,c01967887a2e9736751781f80a0b40ca7f612669e5453fb0f68c4277d7a9171b,03_INVESTIGATIONS/03_NORMALIZED_BY_ID/INV-033/INV-033_RUN_CARD.md,DUPLICATE_SHA
INV-033,DELIVERY_VERIFY_RESULT.json,expanded:INV-033_BUNDLE.zip,/mnt/data/DEMOCRACY_INFLUENCE_MASTER_EVIDENCE_BUNDLE_2026-09-11/03_INVESTIGATIONS/02_EXPANDED_ARCHIVES/DEMOCRACY_INFLUENCE_ALL_INVESTIGATIONS_2026-09-07/__NESTED_EXPANDED__/DEMOCRACY_INFLUENCE_ALL_INVESTIGATIONS_2026-09-07__99_SOURCE_BUNDLES__INV-033_BUNDLE/DELIVERY_VERIFY_RESULT.json,a7718fb0c9d19ca5c5049a07251b3406023f8c215e7376e58c6cb1d11994e258,03_INVESTIGATIONS/03_NORMALIZED_BY_ID/INV-033/DELIVERY_VERIFY_RESULT.json,DUPLICATE_SHA
INV-033,INV-033_SHA256.txt,expanded:INV-033_BUNDLE.zip,/mnt/data/DEMOCRACY_INFLUENCE_MASTER_EVIDENCE_BUNDLE_2026-09-11/03_INVESTIGATIONS/02_EXPANDED_ARCHIVES/DEMOCRACY_INFLUENCE_ALL_INVESTIGATIONS_2026-09-07/__NESTED_EXPANDED__/DEMOCRACY_INFLUENCE_ALL_INVESTIGATIONS_2026-09-07__99_SOURCE_BUNDLES__INV-033_BUNDLE/INV-033_SHA256.txt,e1e0ca4c08d99fda664d5237bdfb1997cd373fa7ea3fb18e6298066dbc46ca34,03_INVESTIGATIONS/03_NORMALIZED_BY_ID/INV-033/INV-033_SHA256.txt,DUPLICATE_SHA
INV-033,INV-033_RUN_HANDOFF.md,expanded:INV-033_BUNDLE.zip,/mnt/data/DEMOCRACY_INFLUENCE_MASTER_EVIDENCE_BUNDLE_2026-09-11/03_INVESTIGATIONS/02_EXPANDED_ARCHIVES/DEMOCRACY_INFLUENCE_ALL_INVESTIGATIONS_2026-09-07/__NESTED_EXPANDED__/DEMOCRACY_INFLUENCE_ALL_INVESTIGATIONS_2026-09-07__99_SOURCE_BUNDLES__INV-033_BUNDLE/INV-033_RUN_HANDOFF.md,a33fa3cb614d41e2c2ac4319f2081bfaa210f7f556997cc853ac81a5b5549ebb,03_INVESTIGATIONS/03_NORMALIZED_BY_ID/INV-033/INV-033_RUN_HANDOFF.md,DUPLICATE_SHA
INV-033,INV-033_CERTIFICATION.json,expanded:INV-033_BUNDLE.zip,/mnt/data/DEMOCRACY_INFLUENCE_MASTER_EVIDENCE_BUNDLE_2026-09-11/03_INVESTIGATIONS/02_EXPANDED_ARCHIVES/DEMOCRACY_INFLUENCE_ALL_INVESTIGATIONS_2026-09-07/__NESTED_EXPANDED__/DEMOCRACY_INFLUENCE_ALL_INVESTIGATIONS_2026-09-07__99_SOURCE_BUNDLES__INV-033_BUNDLE/INV-033_CERTIFICATION.json,190eafb6b0ff665a21a7ad486eeffb0e21e4971664f4180b8e83bd3b9a7dbd40,03_INVESTIGATIONS/03_NORMALIZED_BY_ID/INV-033/DELIVERY_VERIFY.txt,DUPLICATE_SHA
INV-033,INV-033_INVESTIGATION.md,expanded:INV-033_BUNDLE.zip,/mnt/data/DEMOCRACY_INFLUENCE_MASTER_EVIDENCE_BUNDLE_2026-09-11/03_INVESTIGATIONS/02_EXPANDED_ARCHIVES/DEMOCRACY_INFLUENCE_ALL_INVESTIGATIONS_2026-09-07/__NESTED_EXPANDED__/DEMOCRACY_INFLUENCE_ALL_INVESTIGATIONS_2026-09-07__99_SOURCE_BUNDLES__INV-033_BUNDLE/INV-033_INVESTIGATION.md,6882743d76521abaf201035c2d0148116b76c0f3f28fc5bfb95595ea42e67a8e,03_INVESTIGATIONS/03_NORMALIZED_BY_ID/INV-033/INV-033_INVESTIGATION.md,DUPLICATE_SHA
INV-033,INV-033_RUN_STATE.json,expanded:INV-033_BUNDLE.zip,/mnt/data/DEMOCRACY_INFLUENCE_MASTER_EVIDENCE_BUNDLE_2026-09-11/03_INVESTIGATIONS/02_EXPANDED_ARCHIVES/DEMOCRACY_INFLUENCE_ALL_INVESTIGATIONS_2026-09-07/__NESTED_EXPANDED__/DEMOCRACY_INFLUENCE_ALL_INVESTIGATIONS_2026-09-07__99_SOURCE_BUNDLES__INV-033_BUNDLE/INV-033_RUN_STATE.json,ede322327835e5c8e4d19fbd11885bf9007623c93dafad18a8eadf7430537adc,03_INVESTIGATIONS/03_NORMALIZED_BY_ID/INV-033/INV-033_RUN_STATE.json,DUPLICATE_SHA
INV-033,DEPENDENCY_GATE_INV-146_2026-09-07_0752.md,expanded:INV-033_BUNDLE.zip,/mnt/data/DEMOCRACY_INFLUENCE_MASTER_EVIDENCE_BUNDLE_2026-09-11/03_INVESTIGATIONS/02_EXPANDED_ARCHIVES/DEMOCRACY_INFLUENCE_ALL_INVESTIGATIONS_2026-09-07/__NESTED_EXPANDED__/DEMOCRACY_INFLUENCE_ALL_INVESTIGATIONS_2026-09-07__99_SOURCE_BUNDLES__INV-033_BUNDLE/DEPENDENCY_GATE_INV-146_2026-09-07_0752.md,24ad44dd0550af2a15758d931cf0dcca6cb28d4098f79d941f8a7b63bc3abca4,03_INVESTIGATIONS/03_NORMALIZED_BY_ID/INV-033/DEPENDENCY_GATE_INV-146_2026-09-07_0752.md,DUPLICATE_SHA
INV-054,INV-054_POST_RUN_REVIEW.md,expanded:INV-054_BUNDLE.zip,/mnt/data/DEMOCRACY_INFLUENCE_MASTER_EVIDENCE_BUNDLE_2026-09-11/03_INVESTIGATIONS/02_EXPANDED_ARCHIVES/DEMOCRACY_INFLUENCE_ALL_INVESTIGATIONS_2026-09-07/__NESTED_EXPANDED__/DEMOCRACY_INFLUENCE_ALL_INVESTIGATIONS_2026-09-07__99_SOURCE_BUNDLES__INV-054_BUNDLE/INV-054_POST_RUN_REVIEW.md,77cb1075b7250f7196f87997c67bfe496468d1e0b488c9a3961f8af96b6e32e9,03_INVESTIGATIONS/03_NORMALIZED_BY_ID/INV-054/INV-054_POST_RUN_REVIEW.md,DUPLICATE_SHA
INV-054,INV-054_DELIVERY_GATE.log,expanded:INV-054_BUNDLE.zip,/mnt/data/DEMOCRACY_INFLUENCE_MASTER_EVIDENCE_BUNDLE_2026-09-11/03_INVESTIGATIONS/02_EXPANDED_ARCHIVES/DEMOCRACY_INFLUENCE_ALL_INVESTIGATIONS_2026-09-07/__NESTED_EXPANDED__/DEMOCRACY_INFLUENCE_ALL_INVESTIGATIONS_2026-09-07__99_SOURCE_BUNDLES__INV-054_BUNDLE/INV-054_DELIVERY_GATE.log,858640adaca67e824e696957d53766e461a2c4d58c54f206aaa5b20565f15029,03_INVESTIGATIONS/03_NORMALIZED_BY_ID/INV-054/INV-054_DELIVERY_GATE.log,DUPLICATE_SHA
INV-054,INV-054_PRE_GATE.log,expanded:INV-054_BUNDLE.zip,/mnt/data/DEMOCRACY_INFLUENCE_MASTER_EVIDENCE_BUNDLE_2026-09-11/03_INVESTIGATIONS/02_EXPANDED_ARCHIVES/DEMOCRACY_INFLUENCE_ALL_INVESTIGATIONS_2026-09-07/__NESTED_EXPANDED__/DEMOCRACY_INFLUENCE_ALL_INVESTIGATIONS_2026-09-07__99_SOURCE_BUNDLES__INV-054_BUNDLE/INV-054_PRE_GATE.log,eba55c8484a985b121ada134b418db0cc915f9a7f7ecc5a7c90a02a4ce1eb5d7,03_INVESTIGATIONS/03_NORMALIZED_BY_ID/INV-054/INV-054_PRE_GATE.log,DUPLICATE_SHA
INV-054,INV-054_CERTIFICATION.json,expanded:INV-054_BUNDLE.zip,/mnt/data/DEMOCRACY_INFLUENCE_MASTER_EVIDENCE_BUNDLE_2026-09-11/03_INVESTIGATIONS/02_EXPANDED_ARCHIVES/DEMOCRACY_INFLUENCE_ALL_INVESTIGATIONS_2026-09-07/__NESTED_EXPANDED__/DEMOCRACY_INFLUENCE_ALL_INVESTIGATIONS_2026-09-07__99_SOURCE_BUNDLES__INV-054_BUNDLE/INV-054_CERTIFICATION.json,858640adaca67e824e696957d53766e461a2c4d58c54f206aaa5b20565f15029,03_INVESTIGATIONS/03_NORMALIZED_BY_ID/INV-054/INV-054_DELIVERY_GATE.log,DUPLICATE_SHA
INV-054,INV-054_SHA256.txt,expanded:INV-054_BUNDLE.zip,/mnt/data/DEMOCRACY_INFLUENCE_MASTER_EVIDENCE_BUNDLE_2026-09-11/03_INVESTIGATIONS/02_EXPANDED_ARCHIVES/DEMOCRACY_INFLUENCE_ALL_INVESTIGATIONS_2026-09-07/__NESTED_EXPANDED__/DEMOCRACY_INFLUENCE_ALL_INVESTIGATIONS_2026-09-07__99_SOURCE_BUNDLES__INV-054_BUNDLE/INV-054_SHA256.txt,bafcc8fa5b9fd5b0d7e3e8638d3971a05a61be4cdbbfcf43bf7dad8e19b1cb7a,03_INVESTIGATIONS/03_NORMALIZED_BY_ID/INV-054/INV-054_SHA256.txt,DUPLICATE_SHA
INV-054,INV-054_MNEMO_SNAPSHOT.json,expanded:INV-054_BUNDLE.zip,/mnt/data/DEMOCRACY_INFLUENCE_MASTER_EVIDENCE_BUNDLE_2026-09-11/03_INVESTIGATIONS/02_EXPANDED_ARCHIVES/DEMOCRACY_INFLUENCE_ALL_INVESTIGATIONS_2026-09-07/__NESTED_EXPANDED__/DEMOCRACY_INFLUENCE_ALL_INVESTIGATIONS_2026-09-07__99_SOURCE_BUNDLES__INV-054_BUNDLE/INV-054_MNEMO_SNAPSHOT.json,f49fdbb27d474e08b5fb37b8eb38e9785bd6061b2c3c24c375b1c27b8057dec8,03_INVESTIGATIONS/03_NORMALIZED_BY_ID/INV-054/INV-054_MNEMO_SNAPSHOT.json,DUPLICATE_SHA
INV-054,INV-054_RUN_CARD.md,expanded:INV-054_BUNDLE.zip,/mnt/data/DEMOCRACY_INFLUENCE_MASTER_EVIDENCE_BUNDLE_2026-09-11/03_INVESTIGATIONS/02_EXPANDED_ARCHIVES/DEMOCRACY_INFLUENCE_ALL_INVESTIGATIONS_2026-09-07/__NESTED_EXPANDED__/DEMOCRACY_INFLUENCE_ALL_INVESTIGATIONS_2026-09-07__99_SOURCE_BUNDLES__INV-054_BUNDLE/INV-054_RUN_CARD.md,2a84951fb76acfe49c5a8202261a275b1927f327aece61a05a97a13c2dd66ec7,03_INVESTIGATIONS/03_NORMALIZED_BY_ID/INV-054/INV-054_RUN_CARD.md,DUPLICATE_SHA
INV-054,INV-054_NARRATIVE.tmp.md,expanded:INV-054_BUNDLE.zip,/mnt/data/DEMOCRACY_INFLUENCE_MASTER_EVIDENCE_BUNDLE_2026-09-11/03_INVESTIGATIONS/02_EXPANDED_ARCHIVES/DEMOCRACY_INFLUENCE_ALL_INVESTIGATIONS_2026-09-07/__NESTED_EXPANDED__/DEMOCRACY_INFLUENCE_ALL_INVESTIGATIONS_2026-09-07__99_SOURCE_BUNDLES__INV-054_BUNDLE/INV-054_NARRATIVE.tmp.md,b59909d11998c9b458cdba76d3a59607c358bb0dea4084be032e38a39012ff3b,03_INVESTIGATIONS/03_NORMALIZED_BY_ID/INV-054/INV-054_NARRATIVE.tmp.md,DUPLICATE_SHA
INV-054,INV-054_RUN_STATE.json,expanded:INV-054_BUNDLE.zip,/mnt/data/DEMOCRACY_INFLUENCE_MASTER_EVIDENCE_BUNDLE_2026-09-11/03_INVESTIGATIONS/02_EXPANDED_ARCHIVES/DEMOCRACY_INFLUENCE_ALL_INVESTIGATIONS_2026-09-07/__NESTED_EXPANDED__/DEMOCRACY_INFLUENCE_ALL_INVESTIGATIONS_2026-09-07__99_SOURCE_BUNDLES__INV-054_BUNDLE/INV-054_RUN_STATE.json,6d95ed621bc4e8fb48e80a7957e621957ed181ec0eab796963ecd16112efd7e5,03_INVESTIGATIONS/03_NORMALIZED_BY_ID/INV-054/INV-054_RUN_STATE.json,DUPLICATE_SHA
INV-054,INV-054_RUN_HANDOFF.md,expanded:INV-054_BUNDLE.zip,/mnt/data/DEMOCRACY_INFLUENCE_MASTER_EVIDENCE_BUNDLE_2026-09-11/03_INVESTIGATIONS/02_EXPANDED_ARCHIVES/DEMOCRACY_INFLUENCE_ALL_INVESTIGATIONS_2026-09-07/__NESTED_EXPANDED__/DEMOCRACY_INFLUENCE_ALL_INVESTIGATIONS_2026-09-07__99_SOURCE_BUNDLES__INV-054_BUNDLE/INV-054_RUN_HANDOFF.md,64c37752d4c1dd713f6143766d652b8c6fe39981e603fcc2854d9cb71d574c1a,03_INVESTIGATIONS/03_NORMALIZED_BY_ID/INV-054/INV-054_RUN_HANDOFF.md,DUPLICATE_SHA
INV-054,INV-054_INVESTIGATION.md,expanded:INV-054_BUNDLE.zip,/mnt/data/DEMOCRACY_INFLUENCE_MASTER_EVIDENCE_BUNDLE_2026-09-11/03_INVESTIGATIONS/02_EXPANDED_ARCHIVES/DEMOCRACY_INFLUENCE_ALL_INVESTIGATIONS_2026-09-07/__NESTED_EXPANDED__/DEMOCRACY_INFLUENCE_ALL_INVESTIGATIONS_2026-09-07__99_SOURCE_BUNDLES__INV-054_BUNDLE/INV-054_INVESTIGATION.md,9b02a7b42d2289c9ea2e2b0d47481f091a4bccc35118d0448f9620ab8b409c03,03_INVESTIGATIONS/03_NORMALIZED_BY_ID/INV-054/INV-054_INVESTIGATION.md,DUPLICATE_SHA
INV-054,INV-054_INPUT.txt,expanded:INV-054_BUNDLE.zip,/mnt/data/DEMOCRACY_INFLUENCE_MASTER_EVIDENCE_BUNDLE_2026-09-11/03_INVESTIGATIONS/02_EXPANDED_ARCHIVES/DEMOCRACY_INFLUENCE_ALL_INVESTIGATIONS_2026-09-07/__NESTED_EXPANDED__/DEMOCRACY_INFLUENCE_ALL_INVESTIGATIONS_2026-09-07__99_SOURCE_BUNDLES__INV-054_BUNDLE/INV-054_INPUT.txt,2a84951fb76acfe49c5a8202261a275b1927f327aece61a05a97a13c2dd66ec7,03_INVESTIGATIONS/03_NORMALIZED_BY_ID/INV-054/INV-054_RUN_CARD.md,DUPLICATE_SHA
INV-081,INV-081_RUN_CARD.md,expanded:INV-081_BUNDLE.zip,/mnt/data/DEMOCRACY_INFLUENCE_MASTER_EVIDENCE_BUNDLE_2026-09-11/03_INVESTIGATIONS/02_EXPANDED_ARCHIVES/DEMOCRACY_INFLUENCE_ALL_INVESTIGATIONS_2026-09-07/__NESTED_EXPANDED__/DEMOCRACY_INFLUENCE_ALL_INVESTIGATIONS_2026-09-07__99_SOURCE_BUNDLES__INV-081_BUNDLE/INV-081/control/INV-081_RUN_CARD.md,aaf5026a47bda414d9f93edb98215c361a5c329671c7c543a26227f317ab7dbe,03_INVESTIGATIONS/03_NORMALIZED_BY_ID/INV-081/INV-081_RUN_CARD.md,DUPLICATE_SHA
INV-081,INV-081_RUN_HANDOFF.md,expanded:INV-081_BUNDLE.zip,/mnt/data/DEMOCRACY_INFLUENCE_MASTER_EVIDENCE_BUNDLE_2026-09-11/03_INVESTIGATIONS/02_EXPANDED_ARCHIVES/DEMOCRACY_INFLUENCE_ALL_INVESTIGATIONS_2026-09-07/__NESTED_EXPANDED__/DEMOCRACY_INFLUENCE_ALL_INVESTIGATIONS_2026-09-07__99_SOURCE_BUNDLES__INV-081_BUNDLE/INV-081/control/INV-081_RUN_HANDOFF.md,7ac635ec0f5e0726c2cd08bbf7c8d26dcc93daf688c6214ce4080a38bdb11a5f,03_INVESTIGATIONS/03_NORMALIZED_BY_ID/INV-081/INV-081_RUN_HANDOFF.md,DUPLICATE_SHA
INV-081,INV-081_POST_RUN_REVIEW.md,expanded:INV-081_BUNDLE.zip,/mnt/data/DEMOCRACY_INFLUENCE_MASTER_EVIDENCE_BUNDLE_2026-09-11/03_INVESTIGATIONS/02_EXPANDED_ARCHIVES/DEMOCRACY_INFLUENCE_ALL_INVESTIGATIONS_2026-09-07/__NESTED_EXPANDED__/DEMOCRACY_INFLUENCE_ALL_INVESTIGATIONS_2026-09-07__99_SOURCE_BUNDLES__INV-081_BUNDLE/INV-081/control/INV-081_POST_RUN_REVIEW.md,1adc6243d2ab1c07a7e3f6456d36dd4a27409b57171b3255744eeb38729dec5f,03_INVESTIGATIONS/03_NORMALIZED_BY_ID/INV-081/INV-081_POST_RUN_REVIEW.md,DUPLICATE_SHA
INV-081,2026-09-06_15-55_propriete-medias-francais_RUN_STATE.json,expanded:INV-081_BUNDLE.zip,/mnt/data/DEMOCRACY_INFLUENCE_MASTER_EVIDENCE_BUNDLE_2026-09-11/03_INVESTIGATIONS/02_EXPANDED_ARCHIVES/DEMOCRACY_INFLUENCE_ALL_INVESTIGATIONS_2026-09-07/__NESTED_EXPANDED__/DEMOCRACY_INFLUENCE_ALL_INVESTIGATIONS_2026-09-07__99_SOURCE_BUNDLES__INV-081_BUNDLE/INV-081/truth-engine/2026-09-06_15-55_propriete-medias-francais_RUN_STATE.json,138563ff7c58a71171d84ae00d3c30b604d3b07fae9491dd3f2593194ce72116,03_INVESTIGATIONS/03_NORMALIZED_BY_ID/INV-081/2026-09-06_15-55_propriete-medias-francais_RUN_STATE.json,DUPLICATE_SHA
INV-081,2026-09-06_15-55_propriete-medias-francais_INVESTIGATION.md,expanded:INV-081_BUNDLE.zip,/mnt/data/DEMOCRACY_INFLUENCE_MASTER_EVIDENCE_BUNDLE_2026-09-11/03_INVESTIGATIONS/02_EXPANDED_ARCHIVES/DEMOCRACY_INFLUENCE_ALL_INVESTIGATIONS_2026-09-07/__NESTED_EXPANDED__/DEMOCRACY_INFLUENCE_ALL_INVESTIGATIONS_2026-09-07__99_SOURCE_BUNDLES__INV-081_BUNDLE/INV-081/truth-engine/2026-09-06_15-55_propriete-medias-francais_INVESTIGATION.md,0fc4ee6583cdc16a5f02801795f0248c30baa437239d48871390f527f478238c,03_INVESTIGATIONS/03_NORMALIZED_BY_ID/INV-081/2026-09-06_15-55_propriete-medias-francais_INVESTIGATION.md,DUPLICATE_SHA
INV-081,2026-09-06_15-55_propriete-medias-francais_INPUT.md,expanded:INV-081_BUNDLE.zip,/mnt/data/DEMOCRACY_INFLUENCE_MASTER_EVIDENCE_BUNDLE_2026-09-11/03_INVESTIGATIONS/02_EXPANDED_ARCHIVES/DEMOCRACY_INFLUENCE_ALL_INVESTIGATIONS_2026-09-07/__NESTED_EXPANDED__/DEMOCRACY_INFLUENCE_ALL_INVESTIGATIONS_2026-09-07__99_SOURCE_BUNDLES__INV-081_BUNDLE/INV-081/truth-engine/2026-09-06_15-55_propriete-medias-francais_INPUT.md,aaf5026a47bda414d9f93edb98215c361a5c329671c7c543a26227f317ab7dbe,03_INVESTIGATIONS/03_NORMALIZED_BY_ID/INV-081/INV-081_RUN_CARD.md,DUPLICATE_SHA
INV-081,2026-09-06_15-55_propriete-medias-francais_MNEMO_SNAPSHOT.json,expanded:INV-081_BUNDLE.zip,/mnt/data/DEMOCRACY_INFLUENCE_MASTER_EVIDENCE_BUNDLE_2026-09-11/03_INVESTIGATIONS/02_EXPANDED_ARCHIVES/DEMOCRACY_INFLUENCE_ALL_INVESTIGATIONS_2026-09-07/__NESTED_EXPANDED__/DEMOCRACY_INFLUENCE_ALL_INVESTIGATIONS_2026-09-07__99_SOURCE_BUNDLES__INV-081_BUNDLE/INV-081/truth-engine/2026-09-06_15-55_propriete-medias-francais_MNEMO_SNAPSHOT.json,3ebbf70afaf4cca3fc05e181d920d6247514681a486d3231b3870b8a2809b07a,03_INVESTIGATIONS/03_NORMALIZED_BY_ID/INV-081/2026-09-06_15-55_propriete-medias-francais_MNEMO_SNAPSHOT.json,DUPLICATE_SHA
INV-081,2026-09-06_15-55_propriete-medias-francais_NARRATIVE.tmp.md,expanded:INV-081_BUNDLE.zip,/mnt/data/DEMOCRACY_INFLUENCE_MASTER_EVIDENCE_BUNDLE_2026-09-11/03_INVESTIGATIONS/02_EXPANDED_ARCHIVES/DEMOCRACY_INFLUENCE_ALL_INVESTIGATIONS_2026-09-07/__NESTED_EXPANDED__/DEMOCRACY_INFLUENCE_ALL_INVESTIGATIONS_2026-09-07__99_SOURCE_BUNDLES__INV-081_BUNDLE/INV-081/truth-engine/2026-09-06_15-55_propriete-medias-francais_NARRATIVE.tmp.md,4a4de2d18f04b2856161a7ce36d9f375da9a63ec81c3b23f9db57453eb8cb2aa,03_INVESTIGATIONS/03_NORMALIZED_BY_ID/INV-081/2026-09-06_15-55_propriete-medias-francais_NARRATIVE.tmp.md,DUPLICATE_SHA
INV-081,2026-09-06_15-55_propriete-medias-francais_CERTIFICATION.json,expanded:INV-081_BUNDLE.zip,/mnt/data/DEMOCRACY_INFLUENCE_MASTER_EVIDENCE_BUNDLE_2026-09-11/03_INVESTIGATIONS/02_EXPANDED_ARCHIVES/DEMOCRACY_INFLUENCE_ALL_INVESTIGATIONS_2026-09-07/__NESTED_EXPANDED__/DEMOCRACY_INFLUENCE_ALL_INVESTIGATIONS_2026-09-07__99_SOURCE_BUNDLES__INV-081_BUNDLE/INV-081/truth-engine/2026-09-06_15-55_propriete-medias-francais_CERTIFICATION.json,3b65bae77bd054903eb8a99028c49ba156c424dd3b12d799088c50ef2ff5621f,03_INVESTIGATIONS/03_NORMALIZED_BY_ID/INV-081/2026-09-06_15-55_propriete-medias-francais_CERTIFICATION.json,DUPLICATE_SHA
INV-022,README_BUNDLE.md,expanded:INV-022_R3_FULL_FORENSIC_BUNDLE.zip,/mnt/data/DEMOCRACY_INFLUENCE_MASTER_EVIDENCE_BUNDLE_2026-09-11/03_INVESTIGATIONS/02_EXPANDED_ARCHIVES/DEMOCRACY_INFLUENCE_ALL_INVESTIGATIONS_2026-09-07/__NESTED_EXPANDED__/DEMOCRACY_INFLUENCE_ALL_INVESTIGATIONS_2026-09-07__99_SOURCE_BUNDLES__INV-022_R3_FULL_FORENSIC_BUNDLE/INV-022_R3_FULL_FORENSIC_BUNDLE/README_BUNDLE.md,8a08fd480f4d245eaa5c7d10044e863ea492de6cc2c43a2547f443b31ca231a1,03_INVESTIGATIONS/03_NORMALIZED_BY_ID/INV-022/README_BUNDLE.md,DUPLICATE_SHA
INV-022,SHA256SUMS.txt,expanded:INV-022_R3_FULL_FORENSIC_BUNDLE.zip,/mnt/data/DEMOCRACY_INFLUENCE_MASTER_EVIDENCE_BUNDLE_2026-09-11/03_INVESTIGATIONS/02_EXPANDED_ARCHIVES/DEMOCRACY_INFLUENCE_ALL_INVESTIGATIONS_2026-09-07/__NESTED_EXPANDED__/DEMOCRACY_INFLUENCE_ALL_INVESTIGATIONS_2026-09-07__99_SOURCE_BUNDLES__INV-022_R3_FULL_FORENSIC_BUNDLE/INV-022_R3_FULL_FORENSIC_BUNDLE/SHA256SUMS.txt,02faf8eb8d88078c54b0253a2b2053cd813056a24d08ef83af8a55ad409925bf,03_INVESTIGATIONS/03_NORMALIZED_BY_ID/INV-022/SHA256SUMS.txt,DUPLICATE_SHA
INV-022,continue_r3_phase12_13.py,expanded:INV-022_R3_FULL_FORENSIC_BUNDLE.zip,/mnt/data/DEMOCRACY_INFLUENCE_MASTER_EVIDENCE_BUNDLE_2026-09-11/03_INVESTIGATIONS/02_EXPANDED_ARCHIVES/DEMOCRACY_INFLUENCE_ALL_INVESTIGATIONS_2026-09-07/__NESTED_EXPANDED__/DEMOCRACY_INFLUENCE_ALL_INVESTIGATIONS_2026-09-07__99_SOURCE_BUNDLES__INV-022_R3_FULL_FORENSIC_BUNDLE/INV-022_R3_FULL_FORENSIC_BUNDLE/WORKING_TRACE/continue_r3_phase12_13.py,f23099fb7e4ba727475a31180470619bb7303f1cf2c865f16f00ba5c8f914540,03_INVESTIGATIONS/03_NORMALIZED_BY_ID/INV-022/continue_r3_phase12_13.py,DUPLICATE_SHA
INV-022,persistence_payload.py,expanded:INV-022_R3_FULL_FORENSIC_BUNDLE.zip,/mnt/data/DEMOCRACY_INFLUENCE_MASTER_EVIDENCE_BUNDLE_2026-09-11/03_INVESTIGATIONS/02_EXPANDED_ARCHIVES/DEMOCRACY_INFLUENCE_ALL_INVESTIGATIONS_2026-09-07/__NESTED_EXPANDED__/DEMOCRACY_INFLUENCE_ALL_INVESTIGATIONS_2026-09-07__99_SOURCE_BUNDLES__INV-022_R3_FULL_FORENSIC_BUNDLE/INV-022_R3_FULL_FORENSIC_BUNDLE/WORKING_TRACE/persistence_payload.py,f259fbe18264fcf8fd528feee4d79f336e57af5b583e0fc6dbee4dbef68f8425,03_INVESTIGATIONS/03_NORMALIZED_BY_ID/INV-022/persistence_payload.py,DUPLICATE_SHA
INV-022,continue_r3_phase16_17.py,expanded:INV-022_R3_FULL_FORENSIC_BUNDLE.zip,/mnt/data/DEMOCRACY_INFLUENCE_MASTER_EVIDENCE_BUNDLE_2026-09-11/03_INVESTIGATIONS/02_EXPANDED_ARCHIVES/DEMOCRACY_INFLUENCE_ALL_INVESTIGATIONS_2026-09-07/__NESTED_EXPANDED__/DEMOCRACY_INFLUENCE_ALL_INVESTIGATIONS_2026-09-07__99_SOURCE_BUNDLES__INV-022_R3_FULL_FORENSIC_BUNDLE/INV-022_R3_FULL_FORENSIC_BUNDLE/WORKING_TRACE/continue_r3_phase16_17.py,f74760f3f3f9554b404aa7f11fe325bec89c23c35a65a17a5a19e0e352f929bc,03_INVESTIGATIONS/03_NORMALIZED_BY_ID/INV-022/continue_r3_phase16_17.py,DUPLICATE_SHA
INV-022,INV022_TECHNICAL_BODY_CANDIDATE.md,expanded:INV-022_R3_FULL_FORENSIC_BUNDLE.zip,/mnt/data/DEMOCRACY_INFLUENCE_MASTER_EVIDENCE_BUNDLE_2026-09-11/03_INVESTIGATIONS/02_EXPANDED_ARCHIVES/DEMOCRACY_INFLUENCE_ALL_INVESTIGATIONS_2026-09-07/__NESTED_EXPANDED__/DEMOCRACY_INFLUENCE_ALL_INVESTIGATIONS_2026-09-07__99_SOURCE_BUNDLES__INV-022_R3_FULL_FORENSIC_BUNDLE/INV-022_R3_FULL_FORENSIC_BUNDLE/WORKING_TRACE/INV022_TECHNICAL_BODY_CANDIDATE.md,79295880570f35fce78ab687b34d0604c56cb8ace01d17cd9a8fcc666cf52766,03_INVESTIGATIONS/03_NORMALIZED_BY_ID/INV-022/2026-09-06_10-57_russie-operations-influence-france_NARRATIVE.tmp.md,DUPLICATE_SHA
INV-022,INV-022_R3_E2E_TEST_REPORT.md,expanded:INV-022_R3_FULL_FORENSIC_BUNDLE.zip,/mnt/data/DEMOCRACY_INFLUENCE_MASTER_EVIDENCE_BUNDLE_2026-09-11/03_INVESTIGATIONS/02_EXPANDED_ARCHIVES/DEMOCRACY_INFLUENCE_ALL_INVESTIGATIONS_2026-09-07/__NESTED_EXPANDED__/DEMOCRACY_INFLUENCE_ALL_INVESTIGATIONS_2026-09-07__99_SOURCE_BUNDLES__INV-022_R3_FULL_FORENSIC_BUNDLE/INV-022_R3_FULL_FORENSIC_BUNDLE/E2E/INV-022_R3_E2E_TEST_REPORT.md,74a7359e0fb339d1c6fbf3e08f111b7b75d0e81090832a40cf4bea60448c3aa4,03_INVESTIGATIONS/03_NORMALIZED_BY_ID/INV-022/INV-022_R3_E2E_TEST_REPORT.md,DUPLICATE_SHA
INV-022,.verify_pending_delivery.json,expanded:INV-022_R3_FULL_FORENSIC_BUNDLE.zip,/mnt/data/DEMOCRACY_INFLUENCE_MASTER_EVIDENCE_BUNDLE_2026-09-11/03_INVESTIGATIONS/02_EXPANDED_ARCHIVES/DEMOCRACY_INFLUENCE_ALL_INVESTIGATIONS_2026-09-07/__NESTED_EXPANDED__/DEMOCRACY_INFLUENCE_ALL_INVESTIGATIONS_2026-09-07__99_SOURCE_BUNDLES__INV-022_R3_FULL_FORENSIC_BUNDLE/INV-022_R3_FULL_FORENSIC_BUNDLE/VERIFICATION/.verify_pending_delivery.json,4ebe303c11d45e4930e4874f0c06129e13428a4fa57cc9a70354bc0c7d33043b,03_INVESTIGATIONS/03_NORMALIZED_BY_ID/INV-022/.verify_pending_delivery.json,DUPLICATE_SHA
INV-022,.verify_result_delivery.json,expanded:INV-022_R3_FULL_FORENSIC_BUNDLE.zip,/mnt/data/DEMOCRACY_INFLUENCE_MASTER_EVIDENCE_BUNDLE_2026-09-11/03_INVESTIGATIONS/02_EXPANDED_ARCHIVES/DEMOCRACY_INFLUENCE_ALL_INVESTIGATIONS_2026-09-07/__NESTED_EXPANDED__/DEMOCRACY_INFLUENCE_ALL_INVESTIGATIONS_2026-09-07__99_SOURCE_BUNDLES__INV-022_R3_FULL_FORENSIC_BUNDLE/INV-022_R3_FULL_FORENSIC_BUNDLE/VERIFICATION/.verify_result_delivery.json,d1bfee1e92f8b89f576e736594dd207621ae9e2a890252593dd246dab4ff67e8,03_INVESTIGATIONS/03_NORMALIZED_BY_ID/INV-022/.verify_result_delivery.json,DUPLICATE_SHA
INV-022,INV-022_VERIFY_DELIVERY_RESULT.json,expanded:INV-022_R3_FULL_FORENSIC_BUNDLE.zip,/mnt/data/DEMOCRACY_INFLUENCE_MASTER_EVIDENCE_BUNDLE_2026-09-11/03_INVESTIGATIONS/02_EXPANDED_ARCHIVES/DEMOCRACY_INFLUENCE_ALL_INVESTIGATIONS_2026-09-07/__NESTED_EXPANDED__/DEMOCRACY_INFLUENCE_ALL_INVESTIGATIONS_2026-09-07__99_SOURCE_BUNDLES__INV-022_R3_FULL_FORENSIC_BUNDLE/INV-022_R3_FULL_FORENSIC_BUNDLE/VERIFICATION/INV-022_VERIFY_DELIVERY_RESULT.json,d1bfee1e92f8b89f576e736594dd207621ae9e2a890252593dd246dab4ff67e8,03_INVESTIGATIONS/03_NORMALIZED_BY_ID/INV-022/.verify_result_delivery.json,DUPLICATE_SHA
INV-022,KERNEL.md,expanded:INV-022_R3_FULL_FORENSIC_BUNDLE.zip,/mnt/data/DEMOCRACY_INFLUENCE_MASTER_EVIDENCE_BUNDLE_2026-09-11/03_INVESTIGATIONS/02_EXPANDED_ARCHIVES/DEMOCRACY_INFLUENCE_ALL_INVESTIGATIONS_2026-09-07/__NESTED_EXPANDED__/DEMOCRACY_INFLUENCE_ALL_INVESTIGATIONS_2026-09-07__99_SOURCE_BUNDLES__INV-022_R3_FULL_FORENSIC_BUNDLE/INV-022_R3_FULL_FORENSIC_BUNDLE/ENGINE_CONTRACT_SNAPSHOT/KERNEL.md,0d78b5d2db873d6bb9984867c3a4b1095b46400db2145487a763680b43e88974,03_INVESTIGATIONS/03_NORMALIZED_BY_ID/INV-022/KERNEL.md,DUPLICATE_SHA
INV-022,2026-09-06_10-57_russie-operations-influence-france_RUN_STATE.json,expanded:INV-022_R3_FULL_FORENSIC_BUNDLE.zip,/mnt/data/DEMOCRACY_INFLUENCE_MASTER_EVIDENCE_BUNDLE_2026-09-11/03_INVESTIGATIONS/02_EXPANDED_ARCHIVES/DEMOCRACY_INFLUENCE_ALL_INVESTIGATIONS_2026-09-07/__NESTED_EXPANDED__/DEMOCRACY_INFLUENCE_ALL_INVESTIGATIONS_2026-09-07__99_SOURCE_BUNDLES__INV-022_R3_FULL_FORENSIC_BUNDLE/INV-022_R3_FULL_FORENSIC_BUNDLE/CANONICAL_RUN/2026-09-06_10-57_russie-operations-influence-france_RUN_STATE.json,b639fb372d9599c675dbb4e2821fa3c6e66573be303f66297935db385e17662e,03_INVESTIGATIONS/03_NORMALIZED_BY_ID/INV-022/2026-09-06_10-57_russie-operations-influence-france_RUN_STATE.json,DUPLICATE_SHA
INV-022,2026-09-06_10-57_russie-operations-influence-france_INPUT.txt,expanded:INV-022_R3_FULL_FORENSIC_BUNDLE.zip,/mnt/data/DEMOCRACY_INFLUENCE_MASTER_EVIDENCE_BUNDLE_2026-09-11/03_INVESTIGATIONS/02_EXPANDED_ARCHIVES/DEMOCRACY_INFLUENCE_ALL_INVESTIGATIONS_2026-09-07/__NESTED_EXPANDED__/DEMOCRACY_INFLUENCE_ALL_INVESTIGATIONS_2026-09-07__99_SOURCE_BUNDLES__INV-022_R3_FULL_FORENSIC_BUNDLE/INV-022_R3_FULL_FORENSIC_BUNDLE/CANONICAL_RUN/2026-09-06_10-57_russie-operations-influence-france_INPUT.txt,b4582f7330c39e3a47f6aa7512bfb623ddea7e7e3dd046421e246631a29e05f4,03_INVESTIGATIONS/03_NORMALIZED_BY_ID/INV-022/2026-09-06_10-57_russie-operations-influence-france_INPUT.txt,DUPLICATE_SHA
INV-022,2026-09-06_10-57_russie-operations-influence-france_NARRATIVE.tmp.md,expanded:INV-022_R3_FULL_FORENSIC_BUNDLE.zip,/mnt/data/DEMOCRACY_INFLUENCE_MASTER_EVIDENCE_BUNDLE_2026-09-11/03_INVESTIGATIONS/02_EXPANDED_ARCHIVES/DEMOCRACY_INFLUENCE_ALL_INVESTIGATIONS_2026-09-07/__NESTED_EXPANDED__/DEMOCRACY_INFLUENCE_ALL_INVESTIGATIONS_2026-09-07__99_SOURCE_BUNDLES__INV-022_R3_FULL_FORENSIC_BUNDLE/INV-022_R3_FULL_FORENSIC_BUNDLE/CANONICAL_RUN/2026-09-06_10-57_russie-operations-influence-france_NARRATIVE.tmp.md,79295880570f35fce78ab687b34d0604c56cb8ace01d17cd9a8fcc666cf52766,03_INVESTIGATIONS/03_NORMALIZED_BY_ID/INV-022/2026-09-06_10-57_russie-operations-influence-france_NARRATIVE.tmp.md,DUPLICATE_SHA
INV-022,2026-09-06_10-57_russie-operations-influence-france_CERTIFICATION.json,expanded:INV-022_R3_FULL_FORENSIC_BUNDLE.zip,/mnt/data/DEMOCRACY_INFLUENCE_MASTER_EVIDENCE_BUNDLE_2026-09-11/03_INVESTIGATIONS/02_EXPANDED_ARCHIVES/DEMOCRACY_INFLUENCE_ALL_INVESTIGATIONS_2026-09-07/__NESTED_EXPANDED__/DEMOCRACY_INFLUENCE_ALL_INVESTIGATIONS_2026-09-07__99_SOURCE_BUNDLES__INV-022_R3_FULL_FORENSIC_BUNDLE/INV-022_R3_FULL_FORENSIC_BUNDLE/CANONICAL_RUN/2026-09-06_10-57_russie-operations-influence-france_CERTIFICATION.json,1849eb3855b4b4ee51ce00d865617942beb0cd8088154f7bf95d177589668df9,03_INVESTIGATIONS/03_NORMALIZED_BY_ID/INV-022/2026-09-06_10-57_russie-operations-influence-france_CERTIFICATION.json,DUPLICATE_SHA
INV-022,2026-09-06_10-57_russie-operations-influence-france_MNEMO_SNAPSHOT.json,expanded:INV-022_R3_FULL_FORENSIC_BUNDLE.zip,/mnt/data/DEMOCRACY_INFLUENCE_MASTER_EVIDENCE_BUNDLE_2026-09-11/03_INVESTIGATIONS/02_EXPANDED_ARCHIVES/DEMOCRACY_INFLUENCE_ALL_INVESTIGATIONS_2026-09-07/__NESTED_EXPANDED__/DEMOCRACY_INFLUENCE_ALL_INVESTIGATIONS_2026-09-07__99_SOURCE_BUNDLES__INV-022_R3_FULL_FORENSIC_BUNDLE/INV-022_R3_FULL_FORENSIC_BUNDLE/CANONICAL_RUN/2026-09-06_10-57_russie-operations-influence-france_MNEMO_SNAPSHOT.json,ccadef83af9d6f2dba278bf6f302984705f9a9f3eb9c1855e7299a8f7de8223e,03_INVESTIGATIONS/03_NORMALIZED_BY_ID/INV-022/2026-09-06_10-57_russie-operations-influence-france_MNEMO_SNAPSHOT.json,DUPLICATE_SHA
INV-022,2026-09-06_10-57_russie-operations-influence-france_INVESTIGATION.md,expanded:INV-022_R3_FULL_FORENSIC_BUNDLE.zip,/mnt/data/DEMOCRACY_INFLUENCE_MASTER_EVIDENCE_BUNDLE_2026-09-11/03_INVESTIGATIONS/02_EXPANDED_ARCHIVES/DEMOCRACY_INFLUENCE_ALL_INVESTIGATIONS_2026-09-07/__NESTED_EXPANDED__/DEMOCRACY_INFLUENCE_ALL_INVESTIGATIONS_2026-09-07__99_SOURCE_BUNDLES__INV-022_R3_FULL_FORENSIC_BUNDLE/INV-022_R3_FULL_FORENSIC_BUNDLE/CANONICAL_RUN/2026-09-06_10-57_russie-operations-influence-france_INVESTIGATION.md,a5d3c37a2dec09a07a0d2ec2ab00be4fd794b814729a1c749032cdab07ff806e,03_INVESTIGATIONS/03_NORMALIZED_BY_ID/INV-022/2026-09-06_10-57_russie-operations-influence-france_INVESTIGATION.md,DUPLICATE_SHA
INV-022,GATES.md,expanded:INV-022_R3_FULL_FORENSIC_BUNDLE.zip,/mnt/data/DEMOCRACY_INFLUENCE_MASTER_EVIDENCE_BUNDLE_2026-09-11/03_INVESTIGATIONS/02_EXPANDED_ARCHIVES/DEMOCRACY_INFLUENCE_ALL_INVESTIGATIONS_2026-09-07/__NESTED_EXPANDED__/DEMOCRACY_INFLUENCE_ALL_INVESTIGATIONS_2026-09-07__99_SOURCE_BUNDLES__INV-022_R3_FULL_FORENSIC_BUNDLE/INV-022_R3_FULL_FORENSIC_BUNDLE/ENGINE_CONTRACT_SNAPSHOT/forensic/GATES.md,f97b090c26f79b93eeecb291e37f8887d935df5ffaa36d8d6da502fa75f6da6d,03_INVESTIGATIONS/03_NORMALIZED_BY_ID/INV-022/GATES.md,DUPLICATE_SHA
INV-022,TEMPLATE.md,expanded:INV-022_R3_FULL_FORENSIC_BUNDLE.zip,/mnt/data/DEMOCRACY_INFLUENCE_MASTER_EVIDENCE_BUNDLE_2026-09-11/03_INVESTIGATIONS/02_EXPANDED_ARCHIVES/DEMOCRACY_INFLUENCE_ALL_INVESTIGATIONS_2026-09-07/__NESTED_EXPANDED__/DEMOCRACY_INFLUENCE_ALL_INVESTIGATIONS_2026-09-07__99_SOURCE_BUNDLES__INV-022_R3_FULL_FORENSIC_BUNDLE/INV-022_R3_FULL_FORENSIC_BUNDLE/ENGINE_CONTRACT_SNAPSHOT/output/TEMPLATE.md,eb504ed558d7638b8f599fc6990c6d74783ca81ae1d8016a15d70b8273c31f05,03_INVESTIGATIONS/03_NORMALIZED_BY_ID/INV-022/TEMPLATE.md,DUPLICATE_SHA
INV-022,INVESTIGATION.md,expanded:INV-022_R3_FULL_FORENSIC_BUNDLE.zip,/mnt/data/DEMOCRACY_INFLUENCE_MASTER_EVIDENCE_BUNDLE_2026-09-11/03_INVESTIGATIONS/02_EXPANDED_ARCHIVES/DEMOCRACY_INFLUENCE_ALL_INVESTIGATIONS_2026-09-07/__NESTED_EXPANDED__/DEMOCRACY_INFLUENCE_ALL_INVESTIGATIONS_2026-09-07__99_SOURCE_BUNDLES__INV-022_R3_FULL_FORENSIC_BUNDLE/INV-022_R3_FULL_FORENSIC_BUNDLE/ENGINE_CONTRACT_SNAPSHOT/protocol/INVESTIGATION.md,2418fb593a78048830f2900e04828ce3d7e26aef996bcdddd2199f61a026c208,03_INVESTIGATIONS/03_NORMALIZED_BY_ID/INV-022/INVESTIGATION.md,DUPLICATE_SHA
INV-022,EPISTEMIC.md,expanded:INV-022_R3_FULL_FORENSIC_BUNDLE.zip,/mnt/data/DEMOCRACY_INFLUENCE_MASTER_EVIDENCE_BUNDLE_2026-09-11/03_INVESTIGATIONS/02_EXPANDED_ARCHIVES/DEMOCRACY_INFLUENCE_ALL_INVESTIGATIONS_2026-09-07/__NESTED_EXPANDED__/DEMOCRACY_INFLUENCE_ALL_INVESTIGATIONS_2026-09-07__99_SOURCE_BUNDLES__INV-022_R3_FULL_FORENSIC_BUNDLE/INV-022_R3_FULL_FORENSIC_BUNDLE/ENGINE_CONTRACT_SNAPSHOT/search/EPISTEMIC.md,482558f2ea834418625647b92659ef1773ffc71bc09bdce2f5f3bab91791ae00,03_INVESTIGATIONS/03_NORMALIZED_BY_ID/INV-022/EPISTEMIC.md,DUPLICATE_SHA
INV-022,run_state.py,expanded:INV-022_R3_FULL_FORENSIC_BUNDLE.zip,/mnt/data/DEMOCRACY_INFLUENCE_MASTER_EVIDENCE_BUNDLE_2026-09-11/03_INVESTIGATIONS/02_EXPANDED_ARCHIVES/DEMOCRACY_INFLUENCE_ALL_INVESTIGATIONS_2026-09-07/__NESTED_EXPANDED__/DEMOCRACY_INFLUENCE_ALL_INVESTIGATIONS_2026-09-07__99_SOURCE_BUNDLES__INV-022_R3_FULL_FORENSIC_BUNDLE/INV-022_R3_FULL_FORENSIC_BUNDLE/ENGINE_CONTRACT_SNAPSHOT/tools/runtime/run_state.py,81effd7bfef4ddcdacba1f9a4139cd856fae0eb7853518846f2381a49869d77e,03_INVESTIGATIONS/03_NORMALIZED_BY_ID/INV-022/run_state.py,DUPLICATE_SHA
INV-022,verify.py,expanded:INV-022_R3_FULL_FORENSIC_BUNDLE.zip,/mnt/data/DEMOCRACY_INFLUENCE_MASTER_EVIDENCE_BUNDLE_2026-09-11/03_INVESTIGATIONS/02_EXPANDED_ARCHIVES/DEMOCRACY_INFLUENCE_ALL_INVESTIGATIONS_2026-09-07/__NESTED_EXPANDED__/DEMOCRACY_INFLUENCE_ALL_INVESTIGATIONS_2026-09-07__99_SOURCE_BUNDLES__INV-022_R3_FULL_FORENSIC_BUNDLE/INV-022_R3_FULL_FORENSIC_BUNDLE/ENGINE_CONTRACT_SNAPSHOT/tools/verify/verify.py,19cf032f21945d6bd2c8e3889086293b640fee98b1e97e855baf5ec39f18fa59,03_INVESTIGATIONS/03_NORMALIZED_BY_ID/INV-022/verify.py,DUPLICATE_SHA
INV-023,2026-09-06_12-58_russie-financement-partis-europe_RUN_STATE.json,expanded:INV-023_R3P1_CANONICAL_6_FILES.zip,/mnt/data/DEMOCRACY_INFLUENCE_MASTER_EVIDENCE_BUNDLE_2026-09-11/03_INVESTIGATIONS/02_EXPANDED_ARCHIVES/DEMOCRACY_INFLUENCE_ALL_INVESTIGATIONS_2026-09-07/__NESTED_EXPANDED__/DEMOCRACY_INFLUENCE_ALL_INVESTIGATIONS_2026-09-07__99_SOURCE_BUNDLES__INV-023_R3P1_CANONICAL_6_FILES/2026-09-06_12-58_russie-financement-partis-europe_RUN_STATE.json,8f530c4e5074a73da50feb0b26b98d97567f42baa814df69939a18d47c6302e7,03_INVESTIGATIONS/03_NORMALIZED_BY_ID/INV-023/2026-09-06_12-58_russie-financement-partis-europe_RUN_STATE.json,DUPLICATE_SHA
INV-023,2026-09-06_12-58_russie-financement-partis-europe_CERTIFICATION.json,expanded:INV-023_R3P1_CANONICAL_6_FILES.zip,/mnt/data/DEMOCRACY_INFLUENCE_MASTER_EVIDENCE_BUNDLE_2026-09-11/03_INVESTIGATIONS/02_EXPANDED_ARCHIVES/DEMOCRACY_INFLUENCE_ALL_INVESTIGATIONS_2026-09-07/__NESTED_EXPANDED__/DEMOCRACY_INFLUENCE_ALL_INVESTIGATIONS_2026-09-07__99_SOURCE_BUNDLES__INV-023_R3P1_CANONICAL_6_FILES/2026-09-06_12-58_russie-financement-partis-europe_CERTIFICATION.json,0c9610b02a2b37b0fba565084f4da89e09d62ae49173a4c2a92f98d419f2c25a,03_INVESTIGATIONS/03_NORMALIZED_BY_ID/INV-023/2026-09-06_12-58_russie-financement-partis-europe_CERTIFICATION.json,DUPLICATE_SHA
INV-023,2026-09-06_12-58_russie-financement-partis-europe_INVESTIGATION.md,expanded:INV-023_R3P1_CANONICAL_6_FILES.zip,/mnt/data/DEMOCRACY_INFLUENCE_MASTER_EVIDENCE_BUNDLE_2026-09-11/03_INVESTIGATIONS/02_EXPANDED_ARCHIVES/DEMOCRACY_INFLUENCE_ALL_INVESTIGATIONS_2026-09-07/__NESTED_EXPANDED__/DEMOCRACY_INFLUENCE_ALL_INVESTIGATIONS_2026-09-07__99_SOURCE_BUNDLES__INV-023_R3P1_CANONICAL_6_FILES/2026-09-06_12-58_russie-financement-partis-europe_INVESTIGATION.md,d0d9a8e5fb4c1fcc6dcdb3002b2cba5854b7704d4075a5e3d148df670909863c,03_INVESTIGATIONS/03_NORMALIZED_BY_ID/INV-023/2026-09-06_12-58_russie-financement-partis-europe_INVESTIGATION.md,DUPLICATE_SHA
INV-023,2026-09-06_12-58_russie-financement-partis-europe_NARRATIVE.tmp.md,expanded:INV-023_R3P1_CANONICAL_6_FILES.zip,/mnt/data/DEMOCRACY_INFLUENCE_MASTER_EVIDENCE_BUNDLE_2026-09-11/03_INVESTIGATIONS/02_EXPANDED_ARCHIVES/DEMOCRACY_INFLUENCE_ALL_INVESTIGATIONS_2026-09-07/__NESTED_EXPANDED__/DEMOCRACY_INFLUENCE_ALL_INVESTIGATIONS_2026-09-07__99_SOURCE_BUNDLES__INV-023_R3P1_CANONICAL_6_FILES/2026-09-06_12-58_russie-financement-partis-europe_NARRATIVE.tmp.md,2d50f55437910fe87a57d54d6b3d27e389b47486e83406ed0ec22837e489a41d,03_INVESTIGATIONS/03_NORMALIZED_BY_ID/INV-023/2026-09-06_12-58_russie-financement-partis-europe_NARRATIVE.tmp.md,DUPLICATE_SHA
INV-023,2026-09-06_12-58_russie-financement-partis-europe_MNEMO_SNAPSHOT.json,expanded:INV-023_R3P1_CANONICAL_6_FILES.zip,/mnt/data/DEMOCRACY_INFLUENCE_MASTER_EVIDENCE_BUNDLE_2026-09-11/03_INVESTIGATIONS/02_EXPANDED_ARCHIVES/DEMOCRACY_INFLUENCE_ALL_INVESTIGATIONS_2026-09-07/__NESTED_EXPANDED__/DEMOCRACY_INFLUENCE_ALL_INVESTIGATIONS_2026-09-07__99_SOURCE_BUNDLES__INV-023_R3P1_CANONICAL_6_FILES/2026-09-06_12-58_russie-financement-partis-europe_MNEMO_SNAPSHOT.json,4f2aaa0176df698d1240f3b25e36e301c6307d30246ed0efaeabd1c84cb8af69,03_INVESTIGATIONS/03_NORMALIZED_BY_ID/INV-023/2026-09-06_12-58_russie-financement-partis-europe_MNEMO_SNAPSHOT.json,DUPLICATE_SHA
INV-023,2026-09-06_12-58_russie-financement-partis-europe_INPUT.txt,expanded:INV-023_R3P1_CANONICAL_6_FILES.zip,/mnt/data/DEMOCRACY_INFLUENCE_MASTER_EVIDENCE_BUNDLE_2026-09-11/03_INVESTIGATIONS/02_EXPANDED_ARCHIVES/DEMOCRACY_INFLUENCE_ALL_INVESTIGATIONS_2026-09-07/__NESTED_EXPANDED__/DEMOCRACY_INFLUENCE_ALL_INVESTIGATIONS_2026-09-07__99_SOURCE_BUNDLES__INV-023_R3P1_CANONICAL_6_FILES/2026-09-06_12-58_russie-financement-partis-europe_INPUT.txt,7a5e16f441442076c1b9d3a2d002c9089e784dea7c71969158a5353d195d829b,03_INVESTIGATIONS/03_NORMALIZED_BY_ID/INV-023/2026-09-06_12-58_russie-financement-partis-europe_INPUT.txt,DUPLICATE_SHA
INV-001,INV-001-R1_REPLAY.md,expanded:SUBSTACK_BASELINE_2026-08-26_v0.4.zip,/mnt/data/DEMOCRACY_INFLUENCE_MASTER_EVIDENCE_BUNDLE_2026-09-11/03_INVESTIGATIONS/02_EXPANDED_ARCHIVES/DEMOCRACY_INFLUENCE_ALL_INVESTIGATIONS_2026-09-07/__NESTED_EXPANDED__/DEMOCRACY_INFLUENCE_ALL_INVESTIGATIONS_2026-09-07__01_RUNTIME_AND_CORPUS__SUBSTACK_BASELINE_2026-08-26_v0.4/SUBSTACK_BASELINE_2026-08-26_v0.4/INV-001-R1_REPLAY.md,203397d17377b724cda89dd9a0c117c32b2bb14195e710656a06e63e9a3079fe,03_INVESTIGATIONS/03_NORMALIZED_BY_ID/INV-001/INV-001-R1_REPLAY__expanded_DEMOCRACY_INFLUENCE_ALL_INVESTIGATIONS_20.md,DUPLICATE_SHA
INV-002,INV-002_COVERAGE_CHANGES.csv,expanded:INVESTIGATION_CONTROL_v0.7_METHOD_PACK.zip,/mnt/data/DEMOCRACY_INFLUENCE_MASTER_EVIDENCE_BUNDLE_2026-09-11/03_INVESTIGATIONS/02_EXPANDED_ARCHIVES/DEMOCRACY_INFLUENCE_ALL_INVESTIGATIONS_2026-09-07/__NESTED_EXPANDED__/DEMOCRACY_INFLUENCE_ALL_INVESTIGATIONS_2026-09-07__01_RUNTIME_AND_CORPUS__INVESTIGATION_CONTROL_v0.7_METHOD_PACK/INVESTIGATION_CONTROL_v0.7_METHOD_PACK/INV-002/INV-002_COVERAGE_CHANGES.csv,6a28f9e134d0395884b06562070668a375e228a9d76623a7dc6db608b2199ef8,03_INVESTIGATIONS/03_NORMALIZED_BY_ID/INV-002/INV-002_COVERAGE_CHANGES.csv,DUPLICATE_SHA
INV-002,INV-002_THEME_MATRIX.csv,expanded:INVESTIGATION_CONTROL_v0.7_METHOD_PACK.zip,/mnt/data/DEMOCRACY_INFLUENCE_MASTER_EVIDENCE_BUNDLE_2026-09-11/03_INVESTIGATIONS/02_EXPANDED_ARCHIVES/DEMOCRACY_INFLUENCE_ALL_INVESTIGATIONS_2026-09-07/__NESTED_EXPANDED__/DEMOCRACY_INFLUENCE_ALL_INVESTIGATIONS_2026-09-07__01_RUNTIME_AND_CORPUS__INVESTIGATION_CONTROL_v0.7_METHOD_PACK/INVESTIGATION_CONTROL_v0.7_METHOD_PACK/INV-002/INV-002_THEME_MATRIX.csv,f6eb6032873806e0180772cfe90fc44b649408b4b646077f835a4b0b02084a68,03_INVESTIGATIONS/03_NORMALIZED_BY_ID/INV-002/INV-002_THEME_MATRIX.csv,DUPLICATE_SHA
INV-002,INV-002_INVESTIGATION_COVERAGE.csv,expanded:INVESTIGATION_CONTROL_v0.7_METHOD_PACK.zip,/mnt/data/DEMOCRACY_INFLUENCE_MASTER_EVIDENCE_BUNDLE_2026-09-11/03_INVESTIGATIONS/02_EXPANDED_ARCHIVES/DEMOCRACY_INFLUENCE_ALL_INVESTIGATIONS_2026-09-07/__NESTED_EXPANDED__/DEMOCRACY_INFLUENCE_ALL_INVESTIGATIONS_2026-09-07__01_RUNTIME_AND_CORPUS__INVESTIGATION_CONTROL_v0.7_METHOD_PACK/INVESTIGATION_CONTROL_v0.7_METHOD_PACK/INV-002/INV-002_INVESTIGATION_COVERAGE.csv,517d66685cde2d9398af522e7ad344ae494ad0036a346dfa7b66c80e49dbfe3c,03_INVESTIGATIONS/03_NORMALIZED_BY_ID/INV-002/INV-002_INVESTIGATION_COVERAGE.csv,DUPLICATE_SHA
INV-002,MANIFEST_SHA256.csv,expanded:INVESTIGATION_CONTROL_v0.7_METHOD_PACK.zip,/mnt/data/DEMOCRACY_INFLUENCE_MASTER_EVIDENCE_BUNDLE_2026-09-11/03_INVESTIGATIONS/02_EXPANDED_ARCHIVES/DEMOCRACY_INFLUENCE_ALL_INVESTIGATIONS_2026-09-07/__NESTED_EXPANDED__/DEMOCRACY_INFLUENCE_ALL_INVESTIGATIONS_2026-09-07__01_RUNTIME_AND_CORPUS__INVESTIGATION_CONTROL_v0.7_METHOD_PACK/INVESTIGATION_CONTROL_v0.7_METHOD_PACK/INV-002/MANIFEST_SHA256.csv,01d0b53abd48f0f2a0f0ab3113fe508318f1710e6b593decc0deffb17f014f6a,03_INVESTIGATIONS/03_NORMALIZED_BY_ID/INV-002/MANIFEST_SHA256.csv,DUPLICATE_SHA
INV-002,INV-002_STATS.json,expanded:INVESTIGATION_CONTROL_v0.7_METHOD_PACK.zip,/mnt/data/DEMOCRACY_INFLUENCE_MASTER_EVIDENCE_BUNDLE_2026-09-11/03_INVESTIGATIONS/02_EXPANDED_ARCHIVES/DEMOCRACY_INFLUENCE_ALL_INVESTIGATIONS_2026-09-07/__NESTED_EXPANDED__/DEMOCRACY_INFLUENCE_ALL_INVESTIGATIONS_2026-09-07__01_RUNTIME_AND_CORPUS__INVESTIGATION_CONTROL_v0.7_METHOD_PACK/INVESTIGATION_CONTROL_v0.7_METHOD_PACK/INV-002/INV-002_STATS.json,c50fc6c700650e7c719d8b33be0b880e8cd3d19d8cb50983972577814e50d9df,03_INVESTIGATIONS/03_NORMALIZED_BY_ID/INV-002/INV-002_STATS.json,DUPLICATE_SHA
INV-002,INV-002_REPORT.md,expanded:INVESTIGATION_CONTROL_v0.7_METHOD_PACK.zip,/mnt/data/DEMOCRACY_INFLUENCE_MASTER_EVIDENCE_BUNDLE_2026-09-11/03_INVESTIGATIONS/02_EXPANDED_ARCHIVES/DEMOCRACY_INFLUENCE_ALL_INVESTIGATIONS_2026-09-07/__NESTED_EXPANDED__/DEMOCRACY_INFLUENCE_ALL_INVESTIGATIONS_2026-09-07__01_RUNTIME_AND_CORPUS__INVESTIGATION_CONTROL_v0.7_METHOD_PACK/INVESTIGATION_CONTROL_v0.7_METHOD_PACK/INV-002/INV-002_REPORT.md,f4de1fac8ea62469b00987cc8461e2bc702b98b66a501f0fb6c930f7dcd5503b,03_INVESTIGATIONS/03_NORMALIZED_BY_ID/INV-002/INV-002_REPORT.md,DUPLICATE_SHA
INV-002,INV-002_CORPUS_MAP.csv,expanded:INVESTIGATION_CONTROL_v0.7_METHOD_PACK.zip,/mnt/data/DEMOCRACY_INFLUENCE_MASTER_EVIDENCE_BUNDLE_2026-09-11/03_INVESTIGATIONS/02_EXPANDED_ARCHIVES/DEMOCRACY_INFLUENCE_ALL_INVESTIGATIONS_2026-09-07/__NESTED_EXPANDED__/DEMOCRACY_INFLUENCE_ALL_INVESTIGATIONS_2026-09-07__01_RUNTIME_AND_CORPUS__INVESTIGATION_CONTROL_v0.7_METHOD_PACK/INVESTIGATION_CONTROL_v0.7_METHOD_PACK/INV-002/INV-002_CORPUS_MAP.csv,16381ccc4a133aaf83e86fc357284444b83cc2ee3663c6ecbfae8aa0d76dc46a,03_INVESTIGATIONS/03_NORMALIZED_BY_ID/INV-002/INV-002_CORPUS_MAP.csv,DUPLICATE_SHA
INV-001,INV-001_CORPUS_INTEGRITY_AUDIT.md,expanded:INVESTIGATION_CONTROL_v0.7_METHOD_PACK.zip,/mnt/data/DEMOCRACY_INFLUENCE_MASTER_EVIDENCE_BUNDLE_2026-09-11/03_INVESTIGATIONS/02_EXPANDED_ARCHIVES/DEMOCRACY_INFLUENCE_ALL_INVESTIGATIONS_2026-09-07/__NESTED_EXPANDED__/DEMOCRACY_INFLUENCE_ALL_INVESTIGATIONS_2026-09-07__01_RUNTIME_AND_CORPUS__INVESTIGATION_CONTROL_v0.7_METHOD_PACK/INVESTIGATION_CONTROL_v0.7_METHOD_PACK/INV-001/INV-001_CORPUS_INTEGRITY_AUDIT.md,21704b2e6957dd9550327c63b779f57137bd809ebd7ae28c87b1dc33b0854c78,03_INVESTIGATIONS/03_NORMALIZED_BY_ID/INV-001/INV-001_CORPUS_INTEGRITY_AUDIT.md,DUPLICATE_SHA
INV-001,INV-001_CORPUS_MANIFEST.csv,expanded:INVESTIGATION_CONTROL_v0.7_METHOD_PACK.zip,/mnt/data/DEMOCRACY_INFLUENCE_MASTER_EVIDENCE_BUNDLE_2026-09-11/03_INVESTIGATIONS/02_EXPANDED_ARCHIVES/DEMOCRACY_INFLUENCE_ALL_INVESTIGATIONS_2026-09-07/__NESTED_EXPANDED__/DEMOCRACY_INFLUENCE_ALL_INVESTIGATIONS_2026-09-07__01_RUNTIME_AND_CORPUS__INVESTIGATION_CONTROL_v0.7_METHOD_PACK/INVESTIGATION_CONTROL_v0.7_METHOD_PACK/INV-001/INV-001_CORPUS_MANIFEST.csv,961d9574b220485375431fd0f4763d8c938903a1da50095a80e10aa7948bc5be,03_INVESTIGATIONS/03_NORMALIZED_BY_ID/INV-001/INV-001_CORPUS_MANIFEST.csv,DUPLICATE_SHA
INV-001,INV-001-R1_REPLAY.md,expanded:INVESTIGATION_CONTROL_v0.7_METHOD_PACK.zip,/mnt/data/DEMOCRACY_INFLUENCE_MASTER_EVIDENCE_BUNDLE_2026-09-11/03_INVESTIGATIONS/02_EXPANDED_ARCHIVES/DEMOCRACY_INFLUENCE_ALL_INVESTIGATIONS_2026-09-07/__NESTED_EXPANDED__/DEMOCRACY_INFLUENCE_ALL_INVESTIGATIONS_2026-09-07__01_RUNTIME_AND_CORPUS__INVESTIGATION_CONTROL_v0.7_METHOD_PACK/INVESTIGATION_CONTROL_v0.7_METHOD_PACK/INV-001/INV-001-R1_REPLAY.md,c3b02fe75ee3ccd0804ac9ab420489b1b7af7710b7aa9920aa00a4f626ed1105,03_INVESTIGATIONS/03_NORMALIZED_BY_ID/INV-001/INV-001-R1_REPLAY.md,DUPLICATE_SHA
INV-001,INV-001-R1_REPLAY.md,expanded:INVESTIGATION_CONTROL_v0.7_METHOD_PACK.zip,/mnt/data/DEMOCRACY_INFLUENCE_MASTER_EVIDENCE_BUNDLE_2026-09-11/03_INVESTIGATIONS/02_EXPANDED_ARCHIVES/DEMOCRACY_INFLUENCE_ALL_INVESTIGATIONS_2026-09-07/__NESTED_EXPANDED__/DEMOCRACY_INFLUENCE_ALL_INVESTIGATIONS_2026-09-07__01_RUNTIME_AND_CORPUS__INVESTIGATION_CONTROL_v0.7_METHOD_PACK/INVESTIGATION_CONTROL_v0.7_METHOD_PACK/BASELINE/SUBSTACK_2026-08-26/INV-001-R1_REPLAY.md,203397d17377b724cda89dd9a0c117c32b2bb14195e710656a06e63e9a3079fe,03_INVESTIGATIONS/03_NORMALIZED_BY_ID/INV-001/INV-001-R1_REPLAY__expanded_DEMOCRACY_INFLUENCE_ALL_INVESTIGATIONS_20.md,DUPLICATE_SHA
INV-010,INV-010_RUN_CARD.md,expanded:INVESTIGATION_CONTROL_v0.7_METHOD_PACK.zip,/mnt/data/DEMOCRACY_INFLUENCE_MASTER_EVIDENCE_BUNDLE_2026-09-11/03_INVESTIGATIONS/02_EXPANDED_ARCHIVES/DEMOCRACY_INFLUENCE_ALL_INVESTIGATIONS_2026-09-07/__NESTED_EXPANDED__/DEMOCRACY_INFLUENCE_ALL_INVESTIGATIONS_2026-09-07__01_RUNTIME_AND_CORPUS__INVESTIGATION_CONTROL_v0.7_METHOD_PACK/INVESTIGATION_CONTROL_v0.7_METHOD_PACK/METHOD_PACK/samples/INV-010_RUN_CARD.md,9ecf226e422c4ea15371142cecfa6af2ab54dad338126da4a9fe6dbad56ccf56,03_INVESTIGATIONS/03_NORMALIZED_BY_ID/INV-010/INV-010_RUN_CARD.md,DUPLICATE_SHA
INV-023,INV-023.md,expanded:DEMOCRACY_INFLUENCE_INVESTIGATIONS_READING_2026-09-08.zip,/mnt/data/DEMOCRACY_INFLUENCE_MASTER_EVIDENCE_BUNDLE_2026-09-11/03_INVESTIGATIONS/02_EXPANDED_ARCHIVES/DEMOCRACY_INFLUENCE_INVESTIGATIONS_READING_2026-09-08/DEMOCRACY_INFLUENCE_INVESTIGATIONS_READING_2026-09-08/01_INVESTIGATIONS/INV-023.md,d0d9a8e5fb4c1fcc6dcdb3002b2cba5854b7704d4075a5e3d148df670909863c,03_INVESTIGATIONS/03_NORMALIZED_BY_ID/INV-023/2026-09-06_12-58_russie-financement-partis-europe_INVESTIGATION.md,DUPLICATE_SHA
INV-100,INV-100.md,expanded:DEMOCRACY_INFLUENCE_INVESTIGATIONS_READING_2026-09-08.zip,/mnt/data/DEMOCRACY_INFLUENCE_MASTER_EVIDENCE_BUNDLE_2026-09-11/03_INVESTIGATIONS/02_EXPANDED_ARCHIVES/DEMOCRACY_INFLUENCE_INVESTIGATIONS_READING_2026-09-08/DEMOCRACY_INFLUENCE_INVESTIGATIONS_READING_2026-09-08/01_INVESTIGATIONS/INV-100.md,12a9cb06c54fbab16dba416a39b4c1e1355d76c67a492da577bdffb117e0d39e,03_INVESTIGATIONS/03_NORMALIZED_BY_ID/INV-100/INV-100_INVESTIGATION.md,DUPLICATE_SHA
INV-139,INV-139.md,expanded:DEMOCRACY_INFLUENCE_INVESTIGATIONS_READING_2026-09-08.zip,/mnt/data/DEMOCRACY_INFLUENCE_MASTER_EVIDENCE_BUNDLE_2026-09-11/03_INVESTIGATIONS/02_EXPANDED_ARCHIVES/DEMOCRACY_INFLUENCE_INVESTIGATIONS_READING_2026-09-08/DEMOCRACY_INFLUENCE_INVESTIGATIONS_READING_2026-09-08/01_INVESTIGATIONS/INV-139.md,4f1519ff60088529dcb42bed830fc5df8c8aa2218063e3dcb73f8e0d11a8405a,03_INVESTIGATIONS/03_NORMALIZED_BY_ID/INV-139/INV-139_RECOVERY_HANDOFF.md,DUPLICATE_SHA
INV-010,INV-010.md,expanded:DEMOCRACY_INFLUENCE_INVESTIGATIONS_READING_2026-09-08.zip,/mnt/data/DEMOCRACY_INFLUENCE_MASTER_EVIDENCE_BUNDLE_2026-09-11/03_INVESTIGATIONS/02_EXPANDED_ARCHIVES/DEMOCRACY_INFLUENCE_INVESTIGATIONS_READING_2026-09-08/DEMOCRACY_INFLUENCE_INVESTIGATIONS_READING_2026-09-08/01_INVESTIGATIONS/INV-010.md,5455cd0616e4b35c5464b954c21105efad435516ad9454b0cb0468157ee2250b,03_INVESTIGATIONS/03_NORMALIZED_BY_ID/INV-010/INV-010_INVESTIGATION_AVAILABLE_R2.md,DUPLICATE_SHA
INV-093,INV-093.md,expanded:DEMOCRACY_INFLUENCE_INVESTIGATIONS_READING_2026-09-08.zip,/mnt/data/DEMOCRACY_INFLUENCE_MASTER_EVIDENCE_BUNDLE_2026-09-11/03_INVESTIGATIONS/02_EXPANDED_ARCHIVES/DEMOCRACY_INFLUENCE_INVESTIGATIONS_READING_2026-09-08/DEMOCRACY_INFLUENCE_INVESTIGATIONS_READING_2026-09-08/01_INVESTIGATIONS/INV-093.md,550bb01304486c054564e48da1a4482ac937e1e00f2865a2acec21a5f167d393,03_INVESTIGATIONS/03_NORMALIZED_BY_ID/INV-093/INV-093_INVESTIGATION.md,DUPLICATE_SHA
INV-085,INV-085.md,expanded:DEMOCRACY_INFLUENCE_INVESTIGATIONS_READING_2026-09-08.zip,/mnt/data/DEMOCRACY_INFLUENCE_MASTER_EVIDENCE_BUNDLE_2026-09-11/03_INVESTIGATIONS/02_EXPANDED_ARCHIVES/DEMOCRACY_INFLUENCE_INVESTIGATIONS_READING_2026-09-08/DEMOCRACY_INFLUENCE_INVESTIGATIONS_READING_2026-09-08/01_INVESTIGATIONS/INV-085.md,890ac7ef2a9412345910d8a638843189979c788f1754f80cff14b2c4c2b1629f,03_INVESTIGATIONS/03_NORMALIZED_BY_ID/INV-085/INV-085.md,COPIED
INV-129,INV-129.md,expanded:DEMOCRACY_INFLUENCE_INVESTIGATIONS_READING_2026-09-08.zip,/mnt/data/DEMOCRACY_INFLUENCE_MASTER_EVIDENCE_BUNDLE_2026-09-11/03_INVESTIGATIONS/02_EXPANDED_ARCHIVES/DEMOCRACY_INFLUENCE_INVESTIGATIONS_READING_2026-09-08/DEMOCRACY_INFLUENCE_INVESTIGATIONS_READING_2026-09-08/01_INVESTIGATIONS/INV-129.md,95bcf40b55ad2776e77aabed0e089d442043f0357e8528c85e7e9bd885688de5,03_INVESTIGATIONS/03_NORMALIZED_BY_ID/INV-129/INV-129.md,COPIED
INV-033,INV-033.md,expanded:DEMOCRACY_INFLUENCE_INVESTIGATIONS_READING_2026-09-08.zip,/mnt/data/DEMOCRACY_INFLUENCE_MASTER_EVIDENCE_BUNDLE_2026-09-11/03_INVESTIGATIONS/02_EXPANDED_ARCHIVES/DEMOCRACY_INFLUENCE_INVESTIGATIONS_READING_2026-09-08/DEMOCRACY_INFLUENCE_INVESTIGATIONS_READING_2026-09-08/01_INVESTIGATIONS/INV-033.md,6882743d76521abaf201035c2d0148116b76c0f3f28fc5bfb95595ea42e67a8e,03_INVESTIGATIONS/03_NORMALIZED_BY_ID/INV-033/INV-033_INVESTIGATION.md,DUPLICATE_SHA
INV-128,INV-128.md,expanded:DEMOCRACY_INFLUENCE_INVESTIGATIONS_READING_2026-09-08.zip,/mnt/data/DEMOCRACY_INFLUENCE_MASTER_EVIDENCE_BUNDLE_2026-09-11/03_INVESTIGATIONS/02_EXPANDED_ARCHIVES/DEMOCRACY_INFLUENCE_INVESTIGATIONS_READING_2026-09-08/DEMOCRACY_INFLUENCE_INVESTIGATIONS_READING_2026-09-08/01_INVESTIGATIONS/INV-128.md,f75c96e5b32e77d14e87ad78af1711c01c46023a2bfc62366f1f327cd6244053,03_INVESTIGATIONS/03_NORMALIZED_BY_ID/INV-128/INV-128_INVESTIGATION.md,DUPLICATE_SHA
INV-094,INV-094.md,expanded:DEMOCRACY_INFLUENCE_INVESTIGATIONS_READING_2026-09-08.zip,/mnt/data/DEMOCRACY_INFLUENCE_MASTER_EVIDENCE_BUNDLE_2026-09-11/03_INVESTIGATIONS/02_EXPANDED_ARCHIVES/DEMOCRACY_INFLUENCE_INVESTIGATIONS_READING_2026-09-08/DEMOCRACY_INFLUENCE_INVESTIGATIONS_READING_2026-09-08/01_INVESTIGATIONS/INV-094.md,49d270eac580a90e2bda6dd41a34def54b51a9ac5ef02ac454f13f44c600000d,03_INVESTIGATIONS/03_NORMALIZED_BY_ID/INV-094/INV-094.md,COPIED
INV-144,INV-144.md,expanded:DEMOCRACY_INFLUENCE_INVESTIGATIONS_READING_2026-09-08.zip,/mnt/data/DEMOCRACY_INFLUENCE_MASTER_EVIDENCE_BUNDLE_2026-09-11/03_INVESTIGATIONS/02_EXPANDED_ARCHIVES/DEMOCRACY_INFLUENCE_INVESTIGATIONS_READING_2026-09-08/DEMOCRACY_INFLUENCE_INVESTIGATIONS_READING_2026-09-08/01_INVESTIGATIONS/INV-144.md,61bae983b3aa9d09aded345166d9a1edced884fe4a2c379468c916f8af01c9f0,03_INVESTIGATIONS/03_NORMALIZED_BY_ID/INV-144/INV-144.md,COPIED
INV-022,INV-022.md,expanded:DEMOCRACY_INFLUENCE_INVESTIGATIONS_READING_2026-09-08.zip,/mnt/data/DEMOCRACY_INFLUENCE_MASTER_EVIDENCE_BUNDLE_2026-09-11/03_INVESTIGATIONS/02_EXPANDED_ARCHIVES/DEMOCRACY_INFLUENCE_INVESTIGATIONS_READING_2026-09-08/DEMOCRACY_INFLUENCE_INVESTIGATIONS_READING_2026-09-08/01_INVESTIGATIONS/INV-022.md,a5d3c37a2dec09a07a0d2ec2ab00be4fd794b814729a1c749032cdab07ff806e,03_INVESTIGATIONS/03_NORMALIZED_BY_ID/INV-022/2026-09-06_10-57_russie-operations-influence-france_INVESTIGATION.md,DUPLICATE_SHA
INV-073,INV-073.md,expanded:DEMOCRACY_INFLUENCE_INVESTIGATIONS_READING_2026-09-08.zip,/mnt/data/DEMOCRACY_INFLUENCE_MASTER_EVIDENCE_BUNDLE_2026-09-11/03_INVESTIGATIONS/02_EXPANDED_ARCHIVES/DEMOCRACY_INFLUENCE_INVESTIGATIONS_READING_2026-09-08/DEMOCRACY_INFLUENCE_INVESTIGATIONS_READING_2026-09-08/01_INVESTIGATIONS/INV-073.md,1373979b14a25ffd55a4aac6371d77a1671baed9e8b71d19a03ea541b990332a,03_INVESTIGATIONS/03_NORMALIZED_BY_ID/INV-073/INV-073.md,COPIED
INV-142,INV-142.md,expanded:DEMOCRACY_INFLUENCE_INVESTIGATIONS_READING_2026-09-08.zip,/mnt/data/DEMOCRACY_INFLUENCE_MASTER_EVIDENCE_BUNDLE_2026-09-11/03_INVESTIGATIONS/02_EXPANDED_ARCHIVES/DEMOCRACY_INFLUENCE_INVESTIGATIONS_READING_2026-09-08/DEMOCRACY_INFLUENCE_INVESTIGATIONS_READING_2026-09-08/01_INVESTIGATIONS/INV-142.md,2178976ff4badaf6562165bb4daacfb0ad5665dc4bbba23c364d5b1d9590ac3d,03_INVESTIGATIONS/03_NORMALIZED_BY_ID/INV-142/INV-142.md,COPIED
INV-026,INV-026.md,expanded:DEMOCRACY_INFLUENCE_INVESTIGATIONS_READING_2026-09-08.zip,/mnt/data/DEMOCRACY_INFLUENCE_MASTER_EVIDENCE_BUNDLE_2026-09-11/03_INVESTIGATIONS/02_EXPANDED_ARCHIVES/DEMOCRACY_INFLUENCE_INVESTIGATIONS_READING_2026-09-08/DEMOCRACY_INFLUENCE_INVESTIGATIONS_READING_2026-09-08/01_INVESTIGATIONS/INV-026.md,86f7d0d457469edf3edb9dffa2e5f55f253cfebefdb0037652cc4ebf5a2d963a,03_INVESTIGATIONS/03_NORMALIZED_BY_ID/INV-026/INV-026_INVESTIGATION.md,DUPLICATE_SHA
INV-089,INV-089.md,expanded:DEMOCRACY_INFLUENCE_INVESTIGATIONS_READING_2026-09-08.zip,/mnt/data/DEMOCRACY_INFLUENCE_MASTER_EVIDENCE_BUNDLE_2026-09-11/03_INVESTIGATIONS/02_EXPANDED_ARCHIVES/DEMOCRACY_INFLUENCE_INVESTIGATIONS_READING_2026-09-08/DEMOCRACY_INFLUENCE_INVESTIGATIONS_READING_2026-09-08/01_INVESTIGATIONS/INV-089.md,15a64822a17470147d6a3a33e7f2b1e3b76a89c5a9348561c5d36fcf81ddf75c,03_INVESTIGATIONS/03_NORMALIZED_BY_ID/INV-089/INV-089.md,COPIED
INV-081,INV-081.md,expanded:DEMOCRACY_INFLUENCE_INVESTIGATIONS_READING_2026-09-08.zip,/mnt/data/DEMOCRACY_INFLUENCE_MASTER_EVIDENCE_BUNDLE_2026-09-11/03_INVESTIGATIONS/02_EXPANDED_ARCHIVES/DEMOCRACY_INFLUENCE_INVESTIGATIONS_READING_2026-09-08/DEMOCRACY_INFLUENCE_INVESTIGATIONS_READING_2026-09-08/01_INVESTIGATIONS/INV-081.md,0fc4ee6583cdc16a5f02801795f0248c30baa437239d48871390f527f478238c,03_INVESTIGATIONS/03_NORMALIZED_BY_ID/INV-081/2026-09-06_15-55_propriete-medias-francais_INVESTIGATION.md,DUPLICATE_SHA
INV-096,INV-096.md,expanded:DEMOCRACY_INFLUENCE_INVESTIGATIONS_READING_2026-09-08.zip,/mnt/data/DEMOCRACY_INFLUENCE_MASTER_EVIDENCE_BUNDLE_2026-09-11/03_INVESTIGATIONS/02_EXPANDED_ARCHIVES/DEMOCRACY_INFLUENCE_INVESTIGATIONS_READING_2026-09-08/DEMOCRACY_INFLUENCE_INVESTIGATIONS_READING_2026-09-08/01_INVESTIGATIONS/INV-096.md,39167cd27a9357fd67eb541cf5003a48c227f6d1bc15c40905e4be0cb8cd03a9,03_INVESTIGATIONS/03_NORMALIZED_BY_ID/INV-096/INV-096.md,COPIED
INV-140,INV-140.md,expanded:DEMOCRACY_INFLUENCE_INVESTIGATIONS_READING_2026-09-08.zip,/mnt/data/DEMOCRACY_INFLUENCE_MASTER_EVIDENCE_BUNDLE_2026-09-11/03_INVESTIGATIONS/02_EXPANDED_ARCHIVES/DEMOCRACY_INFLUENCE_INVESTIGATIONS_READING_2026-09-08/DEMOCRACY_INFLUENCE_INVESTIGATIONS_READING_2026-09-08/01_INVESTIGATIONS/INV-140.md,aec894571a3eee531ea92bd386da1ecb664e9a7bd27c82ee2a73b330f26cb083,03_INVESTIGATIONS/03_NORMALIZED_BY_ID/INV-140/INV-140_RECOVERY_HANDOFF.md,DUPLICATE_SHA
INV-143,INV-143.md,expanded:DEMOCRACY_INFLUENCE_INVESTIGATIONS_READING_2026-09-08.zip,/mnt/data/DEMOCRACY_INFLUENCE_MASTER_EVIDENCE_BUNDLE_2026-09-11/03_INVESTIGATIONS/02_EXPANDED_ARCHIVES/DEMOCRACY_INFLUENCE_INVESTIGATIONS_READING_2026-09-08/DEMOCRACY_INFLUENCE_INVESTIGATIONS_READING_2026-09-08/01_INVESTIGATIONS/INV-143.md,7bd52e8ce923565a55b3157de5b21332b6f39837dc5ee7b2c15502de05b31e30,03_INVESTIGATIONS/03_NORMALIZED_BY_ID/INV-143/INV-143.md,COPIED
INV-146,INV-146.md,expanded:DEMOCRACY_INFLUENCE_INVESTIGATIONS_READING_2026-09-08.zip,/mnt/data/DEMOCRACY_INFLUENCE_MASTER_EVIDENCE_BUNDLE_2026-09-11/03_INVESTIGATIONS/02_EXPANDED_ARCHIVES/DEMOCRACY_INFLUENCE_INVESTIGATIONS_READING_2026-09-08/DEMOCRACY_INFLUENCE_INVESTIGATIONS_READING_2026-09-08/01_INVESTIGATIONS/INV-146.md,9cf2a68c467cdc3a850e4494bda6b32044ee4f003d4623f4b161a62624bd3f8b,03_INVESTIGATIONS/03_NORMALIZED_BY_ID/INV-146/INV-146_SYNTHESIS.md,DUPLICATE_SHA
INV-044,INV-044.md,expanded:DEMOCRACY_INFLUENCE_INVESTIGATIONS_READING_2026-09-08.zip,/mnt/data/DEMOCRACY_INFLUENCE_MASTER_EVIDENCE_BUNDLE_2026-09-11/03_INVESTIGATIONS/02_EXPANDED_ARCHIVES/DEMOCRACY_INFLUENCE_INVESTIGATIONS_READING_2026-09-08/DEMOCRACY_INFLUENCE_INVESTIGATIONS_READING_2026-09-08/01_INVESTIGATIONS/INV-044.md,5b8a802a0d20c786ff174fa2906daf769884837c8ba88a6e0b64bb3275fc34af,03_INVESTIGATIONS/03_NORMALIZED_BY_ID/INV-044/INV-044_INVESTIGATION.md,DUPLICATE_SHA
INV-001,INV-001.md,expanded:DEMOCRACY_INFLUENCE_INVESTIGATIONS_READING_2026-09-08.zip,/mnt/data/DEMOCRACY_INFLUENCE_MASTER_EVIDENCE_BUNDLE_2026-09-11/03_INVESTIGATIONS/02_EXPANDED_ARCHIVES/DEMOCRACY_INFLUENCE_INVESTIGATIONS_READING_2026-09-08/DEMOCRACY_INFLUENCE_INVESTIGATIONS_READING_2026-09-08/01_INVESTIGATIONS/INV-001.md,c3b02fe75ee3ccd0804ac9ab420489b1b7af7710b7aa9920aa00a4f626ed1105,03_INVESTIGATIONS/03_NORMALIZED_BY_ID/INV-001/INV-001-R1_REPLAY.md,DUPLICATE_SHA
INV-134,INV-134.md,expanded:DEMOCRACY_INFLUENCE_INVESTIGATIONS_READING_2026-09-08.zip,/mnt/data/DEMOCRACY_INFLUENCE_MASTER_EVIDENCE_BUNDLE_2026-09-11/03_INVESTIGATIONS/02_EXPANDED_ARCHIVES/DEMOCRACY_INFLUENCE_INVESTIGATIONS_READING_2026-09-08/DEMOCRACY_INFLUENCE_INVESTIGATIONS_READING_2026-09-08/01_INVESTIGATIONS/INV-134.md,1af305d79fa8357672d05408c56994be5c20d640beee77929a4eed876eced56a,03_INVESTIGATIONS/03_NORMALIZED_BY_ID/INV-134/2026-09-06_18-05_attribution-ingerence_INVESTIGATION.md,DUPLICATE_SHA
INV-019,INV-019.md,expanded:DEMOCRACY_INFLUENCE_INVESTIGATIONS_READING_2026-09-08.zip,/mnt/data/DEMOCRACY_INFLUENCE_MASTER_EVIDENCE_BUNDLE_2026-09-11/03_INVESTIGATIONS/02_EXPANDED_ARCHIVES/DEMOCRACY_INFLUENCE_INVESTIGATIONS_READING_2026-09-08/DEMOCRACY_INFLUENCE_INVESTIGATIONS_READING_2026-09-08/01_INVESTIGATIONS/INV-019.md,bf255493afd50152c0123d42c8521c0e85febe44f89deeb8a6450543184072b6,03_INVESTIGATIONS/03_NORMALIZED_BY_ID/INV-019/INV-019_INVESTIGATION.md,DUPLICATE_SHA
INV-008,INV-008.md,expanded:DEMOCRACY_INFLUENCE_INVESTIGATIONS_READING_2026-09-08.zip,/mnt/data/DEMOCRACY_INFLUENCE_MASTER_EVIDENCE_BUNDLE_2026-09-11/03_INVESTIGATIONS/02_EXPANDED_ARCHIVES/DEMOCRACY_INFLUENCE_INVESTIGATIONS_READING_2026-09-08/DEMOCRACY_INFLUENCE_INVESTIGATIONS_READING_2026-09-08/01_INVESTIGATIONS/INV-008.md,171ddecd4c628fc88f4ebdbb44fc74514a0f8648f0009dab8a3f8804ba4da40d,03_INVESTIGATIONS/03_NORMALIZED_BY_ID/INV-008/INV-008.md,COPIED
INV-004,INV-004.md,expanded:DEMOCRACY_INFLUENCE_INVESTIGATIONS_READING_2026-09-08.zip,/mnt/data/DEMOCRACY_INFLUENCE_MASTER_EVIDENCE_BUNDLE_2026-09-11/03_INVESTIGATIONS/02_EXPANDED_ARCHIVES/DEMOCRACY_INFLUENCE_INVESTIGATIONS_READING_2026-09-08/DEMOCRACY_INFLUENCE_INVESTIGATIONS_READING_2026-09-08/01_INVESTIGATIONS/INV-004.md,171ddecd4c628fc88f4ebdbb44fc74514a0f8648f0009dab8a3f8804ba4da40d,03_INVESTIGATIONS/03_NORMALIZED_BY_ID/INV-004/INV-004.md,COPIED
INV-002,INV-002.md,expanded:DEMOCRACY_INFLUENCE_INVESTIGATIONS_READING_2026-09-08.zip,/mnt/data/DEMOCRACY_INFLUENCE_MASTER_EVIDENCE_BUNDLE_2026-09-11/03_INVESTIGATIONS/02_EXPANDED_ARCHIVES/DEMOCRACY_INFLUENCE_INVESTIGATIONS_READING_2026-09-08/DEMOCRACY_INFLUENCE_INVESTIGATIONS_READING_2026-09-08/01_INVESTIGATIONS/INV-002.md,f4de1fac8ea62469b00987cc8461e2bc702b98b66a501f0fb6c930f7dcd5503b,03_INVESTIGATIONS/03_NORMALIZED_BY_ID/INV-002/INV-002_REPORT.md,DUPLICATE_SHA
INV-137,INV-137.md,expanded:DEMOCRACY_INFLUENCE_INVESTIGATIONS_READING_2026-09-08.zip,/mnt/data/DEMOCRACY_INFLUENCE_MASTER_EVIDENCE_BUNDLE_2026-09-11/03_INVESTIGATIONS/02_EXPANDED_ARCHIVES/DEMOCRACY_INFLUENCE_INVESTIGATIONS_READING_2026-09-08/DEMOCRACY_INFLUENCE_INVESTIGATIONS_READING_2026-09-08/01_INVESTIGATIONS/INV-137.md,8dc049a5ba14faa972fd2db9f3aca2d8eeedf2954fc085900b51a4a5db92ee04,03_INVESTIGATIONS/03_NORMALIZED_BY_ID/INV-137/2026-09-06_20-25_renseignement-executif-medias_INVESTIGATION.md,DUPLICATE_SHA
INV-090,INV-090.md,expanded:DEMOCRACY_INFLUENCE_INVESTIGATIONS_READING_2026-09-08.zip,/mnt/data/DEMOCRACY_INFLUENCE_MASTER_EVIDENCE_BUNDLE_2026-09-11/03_INVESTIGATIONS/02_EXPANDED_ARCHIVES/DEMOCRACY_INFLUENCE_INVESTIGATIONS_READING_2026-09-08/DEMOCRACY_INFLUENCE_INVESTIGATIONS_READING_2026-09-08/01_INVESTIGATIONS/INV-090.md,aea48fd87b58f1e731c8a22934b641e43ac7d82ac257b808490e4abf03e8e48b,03_INVESTIGATIONS/03_NORMALIZED_BY_ID/INV-090/INV-090.md,COPIED
INV-145,INV-145.md,expanded:DEMOCRACY_INFLUENCE_INVESTIGATIONS_READING_2026-09-08.zip,/mnt/data/DEMOCRACY_INFLUENCE_MASTER_EVIDENCE_BUNDLE_2026-09-11/03_INVESTIGATIONS/02_EXPANDED_ARCHIVES/DEMOCRACY_INFLUENCE_INVESTIGATIONS_READING_2026-09-08/DEMOCRACY_INFLUENCE_INVESTIGATIONS_READING_2026-09-08/01_INVESTIGATIONS/INV-145.md,2bc95a3d85ae5b0d7abda185b350067600ca3bd8e544d10a942f157940ac0c5a,03_INVESTIGATIONS/03_NORMALIZED_BY_ID/INV-145/INV-145_INVESTIGATION.md,DUPLICATE_SHA
INV-078,INV-078.md,expanded:DEMOCRACY_INFLUENCE_INVESTIGATIONS_READING_2026-09-08.zip,/mnt/data/DEMOCRACY_INFLUENCE_MASTER_EVIDENCE_BUNDLE_2026-09-11/03_INVESTIGATIONS/02_EXPANDED_ARCHIVES/DEMOCRACY_INFLUENCE_INVESTIGATIONS_READING_2026-09-08/DEMOCRACY_INFLUENCE_INVESTIGATIONS_READING_2026-09-08/01_INVESTIGATIONS/INV-078.md,1e703106ee58db200596d10a8d55b9f0c9ed2c72e586d3313a6fe1680c4874ab,03_INVESTIGATIONS/03_NORMALIZED_BY_ID/INV-078/INV-078.md,COPIED
INV-124,INV-124.md,expanded:DEMOCRACY_INFLUENCE_INVESTIGATIONS_READING_2026-09-08.zip,/mnt/data/DEMOCRACY_INFLUENCE_MASTER_EVIDENCE_BUNDLE_2026-09-11/03_INVESTIGATIONS/02_EXPANDED_ARCHIVES/DEMOCRACY_INFLUENCE_INVESTIGATIONS_READING_2026-09-08/DEMOCRACY_INFLUENCE_INVESTIGATIONS_READING_2026-09-08/01_INVESTIGATIONS/INV-124.md,cdefeeab4836c01a95a2b9f0b20a6d152542f19cabe9ba267a34f4b2d4842f4d,03_INVESTIGATIONS/03_NORMALIZED_BY_ID/INV-124/INV-124.md,COPIED
INV-069,INV-069.md,expanded:DEMOCRACY_INFLUENCE_INVESTIGATIONS_READING_2026-09-08.zip,/mnt/data/DEMOCRACY_INFLUENCE_MASTER_EVIDENCE_BUNDLE_2026-09-11/03_INVESTIGATIONS/02_EXPANDED_ARCHIVES/DEMOCRACY_INFLUENCE_INVESTIGATIONS_READING_2026-09-08/DEMOCRACY_INFLUENCE_INVESTIGATIONS_READING_2026-09-08/01_INVESTIGATIONS/INV-069.md,47c169f73ec4217992935b26ba3066ec172254e2b058db32073dd0eeda73c681,03_INVESTIGATIONS/03_NORMALIZED_BY_ID/INV-069/INV-069.md,COPIED
INV-138,INV-138.md,expanded:DEMOCRACY_INFLUENCE_INVESTIGATIONS_READING_2026-09-08.zip,/mnt/data/DEMOCRACY_INFLUENCE_MASTER_EVIDENCE_BUNDLE_2026-09-11/03_INVESTIGATIONS/02_EXPANDED_ARCHIVES/DEMOCRACY_INFLUENCE_INVESTIGATIONS_READING_2026-09-08/DEMOCRACY_INFLUENCE_INVESTIGATIONS_READING_2026-09-08/01_INVESTIGATIONS/INV-138.md,54cc64ec22dff754b445b41bb921b9dd7b90c1397c4938a891f79675e050d823,03_INVESTIGATIONS/03_NORMALIZED_BY_ID/INV-138/INV-138_INVESTIGATION.md,DUPLICATE_SHA
INV-071,INV-071.md,expanded:DEMOCRACY_INFLUENCE_INVESTIGATIONS_READING_2026-09-08.zip,/mnt/data/DEMOCRACY_INFLUENCE_MASTER_EVIDENCE_BUNDLE_2026-09-11/03_INVESTIGATIONS/02_EXPANDED_ARCHIVES/DEMOCRACY_INFLUENCE_INVESTIGATIONS_READING_2026-09-08/DEMOCRACY_INFLUENCE_INVESTIGATIONS_READING_2026-09-08/01_INVESTIGATIONS/INV-071.md,cc0063eb57f6b95f1589cb9d50f81a603bec0415b5069109c4855bdb76f5e810,03_INVESTIGATIONS/03_NORMALIZED_BY_ID/INV-071/INV-071_INVESTIGATION.md,DUPLICATE_SHA
INV-059,INV-059.md,expanded:DEMOCRACY_INFLUENCE_INVESTIGATIONS_READING_2026-09-08.zip,/mnt/data/DEMOCRACY_INFLUENCE_MASTER_EVIDENCE_BUNDLE_2026-09-11/03_INVESTIGATIONS/02_EXPANDED_ARCHIVES/DEMOCRACY_INFLUENCE_INVESTIGATIONS_READING_2026-09-08/DEMOCRACY_INFLUENCE_INVESTIGATIONS_READING_2026-09-08/01_INVESTIGATIONS/INV-059.md,5d8cbb0a182d6f1e58180171b923fa22bec950e6e8ef0349d44b2fd28c4d55bd,03_INVESTIGATIONS/03_NORMALIZED_BY_ID/INV-059/INV-059.md,COPIED
INV-045,INV-045.md,expanded:DEMOCRACY_INFLUENCE_INVESTIGATIONS_READING_2026-09-08.zip,/mnt/data/DEMOCRACY_INFLUENCE_MASTER_EVIDENCE_BUNDLE_2026-09-11/03_INVESTIGATIONS/02_EXPANDED_ARCHIVES/DEMOCRACY_INFLUENCE_INVESTIGATIONS_READING_2026-09-08/DEMOCRACY_INFLUENCE_INVESTIGATIONS_READING_2026-09-08/01_INVESTIGATIONS/INV-045.md,11719a5534ab5311558ddcc7437165c91257d7f87ca76941463f4d2988565ed1,03_INVESTIGATIONS/03_NORMALIZED_BY_ID/INV-045/INV-045.md,COPIED
INV-098,INV-098.md,expanded:DEMOCRACY_INFLUENCE_INVESTIGATIONS_READING_2026-09-08.zip,/mnt/data/DEMOCRACY_INFLUENCE_MASTER_EVIDENCE_BUNDLE_2026-09-11/03_INVESTIGATIONS/02_EXPANDED_ARCHIVES/DEMOCRACY_INFLUENCE_INVESTIGATIONS_READING_2026-09-08/DEMOCRACY_INFLUENCE_INVESTIGATIONS_READING_2026-09-08/01_INVESTIGATIONS/INV-098.md,079d75fefa898d51f03740e1887e6e6bc6bf7ceb823dcb77c8cb7aacc27e9e53,03_INVESTIGATIONS/03_NORMALIZED_BY_ID/INV-098/INV-098.md,COPIED
INV-136,INV-136.md,expanded:DEMOCRACY_INFLUENCE_INVESTIGATIONS_READING_2026-09-08.zip,/mnt/data/DEMOCRACY_INFLUENCE_MASTER_EVIDENCE_BUNDLE_2026-09-11/03_INVESTIGATIONS/02_EXPANDED_ARCHIVES/DEMOCRACY_INFLUENCE_INVESTIGATIONS_READING_2026-09-08/DEMOCRACY_INFLUENCE_INVESTIGATIONS_READING_2026-09-08/01_INVESTIGATIONS/INV-136.md,64e654d0ae7a34168c47b47234757787ff91295c1655b37c526478857f3cc899,03_INVESTIGATIONS/03_NORMALIZED_BY_ID/INV-136/_INVESTIGATION.md,DUPLICATE_SHA
INV-006,INV-006.md,expanded:DEMOCRACY_INFLUENCE_INVESTIGATIONS_READING_2026-09-08.zip,/mnt/data/DEMOCRACY_INFLUENCE_MASTER_EVIDENCE_BUNDLE_2026-09-11/03_INVESTIGATIONS/02_EXPANDED_ARCHIVES/DEMOCRACY_INFLUENCE_INVESTIGATIONS_READING_2026-09-08/DEMOCRACY_INFLUENCE_INVESTIGATIONS_READING_2026-09-08/01_INVESTIGATIONS/INV-006.md,171ddecd4c628fc88f4ebdbb44fc74514a0f8648f0009dab8a3f8804ba4da40d,03_INVESTIGATIONS/03_NORMALIZED_BY_ID/INV-006/INV-006.md,COPIED
INV-099,INV-099.md,expanded:DEMOCRACY_INFLUENCE_INVESTIGATIONS_READING_2026-09-08.zip,/mnt/data/DEMOCRACY_INFLUENCE_MASTER_EVIDENCE_BUNDLE_2026-09-11/03_INVESTIGATIONS/02_EXPANDED_ARCHIVES/DEMOCRACY_INFLUENCE_INVESTIGATIONS_READING_2026-09-08/DEMOCRACY_INFLUENCE_INVESTIGATIONS_READING_2026-09-08/01_INVESTIGATIONS/INV-099.md,8ccc120b67a3163eac81d312bf5bd96a9de9f32facaaf24b260b1e6e475ce5de,03_INVESTIGATIONS/03_NORMALIZED_BY_ID/INV-099/INV-099.md,COPIED
INV-135,INV-135.md,expanded:DEMOCRACY_INFLUENCE_INVESTIGATIONS_READING_2026-09-08.zip,/mnt/data/DEMOCRACY_INFLUENCE_MASTER_EVIDENCE_BUNDLE_2026-09-11/03_INVESTIGATIONS/02_EXPANDED_ARCHIVES/DEMOCRACY_INFLUENCE_INVESTIGATIONS_READING_2026-09-08/DEMOCRACY_INFLUENCE_INVESTIGATIONS_READING_2026-09-08/01_INVESTIGATIONS/INV-135.md,353a82a97819f95366c9ab146b64c2ed72865fd4df2fec2cfd168bad6c555c72,03_INVESTIGATIONS/03_NORMALIZED_BY_ID/INV-135/INV-135_INVESTIGATION.md,DUPLICATE_SHA
INV-003,INV-003.md,expanded:DEMOCRACY_INFLUENCE_INVESTIGATIONS_READING_2026-09-08.zip,/mnt/data/DEMOCRACY_INFLUENCE_MASTER_EVIDENCE_BUNDLE_2026-09-11/03_INVESTIGATIONS/02_EXPANDED_ARCHIVES/DEMOCRACY_INFLUENCE_INVESTIGATIONS_READING_2026-09-08/DEMOCRACY_INFLUENCE_INVESTIGATIONS_READING_2026-09-08/01_INVESTIGATIONS/INV-003.md,171ddecd4c628fc88f4ebdbb44fc74514a0f8648f0009dab8a3f8804ba4da40d,03_INVESTIGATIONS/03_NORMALIZED_BY_ID/INV-003/INV-003.md,COPIED
INV-079,INV-079.md,expanded:DEMOCRACY_INFLUENCE_INVESTIGATIONS_READING_2026-09-08.zip,/mnt/data/DEMOCRACY_INFLUENCE_MASTER_EVIDENCE_BUNDLE_2026-09-11/03_INVESTIGATIONS/02_EXPANDED_ARCHIVES/DEMOCRACY_INFLUENCE_INVESTIGATIONS_READING_2026-09-08/DEMOCRACY_INFLUENCE_INVESTIGATIONS_READING_2026-09-08/01_INVESTIGATIONS/INV-079.md,b90328704e2b7534bef5581a5eb46718489cf29521cc17ee4a118d75cd2c4a3f,03_INVESTIGATIONS/03_NORMALIZED_BY_ID/INV-079/INV-079.md,COPIED
INV-103,INV-103.md,expanded:DEMOCRACY_INFLUENCE_INVESTIGATIONS_READING_2026-09-08.zip,/mnt/data/DEMOCRACY_INFLUENCE_MASTER_EVIDENCE_BUNDLE_2026-09-11/03_INVESTIGATIONS/02_EXPANDED_ARCHIVES/DEMOCRACY_INFLUENCE_INVESTIGATIONS_READING_2026-09-08/DEMOCRACY_INFLUENCE_INVESTIGATIONS_READING_2026-09-08/01_INVESTIGATIONS/INV-103.md,41d0b8d330aae2da557e97437cfc8fd4ba844005c606556571cfae853508a2da,03_INVESTIGATIONS/03_NORMALIZED_BY_ID/INV-103/_INVESTIGATION.md,DUPLICATE_SHA
INV-007,INV-007.md,expanded:DEMOCRACY_INFLUENCE_INVESTIGATIONS_READING_2026-09-08.zip,/mnt/data/DEMOCRACY_INFLUENCE_MASTER_EVIDENCE_BUNDLE_2026-09-11/03_INVESTIGATIONS/02_EXPANDED_ARCHIVES/DEMOCRACY_INFLUENCE_INVESTIGATIONS_READING_2026-09-08/DEMOCRACY_INFLUENCE_INVESTIGATIONS_READING_2026-09-08/01_INVESTIGATIONS/INV-007.md,171ddecd4c628fc88f4ebdbb44fc74514a0f8648f0009dab8a3f8804ba4da40d,03_INVESTIGATIONS/03_NORMALIZED_BY_ID/INV-007/INV-007.md,COPIED
INV-141,INV-141.md,expanded:DEMOCRACY_INFLUENCE_INVESTIGATIONS_READING_2026-09-08.zip,/mnt/data/DEMOCRACY_INFLUENCE_MASTER_EVIDENCE_BUNDLE_2026-09-11/03_INVESTIGATIONS/02_EXPANDED_ARCHIVES/DEMOCRACY_INFLUENCE_INVESTIGATIONS_READING_2026-09-08/DEMOCRACY_INFLUENCE_INVESTIGATIONS_READING_2026-09-08/01_INVESTIGATIONS/INV-141.md,8e8676060f13f45c52fd2310e512a83d3536547c999dc46ee995a26616b9021d,03_INVESTIGATIONS/03_NORMALIZED_BY_ID/INV-141/INV-141.md,COPIED
INV-039,INV-039.md,expanded:DEMOCRACY_INFLUENCE_INVESTIGATIONS_READING_2026-09-08.zip,/mnt/data/DEMOCRACY_INFLUENCE_MASTER_EVIDENCE_BUNDLE_2026-09-11/03_INVESTIGATIONS/02_EXPANDED_ARCHIVES/DEMOCRACY_INFLUENCE_INVESTIGATIONS_READING_2026-09-08/DEMOCRACY_INFLUENCE_INVESTIGATIONS_READING_2026-09-08/01_INVESTIGATIONS/INV-039.md,ca5113fdeba13fe444538d3d76cc80227d811a50356a002398312d16e1838e8c,03_INVESTIGATIONS/03_NORMALIZED_BY_ID/INV-039/2026-09-06_16-39_pouvoir-institutions-ue_INVESTIGATION.md,DUPLICATE_SHA
INV-056,INV-056.md,expanded:DEMOCRACY_INFLUENCE_INVESTIGATIONS_READING_2026-09-08.zip,/mnt/data/DEMOCRACY_INFLUENCE_MASTER_EVIDENCE_BUNDLE_2026-09-11/03_INVESTIGATIONS/02_EXPANDED_ARCHIVES/DEMOCRACY_INFLUENCE_INVESTIGATIONS_READING_2026-09-08/DEMOCRACY_INFLUENCE_INVESTIGATIONS_READING_2026-09-08/01_INVESTIGATIONS/INV-056.md,4fbd7a982c108b2e4ff0fc88cbf81aa2f0b7c0078a1a7acf9e6c209579a1ea15,03_INVESTIGATIONS/03_NORMALIZED_BY_ID/INV-056/INV-056.md,COPIED
INV-005,INV-005.md,expanded:DEMOCRACY_INFLUENCE_INVESTIGATIONS_READING_2026-09-08.zip,/mnt/data/DEMOCRACY_INFLUENCE_MASTER_EVIDENCE_BUNDLE_2026-09-11/03_INVESTIGATIONS/02_EXPANDED_ARCHIVES/DEMOCRACY_INFLUENCE_INVESTIGATIONS_READING_2026-09-08/DEMOCRACY_INFLUENCE_INVESTIGATIONS_READING_2026-09-08/01_INVESTIGATIONS/INV-005.md,171ddecd4c628fc88f4ebdbb44fc74514a0f8648f0009dab8a3f8804ba4da40d,03_INVESTIGATIONS/03_NORMALIZED_BY_ID/INV-005/INV-005.md,COPIED
INV-080,INV-080.md,expanded:DEMOCRACY_INFLUENCE_INVESTIGATIONS_READING_2026-09-08.zip,/mnt/data/DEMOCRACY_INFLUENCE_MASTER_EVIDENCE_BUNDLE_2026-09-11/03_INVESTIGATIONS/02_EXPANDED_ARCHIVES/DEMOCRACY_INFLUENCE_INVESTIGATIONS_READING_2026-09-08/DEMOCRACY_INFLUENCE_INVESTIGATIONS_READING_2026-09-08/01_INVESTIGATIONS/INV-080.md,87bf847d71fc42c2097ebaaf7ad911d3b060008b8f21c688983c7c9b79f59c22,03_INVESTIGATIONS/03_NORMALIZED_BY_ID/INV-080/INV-080.md,COPIED
INV-049,INV-049.md,expanded:DEMOCRACY_INFLUENCE_INVESTIGATIONS_READING_2026-09-08.zip,/mnt/data/DEMOCRACY_INFLUENCE_MASTER_EVIDENCE_BUNDLE_2026-09-11/03_INVESTIGATIONS/02_EXPANDED_ARCHIVES/DEMOCRACY_INFLUENCE_INVESTIGATIONS_READING_2026-09-08/DEMOCRACY_INFLUENCE_INVESTIGATIONS_READING_2026-09-08/01_INVESTIGATIONS/INV-049.md,f731e05757a6b8bcd0fcee1919677256790000e69f9243bb294704f4ca9d14d4,03_INVESTIGATIONS/03_NORMALIZED_BY_ID/INV-049/INV-049_INVESTIGATION.md,DUPLICATE_SHA
INV-082,INV-082.md,expanded:DEMOCRACY_INFLUENCE_INVESTIGATIONS_READING_2026-09-08.zip,/mnt/data/DEMOCRACY_INFLUENCE_MASTER_EVIDENCE_BUNDLE_2026-09-11/03_INVESTIGATIONS/02_EXPANDED_ARCHIVES/DEMOCRACY_INFLUENCE_INVESTIGATIONS_READING_2026-09-08/DEMOCRACY_INFLUENCE_INVESTIGATIONS_READING_2026-09-08/01_INVESTIGATIONS/INV-082.md,c9b3824143ca02980d5798b273f3c329bf12beccb492fdb56ea6fa1ef06a0dcd,03_INVESTIGATIONS/03_NORMALIZED_BY_ID/INV-082/INV-082.md,COPIED
INV-054,INV-054.md,expanded:DEMOCRACY_INFLUENCE_INVESTIGATIONS_READING_2026-09-08.zip,/mnt/data/DEMOCRACY_INFLUENCE_MASTER_EVIDENCE_BUNDLE_2026-09-11/03_INVESTIGATIONS/02_EXPANDED_ARCHIVES/DEMOCRACY_INFLUENCE_INVESTIGATIONS_READING_2026-09-08/DEMOCRACY_INFLUENCE_INVESTIGATIONS_READING_2026-09-08/01_INVESTIGATIONS/INV-054.md,9b02a7b42d2289c9ea2e2b0d47481f091a4bccc35118d0448f9620ab8b409c03,03_INVESTIGATIONS/03_NORMALIZED_BY_ID/INV-054/INV-054_INVESTIGATION.md,DUPLICATE_SHA
INV-040,INV-040_RUN_HANDOFF.md,expanded:DEMOCRACY_INFLUENCE_COMPLETE_BUNDLE_2026-09-11.zip,/mnt/data/DEMOCRACY_INFLUENCE_MASTER_EVIDENCE_BUNDLE_2026-09-11/03_INVESTIGATIONS/02_EXPANDED_ARCHIVES/DEMOCRACY_INFLUENCE_COMPLETE_BUNDLE_2026-09-11/DEMOCRACY_INFLUENCE_COMPLETE_BUNDLE_2026-09-11/invchain/INV-040_RUN_HANDOFF.md,686477cfa9048931b202a8c94aa26e9a1484d7eb3a8eb98d39034a92ae3c5526,03_INVESTIGATIONS/03_NORMALIZED_BY_ID/INV-040/INV-040_RUN_HANDOFF.md,COPIED
INV-057,INV-057_RUN_HANDOFF.md,expanded:DEMOCRACY_INFLUENCE_COMPLETE_BUNDLE_2026-09-11.zip,/mnt/data/DEMOCRACY_INFLUENCE_MASTER_EVIDENCE_BUNDLE_2026-09-11/03_INVESTIGATIONS/02_EXPANDED_ARCHIVES/DEMOCRACY_INFLUENCE_COMPLETE_BUNDLE_2026-09-11/DEMOCRACY_INFLUENCE_COMPLETE_BUNDLE_2026-09-11/invchain/INV-057_RUN_HANDOFF.md,ccf6fb7ae7f4d3ccd80bf3c17c22c24197d77ae991ac294a723289d9f0447136,03_INVESTIGATIONS/03_NORMALIZED_BY_ID/INV-057/INV-057_RUN_HANDOFF.md,COPIED
INV-016,INV-016_RUN_CARD.md,expanded:DEMOCRACY_INFLUENCE_COMPLETE_BUNDLE_2026-09-11.zip,/mnt/data/DEMOCRACY_INFLUENCE_MASTER_EVIDENCE_BUNDLE_2026-09-11/03_INVESTIGATIONS/02_EXPANDED_ARCHIVES/DEMOCRACY_INFLUENCE_COMPLETE_BUNDLE_2026-09-11/DEMOCRACY_INFLUENCE_COMPLETE_BUNDLE_2026-09-11/invchain/INV-016_RUN_CARD.md,99153e7421ef5b0db9cd8df2a790d7a49b454304bc1a07dc491b96a1a168fbde,03_INVESTIGATIONS/03_NORMALIZED_BY_ID/INV-016/INV-016_RUN_CARD.md,COPIED
INV-016,INV-016_REVIEWS.json,expanded:DEMOCRACY_INFLUENCE_COMPLETE_BUNDLE_2026-09-11.zip,/mnt/data/DEMOCRACY_INFLUENCE_MASTER_EVIDENCE_BUNDLE_2026-09-11/03_INVESTIGATIONS/02_EXPANDED_ARCHIVES/DEMOCRACY_INFLUENCE_COMPLETE_BUNDLE_2026-09-11/DEMOCRACY_INFLUENCE_COMPLETE_BUNDLE_2026-09-11/invchain/INV-016_REVIEWS.json,764319ca5bb9360ccff180d38441165ef9b673ffcd4a10e48e537879c7ec360d,03_INVESTIGATIONS/03_NORMALIZED_BY_ID/INV-016/INV-016_REVIEWS.json,COPIED
INV-147,INV-147_DELIVERY_GATE.json,expanded:DEMOCRACY_INFLUENCE_COMPLETE_BUNDLE_2026-09-11.zip,/mnt/data/DEMOCRACY_INFLUENCE_MASTER_EVIDENCE_BUNDLE_2026-09-11/03_INVESTIGATIONS/02_EXPANDED_ARCHIVES/DEMOCRACY_INFLUENCE_COMPLETE_BUNDLE_2026-09-11/DEMOCRACY_INFLUENCE_COMPLETE_BUNDLE_2026-09-11/invchain/INV-147_DELIVERY_GATE.json,153bcd27084eda824964d0d29ad739da9966c839043d86f0829aaca6fcdcc0d4,03_INVESTIGATIONS/03_NORMALIZED_BY_ID/INV-147/INV-147_DELIVERY_GATE.json,COPIED
INV-146,INV-146_RUN_HANDOFF.example.md,expanded:DEMOCRACY_INFLUENCE_COMPLETE_BUNDLE_2026-09-11.zip,/mnt/data/DEMOCRACY_INFLUENCE_MASTER_EVIDENCE_BUNDLE_2026-09-11/03_INVESTIGATIONS/02_EXPANDED_ARCHIVES/DEMOCRACY_INFLUENCE_COMPLETE_BUNDLE_2026-09-11/DEMOCRACY_INFLUENCE_COMPLETE_BUNDLE_2026-09-11/invchain/INV-146_RUN_HANDOFF.example.md,fa9d75722e36f42fe74febe2f06f0f7144143a601fb45873115230f9ff6d4889,03_INVESTIGATIONS/03_NORMALIZED_BY_ID/INV-146/INV-146_RUN_HANDOFF.md,DUPLICATE_SHA
INV-122,INV-122_NARRATIVE_SOURCE.md,expanded:DEMOCRACY_INFLUENCE_COMPLETE_BUNDLE_2026-09-11.zip,/mnt/data/DEMOCRACY_INFLUENCE_MASTER_EVIDENCE_BUNDLE_2026-09-11/03_INVESTIGATIONS/02_EXPANDED_ARCHIVES/DEMOCRACY_INFLUENCE_COMPLETE_BUNDLE_2026-09-11/DEMOCRACY_INFLUENCE_COMPLETE_BUNDLE_2026-09-11/invchain/INV-122_NARRATIVE_SOURCE.md,d59f2049c06ad14f49dd2228e18b50b79d47ecc72ae63e5a36015cb487d34fd9,03_INVESTIGATIONS/03_NORMALIZED_BY_ID/INV-122/INV-122_NARRATIVE_SOURCE.md,COPIED
INV-016,INV-016_FACTS_STAGE.json,expanded:DEMOCRACY_INFLUENCE_COMPLETE_BUNDLE_2026-09-11.zip,/mnt/data/DEMOCRACY_INFLUENCE_MASTER_EVIDENCE_BUNDLE_2026-09-11/03_INVESTIGATIONS/02_EXPANDED_ARCHIVES/DEMOCRACY_INFLUENCE_COMPLETE_BUNDLE_2026-09-11/DEMOCRACY_INFLUENCE_COMPLETE_BUNDLE_2026-09-11/invchain/INV-016_FACTS_STAGE.json,5b0e6f7868d3a9f208b4be94421896a80329b5fba49cf505465b7010b30278dc,03_INVESTIGATIONS/03_NORMALIZED_BY_ID/INV-016/INV-016_FACTS_STAGE.json,COPIED
INV-053,INV-053_PRE_GATE.json,expanded:DEMOCRACY_INFLUENCE_COMPLETE_BUNDLE_2026-09-11.zip,/mnt/data/DEMOCRACY_INFLUENCE_MASTER_EVIDENCE_BUNDLE_2026-09-11/03_INVESTIGATIONS/02_EXPANDED_ARCHIVES/DEMOCRACY_INFLUENCE_COMPLETE_BUNDLE_2026-09-11/DEMOCRACY_INFLUENCE_COMPLETE_BUNDLE_2026-09-11/invchain/INV-053_PRE_GATE.json,691c391f763290b6daa9bded4aad5d2edc3bf3b142e024d5d9e31a75f017a597,03_INVESTIGATIONS/03_NORMALIZED_BY_ID/INV-053/INV-053_PRE_GATE.json,COPIED
INV-082,INV-082_RUN_HANDOFF.md,expanded:DEMOCRACY_INFLUENCE_COMPLETE_BUNDLE_2026-09-11.zip,/mnt/data/DEMOCRACY_INFLUENCE_MASTER_EVIDENCE_BUNDLE_2026-09-11/03_INVESTIGATIONS/02_EXPANDED_ARCHIVES/DEMOCRACY_INFLUENCE_COMPLETE_BUNDLE_2026-09-11/DEMOCRACY_INFLUENCE_COMPLETE_BUNDLE_2026-09-11/invchain/INV-082_RUN_HANDOFF.md,7aed8e1661ed1ab92911f9efdbdb881c2925551d92f1e3282bd39cbd7fcf10ee,03_INVESTIGATIONS/03_NORMALIZED_BY_ID/INV-082/INV-082_RUN_HANDOFF.md,COPIED
INV-015,INV-015_RUN_CARD.md,expanded:DEMOCRACY_INFLUENCE_COMPLETE_BUNDLE_2026-09-11.zip,/mnt/data/DEMOCRACY_INFLUENCE_MASTER_EVIDENCE_BUNDLE_2026-09-11/03_INVESTIGATIONS/02_EXPANDED_ARCHIVES/DEMOCRACY_INFLUENCE_COMPLETE_BUNDLE_2026-09-11/DEMOCRACY_INFLUENCE_COMPLETE_BUNDLE_2026-09-11/invchain/INV-015_RUN_CARD.md,5e79062ec2f66a35c57f64c0acb5a6e21a14a5c52764d328252fe3449ac40b0e,03_INVESTIGATIONS/03_NORMALIZED_BY_ID/INV-015/INV-015_RUN_CARD.md,COPIED
INV-041,INV-041_RUN_HANDOFF.md,expanded:DEMOCRACY_INFLUENCE_COMPLETE_BUNDLE_2026-09-11.zip,/mnt/data/DEMOCRACY_INFLUENCE_MASTER_EVIDENCE_BUNDLE_2026-09-11/03_INVESTIGATIONS/02_EXPANDED_ARCHIVES/DEMOCRACY_INFLUENCE_COMPLETE_BUNDLE_2026-09-11/DEMOCRACY_INFLUENCE_COMPLETE_BUNDLE_2026-09-11/invchain/INV-041_RUN_HANDOFF.md,755ca22180fafb8699be5da76c9ebd24d62e5ed39d17312906942491763342f9,03_INVESTIGATIONS/03_NORMALIZED_BY_ID/INV-041/INV-041_RUN_HANDOFF.md,COPIED
INV-016,INV-016_PRE_GATE.json,expanded:DEMOCRACY_INFLUENCE_COMPLETE_BUNDLE_2026-09-11.zip,/mnt/data/DEMOCRACY_INFLUENCE_MASTER_EVIDENCE_BUNDLE_2026-09-11/03_INVESTIGATIONS/02_EXPANDED_ARCHIVES/DEMOCRACY_INFLUENCE_COMPLETE_BUNDLE_2026-09-11/DEMOCRACY_INFLUENCE_COMPLETE_BUNDLE_2026-09-11/invchain/INV-016_PRE_GATE.json,7d4cc59f468fb580f5d4f28f0ba942b79fd4086bc256cd4d5795853c734636f2,03_INVESTIGATIONS/03_NORMALIZED_BY_ID/INV-016/INV-016_PRE_GATE.json,COPIED
INV-053,INV-053_RECLASS_PLAN.json,expanded:DEMOCRACY_INFLUENCE_COMPLETE_BUNDLE_2026-09-11.zip,/mnt/data/DEMOCRACY_INFLUENCE_MASTER_EVIDENCE_BUNDLE_2026-09-11/03_INVESTIGATIONS/02_EXPANDED_ARCHIVES/DEMOCRACY_INFLUENCE_COMPLETE_BUNDLE_2026-09-11/DEMOCRACY_INFLUENCE_COMPLETE_BUNDLE_2026-09-11/invchain/INV-053_RECLASS_PLAN.json,19f80c027a037e6c396aac1d030b1e237c138f1371832c9aba452f3f8ce5f3da,03_INVESTIGATIONS/03_NORMALIZED_BY_ID/INV-053/INV-053_RECLASS_PLAN.json,COPIED
INV-051,INV-051_NARRATIVE_SOURCE.md,expanded:DEMOCRACY_INFLUENCE_COMPLETE_BUNDLE_2026-09-11.zip,/mnt/data/DEMOCRACY_INFLUENCE_MASTER_EVIDENCE_BUNDLE_2026-09-11/03_INVESTIGATIONS/02_EXPANDED_ARCHIVES/DEMOCRACY_INFLUENCE_COMPLETE_BUNDLE_2026-09-11/DEMOCRACY_INFLUENCE_COMPLETE_BUNDLE_2026-09-11/invchain/INV-051_NARRATIVE_SOURCE.md,f98c1ea8d4558105bcff7d46455b8ff106d88b6acf5c56fcdde2305132af5cf1,03_INVESTIGATIONS/03_NORMALIZED_BY_ID/INV-051/INV-051_NARRATIVE_SOURCE.md,COPIED
INV-016,INV-016_CERTIFICATION.json,expanded:DEMOCRACY_INFLUENCE_COMPLETE_BUNDLE_2026-09-11.zip,/mnt/data/DEMOCRACY_INFLUENCE_MASTER_EVIDENCE_BUNDLE_2026-09-11/03_INVESTIGATIONS/02_EXPANDED_ARCHIVES/DEMOCRACY_INFLUENCE_COMPLETE_BUNDLE_2026-09-11/DEMOCRACY_INFLUENCE_COMPLETE_BUNDLE_2026-09-11/invchain/INV-016_CERTIFICATION.json,daf62a9a319778c8a06a660c958eefba6e72bc6d6906af289b07a896e511ad01,03_INVESTIGATIONS/03_NORMALIZED_BY_ID/INV-016/INV-016_CERTIFICATION.json,COPIED
INV-112,INV-112_RUN_CARD.md,expanded:DEMOCRACY_INFLUENCE_COMPLETE_BUNDLE_2026-09-11.zip,/mnt/data/DEMOCRACY_INFLUENCE_MASTER_EVIDENCE_BUNDLE_2026-09-11/03_INVESTIGATIONS/02_EXPANDED_ARCHIVES/DEMOCRACY_INFLUENCE_COMPLETE_BUNDLE_2026-09-11/DEMOCRACY_INFLUENCE_COMPLETE_BUNDLE_2026-09-11/invchain/INV-112_RUN_CARD.md,3e95b685bfb872649d79d11cd692b71544d5a55be72bfab37e71ae04bbc16881,03_INVESTIGATIONS/03_NORMALIZED_BY_ID/INV-112/INV-112_RUN_CARD.md,COPIED
INV-053,INV-053_NARRATIVE_SOURCE.md,expanded:DEMOCRACY_INFLUENCE_COMPLETE_BUNDLE_2026-09-11.zip,/mnt/data/DEMOCRACY_INFLUENCE_MASTER_EVIDENCE_BUNDLE_2026-09-11/03_INVESTIGATIONS/02_EXPANDED_ARCHIVES/DEMOCRACY_INFLUENCE_COMPLETE_BUNDLE_2026-09-11/DEMOCRACY_INFLUENCE_COMPLETE_BUNDLE_2026-09-11/invchain/INV-053_NARRATIVE_SOURCE.md,6f8782178beb6b9c62f2bd48296334e0da2108c9b06c08d1decf1cd421f90a11,03_INVESTIGATIONS/03_NORMALIZED_BY_ID/INV-053/INV-053_NARRATIVE_SOURCE.md,COPIED
INV-053,INV-053_DELIVERY_GATE.json,expanded:DEMOCRACY_INFLUENCE_COMPLETE_BUNDLE_2026-09-11.zip,/mnt/data/DEMOCRACY_INFLUENCE_MASTER_EVIDENCE_BUNDLE_2026-09-11/03_INVESTIGATIONS/02_EXPANDED_ARCHIVES/DEMOCRACY_INFLUENCE_COMPLETE_BUNDLE_2026-09-11/DEMOCRACY_INFLUENCE_COMPLETE_BUNDLE_2026-09-11/invchain/INV-053_DELIVERY_GATE.json,f331a9de7131bfaccc5d436ebdc5a7af8edc638983fe98bcc0cb9dc7fec179de,03_INVESTIGATIONS/03_NORMALIZED_BY_ID/INV-053/INV-053_DELIVERY_GATE.json,COPIED
INV-048,INV-048_RUN_HANDOFF.md,expanded:DEMOCRACY_INFLUENCE_COMPLETE_BUNDLE_2026-09-11.zip,/mnt/data/DEMOCRACY_INFLUENCE_MASTER_EVIDENCE_BUNDLE_2026-09-11/03_INVESTIGATIONS/02_EXPANDED_ARCHIVES/DEMOCRACY_INFLUENCE_COMPLETE_BUNDLE_2026-09-11/DEMOCRACY_INFLUENCE_COMPLETE_BUNDLE_2026-09-11/invchain/INV-048_RUN_HANDOFF.md,02ae047dac6d31df1353295080acb7130200919098357b5af1fbca5af5c4a3a2,03_INVESTIGATIONS/03_NORMALIZED_BY_ID/INV-048/INV-048_RUN_HANDOFF.md,COPIED
INV-120,INV-120_RUN_HANDOFF.md,expanded:DEMOCRACY_INFLUENCE_COMPLETE_BUNDLE_2026-09-11.zip,/mnt/data/DEMOCRACY_INFLUENCE_MASTER_EVIDENCE_BUNDLE_2026-09-11/03_INVESTIGATIONS/02_EXPANDED_ARCHIVES/DEMOCRACY_INFLUENCE_COMPLETE_BUNDLE_2026-09-11/DEMOCRACY_INFLUENCE_COMPLETE_BUNDLE_2026-09-11/invchain/INV-120_RUN_HANDOFF.md,cbf2277dd041b749c75d2f3d5425d561ef73f19db3ae1f31f08603abaa509b60,03_INVESTIGATIONS/03_NORMALIZED_BY_ID/INV-120/INV-120_RUN_HANDOFF.md,COPIED
INV-016,INV-016_INVESTIGATION.md,expanded:DEMOCRACY_INFLUENCE_COMPLETE_BUNDLE_2026-09-11.zip,/mnt/data/DEMOCRACY_INFLUENCE_MASTER_EVIDENCE_BUNDLE_2026-09-11/03_INVESTIGATIONS/02_EXPANDED_ARCHIVES/DEMOCRACY_INFLUENCE_COMPLETE_BUNDLE_2026-09-11/DEMOCRACY_INFLUENCE_COMPLETE_BUNDLE_2026-09-11/invchain/INV-016_INVESTIGATION.md,323d0a35b2479b8409c6dea1fcb5527bbf16584719264c178512e5a6ffe943e1,03_INVESTIGATIONS/03_NORMALIZED_BY_ID/INV-016/INV-016_INVESTIGATION.md,COPIED
INV-046,INV-046_RUN_CARD.md,expanded:DEMOCRACY_INFLUENCE_COMPLETE_BUNDLE_2026-09-11.zip,/mnt/data/DEMOCRACY_INFLUENCE_MASTER_EVIDENCE_BUNDLE_2026-09-11/03_INVESTIGATIONS/02_EXPANDED_ARCHIVES/DEMOCRACY_INFLUENCE_COMPLETE_BUNDLE_2026-09-11/DEMOCRACY_INFLUENCE_COMPLETE_BUNDLE_2026-09-11/invchain/INV-046_RUN_CARD.md,56a69bfd633a69d76c8e66dbdfdddf69047ce274b44d9704b5500e6215a99cdc,03_INVESTIGATIONS/03_NORMALIZED_BY_ID/INV-046/INV-046_RUN_CARD.md,COPIED
INV-040,INV-040_SYNTHESIS.md,expanded:DEMOCRACY_INFLUENCE_COMPLETE_BUNDLE_2026-09-11.zip,/mnt/data/DEMOCRACY_INFLUENCE_MASTER_EVIDENCE_BUNDLE_2026-09-11/03_INVESTIGATIONS/02_EXPANDED_ARCHIVES/DEMOCRACY_INFLUENCE_COMPLETE_BUNDLE_2026-09-11/DEMOCRACY_INFLUENCE_COMPLETE_BUNDLE_2026-09-11/invchain/INV-040_SYNTHESIS.md,63608989b4fb5b34abb26c9cb1a7a0d840109c8e7158b20dcc30540f540d54f7,03_INVESTIGATIONS/03_NORMALIZED_BY_ID/INV-040/INV-040_SYNTHESIS.md,COPIED
INV-120,INV-120_RUN_CARD.md,expanded:DEMOCRACY_INFLUENCE_COMPLETE_BUNDLE_2026-09-11.zip,/mnt/data/DEMOCRACY_INFLUENCE_MASTER_EVIDENCE_BUNDLE_2026-09-11/03_INVESTIGATIONS/02_EXPANDED_ARCHIVES/DEMOCRACY_INFLUENCE_COMPLETE_BUNDLE_2026-09-11/DEMOCRACY_INFLUENCE_COMPLETE_BUNDLE_2026-09-11/invchain/INV-120_RUN_CARD.md,de7edb674283f26c4a8010e0b44a482bb763f32de73275910fc028d810de6bb8,03_INVESTIGATIONS/03_NORMALIZED_BY_ID/INV-120/INV-120_RUN_CARD.md,COPIED
INV-029,INV-029_NARRATIVE_SOURCE.md,expanded:DEMOCRACY_INFLUENCE_COMPLETE_BUNDLE_2026-09-11.zip,/mnt/data/DEMOCRACY_INFLUENCE_MASTER_EVIDENCE_BUNDLE_2026-09-11/03_INVESTIGATIONS/02_EXPANDED_ARCHIVES/DEMOCRACY_INFLUENCE_COMPLETE_BUNDLE_2026-09-11/DEMOCRACY_INFLUENCE_COMPLETE_BUNDLE_2026-09-11/invchain/INV-029_NARRATIVE_SOURCE.md,36672a921e5bdb74b8de23c19f707c27dc43ae86fcef55e8d2a632a3aed0efe9,03_INVESTIGATIONS/03_NORMALIZED_BY_ID/INV-029/INV-029_NARRATIVE_SOURCE.md,COPIED
INV-037,INV-037_RUN_CARD.md,expanded:DEMOCRACY_INFLUENCE_COMPLETE_BUNDLE_2026-09-11.zip,/mnt/data/DEMOCRACY_INFLUENCE_MASTER_EVIDENCE_BUNDLE_2026-09-11/03_INVESTIGATIONS/02_EXPANDED_ARCHIVES/DEMOCRACY_INFLUENCE_COMPLETE_BUNDLE_2026-09-11/DEMOCRACY_INFLUENCE_COMPLETE_BUNDLE_2026-09-11/invchain/INV-037_RUN_CARD.md,3820dd102dcf3ef55158edb9c00f4ccdb10796cd002888c1070f5a16d6a107e6,03_INVESTIGATIONS/03_NORMALIZED_BY_ID/INV-037/INV-037_RUN_CARD.md,COPIED
INV-029,INV-029_RUN_HANDOFF.md,expanded:DEMOCRACY_INFLUENCE_COMPLETE_BUNDLE_2026-09-11.zip,/mnt/data/DEMOCRACY_INFLUENCE_MASTER_EVIDENCE_BUNDLE_2026-09-11/03_INVESTIGATIONS/02_EXPANDED_ARCHIVES/DEMOCRACY_INFLUENCE_COMPLETE_BUNDLE_2026-09-11/DEMOCRACY_INFLUENCE_COMPLETE_BUNDLE_2026-09-11/invchain/INV-029_RUN_HANDOFF.md,893fdc5fc47202de0c22b362eca6dc7586b52edf0262274c6dd93884693be6c0,03_INVESTIGATIONS/03_NORMALIZED_BY_ID/INV-029/INV-029_RUN_HANDOFF.md,COPIED
INV-133,INV-133_RUN_HANDOFF.md,expanded:DEMOCRACY_INFLUENCE_COMPLETE_BUNDLE_2026-09-11.zip,/mnt/data/DEMOCRACY_INFLUENCE_MASTER_EVIDENCE_BUNDLE_2026-09-11/03_INVESTIGATIONS/02_EXPANDED_ARCHIVES/DEMOCRACY_INFLUENCE_COMPLETE_BUNDLE_2026-09-11/DEMOCRACY_INFLUENCE_COMPLETE_BUNDLE_2026-09-11/invchain/INV-133_RUN_HANDOFF.md,cae23632efed1c4fd32be2026b69767812a11c666d470676e06c385e993ecea5,03_INVESTIGATIONS/03_NORMALIZED_BY_ID/INV-133/INV-133_RUN_HANDOFF.md,COPIED
INV-047,INV-047_RUN_HANDOFF.md,expanded:DEMOCRACY_INFLUENCE_COMPLETE_BUNDLE_2026-09-11.zip,/mnt/data/DEMOCRACY_INFLUENCE_MASTER_EVIDENCE_BUNDLE_2026-09-11/03_INVESTIGATIONS/02_EXPANDED_ARCHIVES/DEMOCRACY_INFLUENCE_COMPLETE_BUNDLE_2026-09-11/DEMOCRACY_INFLUENCE_COMPLETE_BUNDLE_2026-09-11/invchain/INV-047_RUN_HANDOFF.md,117e7b67c5ad6c68fc006ca02c7991665b9b561bc5ede80f942ddb9cca492533,03_INVESTIGATIONS/03_NORMALIZED_BY_ID/INV-047/INV-047_RUN_HANDOFF.md,COPIED
INV-144,INV-144_RUN_HANDOFF.md,expanded:DEMOCRACY_INFLUENCE_COMPLETE_BUNDLE_2026-09-11.zip,/mnt/data/DEMOCRACY_INFLUENCE_MASTER_EVIDENCE_BUNDLE_2026-09-11/03_INVESTIGATIONS/02_EXPANDED_ARCHIVES/DEMOCRACY_INFLUENCE_COMPLETE_BUNDLE_2026-09-11/DEMOCRACY_INFLUENCE_COMPLETE_BUNDLE_2026-09-11/invchain/INV-144_RUN_HANDOFF.md,6c1e8e83c1a8962ac7a54f7f9f7c45bf7ccf54adf146a7e418d338f10ec78c41,03_INVESTIGATIONS/03_NORMALIZED_BY_ID/INV-144/INV-144_RUN_HANDOFF.md,COPIED
INV-016,INV-016_DELIVERY_GATE.json,expanded:DEMOCRACY_INFLUENCE_COMPLETE_BUNDLE_2026-09-11.zip,/mnt/data/DEMOCRACY_INFLUENCE_MASTER_EVIDENCE_BUNDLE_2026-09-11/03_INVESTIGATIONS/02_EXPANDED_ARCHIVES/DEMOCRACY_INFLUENCE_COMPLETE_BUNDLE_2026-09-11/DEMOCRACY_INFLUENCE_COMPLETE_BUNDLE_2026-09-11/invchain/INV-016_DELIVERY_GATE.json,12887143af8540d2ca10a113480061306fc8cf552dd49a515717bec8a321ca22,03_INVESTIGATIONS/03_NORMALIZED_BY_ID/INV-016/INV-016_DELIVERY_GATE.json,COPIED
INV-039,INV-039_RUN_HANDOFF.md,expanded:DEMOCRACY_INFLUENCE_COMPLETE_BUNDLE_2026-09-11.zip,/mnt/data/DEMOCRACY_INFLUENCE_MASTER_EVIDENCE_BUNDLE_2026-09-11/03_INVESTIGATIONS/02_EXPANDED_ARCHIVES/DEMOCRACY_INFLUENCE_COMPLETE_BUNDLE_2026-09-11/DEMOCRACY_INFLUENCE_COMPLETE_BUNDLE_2026-09-11/invchain/INV-039_RUN_HANDOFF.md,f161f85f3b3e4ac598054a114b461a01b480ef2fb646c39112e3ff7df8733748,03_INVESTIGATIONS/03_NORMALIZED_BY_ID/INV-039/INV-039_RUN_HANDOFF.md,DUPLICATE_SHA
INV-053,INV-053_CERTIFICATION.json,expanded:DEMOCRACY_INFLUENCE_COMPLETE_BUNDLE_2026-09-11.zip,/mnt/data/DEMOCRACY_INFLUENCE_MASTER_EVIDENCE_BUNDLE_2026-09-11/03_INVESTIGATIONS/02_EXPANDED_ARCHIVES/DEMOCRACY_INFLUENCE_COMPLETE_BUNDLE_2026-09-11/DEMOCRACY_INFLUENCE_COMPLETE_BUNDLE_2026-09-11/invchain/INV-053_CERTIFICATION.json,27e9e07c3dd939a5e88f546cef94275ed61b70876d9188cae8ef001cf4e83098,03_INVESTIGATIONS/03_NORMALIZED_BY_ID/INV-053/INV-053_CERTIFICATION.json,COPIED
INV-052,INV-052_SYNTHESIS_CARD.md,expanded:DEMOCRACY_INFLUENCE_COMPLETE_BUNDLE_2026-09-11.zip,/mnt/data/DEMOCRACY_INFLUENCE_MASTER_EVIDENCE_BUNDLE_2026-09-11/03_INVESTIGATIONS/02_EXPANDED_ARCHIVES/DEMOCRACY_INFLUENCE_COMPLETE_BUNDLE_2026-09-11/DEMOCRACY_INFLUENCE_COMPLETE_BUNDLE_2026-09-11/invchain/INV-052_SYNTHESIS_CARD.md,303603835b32f3b82e031faf752759e9f92bf9a802386574dc08892a89cfb695,03_INVESTIGATIONS/03_NORMALIZED_BY_ID/INV-052/INV-052_SYNTHESIS_CARD.md,COPIED
INV-052,INV-052_SYNTHESIS.md,expanded:DEMOCRACY_INFLUENCE_COMPLETE_BUNDLE_2026-09-11.zip,/mnt/data/DEMOCRACY_INFLUENCE_MASTER_EVIDENCE_BUNDLE_2026-09-11/03_INVESTIGATIONS/02_EXPANDED_ARCHIVES/DEMOCRACY_INFLUENCE_COMPLETE_BUNDLE_2026-09-11/DEMOCRACY_INFLUENCE_COMPLETE_BUNDLE_2026-09-11/invchain/INV-052_SYNTHESIS.md,bb1a88870a0b2cf0455f516dfc7d2126c063987cb120a7d655842cccb82d7c4d,03_INVESTIGATIONS/03_NORMALIZED_BY_ID/INV-052/INV-052_SYNTHESIS.md,COPIED
INV-051,INV-051_RUN_HANDOFF.md,expanded:DEMOCRACY_INFLUENCE_COMPLETE_BUNDLE_2026-09-11.zip,/mnt/data/DEMOCRACY_INFLUENCE_MASTER_EVIDENCE_BUNDLE_2026-09-11/03_INVESTIGATIONS/02_EXPANDED_ARCHIVES/DEMOCRACY_INFLUENCE_COMPLETE_BUNDLE_2026-09-11/DEMOCRACY_INFLUENCE_COMPLETE_BUNDLE_2026-09-11/invchain/INV-051_RUN_HANDOFF.md,b11e8dee775ff460c6e4465c9afff31892c4d1b4f2ab34e3902944f6379a10e0,03_INVESTIGATIONS/03_NORMALIZED_BY_ID/INV-051/INV-051_RUN_HANDOFF.md,COPIED
INV-016,INV-016_RECLASS_PLAN.json,expanded:DEMOCRACY_INFLUENCE_COMPLETE_BUNDLE_2026-09-11.zip,/mnt/data/DEMOCRACY_INFLUENCE_MASTER_EVIDENCE_BUNDLE_2026-09-11/03_INVESTIGATIONS/02_EXPANDED_ARCHIVES/DEMOCRACY_INFLUENCE_COMPLETE_BUNDLE_2026-09-11/DEMOCRACY_INFLUENCE_COMPLETE_BUNDLE_2026-09-11/invchain/INV-016_RECLASS_PLAN.json,7d3d5173507151acc1324154540edbda9a57e9e15ef24bbca41af737cffa43b7,03_INVESTIGATIONS/03_NORMALIZED_BY_ID/INV-016/INV-016_RECLASS_PLAN.json,COPIED
INV-029,INV-029_RUN_CARD.md,expanded:DEMOCRACY_INFLUENCE_COMPLETE_BUNDLE_2026-09-11.zip,/mnt/data/DEMOCRACY_INFLUENCE_MASTER_EVIDENCE_BUNDLE_2026-09-11/03_INVESTIGATIONS/02_EXPANDED_ARCHIVES/DEMOCRACY_INFLUENCE_COMPLETE_BUNDLE_2026-09-11/DEMOCRACY_INFLUENCE_COMPLETE_BUNDLE_2026-09-11/invchain/INV-029_RUN_CARD.md,bb895ca7ed1503e067d8d03c404ed25bdc7b0e1a36188cf992bf27e639818609,03_INVESTIGATIONS/03_NORMALIZED_BY_ID/INV-029/INV-029_RUN_CARD.md,COPIED
INV-102,INV-102_RUN_HANDOFF.md,expanded:DEMOCRACY_INFLUENCE_COMPLETE_BUNDLE_2026-09-11.zip,/mnt/data/DEMOCRACY_INFLUENCE_MASTER_EVIDENCE_BUNDLE_2026-09-11/03_INVESTIGATIONS/02_EXPANDED_ARCHIVES/DEMOCRACY_INFLUENCE_COMPLETE_BUNDLE_2026-09-11/DEMOCRACY_INFLUENCE_COMPLETE_BUNDLE_2026-09-11/invchain/INV-102_RUN_HANDOFF.md,877e97439c837fa5c1160d5437f9767050aa62d454fe599fd369dec554fc1bdd,03_INVESTIGATIONS/03_NORMALIZED_BY_ID/INV-102/INV-102_RUN_HANDOFF.md,COPIED
INV-049,INV-049_RUN_HANDOFF.md,expanded:DEMOCRACY_INFLUENCE_COMPLETE_BUNDLE_2026-09-11.zip,/mnt/data/DEMOCRACY_INFLUENCE_MASTER_EVIDENCE_BUNDLE_2026-09-11/03_INVESTIGATIONS/02_EXPANDED_ARCHIVES/DEMOCRACY_INFLUENCE_COMPLETE_BUNDLE_2026-09-11/DEMOCRACY_INFLUENCE_COMPLETE_BUNDLE_2026-09-11/invchain/INV-049_RUN_HANDOFF.md,53b700412f23822520263f58965856384a77fa82053df12fc2d5ea6671830bfa,03_INVESTIGATIONS/03_NORMALIZED_BY_ID/INV-049/INV-049_RUN_HANDOFF.md,DUPLICATE_SHA
INV-129,INV-129_RUN_HANDOFF.md,expanded:DEMOCRACY_INFLUENCE_COMPLETE_BUNDLE_2026-09-11.zip,/mnt/data/DEMOCRACY_INFLUENCE_MASTER_EVIDENCE_BUNDLE_2026-09-11/03_INVESTIGATIONS/02_EXPANDED_ARCHIVES/DEMOCRACY_INFLUENCE_COMPLETE_BUNDLE_2026-09-11/DEMOCRACY_INFLUENCE_COMPLETE_BUNDLE_2026-09-11/invchain/INV-129_RUN_HANDOFF.md,6bfa2b21689ae3483b128bcc797f0e27c1bd4f9b4a8762c9b53cbdf906d57835,03_INVESTIGATIONS/03_NORMALIZED_BY_ID/INV-129/INV-129_RUN_HANDOFF.md,COPIED
INV-052,INV-052_SYNTHESIS_CERTIFICATION.json,expanded:DEMOCRACY_INFLUENCE_COMPLETE_BUNDLE_2026-09-11.zip,/mnt/data/DEMOCRACY_INFLUENCE_MASTER_EVIDENCE_BUNDLE_2026-09-11/03_INVESTIGATIONS/02_EXPANDED_ARCHIVES/DEMOCRACY_INFLUENCE_COMPLETE_BUNDLE_2026-09-11/DEMOCRACY_INFLUENCE_COMPLETE_BUNDLE_2026-09-11/invchain/INV-052_SYNTHESIS_CERTIFICATION.json,d1db940874fb2e4cc3f3e7b201b5161e015f5f561f36922afbd9e9d16ab3836d,03_INVESTIGATIONS/03_NORMALIZED_BY_ID/INV-052/INV-052_SYNTHESIS_CERTIFICATION.json,COPIED
INV-061,INV-061_RUN_HANDOFF.md,expanded:DEMOCRACY_INFLUENCE_COMPLETE_BUNDLE_2026-09-11.zip,/mnt/data/DEMOCRACY_INFLUENCE_MASTER_EVIDENCE_BUNDLE_2026-09-11/03_INVESTIGATIONS/02_EXPANDED_ARCHIVES/DEMOCRACY_INFLUENCE_COMPLETE_BUNDLE_2026-09-11/DEMOCRACY_INFLUENCE_COMPLETE_BUNDLE_2026-09-11/invchain/INV-061_RUN_HANDOFF.md,813cd846510520e203eb8d8d7b6c11bc3038b2387dfaea7d6490839926cf26c0,03_INVESTIGATIONS/03_NORMALIZED_BY_ID/INV-061/INV-061_RUN_HANDOFF.md,COPIED
INV-053,INV-053_RUN_HANDOFF.md,expanded:DEMOCRACY_INFLUENCE_COMPLETE_BUNDLE_2026-09-11.zip,/mnt/data/DEMOCRACY_INFLUENCE_MASTER_EVIDENCE_BUNDLE_2026-09-11/03_INVESTIGATIONS/02_EXPANDED_ARCHIVES/DEMOCRACY_INFLUENCE_COMPLETE_BUNDLE_2026-09-11/DEMOCRACY_INFLUENCE_COMPLETE_BUNDLE_2026-09-11/invchain/INV-053_RUN_HANDOFF.md,fb2e4daf5d4dc5aa473f5a661388d34c3783a82f3549b2327353d873c038f094,03_INVESTIGATIONS/03_NORMALIZED_BY_ID/INV-053/INV-053_RUN_HANDOFF.md,COPIED
INV-053,INV-053_RUN_STATE.json,expanded:DEMOCRACY_INFLUENCE_COMPLETE_BUNDLE_2026-09-11.zip,/mnt/data/DEMOCRACY_INFLUENCE_MASTER_EVIDENCE_BUNDLE_2026-09-11/03_INVESTIGATIONS/02_EXPANDED_ARCHIVES/DEMOCRACY_INFLUENCE_COMPLETE_BUNDLE_2026-09-11/DEMOCRACY_INFLUENCE_COMPLETE_BUNDLE_2026-09-11/invchain/INV-053_RUN_STATE.json,023152dd6aac6e8d4e2d6f555370f86ea139b0d725829377279797717e2b4b42,03_INVESTIGATIONS/03_NORMALIZED_BY_ID/INV-053/INV-053_RUN_STATE.json,COPIED
INV-038,INV-038_SYNTHESIS.md,expanded:DEMOCRACY_INFLUENCE_COMPLETE_BUNDLE_2026-09-11.zip,/mnt/data/DEMOCRACY_INFLUENCE_MASTER_EVIDENCE_BUNDLE_2026-09-11/03_INVESTIGATIONS/02_EXPANDED_ARCHIVES/DEMOCRACY_INFLUENCE_COMPLETE_BUNDLE_2026-09-11/DEMOCRACY_INFLUENCE_COMPLETE_BUNDLE_2026-09-11/invchain/INV-038_SYNTHESIS.md,4f56b4c79a972bb0175ce81de8097661c3cc4a23d076179dc491fbb2d0e90a88,03_INVESTIGATIONS/03_NORMALIZED_BY_ID/INV-038/INV-038_SYNTHESIS.md,COPIED
INV-104,INV-104_RUN_HANDOFF.md,expanded:DEMOCRACY_INFLUENCE_COMPLETE_BUNDLE_2026-09-11.zip,/mnt/data/DEMOCRACY_INFLUENCE_MASTER_EVIDENCE_BUNDLE_2026-09-11/03_INVESTIGATIONS/02_EXPANDED_ARCHIVES/DEMOCRACY_INFLUENCE_COMPLETE_BUNDLE_2026-09-11/DEMOCRACY_INFLUENCE_COMPLETE_BUNDLE_2026-09-11/invchain/INV-104_RUN_HANDOFF.md,a33cdb2bab469cf82ebd27eca02b985d14c3b52778b26447ad99f1d7ae710d8f,03_INVESTIGATIONS/03_NORMALIZED_BY_ID/INV-104/INV-104_RUN_HANDOFF.md,COPIED
INV-112,INV-112_NARRATIVE_SOURCE.md,expanded:DEMOCRACY_INFLUENCE_COMPLETE_BUNDLE_2026-09-11.zip,/mnt/data/DEMOCRACY_INFLUENCE_MASTER_EVIDENCE_BUNDLE_2026-09-11/03_INVESTIGATIONS/02_EXPANDED_ARCHIVES/DEMOCRACY_INFLUENCE_COMPLETE_BUNDLE_2026-09-11/DEMOCRACY_INFLUENCE_COMPLETE_BUNDLE_2026-09-11/invchain/INV-112_NARRATIVE_SOURCE.md,3366ca6d64f20faf9c45a757f716aa9b205c9664a4c07d62c6eb020cf60ffb5b,03_INVESTIGATIONS/03_NORMALIZED_BY_ID/INV-112/INV-112_NARRATIVE_SOURCE.md,COPIED
INV-104,INV-104_SYNTHESIS.md,expanded:DEMOCRACY_INFLUENCE_COMPLETE_BUNDLE_2026-09-11.zip,/mnt/data/DEMOCRACY_INFLUENCE_MASTER_EVIDENCE_BUNDLE_2026-09-11/03_INVESTIGATIONS/02_EXPANDED_ARCHIVES/DEMOCRACY_INFLUENCE_COMPLETE_BUNDLE_2026-09-11/DEMOCRACY_INFLUENCE_COMPLETE_BUNDLE_2026-09-11/invchain/INV-104_SYNTHESIS.md,2c52d84aa40b9a63c7a42e4a706d209eb222dccc208d16b1ebc24bae15e8d36f,03_INVESTIGATIONS/03_NORMALIZED_BY_ID/INV-104/INV-104_SYNTHESIS.md,COPIED
INV-040,INV-040_SYNTHESIS_CARD.md,expanded:DEMOCRACY_INFLUENCE_COMPLETE_BUNDLE_2026-09-11.zip,/mnt/data/DEMOCRACY_INFLUENCE_MASTER_EVIDENCE_BUNDLE_2026-09-11/03_INVESTIGATIONS/02_EXPANDED_ARCHIVES/DEMOCRACY_INFLUENCE_COMPLETE_BUNDLE_2026-09-11/DEMOCRACY_INFLUENCE_COMPLETE_BUNDLE_2026-09-11/invchain/INV-040_SYNTHESIS_CARD.md,75233ccdaa686d16a594170cad7dddcae0b87264e493366973b6d9be9b0c1521,03_INVESTIGATIONS/03_NORMALIZED_BY_ID/INV-040/INV-040_SYNTHESIS_CARD.md,COPIED
INV-062,INV-062_RUN_HANDOFF.md,expanded:DEMOCRACY_INFLUENCE_COMPLETE_BUNDLE_2026-09-11.zip,/mnt/data/DEMOCRACY_INFLUENCE_MASTER_EVIDENCE_BUNDLE_2026-09-11/03_INVESTIGATIONS/02_EXPANDED_ARCHIVES/DEMOCRACY_INFLUENCE_COMPLETE_BUNDLE_2026-09-11/DEMOCRACY_INFLUENCE_COMPLETE_BUNDLE_2026-09-11/invchain/INV-062_RUN_HANDOFF.md,ff8c52095e6353afcab4db2c226362d72014307be52f53f4ca833117de358560,03_INVESTIGATIONS/03_NORMALIZED_BY_ID/INV-062/INV-062_RUN_HANDOFF.md,COPIED
INV-095,INV-095_RUN_HANDOFF.md,expanded:DEMOCRACY_INFLUENCE_COMPLETE_BUNDLE_2026-09-11.zip,/mnt/data/DEMOCRACY_INFLUENCE_MASTER_EVIDENCE_BUNDLE_2026-09-11/03_INVESTIGATIONS/02_EXPANDED_ARCHIVES/DEMOCRACY_INFLUENCE_COMPLETE_BUNDLE_2026-09-11/DEMOCRACY_INFLUENCE_COMPLETE_BUNDLE_2026-09-11/invchain/INV-095_RUN_HANDOFF.md,e89d6323600a46b539400540553c6177436ab90d6e9555064da27dd008c143ca,03_INVESTIGATIONS/03_NORMALIZED_BY_ID/INV-095/INV-095_RUN_HANDOFF.md,COPIED
INV-111,INV-111_CENTRAL_DELTA.md,expanded:DEMOCRACY_INFLUENCE_COMPLETE_BUNDLE_2026-09-11.zip,/mnt/data/DEMOCRACY_INFLUENCE_MASTER_EVIDENCE_BUNDLE_2026-09-11/03_INVESTIGATIONS/02_EXPANDED_ARCHIVES/DEMOCRACY_INFLUENCE_COMPLETE_BUNDLE_2026-09-11/DEMOCRACY_INFLUENCE_COMPLETE_BUNDLE_2026-09-11/invchain/INV-111_CENTRAL_DELTA.md,b172adbd70342a2f727fc2bc97fd737c929562fd68ba5503ac67f069b69b1b66,03_INVESTIGATIONS/03_NORMALIZED_BY_ID/INV-111/INV-111_CENTRAL_DELTA.md,COPIED
INV-015,INV-015_NARRATIVE_SOURCE.md,expanded:DEMOCRACY_INFLUENCE_COMPLETE_BUNDLE_2026-09-11.zip,/mnt/data/DEMOCRACY_INFLUENCE_MASTER_EVIDENCE_BUNDLE_2026-09-11/03_INVESTIGATIONS/02_EXPANDED_ARCHIVES/DEMOCRACY_INFLUENCE_COMPLETE_BUNDLE_2026-09-11/DEMOCRACY_INFLUENCE_COMPLETE_BUNDLE_2026-09-11/invchain/INV-015_NARRATIVE_SOURCE.md,63176cf7da05e3b50a130cc09cf23d515d2fcf1dea9f31cef0f41519f987c204,03_INVESTIGATIONS/03_NORMALIZED_BY_ID/INV-015/INV-015_NARRATIVE_SOURCE.md,COPIED
INV-111,INV-111_RUN_CARD.md,expanded:DEMOCRACY_INFLUENCE_COMPLETE_BUNDLE_2026-09-11.zip,/mnt/data/DEMOCRACY_INFLUENCE_MASTER_EVIDENCE_BUNDLE_2026-09-11/03_INVESTIGATIONS/02_EXPANDED_ARCHIVES/DEMOCRACY_INFLUENCE_COMPLETE_BUNDLE_2026-09-11/DEMOCRACY_INFLUENCE_COMPLETE_BUNDLE_2026-09-11/invchain/INV-111_RUN_CARD.md,9a5f5b38462384e5eb9837f36b257166c2a2a013b2af10977cc5870000649d60,03_INVESTIGATIONS/03_NORMALIZED_BY_ID/INV-111/INV-111_RUN_CARD.md,COPIED
INV-037,INV-037_NARRATIVE_SOURCE.md,expanded:DEMOCRACY_INFLUENCE_COMPLETE_BUNDLE_2026-09-11.zip,/mnt/data/DEMOCRACY_INFLUENCE_MASTER_EVIDENCE_BUNDLE_2026-09-11/03_INVESTIGATIONS/02_EXPANDED_ARCHIVES/DEMOCRACY_INFLUENCE_COMPLETE_BUNDLE_2026-09-11/DEMOCRACY_INFLUENCE_COMPLETE_BUNDLE_2026-09-11/invchain/INV-037_NARRATIVE_SOURCE.md,4b6f31fde2968662240d4be48b225440f5e13e203059eb2ca860ec7988dc7ebf,03_INVESTIGATIONS/03_NORMALIZED_BY_ID/INV-037/INV-037_NARRATIVE_SOURCE.md,COPIED
INV-121,INV-121_CENTRAL_DELTA.md,expanded:DEMOCRACY_INFLUENCE_COMPLETE_BUNDLE_2026-09-11.zip,/mnt/data/DEMOCRACY_INFLUENCE_MASTER_EVIDENCE_BUNDLE_2026-09-11/03_INVESTIGATIONS/02_EXPANDED_ARCHIVES/DEMOCRACY_INFLUENCE_COMPLETE_BUNDLE_2026-09-11/DEMOCRACY_INFLUENCE_COMPLETE_BUNDLE_2026-09-11/invchain/INV-121_CENTRAL_DELTA.md,7c64f22ae71f0862309259be3d9152f6079c6c05f1e984294df03ecd041cdc94,03_INVESTIGATIONS/03_NORMALIZED_BY_ID/INV-121/INV-121_CENTRAL_DELTA.md,COPIED
INV-042,INV-042_RUN_HANDOFF.md,expanded:DEMOCRACY_INFLUENCE_COMPLETE_BUNDLE_2026-09-11.zip,/mnt/data/DEMOCRACY_INFLUENCE_MASTER_EVIDENCE_BUNDLE_2026-09-11/03_INVESTIGATIONS/02_EXPANDED_ARCHIVES/DEMOCRACY_INFLUENCE_COMPLETE_BUNDLE_2026-09-11/DEMOCRACY_INFLUENCE_COMPLETE_BUNDLE_2026-09-11/invchain/INV-042_RUN_HANDOFF.md,ee30ab176cfb9f73b9f225cb9ff05d0d994d3913f667954800580c20ccb87925,03_INVESTIGATIONS/03_NORMALIZED_BY_ID/INV-042/INV-042_RUN_HANDOFF.md,COPIED
INV-053,INV-053_RECLASS_PLAN_REPAIRED.json,expanded:DEMOCRACY_INFLUENCE_COMPLETE_BUNDLE_2026-09-11.zip,/mnt/data/DEMOCRACY_INFLUENCE_MASTER_EVIDENCE_BUNDLE_2026-09-11/03_INVESTIGATIONS/02_EXPANDED_ARCHIVES/DEMOCRACY_INFLUENCE_COMPLETE_BUNDLE_2026-09-11/DEMOCRACY_INFLUENCE_COMPLETE_BUNDLE_2026-09-11/invchain/INV-053_RECLASS_PLAN_REPAIRED.json,601acefcbcc3af0825445f7067deacccf29a6c2275f36983cc153ee53fa6d792,03_INVESTIGATIONS/03_NORMALIZED_BY_ID/INV-053/INV-053_RECLASS_PLAN_REPAIRED.json,COPIED
INV-045,INV-045_RUN_HANDOFF.md,expanded:DEMOCRACY_INFLUENCE_COMPLETE_BUNDLE_2026-09-11.zip,/mnt/data/DEMOCRACY_INFLUENCE_MASTER_EVIDENCE_BUNDLE_2026-09-11/03_INVESTIGATIONS/02_EXPANDED_ARCHIVES/DEMOCRACY_INFLUENCE_COMPLETE_BUNDLE_2026-09-11/DEMOCRACY_INFLUENCE_COMPLETE_BUNDLE_2026-09-11/invchain/INV-045_RUN_HANDOFF.md,dceb321e6ed9d0f0e13be5d6cd7a12cfacbdda929b2ec10c0a83eaa70088cc01,03_INVESTIGATIONS/03_NORMALIZED_BY_ID/INV-045/INV-045_RUN_HANDOFF.md,COPIED
INV-147,INV-147_RUN_STATE.json,expanded:DEMOCRACY_INFLUENCE_COMPLETE_BUNDLE_2026-09-11.zip,/mnt/data/DEMOCRACY_INFLUENCE_MASTER_EVIDENCE_BUNDLE_2026-09-11/03_INVESTIGATIONS/02_EXPANDED_ARCHIVES/DEMOCRACY_INFLUENCE_COMPLETE_BUNDLE_2026-09-11/DEMOCRACY_INFLUENCE_COMPLETE_BUNDLE_2026-09-11/invchain/INV-147_RUN_STATE.json,6ecab0a8377a702d1fbebc6f811ead443b68637f43bd9885c858b910cab677e2,03_INVESTIGATIONS/03_NORMALIZED_BY_ID/INV-147/INV-147_RUN_STATE.json,COPIED
INV-016,INV-016_CENTRAL_DELTA.md,expanded:DEMOCRACY_INFLUENCE_COMPLETE_BUNDLE_2026-09-11.zip,/mnt/data/DEMOCRACY_INFLUENCE_MASTER_EVIDENCE_BUNDLE_2026-09-11/03_INVESTIGATIONS/02_EXPANDED_ARCHIVES/DEMOCRACY_INFLUENCE_COMPLETE_BUNDLE_2026-09-11/DEMOCRACY_INFLUENCE_COMPLETE_BUNDLE_2026-09-11/invchain/INV-016_CENTRAL_DELTA.md,d5e295f7466618b9a55f4f49dfc4371806f84c05de5b4ec11e097cea02324904,03_INVESTIGATIONS/03_NORMALIZED_BY_ID/INV-016/INV-016_CENTRAL_DELTA.md,COPIED
INV-037,INV-037_RUN_HANDOFF.md,expanded:DEMOCRACY_INFLUENCE_COMPLETE_BUNDLE_2026-09-11.zip,/mnt/data/DEMOCRACY_INFLUENCE_MASTER_EVIDENCE_BUNDLE_2026-09-11/03_INVESTIGATIONS/02_EXPANDED_ARCHIVES/DEMOCRACY_INFLUENCE_COMPLETE_BUNDLE_2026-09-11/DEMOCRACY_INFLUENCE_COMPLETE_BUNDLE_2026-09-11/invchain/INV-037_RUN_HANDOFF.md,a48f909396f4272cea5c9743915743d4f8b9d7ab4086e1b0ce4377f4166c93a5,03_INVESTIGATIONS/03_NORMALIZED_BY_ID/INV-037/INV-037_RUN_HANDOFF.md,COPIED
INV-122,INV-122_CENTRAL_DELTA.md,expanded:DEMOCRACY_INFLUENCE_COMPLETE_BUNDLE_2026-09-11.zip,/mnt/data/DEMOCRACY_INFLUENCE_MASTER_EVIDENCE_BUNDLE_2026-09-11/03_INVESTIGATIONS/02_EXPANDED_ARCHIVES/DEMOCRACY_INFLUENCE_COMPLETE_BUNDLE_2026-09-11/DEMOCRACY_INFLUENCE_COMPLETE_BUNDLE_2026-09-11/invchain/INV-122_CENTRAL_DELTA.md,3855bf3f0de085e10ec0156acef680eb84a072901e3a70e7cece0c7bccca3ee3,03_INVESTIGATIONS/03_NORMALIZED_BY_ID/INV-122/INV-122_CENTRAL_DELTA.md,COPIED
INV-122,INV-122_RUN_CARD.md,expanded:DEMOCRACY_INFLUENCE_COMPLETE_BUNDLE_2026-09-11.zip,/mnt/data/DEMOCRACY_INFLUENCE_MASTER_EVIDENCE_BUNDLE_2026-09-11/03_INVESTIGATIONS/02_EXPANDED_ARCHIVES/DEMOCRACY_INFLUENCE_COMPLETE_BUNDLE_2026-09-11/DEMOCRACY_INFLUENCE_COMPLETE_BUNDLE_2026-09-11/invchain/INV-122_RUN_CARD.md,7c7661e7458e6601630eaf08d9b0bd2e69275af4015615698916ceb592162917,03_INVESTIGATIONS/03_NORMALIZED_BY_ID/INV-122/INV-122_RUN_CARD.md,COPIED
INV-038,INV-038_SYNTHESIS_CERTIFICATION.json,expanded:DEMOCRACY_INFLUENCE_COMPLETE_BUNDLE_2026-09-11.zip,/mnt/data/DEMOCRACY_INFLUENCE_MASTER_EVIDENCE_BUNDLE_2026-09-11/03_INVESTIGATIONS/02_EXPANDED_ARCHIVES/DEMOCRACY_INFLUENCE_COMPLETE_BUNDLE_2026-09-11/DEMOCRACY_INFLUENCE_COMPLETE_BUNDLE_2026-09-11/invchain/INV-038_SYNTHESIS_CERTIFICATION.json,208a1e5edcefe6a801fddad74425954cb34f6ddba34276dc9eb93ecf09b6c66a,03_INVESTIGATIONS/03_NORMALIZED_BY_ID/INV-038/INV-038_SYNTHESIS_CERTIFICATION.json,COPIED
INV-068,INV-068_RUN_HANDOFF.md,expanded:DEMOCRACY_INFLUENCE_COMPLETE_BUNDLE_2026-09-11.zip,/mnt/data/DEMOCRACY_INFLUENCE_MASTER_EVIDENCE_BUNDLE_2026-09-11/03_INVESTIGATIONS/02_EXPANDED_ARCHIVES/DEMOCRACY_INFLUENCE_COMPLETE_BUNDLE_2026-09-11/DEMOCRACY_INFLUENCE_COMPLETE_BUNDLE_2026-09-11/invchain/INV-068_RUN_HANDOFF.md,b821cead980f92bb7af97e684e5a334db42fec6b51c3e80fc7b86db7645396ac,03_INVESTIGATIONS/03_NORMALIZED_BY_ID/INV-068/INV-068_RUN_HANDOFF.md,COPIED
INV-088,INV-088_RUN_HANDOFF.md,expanded:DEMOCRACY_INFLUENCE_COMPLETE_BUNDLE_2026-09-11.zip,/mnt/data/DEMOCRACY_INFLUENCE_MASTER_EVIDENCE_BUNDLE_2026-09-11/03_INVESTIGATIONS/02_EXPANDED_ARCHIVES/DEMOCRACY_INFLUENCE_COMPLETE_BUNDLE_2026-09-11/DEMOCRACY_INFLUENCE_COMPLETE_BUNDLE_2026-09-11/invchain/INV-088_RUN_HANDOFF.md,f7454458d2c9bf3f26032fecec240cb499af0203dd1c73c67061175c2a51d344,03_INVESTIGATIONS/03_NORMALIZED_BY_ID/INV-088/INV-088_RUN_HANDOFF.md,COPIED
INV-015,INV-015_RUN_HANDOFF.md,expanded:DEMOCRACY_INFLUENCE_COMPLETE_BUNDLE_2026-09-11.zip,/mnt/data/DEMOCRACY_INFLUENCE_MASTER_EVIDENCE_BUNDLE_2026-09-11/03_INVESTIGATIONS/02_EXPANDED_ARCHIVES/DEMOCRACY_INFLUENCE_COMPLETE_BUNDLE_2026-09-11/DEMOCRACY_INFLUENCE_COMPLETE_BUNDLE_2026-09-11/invchain/INV-015_RUN_HANDOFF.md,db01166e3c5ecc274633c22d6e707ed17461d40aec2b03eaae3b0553f624cd31,03_INVESTIGATIONS/03_NORMALIZED_BY_ID/INV-015/INV-015_RUN_HANDOFF.md,COPIED
INV-016,INV-016_TAIL_STAGE.json,expanded:DEMOCRACY_INFLUENCE_COMPLETE_BUNDLE_2026-09-11.zip,/mnt/data/DEMOCRACY_INFLUENCE_MASTER_EVIDENCE_BUNDLE_2026-09-11/03_INVESTIGATIONS/02_EXPANDED_ARCHIVES/DEMOCRACY_INFLUENCE_COMPLETE_BUNDLE_2026-09-11/DEMOCRACY_INFLUENCE_COMPLETE_BUNDLE_2026-09-11/invchain/INV-016_TAIL_STAGE.json,4bd34859b1cbb9b21d79ee440726ad72413e331b91a38c7fd338c965c67bf7ac,03_INVESTIGATIONS/03_NORMALIZED_BY_ID/INV-016/INV-016_TAIL_STAGE.json,COPIED
INV-059,INV-059_RUN_HANDOFF.md,expanded:DEMOCRACY_INFLUENCE_COMPLETE_BUNDLE_2026-09-11.zip,/mnt/data/DEMOCRACY_INFLUENCE_MASTER_EVIDENCE_BUNDLE_2026-09-11/03_INVESTIGATIONS/02_EXPANDED_ARCHIVES/DEMOCRACY_INFLUENCE_COMPLETE_BUNDLE_2026-09-11/DEMOCRACY_INFLUENCE_COMPLETE_BUNDLE_2026-09-11/invchain/INV-059_RUN_HANDOFF.md,845d2d2e14d0113d4fea5dc6a9b3d7cf601684ba7e19e8e6ecf9d54f2a4058c7,03_INVESTIGATIONS/03_NORMALIZED_BY_ID/INV-059/INV-059_RUN_HANDOFF.md,COPIED
INV-053,INV-053_CENTRAL_DELTA.md,expanded:DEMOCRACY_INFLUENCE_COMPLETE_BUNDLE_2026-09-11.zip,/mnt/data/DEMOCRACY_INFLUENCE_MASTER_EVIDENCE_BUNDLE_2026-09-11/03_INVESTIGATIONS/02_EXPANDED_ARCHIVES/DEMOCRACY_INFLUENCE_COMPLETE_BUNDLE_2026-09-11/DEMOCRACY_INFLUENCE_COMPLETE_BUNDLE_2026-09-11/invchain/INV-053_CENTRAL_DELTA.md,368dba8741ad6a52db09ec019ef1a2e60681539f8203455ce3c1111bb077061b,03_INVESTIGATIONS/03_NORMALIZED_BY_ID/INV-053/INV-053_CENTRAL_DELTA.md,COPIED
INV-046,INV-046_RUN_HANDOFF.md,expanded:DEMOCRACY_INFLUENCE_COMPLETE_BUNDLE_2026-09-11.zip,/mnt/data/DEMOCRACY_INFLUENCE_MASTER_EVIDENCE_BUNDLE_2026-09-11/03_INVESTIGATIONS/02_EXPANDED_ARCHIVES/DEMOCRACY_INFLUENCE_COMPLETE_BUNDLE_2026-09-11/DEMOCRACY_INFLUENCE_COMPLETE_BUNDLE_2026-09-11/invchain/INV-046_RUN_HANDOFF.md,eb957002612d086217cba34030f91e3b867844744ad07a9811e06aabb9359b12,03_INVESTIGATIONS/03_NORMALIZED_BY_ID/INV-046/INV-046_RUN_HANDOFF.md,COPIED
INV-053,INV-053_MNEMO_SNAPSHOT.json,expanded:DEMOCRACY_INFLUENCE_COMPLETE_BUNDLE_2026-09-11.zip,/mnt/data/DEMOCRACY_INFLUENCE_MASTER_EVIDENCE_BUNDLE_2026-09-11/03_INVESTIGATIONS/02_EXPANDED_ARCHIVES/DEMOCRACY_INFLUENCE_COMPLETE_BUNDLE_2026-09-11/DEMOCRACY_INFLUENCE_COMPLETE_BUNDLE_2026-09-11/invchain/INV-053_MNEMO_SNAPSHOT.json,baaa79d4513f4db87ac7e0de60d46ad67c8663857994b85cb85f9fd45cedac06,03_INVESTIGATIONS/03_NORMALIZED_BY_ID/INV-053/INV-053_MNEMO_SNAPSHOT.json,COPIED
INV-075,INV-075_NARRATIVE_SOURCE.md,expanded:DEMOCRACY_INFLUENCE_COMPLETE_BUNDLE_2026-09-11.zip,/mnt/data/DEMOCRACY_INFLUENCE_MASTER_EVIDENCE_BUNDLE_2026-09-11/03_INVESTIGATIONS/02_EXPANDED_ARCHIVES/DEMOCRACY_INFLUENCE_COMPLETE_BUNDLE_2026-09-11/DEMOCRACY_INFLUENCE_COMPLETE_BUNDLE_2026-09-11/invchain/INV-075_NARRATIVE_SOURCE.md,70378e7ee09078c4635484f4f64f2cf21cbe463fac3b60fa094c6b32b823d8d1,03_INVESTIGATIONS/03_NORMALIZED_BY_ID/INV-075/INV-075_NARRATIVE_SOURCE.md,COPIED
INV-146,INV-146_RUN_HANDOFF.md,expanded:DEMOCRACY_INFLUENCE_COMPLETE_BUNDLE_2026-09-11.zip,/mnt/data/DEMOCRACY_INFLUENCE_MASTER_EVIDENCE_BUNDLE_2026-09-11/03_INVESTIGATIONS/02_EXPANDED_ARCHIVES/DEMOCRACY_INFLUENCE_COMPLETE_BUNDLE_2026-09-11/DEMOCRACY_INFLUENCE_COMPLETE_BUNDLE_2026-09-11/invchain/INV-146_RUN_HANDOFF.md,fa9d75722e36f42fe74febe2f06f0f7144143a601fb45873115230f9ff6d4889,03_INVESTIGATIONS/03_NORMALIZED_BY_ID/INV-146/INV-146_RUN_HANDOFF.md,DUPLICATE_SHA
INV-122,INV-122_CERTIFICATION.json,expanded:DEMOCRACY_INFLUENCE_COMPLETE_BUNDLE_2026-09-11.zip,/mnt/data/DEMOCRACY_INFLUENCE_MASTER_EVIDENCE_BUNDLE_2026-09-11/03_INVESTIGATIONS/02_EXPANDED_ARCHIVES/DEMOCRACY_INFLUENCE_COMPLETE_BUNDLE_2026-09-11/DEMOCRACY_INFLUENCE_COMPLETE_BUNDLE_2026-09-11/invchain/INV-122_CERTIFICATION.json,e92461595224b0fb2ae92515f03084a9427a1a13ecd3e793c8e6052be40c7d0b,03_INVESTIGATIONS/03_NORMALIZED_BY_ID/INV-122/INV-122_CERTIFICATION.json,COPIED
INV-043,INV-043_RUN_HANDOFF.md,expanded:DEMOCRACY_INFLUENCE_COMPLETE_BUNDLE_2026-09-11.zip,/mnt/data/DEMOCRACY_INFLUENCE_MASTER_EVIDENCE_BUNDLE_2026-09-11/03_INVESTIGATIONS/02_EXPANDED_ARCHIVES/DEMOCRACY_INFLUENCE_COMPLETE_BUNDLE_2026-09-11/DEMOCRACY_INFLUENCE_COMPLETE_BUNDLE_2026-09-11/invchain/INV-043_RUN_HANDOFF.md,f9a2ef582d9a35ca8b7de6dfefeaf578dacac1544834a7a4cbb4ee2ba14f3ac9,03_INVESTIGATIONS/03_NORMALIZED_BY_ID/INV-043/INV-043_RUN_HANDOFF.md,COPIED
INV-133,INV-133_SYNTHESIS_CARD.md,expanded:DEMOCRACY_INFLUENCE_COMPLETE_BUNDLE_2026-09-11.zip,/mnt/data/DEMOCRACY_INFLUENCE_MASTER_EVIDENCE_BUNDLE_2026-09-11/03_INVESTIGATIONS/02_EXPANDED_ARCHIVES/DEMOCRACY_INFLUENCE_COMPLETE_BUNDLE_2026-09-11/DEMOCRACY_INFLUENCE_COMPLETE_BUNDLE_2026-09-11/invchain/INV-133_SYNTHESIS_CARD.md,26800175d79c5d67765a63b68037e6c29f2de046749374e133f829300a320e4f,03_INVESTIGATIONS/03_NORMALIZED_BY_ID/INV-133/INV-133_SYNTHESIS_CARD.md,COPIED
INV-075,INV-075_RUN_CARD.md,expanded:DEMOCRACY_INFLUENCE_COMPLETE_BUNDLE_2026-09-11.zip,/mnt/data/DEMOCRACY_INFLUENCE_MASTER_EVIDENCE_BUNDLE_2026-09-11/03_INVESTIGATIONS/02_EXPANDED_ARCHIVES/DEMOCRACY_INFLUENCE_COMPLETE_BUNDLE_2026-09-11/DEMOCRACY_INFLUENCE_COMPLETE_BUNDLE_2026-09-11/invchain/INV-075_RUN_CARD.md,ca92ec0f59033b4dc9eb259869e3f90323085ea86656133e9d6fb9b139665087,03_INVESTIGATIONS/03_NORMALIZED_BY_ID/INV-075/INV-075_RUN_CARD.md,COPIED
INV-085,INV-085_RUN_HANDOFF.md,expanded:DEMOCRACY_INFLUENCE_COMPLETE_BUNDLE_2026-09-11.zip,/mnt/data/DEMOCRACY_INFLUENCE_MASTER_EVIDENCE_BUNDLE_2026-09-11/03_INVESTIGATIONS/02_EXPANDED_ARCHIVES/DEMOCRACY_INFLUENCE_COMPLETE_BUNDLE_2026-09-11/DEMOCRACY_INFLUENCE_COMPLETE_BUNDLE_2026-09-11/invchain/INV-085_RUN_HANDOFF.md,907c1e8bee0a4a740bdea31ea0e0fc9ec135297ea1547dc812d52fc1aed49273,03_INVESTIGATIONS/03_NORMALIZED_BY_ID/INV-085/INV-085_RUN_HANDOFF.md,COPIED
INV-112,INV-112_RUN_HANDOFF.md,expanded:DEMOCRACY_INFLUENCE_COMPLETE_BUNDLE_2026-09-11.zip,/mnt/data/DEMOCRACY_INFLUENCE_MASTER_EVIDENCE_BUNDLE_2026-09-11/03_INVESTIGATIONS/02_EXPANDED_ARCHIVES/DEMOCRACY_INFLUENCE_COMPLETE_BUNDLE_2026-09-11/DEMOCRACY_INFLUENCE_COMPLETE_BUNDLE_2026-09-11/invchain/INV-112_RUN_HANDOFF.md,3e8783729ce6d1e63330a509cdf26043a1efcfe5110e2628085218e6a1190e3e,03_INVESTIGATIONS/03_NORMALIZED_BY_ID/INV-112/INV-112_RUN_HANDOFF.md,COPIED
INV-068,INV-068_SYNTHESIS_CERTIFICATION.json,expanded:DEMOCRACY_INFLUENCE_COMPLETE_BUNDLE_2026-09-11.zip,/mnt/data/DEMOCRACY_INFLUENCE_MASTER_EVIDENCE_BUNDLE_2026-09-11/03_INVESTIGATIONS/02_EXPANDED_ARCHIVES/DEMOCRACY_INFLUENCE_COMPLETE_BUNDLE_2026-09-11/DEMOCRACY_INFLUENCE_COMPLETE_BUNDLE_2026-09-11/invchain/INV-068_SYNTHESIS_CERTIFICATION.json,fc863550da6143b24d426501727a60a021f43585783695e1fe3c6dc5d270c3a9,03_INVESTIGATIONS/03_NORMALIZED_BY_ID/INV-068/INV-068_SYNTHESIS_CERTIFICATION.json,COPIED
INV-111,INV-111_NARRATIVE_SOURCE.md,expanded:DEMOCRACY_INFLUENCE_COMPLETE_BUNDLE_2026-09-11.zip,/mnt/data/DEMOCRACY_INFLUENCE_MASTER_EVIDENCE_BUNDLE_2026-09-11/03_INVESTIGATIONS/02_EXPANDED_ARCHIVES/DEMOCRACY_INFLUENCE_COMPLETE_BUNDLE_2026-09-11/DEMOCRACY_INFLUENCE_COMPLETE_BUNDLE_2026-09-11/invchain/INV-111_NARRATIVE_SOURCE.md,60d5e67df1d7ba02ab79b3c57f5da3dc89a802a7d7d75691061d0d5dc3ed7409,03_INVESTIGATIONS/03_NORMALIZED_BY_ID/INV-111/INV-111_NARRATIVE_SOURCE.md,COPIED
INV-066,INV-066_RUN_HANDOFF.md,expanded:DEMOCRACY_INFLUENCE_COMPLETE_BUNDLE_2026-09-11.zip,/mnt/data/DEMOCRACY_INFLUENCE_MASTER_EVIDENCE_BUNDLE_2026-09-11/03_INVESTIGATIONS/02_EXPANDED_ARCHIVES/DEMOCRACY_INFLUENCE_COMPLETE_BUNDLE_2026-09-11/DEMOCRACY_INFLUENCE_COMPLETE_BUNDLE_2026-09-11/invchain/INV-066_RUN_HANDOFF.md,cb886e3c3e41a2ab8cd0190f47a6f2fecbeb47ddd9240fce20540447bc142d8f,03_INVESTIGATIONS/03_NORMALIZED_BY_ID/INV-066/INV-066_RUN_HANDOFF.md,COPIED
INV-016,INV-016_PERSISTENCE_STAGE.json,expanded:DEMOCRACY_INFLUENCE_COMPLETE_BUNDLE_2026-09-11.zip,/mnt/data/DEMOCRACY_INFLUENCE_MASTER_EVIDENCE_BUNDLE_2026-09-11/03_INVESTIGATIONS/02_EXPANDED_ARCHIVES/DEMOCRACY_INFLUENCE_COMPLETE_BUNDLE_2026-09-11/DEMOCRACY_INFLUENCE_COMPLETE_BUNDLE_2026-09-11/invchain/INV-016_PERSISTENCE_STAGE.json,63f3c985d1a4644170dd591307e947ba89cf17d47f72029211cecf3ac5139e8b,03_INVESTIGATIONS/03_NORMALIZED_BY_ID/INV-016/INV-016_PERSISTENCE_STAGE.json,COPIED
INV-016,INV-016_MNEMO_SNAPSHOT.json,expanded:DEMOCRACY_INFLUENCE_COMPLETE_BUNDLE_2026-09-11.zip,/mnt/data/DEMOCRACY_INFLUENCE_MASTER_EVIDENCE_BUNDLE_2026-09-11/03_INVESTIGATIONS/02_EXPANDED_ARCHIVES/DEMOCRACY_INFLUENCE_COMPLETE_BUNDLE_2026-09-11/DEMOCRACY_INFLUENCE_COMPLETE_BUNDLE_2026-09-11/invchain/INV-016_MNEMO_SNAPSHOT.json,956680c1ba8bbd559b298b47b2fc82f94ff856136944c3e926eb43d05af291c3,03_INVESTIGATIONS/03_NORMALIZED_BY_ID/INV-016/INV-016_MNEMO_SNAPSHOT.json,COPIED
INV-122,INV-122_RUN_HANDOFF.md,expanded:DEMOCRACY_INFLUENCE_COMPLETE_BUNDLE_2026-09-11.zip,/mnt/data/DEMOCRACY_INFLUENCE_MASTER_EVIDENCE_BUNDLE_2026-09-11/03_INVESTIGATIONS/02_EXPANDED_ARCHIVES/DEMOCRACY_INFLUENCE_COMPLETE_BUNDLE_2026-09-11/DEMOCRACY_INFLUENCE_COMPLETE_BUNDLE_2026-09-11/invchain/INV-122_RUN_HANDOFF.md,6a087d28dfa41f6466bca744740ccb43a336630e93fa132bf767f89fb7b21468,03_INVESTIGATIONS/03_NORMALIZED_BY_ID/INV-122/INV-122_RUN_HANDOFF.md,COPIED
INV-053,INV-053_RUN_CARD.md,expanded:DEMOCRACY_INFLUENCE_COMPLETE_BUNDLE_2026-09-11.zip,/mnt/data/DEMOCRACY_INFLUENCE_MASTER_EVIDENCE_BUNDLE_2026-09-11/03_INVESTIGATIONS/02_EXPANDED_ARCHIVES/DEMOCRACY_INFLUENCE_COMPLETE_BUNDLE_2026-09-11/DEMOCRACY_INFLUENCE_COMPLETE_BUNDLE_2026-09-11/invchain/INV-053_RUN_CARD.md,0570dcf1fd973566d9711d574e8829dc408aabbba0512a6d9b34c3d646e6a50b,03_INVESTIGATIONS/03_NORMALIZED_BY_ID/INV-053/INV-053_RUN_CARD.md,COPIED
INV-040,INV-040_SYNTHESIS_CERTIFICATION.json,expanded:DEMOCRACY_INFLUENCE_COMPLETE_BUNDLE_2026-09-11.zip,/mnt/data/DEMOCRACY_INFLUENCE_MASTER_EVIDENCE_BUNDLE_2026-09-11/03_INVESTIGATIONS/02_EXPANDED_ARCHIVES/DEMOCRACY_INFLUENCE_COMPLETE_BUNDLE_2026-09-11/DEMOCRACY_INFLUENCE_COMPLETE_BUNDLE_2026-09-11/invchain/INV-040_SYNTHESIS_CERTIFICATION.json,b0ba709365dc9d0533883504e9d8b59fd5aff028c0f7a1c35c28144a1bb856be,03_INVESTIGATIONS/03_NORMALIZED_BY_ID/INV-040/INV-040_SYNTHESIS_CERTIFICATION.json,COPIED
INV-068,INV-068_SYNTHESIS_CARD.md,expanded:DEMOCRACY_INFLUENCE_COMPLETE_BUNDLE_2026-09-11.zip,/mnt/data/DEMOCRACY_INFLUENCE_MASTER_EVIDENCE_BUNDLE_2026-09-11/03_INVESTIGATIONS/02_EXPANDED_ARCHIVES/DEMOCRACY_INFLUENCE_COMPLETE_BUNDLE_2026-09-11/DEMOCRACY_INFLUENCE_COMPLETE_BUNDLE_2026-09-11/invchain/INV-068_SYNTHESIS_CARD.md,924c0d23f92a939631e0f13f414707a089439288f1446059f5158c07b34ff47a,03_INVESTIGATIONS/03_NORMALIZED_BY_ID/INV-068/INV-068_SYNTHESIS_CARD.md,COPIED
INV-053,INV-053_APPLY.log,expanded:DEMOCRACY_INFLUENCE_COMPLETE_BUNDLE_2026-09-11.zip,/mnt/data/DEMOCRACY_INFLUENCE_MASTER_EVIDENCE_BUNDLE_2026-09-11/03_INVESTIGATIONS/02_EXPANDED_ARCHIVES/DEMOCRACY_INFLUENCE_COMPLETE_BUNDLE_2026-09-11/DEMOCRACY_INFLUENCE_COMPLETE_BUNDLE_2026-09-11/invchain/INV-053_APPLY.log,44dd527fb261a7ef88348312e6b14abe20cdfe19b0913eb123439f9971684b07,03_INVESTIGATIONS/03_NORMALIZED_BY_ID/INV-053/INV-053_APPLY.log,COPIED
INV-131,INV-131_RUN_HANDOFF.md,expanded:DEMOCRACY_INFLUENCE_COMPLETE_BUNDLE_2026-09-11.zip,/mnt/data/DEMOCRACY_INFLUENCE_MASTER_EVIDENCE_BUNDLE_2026-09-11/03_INVESTIGATIONS/02_EXPANDED_ARCHIVES/DEMOCRACY_INFLUENCE_COMPLETE_BUNDLE_2026-09-11/DEMOCRACY_INFLUENCE_COMPLETE_BUNDLE_2026-09-11/invchain/INV-131_RUN_HANDOFF.md,cb41fa76b99a2e8a0b743c02a5600112b07079b3ea78bf151e34a6dad1aa0b62,03_INVESTIGATIONS/03_NORMALIZED_BY_ID/INV-131/INV-131_RUN_HANDOFF.md,COPIED
INV-054,INV-054_RUN_HANDOFF.md,expanded:DEMOCRACY_INFLUENCE_COMPLETE_BUNDLE_2026-09-11.zip,/mnt/data/DEMOCRACY_INFLUENCE_MASTER_EVIDENCE_BUNDLE_2026-09-11/03_INVESTIGATIONS/02_EXPANDED_ARCHIVES/DEMOCRACY_INFLUENCE_COMPLETE_BUNDLE_2026-09-11/DEMOCRACY_INFLUENCE_COMPLETE_BUNDLE_2026-09-11/invchain/INV-054_RUN_HANDOFF.md,64c37752d4c1dd713f6143766d652b8c6fe39981e603fcc2854d9cb71d574c1a,03_INVESTIGATIONS/03_NORMALIZED_BY_ID/INV-054/INV-054_RUN_HANDOFF.md,DUPLICATE_SHA
INV-068,INV-068_SYNTHESIS.md,expanded:DEMOCRACY_INFLUENCE_COMPLETE_BUNDLE_2026-09-11.zip,/mnt/data/DEMOCRACY_INFLUENCE_MASTER_EVIDENCE_BUNDLE_2026-09-11/03_INVESTIGATIONS/02_EXPANDED_ARCHIVES/DEMOCRACY_INFLUENCE_COMPLETE_BUNDLE_2026-09-11/DEMOCRACY_INFLUENCE_COMPLETE_BUNDLE_2026-09-11/invchain/INV-068_SYNTHESIS.md,94f8cb692c0bcd707cdb7a1569dbbae1038bdc3b62636507b57b1894374255f2,03_INVESTIGATIONS/03_NORMALIZED_BY_ID/INV-068/INV-068_SYNTHESIS.md,COPIED
INV-016,INV-016_RUN_STATE.json,expanded:DEMOCRACY_INFLUENCE_COMPLETE_BUNDLE_2026-09-11.zip,/mnt/data/DEMOCRACY_INFLUENCE_MASTER_EVIDENCE_BUNDLE_2026-09-11/03_INVESTIGATIONS/02_EXPANDED_ARCHIVES/DEMOCRACY_INFLUENCE_COMPLETE_BUNDLE_2026-09-11/DEMOCRACY_INFLUENCE_COMPLETE_BUNDLE_2026-09-11/invchain/INV-016_RUN_STATE.json,8cde4137a64ab1969d2fa99a4abf7089bee95433cfad8c5a775ef5d168ef8608,03_INVESTIGATIONS/03_NORMALIZED_BY_ID/INV-016/INV-016_RUN_STATE.json,COPIED
INV-016,INV-016_NARRATIVE_SOURCE.md,expanded:DEMOCRACY_INFLUENCE_COMPLETE_BUNDLE_2026-09-11.zip,/mnt/data/DEMOCRACY_INFLUENCE_MASTER_EVIDENCE_BUNDLE_2026-09-11/03_INVESTIGATIONS/02_EXPANDED_ARCHIVES/DEMOCRACY_INFLUENCE_COMPLETE_BUNDLE_2026-09-11/DEMOCRACY_INFLUENCE_COMPLETE_BUNDLE_2026-09-11/invchain/INV-016_NARRATIVE_SOURCE.md,6dabeeeb2a1c9a456058797ef3b0830e40482658c968e5b5af1802c6defd759b,03_INVESTIGATIONS/03_NORMALIZED_BY_ID/INV-016/INV-016_NARRATIVE_SOURCE.md,COPIED
INV-121,INV-121_RUN_HANDOFF.md,expanded:DEMOCRACY_INFLUENCE_COMPLETE_BUNDLE_2026-09-11.zip,/mnt/data/DEMOCRACY_INFLUENCE_MASTER_EVIDENCE_BUNDLE_2026-09-11/03_INVESTIGATIONS/02_EXPANDED_ARCHIVES/DEMOCRACY_INFLUENCE_COMPLETE_BUNDLE_2026-09-11/DEMOCRACY_INFLUENCE_COMPLETE_BUNDLE_2026-09-11/invchain/INV-121_RUN_HANDOFF.md,7637fed954f2368f4d929d866c4ab46741e5f79ab5c1b91f0c2019130f6781d4,03_INVESTIGATIONS/03_NORMALIZED_BY_ID/INV-121/INV-121_RUN_HANDOFF.md,COPIED
INV-053,INV-053_PERSISTENCE_STAGE.json,expanded:DEMOCRACY_INFLUENCE_COMPLETE_BUNDLE_2026-09-11.zip,/mnt/data/DEMOCRACY_INFLUENCE_MASTER_EVIDENCE_BUNDLE_2026-09-11/03_INVESTIGATIONS/02_EXPANDED_ARCHIVES/DEMOCRACY_INFLUENCE_COMPLETE_BUNDLE_2026-09-11/DEMOCRACY_INFLUENCE_COMPLETE_BUNDLE_2026-09-11/invchain/INV-053_PERSISTENCE_STAGE.json,e501217da2fd93c1943fc7e47d1735dadd570dc2539ad29bb9455b0e2b8729ab,03_INVESTIGATIONS/03_NORMALIZED_BY_ID/INV-053/INV-053_PERSISTENCE_STAGE.json,COPIED
INV-144,INV-144_SYNTHESIS.md,expanded:DEMOCRACY_INFLUENCE_COMPLETE_BUNDLE_2026-09-11.zip,/mnt/data/DEMOCRACY_INFLUENCE_MASTER_EVIDENCE_BUNDLE_2026-09-11/03_INVESTIGATIONS/02_EXPANDED_ARCHIVES/DEMOCRACY_INFLUENCE_COMPLETE_BUNDLE_2026-09-11/DEMOCRACY_INFLUENCE_COMPLETE_BUNDLE_2026-09-11/invchain/INV-144_SYNTHESIS.md,61bae983b3aa9d09aded345166d9a1edced884fe4a2c379468c916f8af01c9f0,03_INVESTIGATIONS/03_NORMALIZED_BY_ID/INV-144/INV-144.md,DUPLICATE_SHA
INV-064,INV-064_RUN_HANDOFF.md,expanded:DEMOCRACY_INFLUENCE_COMPLETE_BUNDLE_2026-09-11.zip,/mnt/data/DEMOCRACY_INFLUENCE_MASTER_EVIDENCE_BUNDLE_2026-09-11/03_INVESTIGATIONS/02_EXPANDED_ARCHIVES/DEMOCRACY_INFLUENCE_COMPLETE_BUNDLE_2026-09-11/DEMOCRACY_INFLUENCE_COMPLETE_BUNDLE_2026-09-11/invchain/INV-064_RUN_HANDOFF.md,b640f9d3db3bbbffc11ce25c641337a78cb86eb2990b564f19db6086edccf5af,03_INVESTIGATIONS/03_NORMALIZED_BY_ID/INV-064/INV-064_RUN_HANDOFF.md,COPIED
INV-121,INV-121_RUN_CARD.md,expanded:DEMOCRACY_INFLUENCE_COMPLETE_BUNDLE_2026-09-11.zip,/mnt/data/DEMOCRACY_INFLUENCE_MASTER_EVIDENCE_BUNDLE_2026-09-11/03_INVESTIGATIONS/02_EXPANDED_ARCHIVES/DEMOCRACY_INFLUENCE_COMPLETE_BUNDLE_2026-09-11/DEMOCRACY_INFLUENCE_COMPLETE_BUNDLE_2026-09-11/invchain/INV-121_RUN_CARD.md,9e67ff9dfc33e4e83b59c682b24d7608d184e3e72fe7127dbeee289401e27df3,03_INVESTIGATIONS/03_NORMALIZED_BY_ID/INV-121/INV-121_RUN_CARD.md,COPIED
INV-120,INV-120_NARRATIVE_SOURCE.md,expanded:DEMOCRACY_INFLUENCE_COMPLETE_BUNDLE_2026-09-11.zip,/mnt/data/DEMOCRACY_INFLUENCE_MASTER_EVIDENCE_BUNDLE_2026-09-11/03_INVESTIGATIONS/02_EXPANDED_ARCHIVES/DEMOCRACY_INFLUENCE_COMPLETE_BUNDLE_2026-09-11/DEMOCRACY_INFLUENCE_COMPLETE_BUNDLE_2026-09-11/invchain/INV-120_NARRATIVE_SOURCE.md,aeb8243a0fdb8d850d98ebc8335bc66f75e0620bc3ce5db4893fdf39409342c4,03_INVESTIGATIONS/03_NORMALIZED_BY_ID/INV-120/INV-120_NARRATIVE_SOURCE.md,COPIED
INV-104,INV-104_SYNTHESIS_CARD.md,expanded:DEMOCRACY_INFLUENCE_COMPLETE_BUNDLE_2026-09-11.zip,/mnt/data/DEMOCRACY_INFLUENCE_MASTER_EVIDENCE_BUNDLE_2026-09-11/03_INVESTIGATIONS/02_EXPANDED_ARCHIVES/DEMOCRACY_INFLUENCE_COMPLETE_BUNDLE_2026-09-11/DEMOCRACY_INFLUENCE_COMPLETE_BUNDLE_2026-09-11/invchain/INV-104_SYNTHESIS_CARD.md,ec833d1da529ff38f3402a9b81854cb63bc3258842797068fe5a36226f003df6,03_INVESTIGATIONS/03_NORMALIZED_BY_ID/INV-104/INV-104_SYNTHESIS_CARD.md,COPIED
INV-016,INV-016_RUN_HANDOFF.md,expanded:DEMOCRACY_INFLUENCE_COMPLETE_BUNDLE_2026-09-11.zip,/mnt/data/DEMOCRACY_INFLUENCE_MASTER_EVIDENCE_BUNDLE_2026-09-11/03_INVESTIGATIONS/02_EXPANDED_ARCHIVES/DEMOCRACY_INFLUENCE_COMPLETE_BUNDLE_2026-09-11/DEMOCRACY_INFLUENCE_COMPLETE_BUNDLE_2026-09-11/invchain/INV-016_RUN_HANDOFF.md,ba72ebf222c756a256a208234bed3d9e2b25e83771cce0257f547252fb60166b,03_INVESTIGATIONS/03_NORMALIZED_BY_ID/INV-016/INV-016_RUN_HANDOFF.md,COPIED
INV-038,INV-038_RUN_HANDOFF.md,expanded:DEMOCRACY_INFLUENCE_COMPLETE_BUNDLE_2026-09-11.zip,/mnt/data/DEMOCRACY_INFLUENCE_MASTER_EVIDENCE_BUNDLE_2026-09-11/03_INVESTIGATIONS/02_EXPANDED_ARCHIVES/DEMOCRACY_INFLUENCE_COMPLETE_BUNDLE_2026-09-11/DEMOCRACY_INFLUENCE_COMPLETE_BUNDLE_2026-09-11/invchain/INV-038_RUN_HANDOFF.md,2000ae3815a4d88953f1accdd7232ad89878c96f0f359e90a09c9b7d07c57ebb,03_INVESTIGATIONS/03_NORMALIZED_BY_ID/INV-038/INV-038_RUN_HANDOFF.md,COPIED
INV-147,INV-147_PRE_GATE.json,expanded:DEMOCRACY_INFLUENCE_COMPLETE_BUNDLE_2026-09-11.zip,/mnt/data/DEMOCRACY_INFLUENCE_MASTER_EVIDENCE_BUNDLE_2026-09-11/03_INVESTIGATIONS/02_EXPANDED_ARCHIVES/DEMOCRACY_INFLUENCE_COMPLETE_BUNDLE_2026-09-11/DEMOCRACY_INFLUENCE_COMPLETE_BUNDLE_2026-09-11/invchain/INV-147_PRE_GATE.json,7ab9c14e7ef21089f2808bc14cd0d1d6d41bff55e9edfd668f75713ddca6f709,03_INVESTIGATIONS/03_NORMALIZED_BY_ID/INV-147/INV-147_PRE_GATE.json,COPIED
INV-075,INV-075_RUN_HANDOFF.md,expanded:DEMOCRACY_INFLUENCE_COMPLETE_BUNDLE_2026-09-11.zip,/mnt/data/DEMOCRACY_INFLUENCE_MASTER_EVIDENCE_BUNDLE_2026-09-11/03_INVESTIGATIONS/02_EXPANDED_ARCHIVES/DEMOCRACY_INFLUENCE_COMPLETE_BUNDLE_2026-09-11/DEMOCRACY_INFLUENCE_COMPLETE_BUNDLE_2026-09-11/invchain/INV-075_RUN_HANDOFF.md,064fd35d2b7328ed7c8e590decfaf7b095d40487c6f64dbc29525cf6906d0db6,03_INVESTIGATIONS/03_NORMALIZED_BY_ID/INV-075/INV-075_RUN_HANDOFF.md,COPIED
INV-129,INV-129_RUN_HANDOFF.example.md,expanded:DEMOCRACY_INFLUENCE_COMPLETE_BUNDLE_2026-09-11.zip,/mnt/data/DEMOCRACY_INFLUENCE_MASTER_EVIDENCE_BUNDLE_2026-09-11/03_INVESTIGATIONS/02_EXPANDED_ARCHIVES/DEMOCRACY_INFLUENCE_COMPLETE_BUNDLE_2026-09-11/DEMOCRACY_INFLUENCE_COMPLETE_BUNDLE_2026-09-11/invchain/INV-129_RUN_HANDOFF.example.md,6bfa2b21689ae3483b128bcc797f0e27c1bd4f9b4a8762c9b53cbdf906d57835,03_INVESTIGATIONS/03_NORMALIZED_BY_ID/INV-129/INV-129_RUN_HANDOFF.md,DUPLICATE_SHA
INV-133,INV-133_SYNTHESIS.md,expanded:DEMOCRACY_INFLUENCE_COMPLETE_BUNDLE_2026-09-11.zip,/mnt/data/DEMOCRACY_INFLUENCE_MASTER_EVIDENCE_BUNDLE_2026-09-11/03_INVESTIGATIONS/02_EXPANDED_ARCHIVES/DEMOCRACY_INFLUENCE_COMPLETE_BUNDLE_2026-09-11/DEMOCRACY_INFLUENCE_COMPLETE_BUNDLE_2026-09-11/invchain/INV-133_SYNTHESIS.md,548453768fca7f36828d2415fb51cd13492e25906a715f8ade2b81f0a7545ed3,03_INVESTIGATIONS/03_NORMALIZED_BY_ID/INV-133/INV-133_SYNTHESIS.md,COPIED
INV-120,INV-120_CENTRAL_DELTA.md,expanded:DEMOCRACY_INFLUENCE_COMPLETE_BUNDLE_2026-09-11.zip,/mnt/data/DEMOCRACY_INFLUENCE_MASTER_EVIDENCE_BUNDLE_2026-09-11/03_INVESTIGATIONS/02_EXPANDED_ARCHIVES/DEMOCRACY_INFLUENCE_COMPLETE_BUNDLE_2026-09-11/DEMOCRACY_INFLUENCE_COMPLETE_BUNDLE_2026-09-11/invchain/INV-120_CENTRAL_DELTA.md,7623af84c925832422eb67b006f6330fc3a0e9c447ffa4dbbcb68d33d671eea8,03_INVESTIGATIONS/03_NORMALIZED_BY_ID/INV-120/INV-120_CENTRAL_DELTA.md,COPIED
INV-053,INV-053_TAIL_STAGE.json,expanded:DEMOCRACY_INFLUENCE_COMPLETE_BUNDLE_2026-09-11.zip,/mnt/data/DEMOCRACY_INFLUENCE_MASTER_EVIDENCE_BUNDLE_2026-09-11/03_INVESTIGATIONS/02_EXPANDED_ARCHIVES/DEMOCRACY_INFLUENCE_COMPLETE_BUNDLE_2026-09-11/DEMOCRACY_INFLUENCE_COMPLETE_BUNDLE_2026-09-11/invchain/INV-053_TAIL_STAGE.json,a65a0872dc00eef8fb5a2155b06e7ad27439539b8652e0943c13dc656f9bd95c,03_INVESTIGATIONS/03_NORMALIZED_BY_ID/INV-053/INV-053_TAIL_STAGE.json,COPIED
INV-130,INV-130_RUN_HANDOFF.md,expanded:DEMOCRACY_INFLUENCE_COMPLETE_BUNDLE_2026-09-11.zip,/mnt/data/DEMOCRACY_INFLUENCE_MASTER_EVIDENCE_BUNDLE_2026-09-11/03_INVESTIGATIONS/02_EXPANDED_ARCHIVES/DEMOCRACY_INFLUENCE_COMPLETE_BUNDLE_2026-09-11/DEMOCRACY_INFLUENCE_COMPLETE_BUNDLE_2026-09-11/invchain/INV-130_RUN_HANDOFF.md,3c8bff38c670b740e936bb8fe8813ca69160f2ce6c0f9330dc8245e838ec9b80,03_INVESTIGATIONS/03_NORMALIZED_BY_ID/INV-130/INV-130_RUN_HANDOFF.md,COPIED
INV-065,INV-065_RUN_HANDOFF.md,expanded:DEMOCRACY_INFLUENCE_COMPLETE_BUNDLE_2026-09-11.zip,/mnt/data/DEMOCRACY_INFLUENCE_MASTER_EVIDENCE_BUNDLE_2026-09-11/03_INVESTIGATIONS/02_EXPANDED_ARCHIVES/DEMOCRACY_INFLUENCE_COMPLETE_BUNDLE_2026-09-11/DEMOCRACY_INFLUENCE_COMPLETE_BUNDLE_2026-09-11/invchain/INV-065_RUN_HANDOFF.md,77e5c74246009f39c29e69e5e8fa89af9190431a8674708d6bf2d46ae6e510eb,03_INVESTIGATIONS/03_NORMALIZED_BY_ID/INV-065/INV-065_RUN_HANDOFF.md,COPIED
INV-044,INV-044_RUN_HANDOFF.md,expanded:DEMOCRACY_INFLUENCE_COMPLETE_BUNDLE_2026-09-11.zip,/mnt/data/DEMOCRACY_INFLUENCE_MASTER_EVIDENCE_BUNDLE_2026-09-11/03_INVESTIGATIONS/02_EXPANDED_ARCHIVES/DEMOCRACY_INFLUENCE_COMPLETE_BUNDLE_2026-09-11/DEMOCRACY_INFLUENCE_COMPLETE_BUNDLE_2026-09-11/invchain/INV-044_RUN_HANDOFF.md,e85cbeebba1a91a9a084b1ed811144dee0e9db755c867b30fd0b5ae2ecf1fda1,03_INVESTIGATIONS/03_NORMALIZED_BY_ID/INV-044/INV-044_RUN_HANDOFF__expanded_DEMOCRACY_INFLUENCE_COMPLETE_BUNDLE_2026-.md,COPIED
INV-063,INV-063_RUN_HANDOFF.md,expanded:DEMOCRACY_INFLUENCE_COMPLETE_BUNDLE_2026-09-11.zip,/mnt/data/DEMOCRACY_INFLUENCE_MASTER_EVIDENCE_BUNDLE_2026-09-11/03_INVESTIGATIONS/02_EXPANDED_ARCHIVES/DEMOCRACY_INFLUENCE_COMPLETE_BUNDLE_2026-09-11/DEMOCRACY_INFLUENCE_COMPLETE_BUNDLE_2026-09-11/invchain/INV-063_RUN_HANDOFF.md,e4aa5123897bac2249ef2ff417b37f82f850e7eaf55078057532aa4989007335,03_INVESTIGATIONS/03_NORMALIZED_BY_ID/INV-063/INV-063_RUN_HANDOFF.md,COPIED
INV-147,INV-147_CERTIFICATION.json,expanded:DEMOCRACY_INFLUENCE_COMPLETE_BUNDLE_2026-09-11.zip,/mnt/data/DEMOCRACY_INFLUENCE_MASTER_EVIDENCE_BUNDLE_2026-09-11/03_INVESTIGATIONS/02_EXPANDED_ARCHIVES/DEMOCRACY_INFLUENCE_COMPLETE_BUNDLE_2026-09-11/DEMOCRACY_INFLUENCE_COMPLETE_BUNDLE_2026-09-11/invchain/INV-147_CERTIFICATION.json,691bfa196db7189d13d4225471d03b41c764678f848e55e223d0c80ff042affe,03_INVESTIGATIONS/03_NORMALIZED_BY_ID/INV-147/INV-147_CERTIFICATION.json,COPIED
INV-038,INV-038_SYNTHESIS_CARD.md,expanded:DEMOCRACY_INFLUENCE_COMPLETE_BUNDLE_2026-09-11.zip,/mnt/data/DEMOCRACY_INFLUENCE_MASTER_EVIDENCE_BUNDLE_2026-09-11/03_INVESTIGATIONS/02_EXPANDED_ARCHIVES/DEMOCRACY_INFLUENCE_COMPLETE_BUNDLE_2026-09-11/DEMOCRACY_INFLUENCE_COMPLETE_BUNDLE_2026-09-11/invchain/INV-038_SYNTHESIS_CARD.md,8cd3982407d70da22be8e300031c78c4802c9177bd472c0cd307df7bcf9b21ab,03_INVESTIGATIONS/03_NORMALIZED_BY_ID/INV-038/INV-038_SYNTHESIS_CARD.md,COPIED
INV-053,INV-053_INVESTIGATION.md,expanded:DEMOCRACY_INFLUENCE_COMPLETE_BUNDLE_2026-09-11.zip,/mnt/data/DEMOCRACY_INFLUENCE_MASTER_EVIDENCE_BUNDLE_2026-09-11/03_INVESTIGATIONS/02_EXPANDED_ARCHIVES/DEMOCRACY_INFLUENCE_COMPLETE_BUNDLE_2026-09-11/DEMOCRACY_INFLUENCE_COMPLETE_BUNDLE_2026-09-11/invchain/INV-053_INVESTIGATION.md,354d2135419166a77df2faae2981f0641bbb25342ee1aa4fb4ea371dd47301a2,03_INVESTIGATIONS/03_NORMALIZED_BY_ID/INV-053/INV-053_INVESTIGATION.md,COPIED
INV-053,INV-053_FACTS_STAGE.json,expanded:DEMOCRACY_INFLUENCE_COMPLETE_BUNDLE_2026-09-11.zip,/mnt/data/DEMOCRACY_INFLUENCE_MASTER_EVIDENCE_BUNDLE_2026-09-11/03_INVESTIGATIONS/02_EXPANDED_ARCHIVES/DEMOCRACY_INFLUENCE_COMPLETE_BUNDLE_2026-09-11/DEMOCRACY_INFLUENCE_COMPLETE_BUNDLE_2026-09-11/invchain/INV-053_FACTS_STAGE.json,6aaa5062f4a626493c4a43addd6d8c62e7eb91f98d07a6e823655ce9c8556143,03_INVESTIGATIONS/03_NORMALIZED_BY_ID/INV-053/INV-053_FACTS_STAGE.json,COPIED
INV-111,INV-111_RUN_HANDOFF.md,expanded:DEMOCRACY_INFLUENCE_COMPLETE_BUNDLE_2026-09-11.zip,/mnt/data/DEMOCRACY_INFLUENCE_MASTER_EVIDENCE_BUNDLE_2026-09-11/03_INVESTIGATIONS/02_EXPANDED_ARCHIVES/DEMOCRACY_INFLUENCE_COMPLETE_BUNDLE_2026-09-11/DEMOCRACY_INFLUENCE_COMPLETE_BUNDLE_2026-09-11/invchain/INV-111_RUN_HANDOFF.md,6926d8a7bcb0b0bf7a9e9cb0e3d5fddc9398118c98b949d58cd7b9f47fff8f7a,03_INVESTIGATIONS/03_NORMALIZED_BY_ID/INV-111/INV-111_RUN_HANDOFF.md,COPIED
INV-133,INV-133_SYNTHESIS_CERTIFICATION.json,expanded:DEMOCRACY_INFLUENCE_COMPLETE_BUNDLE_2026-09-11.zip,/mnt/data/DEMOCRACY_INFLUENCE_MASTER_EVIDENCE_BUNDLE_2026-09-11/03_INVESTIGATIONS/02_EXPANDED_ARCHIVES/DEMOCRACY_INFLUENCE_COMPLETE_BUNDLE_2026-09-11/DEMOCRACY_INFLUENCE_COMPLETE_BUNDLE_2026-09-11/invchain/INV-133_SYNTHESIS_CERTIFICATION.json,81af4e35c530d4d78156345763823a9f5b222807ab96247cb62d4da4cd46b6f1,03_INVESTIGATIONS/03_NORMALIZED_BY_ID/INV-133/INV-133_SYNTHESIS_CERTIFICATION.json,COPIED
INV-104,INV-104_SYNTHESIS_CERTIFICATION.json,expanded:DEMOCRACY_INFLUENCE_COMPLETE_BUNDLE_2026-09-11.zip,/mnt/data/DEMOCRACY_INFLUENCE_MASTER_EVIDENCE_BUNDLE_2026-09-11/03_INVESTIGATIONS/02_EXPANDED_ARCHIVES/DEMOCRACY_INFLUENCE_COMPLETE_BUNDLE_2026-09-11/DEMOCRACY_INFLUENCE_COMPLETE_BUNDLE_2026-09-11/invchain/INV-104_SYNTHESIS_CERTIFICATION.json,bf00d67521cf9b4f4c35848f7e64ebbed8ec4f9e18640aad7eabdc0f362ed357,03_INVESTIGATIONS/03_NORMALIZED_BY_ID/INV-104/INV-104_SYNTHESIS_CERTIFICATION.json,COPIED
INV-067,INV-067_RUN_HANDOFF.md,expanded:DEMOCRACY_INFLUENCE_COMPLETE_BUNDLE_2026-09-11.zip,/mnt/data/DEMOCRACY_INFLUENCE_MASTER_EVIDENCE_BUNDLE_2026-09-11/03_INVESTIGATIONS/02_EXPANDED_ARCHIVES/DEMOCRACY_INFLUENCE_COMPLETE_BUNDLE_2026-09-11/DEMOCRACY_INFLUENCE_COMPLETE_BUNDLE_2026-09-11/invchain/INV-067_RUN_HANDOFF.md,491e2462883df117ac08e8d27eba9f6b9c5315d51f37cf60bc711630da7af532,03_INVESTIGATIONS/03_NORMALIZED_BY_ID/INV-067/INV-067_RUN_HANDOFF.md,COPIED
INV-053,INV-053_REVIEWS.json,expanded:DEMOCRACY_INFLUENCE_COMPLETE_BUNDLE_2026-09-11.zip,/mnt/data/DEMOCRACY_INFLUENCE_MASTER_EVIDENCE_BUNDLE_2026-09-11/03_INVESTIGATIONS/02_EXPANDED_ARCHIVES/DEMOCRACY_INFLUENCE_COMPLETE_BUNDLE_2026-09-11/DEMOCRACY_INFLUENCE_COMPLETE_BUNDLE_2026-09-11/invchain/INV-053_REVIEWS.json,764319ca5bb9360ccff180d38441165ef9b673ffcd4a10e48e537879c7ec360d,03_INVESTIGATIONS/03_NORMALIZED_BY_ID/INV-053/INV-053_REVIEWS.json,COPIED
INV-121,INV-121_NARRATIVE_SOURCE.md,expanded:DEMOCRACY_INFLUENCE_COMPLETE_BUNDLE_2026-09-11.zip,/mnt/data/DEMOCRACY_INFLUENCE_MASTER_EVIDENCE_BUNDLE_2026-09-11/03_INVESTIGATIONS/02_EXPANDED_ARCHIVES/DEMOCRACY_INFLUENCE_COMPLETE_BUNDLE_2026-09-11/DEMOCRACY_INFLUENCE_COMPLETE_BUNDLE_2026-09-11/invchain/INV-121_NARRATIVE_SOURCE.md,c98facd261058f56b8526c5257384f62dd18836dab2a486eda9e6f883bbb925b,03_INVESTIGATIONS/03_NORMALIZED_BY_ID/INV-121/INV-121_NARRATIVE_SOURCE.md,COPIED
INV-051,INV-051_RUN_CARD.md,expanded:DEMOCRACY_INFLUENCE_COMPLETE_BUNDLE_2026-09-11.zip,/mnt/data/DEMOCRACY_INFLUENCE_MASTER_EVIDENCE_BUNDLE_2026-09-11/03_INVESTIGATIONS/02_EXPANDED_ARCHIVES/DEMOCRACY_INFLUENCE_COMPLETE_BUNDLE_2026-09-11/DEMOCRACY_INFLUENCE_COMPLETE_BUNDLE_2026-09-11/invchain/INV-051_RUN_CARD.md,cbed4dc39f75324e1989f5ed697b58f28476161cc15b593ced5e7fda5f3b3c0f,03_INVESTIGATIONS/03_NORMALIZED_BY_ID/INV-051/INV-051_RUN_CARD.md,COPIED
INV-103,INV-103_RUN_HANDOFF.md,expanded:DEMOCRACY_INFLUENCE_COMPLETE_BUNDLE_2026-09-11.zip,/mnt/data/DEMOCRACY_INFLUENCE_MASTER_EVIDENCE_BUNDLE_2026-09-11/03_INVESTIGATIONS/02_EXPANDED_ARCHIVES/DEMOCRACY_INFLUENCE_COMPLETE_BUNDLE_2026-09-11/DEMOCRACY_INFLUENCE_COMPLETE_BUNDLE_2026-09-11/invchain/INV-103_RUN_HANDOFF.md,b5bfb845e9f5ee571f577313a973c6bf15556ef64ebe63b5829d20f3c45f873f,03_INVESTIGATIONS/03_NORMALIZED_BY_ID/INV-103/INV-103_RUN_HANDOFF.md,DUPLICATE_SHA
INV-052,INV-052_RUN_HANDOFF.md,expanded:DEMOCRACY_INFLUENCE_COMPLETE_BUNDLE_2026-09-11.zip,/mnt/data/DEMOCRACY_INFLUENCE_MASTER_EVIDENCE_BUNDLE_2026-09-11/03_INVESTIGATIONS/02_EXPANDED_ARCHIVES/DEMOCRACY_INFLUENCE_COMPLETE_BUNDLE_2026-09-11/DEMOCRACY_INFLUENCE_COMPLETE_BUNDLE_2026-09-11/invchain/INV-052_RUN_HANDOFF.md,396de9fd450e5420b55b11b646d7b0437eb77e4c9231f7d4b3f978cbe04fc24d,03_INVESTIGATIONS/03_NORMALIZED_BY_ID/INV-052/INV-052_RUN_HANDOFF.md,COPIED
INV-012,INV-012_INPUT.md,expanded:INV-012_FORENSIC_BUNDLE.zip,/mnt/data/DEMOCRACY_INFLUENCE_MASTER_EVIDENCE_BUNDLE_2026-09-11/03_INVESTIGATIONS/02_EXPANDED_ARCHIVES/INV-012_FORENSIC_BUNDLE/INV-012/INV-012_INPUT.md,e08dbeb9bbaf56cce5b34310a60a28813777591833ab2f0061360ecb26c1560d,03_INVESTIGATIONS/03_NORMALIZED_BY_ID/INV-012/INV-012_INPUT.md,COPIED
INV-012,RECLASSIFICATION_2026-09-09_POST_INV012_CORE_MISSION_V2.md,expanded:INV-012_FORENSIC_BUNDLE.zip,/mnt/data/DEMOCRACY_INFLUENCE_MASTER_EVIDENCE_BUNDLE_2026-09-11/03_INVESTIGATIONS/02_EXPANDED_ARCHIVES/INV-012_FORENSIC_BUNDLE/INV-012/RECLASSIFICATION_2026-09-09_POST_INV012_CORE_MISSION_V2.md,2bb82c218c0bf6611f6f559b9ca66c2b76d4120ebc60037e2956b89912376e8d,03_INVESTIGATIONS/03_NORMALIZED_BY_ID/INV-012/RECLASSIFICATION_2026-09-09_POST_INV012_CORE_MISSION_V2.md,COPIED
INV-012,INV-012_RUN_STATE.json,expanded:INV-012_FORENSIC_BUNDLE.zip,/mnt/data/DEMOCRACY_INFLUENCE_MASTER_EVIDENCE_BUNDLE_2026-09-11/03_INVESTIGATIONS/02_EXPANDED_ARCHIVES/INV-012_FORENSIC_BUNDLE/INV-012/INV-012_RUN_STATE.json,0da5ac9c14e3290ea92c7b955f04b0986b5d366d0482a117b6fae2f488926ff6,03_INVESTIGATIONS/03_NORMALIZED_BY_ID/INV-012/INV-012_RUN_STATE.json,COPIED
INV-012,INV-012_PRE_GATE.log,expanded:INV-012_FORENSIC_BUNDLE.zip,/mnt/data/DEMOCRACY_INFLUENCE_MASTER_EVIDENCE_BUNDLE_2026-09-11/03_INVESTIGATIONS/02_EXPANDED_ARCHIVES/INV-012_FORENSIC_BUNDLE/INV-012/INV-012_PRE_GATE.log,bf9808f8533e9d67c7ee254b194843afe8bcf0539b5e0c4161fa586337bea8ce,03_INVESTIGATIONS/03_NORMALIZED_BY_ID/INV-012/INV-012_PRE_GATE.log,COPIED
INV-012,INV-012_DELIVERY_GATE.log,expanded:INV-012_FORENSIC_BUNDLE.zip,/mnt/data/DEMOCRACY_INFLUENCE_MASTER_EVIDENCE_BUNDLE_2026-09-11/03_INVESTIGATIONS/02_EXPANDED_ARCHIVES/INV-012_FORENSIC_BUNDLE/INV-012/INV-012_DELIVERY_GATE.log,d0e445a7465564f7c23588e6f70037decf28a8bebf2d4a5983becd394b55e5da,03_INVESTIGATIONS/03_NORMALIZED_BY_ID/INV-012/INV-012_DELIVERY_GATE.log,COPIED
INV-012,INV-012_CERTIFICATION.json,expanded:INV-012_FORENSIC_BUNDLE.zip,/mnt/data/DEMOCRACY_INFLUENCE_MASTER_EVIDENCE_BUNDLE_2026-09-11/03_INVESTIGATIONS/02_EXPANDED_ARCHIVES/INV-012_FORENSIC_BUNDLE/INV-012/INV-012_CERTIFICATION.json,d0e445a7465564f7c23588e6f70037decf28a8bebf2d4a5983becd394b55e5da,03_INVESTIGATIONS/03_NORMALIZED_BY_ID/INV-012/INV-012_DELIVERY_GATE.log,DUPLICATE_SHA
INV-012,INV-012_POST_RUN_REVIEW.md,expanded:INV-012_FORENSIC_BUNDLE.zip,/mnt/data/DEMOCRACY_INFLUENCE_MASTER_EVIDENCE_BUNDLE_2026-09-11/03_INVESTIGATIONS/02_EXPANDED_ARCHIVES/INV-012_FORENSIC_BUNDLE/INV-012/INV-012_POST_RUN_REVIEW.md,69e745136d933211af98cd47589664bde2910be98d4bc5e758a19ceb39e6a416,03_INVESTIGATIONS/03_NORMALIZED_BY_ID/INV-012/INV-012_POST_RUN_REVIEW.md,COPIED
INV-012,INV-012_RECLASS_PLAN.json,expanded:INV-012_FORENSIC_BUNDLE.zip,/mnt/data/DEMOCRACY_INFLUENCE_MASTER_EVIDENCE_BUNDLE_2026-09-11/03_INVESTIGATIONS/02_EXPANDED_ARCHIVES/INV-012_FORENSIC_BUNDLE/INV-012/INV-012_RECLASS_PLAN.json,98e3de0142da2f4d276266174363c010e8674df74f996e1b94632331d625d099,03_INVESTIGATIONS/03_NORMALIZED_BY_ID/INV-012/INV-012_RECLASS_PLAN.json,COPIED
INV-012,INV-012_RUN_CARD.md,expanded:INV-012_FORENSIC_BUNDLE.zip,/mnt/data/DEMOCRACY_INFLUENCE_MASTER_EVIDENCE_BUNDLE_2026-09-11/03_INVESTIGATIONS/02_EXPANDED_ARCHIVES/INV-012_FORENSIC_BUNDLE/INV-012/INV-012_RUN_CARD.md,e08dbeb9bbaf56cce5b34310a60a28813777591833ab2f0061360ecb26c1560d,03_INVESTIGATIONS/03_NORMALIZED_BY_ID/INV-012/INV-012_INPUT.md,DUPLICATE_SHA
INV-012,INV-012_NARRATIVE.tmp.md,expanded:INV-012_FORENSIC_BUNDLE.zip,/mnt/data/DEMOCRACY_INFLUENCE_MASTER_EVIDENCE_BUNDLE_2026-09-11/03_INVESTIGATIONS/02_EXPANDED_ARCHIVES/INV-012_FORENSIC_BUNDLE/INV-012/INV-012_NARRATIVE.tmp.md,18cdc34fa192e90fda2b9e69d3150188532ab5e4b60c3472bf89cc781183cada,03_INVESTIGATIONS/03_NORMALIZED_BY_ID/INV-012/INV-012_NARRATIVE.tmp.md,COPIED
INV-012,INV-012_RUN_HANDOFF.md,expanded:INV-012_FORENSIC_BUNDLE.zip,/mnt/data/DEMOCRACY_INFLUENCE_MASTER_EVIDENCE_BUNDLE_2026-09-11/03_INVESTIGATIONS/02_EXPANDED_ARCHIVES/INV-012_FORENSIC_BUNDLE/INV-012/INV-012_RUN_HANDOFF.md,e5fd7fa9b4d13e73a2f9f14418c086751c4ed6f313afe99d0ea483e4be615396,03_INVESTIGATIONS/03_NORMALIZED_BY_ID/INV-012/INV-012_RUN_HANDOFF.md,COPIED
INV-012,INV-012_MNEMO_SNAPSHOT.json,expanded:INV-012_FORENSIC_BUNDLE.zip,/mnt/data/DEMOCRACY_INFLUENCE_MASTER_EVIDENCE_BUNDLE_2026-09-11/03_INVESTIGATIONS/02_EXPANDED_ARCHIVES/INV-012_FORENSIC_BUNDLE/INV-012/INV-012_MNEMO_SNAPSHOT.json,7b1668d8cff19390e9a3515305beee9e99e1191a1134738bacd93a9eb7b5af73,03_INVESTIGATIONS/03_NORMALIZED_BY_ID/INV-012/INV-012_MNEMO_SNAPSHOT.json,COPIED
INV-012,INV-012_INVESTIGATION.md,expanded:INV-012_FORENSIC_BUNDLE.zip,/mnt/data/DEMOCRACY_INFLUENCE_MASTER_EVIDENCE_BUNDLE_2026-09-11/03_INVESTIGATIONS/02_EXPANDED_ARCHIVES/INV-012_FORENSIC_BUNDLE/INV-012/INV-012_INVESTIGATION.md,405757e260e6ff0382660b013d0e8b5c4c930a0a5dfe7df01d5b8ff538aa25c4,03_INVESTIGATIONS/03_NORMALIZED_BY_ID/INV-012/INV-012_INVESTIGATION.md,COPIED
INV-029,INV-029_MNEMO_SNAPSHOT.json,expanded:INV-029_R3P1_CANONICAL_6_FILES.zip,/mnt/data/DEMOCRACY_INFLUENCE_MASTER_EVIDENCE_BUNDLE_2026-09-11/03_INVESTIGATIONS/02_EXPANDED_ARCHIVES/INV-029_R3P1_CANONICAL_6_FILES/INV-029_MNEMO_SNAPSHOT.json,108b62b25e3a097da51de633a6231645d8f955e09c2f522c620a89c6123a56f0,03_INVESTIGATIONS/03_NORMALIZED_BY_ID/INV-029/INV-029_MNEMO_SNAPSHOT.json,COPIED
INV-029,INV-029_INVESTIGATION.md,expanded:INV-029_R3P1_CANONICAL_6_FILES.zip,/mnt/data/DEMOCRACY_INFLUENCE_MASTER_EVIDENCE_BUNDLE_2026-09-11/03_INVESTIGATIONS/02_EXPANDED_ARCHIVES/INV-029_R3P1_CANONICAL_6_FILES/INV-029_INVESTIGATION.md,a756a7acb8cd87a6b6ceefbbaac361c16e5169d9bbd533f9f895c47ee427e4a4,03_INVESTIGATIONS/03_NORMALIZED_BY_ID/INV-029/INV-029_INVESTIGATION.md,COPIED
INV-029,INV-029_RUN_STATE.json,expanded:INV-029_R3P1_CANONICAL_6_FILES.zip,/mnt/data/DEMOCRACY_INFLUENCE_MASTER_EVIDENCE_BUNDLE_2026-09-11/03_INVESTIGATIONS/02_EXPANDED_ARCHIVES/INV-029_R3P1_CANONICAL_6_FILES/INV-029_RUN_STATE.json,df8b974eade459d891ea0dd6ad97d75b8958bcf756ffa8c53fbc243f424527b3,03_INVESTIGATIONS/03_NORMALIZED_BY_ID/INV-029/INV-029_RUN_STATE.json,COPIED
INV-029,INV-029_INPUT.md,expanded:INV-029_R3P1_CANONICAL_6_FILES.zip,/mnt/data/DEMOCRACY_INFLUENCE_MASTER_EVIDENCE_BUNDLE_2026-09-11/03_INVESTIGATIONS/02_EXPANDED_ARCHIVES/INV-029_R3P1_CANONICAL_6_FILES/INV-029_INPUT.md,bb895ca7ed1503e067d8d03c404ed25bdc7b0e1a36188cf992bf27e639818609,03_INVESTIGATIONS/03_NORMALIZED_BY_ID/INV-029/INV-029_RUN_CARD.md,DUPLICATE_SHA
INV-029,INV-029_CERTIFICATION.json,expanded:INV-029_R3P1_CANONICAL_6_FILES.zip,/mnt/data/DEMOCRACY_INFLUENCE_MASTER_EVIDENCE_BUNDLE_2026-09-11/03_INVESTIGATIONS/02_EXPANDED_ARCHIVES/INV-029_R3P1_CANONICAL_6_FILES/INV-029_CERTIFICATION.json,350549bae178bc1492ce1d38167be42f2e9e5caa9c4e1bbd9e00af036cd2694b,03_INVESTIGATIONS/03_NORMALIZED_BY_ID/INV-029/INV-029_CERTIFICATION.json,COPIED
INV-029,INV-029_NARRATIVE.tmp.md,expanded:INV-029_R3P1_CANONICAL_6_FILES.zip,/mnt/data/DEMOCRACY_INFLUENCE_MASTER_EVIDENCE_BUNDLE_2026-09-11/03_INVESTIGATIONS/02_EXPANDED_ARCHIVES/INV-029_R3P1_CANONICAL_6_FILES/INV-029_NARRATIVE.tmp.md,36672a921e5bdb74b8de23c19f707c27dc43ae86fcef55e8d2a632a3aed0efe9,03_INVESTIGATIONS/03_NORMALIZED_BY_ID/INV-029/INV-029_NARRATIVE_SOURCE.md,DUPLICATE_SHA
INV-045,INV-045_INVESTIGATION.md,expanded:INV-045_BUNDLE.zip,/mnt/data/DEMOCRACY_INFLUENCE_MASTER_EVIDENCE_BUNDLE_2026-09-11/03_INVESTIGATIONS/02_EXPANDED_ARCHIVES/INV-045_BUNDLE/INV-045_INVESTIGATION.md,11719a5534ab5311558ddcc7437165c91257d7f87ca76941463f4d2988565ed1,03_INVESTIGATIONS/03_NORMALIZED_BY_ID/INV-045/INV-045.md,DUPLICATE_SHA
INV-045,INV-045_DELIVERY_GATE.log,expanded:INV-045_BUNDLE.zip,/mnt/data/DEMOCRACY_INFLUENCE_MASTER_EVIDENCE_BUNDLE_2026-09-11/03_INVESTIGATIONS/02_EXPANDED_ARCHIVES/INV-045_BUNDLE/INV-045_DELIVERY_GATE.log,b7b22c4a4fb103600a1ac5ef1e693b1935c2793129543c5a14e28ddc65bcb09d,03_INVESTIGATIONS/03_NORMALIZED_BY_ID/INV-045/INV-045_DELIVERY_GATE.log,COPIED
INV-045,INV-045_PRE_GATE.log,expanded:INV-045_BUNDLE.zip,/mnt/data/DEMOCRACY_INFLUENCE_MASTER_EVIDENCE_BUNDLE_2026-09-11/03_INVESTIGATIONS/02_EXPANDED_ARCHIVES/INV-045_BUNDLE/INV-045_PRE_GATE.log,988672cb5e14915b243bb6cd446b96660faed67fe753cf07f043f6d22f3b4b31,03_INVESTIGATIONS/03_NORMALIZED_BY_ID/INV-045/INV-045_PRE_GATE.log,COPIED
INV-045,INV-045_RUN_STATE.json,expanded:INV-045_BUNDLE.zip,/mnt/data/DEMOCRACY_INFLUENCE_MASTER_EVIDENCE_BUNDLE_2026-09-11/03_INVESTIGATIONS/02_EXPANDED_ARCHIVES/INV-045_BUNDLE/INV-045_RUN_STATE.json,9b50b47fc50c99164356f7f93027aa8b3e515bc56db3520d9d01432fe5f32927,03_INVESTIGATIONS/03_NORMALIZED_BY_ID/INV-045/INV-045_RUN_STATE.json,COPIED
INV-045,INV-045_POST_RUN_REVIEW.md,expanded:INV-045_BUNDLE.zip,/mnt/data/DEMOCRACY_INFLUENCE_MASTER_EVIDENCE_BUNDLE_2026-09-11/03_INVESTIGATIONS/02_EXPANDED_ARCHIVES/INV-045_BUNDLE/INV-045_POST_RUN_REVIEW.md,fee5916e8afa9077298c8bf590f56d9bfdf3d2c3508de50da18118004bd71f66,03_INVESTIGATIONS/03_NORMALIZED_BY_ID/INV-045/INV-045_POST_RUN_REVIEW.md,COPIED
INV-045,INV-045_MNEMO_SNAPSHOT.json,expanded:INV-045_BUNDLE.zip,/mnt/data/DEMOCRACY_INFLUENCE_MASTER_EVIDENCE_BUNDLE_2026-09-11/03_INVESTIGATIONS/02_EXPANDED_ARCHIVES/INV-045_BUNDLE/INV-045_MNEMO_SNAPSHOT.json,ced877c6a6126dd479737d53bb432075cd0b9fda5aa30bfde50adeffc349c858,03_INVESTIGATIONS/03_NORMALIZED_BY_ID/INV-045/INV-045_MNEMO_SNAPSHOT.json,COPIED
INV-045,INV-045_RUN_HANDOFF.md,expanded:INV-045_BUNDLE.zip,/mnt/data/DEMOCRACY_INFLUENCE_MASTER_EVIDENCE_BUNDLE_2026-09-11/03_INVESTIGATIONS/02_EXPANDED_ARCHIVES/INV-045_BUNDLE/INV-045_RUN_HANDOFF.md,dceb321e6ed9d0f0e13be5d6cd7a12cfacbdda929b2ec10c0a83eaa70088cc01,03_INVESTIGATIONS/03_NORMALIZED_BY_ID/INV-045/INV-045_RUN_HANDOFF.md,DUPLICATE_SHA
INV-045,INV-045_CERTIFICATION.json,expanded:INV-045_BUNDLE.zip,/mnt/data/DEMOCRACY_INFLUENCE_MASTER_EVIDENCE_BUNDLE_2026-09-11/03_INVESTIGATIONS/02_EXPANDED_ARCHIVES/INV-045_BUNDLE/INV-045_CERTIFICATION.json,b7b22c4a4fb103600a1ac5ef1e693b1935c2793129543c5a14e28ddc65bcb09d,03_INVESTIGATIONS/03_NORMALIZED_BY_ID/INV-045/INV-045_DELIVERY_GATE.log,DUPLICATE_SHA
INV-045,INV-045_SHA256.txt,expanded:INV-045_BUNDLE.zip,/mnt/data/DEMOCRACY_INFLUENCE_MASTER_EVIDENCE_BUNDLE_2026-09-11/03_INVESTIGATIONS/02_EXPANDED_ARCHIVES/INV-045_BUNDLE/INV-045_SHA256.txt,e4370fc2610d3cfdd6baf556efb2a8953707b64c054e6335e55c1565dddddb13,03_INVESTIGATIONS/03_NORMALIZED_BY_ID/INV-045/INV-045_SHA256.txt,COPIED
INV-045,INV-045_INPUT.txt,expanded:INV-045_BUNDLE.zip,/mnt/data/DEMOCRACY_INFLUENCE_MASTER_EVIDENCE_BUNDLE_2026-09-11/03_INVESTIGATIONS/02_EXPANDED_ARCHIVES/INV-045_BUNDLE/INV-045_INPUT.txt,3352149804cd10c0abdbdb46dae53fdeda1e1a8fe2b9c9c892373cbf4efd092b,03_INVESTIGATIONS/03_NORMALIZED_BY_ID/INV-045/INV-045_INPUT.txt,COPIED
INV-045,INV-045_RUN_CARD.md,expanded:INV-045_BUNDLE.zip,/mnt/data/DEMOCRACY_INFLUENCE_MASTER_EVIDENCE_BUNDLE_2026-09-11/03_INVESTIGATIONS/02_EXPANDED_ARCHIVES/INV-045_BUNDLE/INV-045_RUN_CARD.md,ab8091f1c107be8c90c46321ffd48f22b8cd0201977fe2c5b8886d38af57483e,03_INVESTIGATIONS/03_NORMALIZED_BY_ID/INV-045/INV-045_RUN_CARD.md,COPIED
INV-045,INV-045_NARRATIVE.tmp.md,expanded:INV-045_BUNDLE.zip,/mnt/data/DEMOCRACY_INFLUENCE_MASTER_EVIDENCE_BUNDLE_2026-09-11/03_INVESTIGATIONS/02_EXPANDED_ARCHIVES/INV-045_BUNDLE/INV-045_NARRATIVE.tmp.md,9942e8c135f1ee06a67b59bbe583e8e0a2169a073f45d8a051492592c3366deb,03_INVESTIGATIONS/03_NORMALIZED_BY_ID/INV-045/INV-045_NARRATIVE.tmp.md,COPIED
INV-056,2026-09-08_12-29_astroturfing-front-groups_INVESTIGATION.md,expanded:INV-056_R3P1_CANONICAL_6_FILES.zip,/mnt/data/DEMOCRACY_INFLUENCE_MASTER_EVIDENCE_BUNDLE_2026-09-11/03_INVESTIGATIONS/02_EXPANDED_ARCHIVES/INV-056_R3P1_CANONICAL_6_FILES/2026-09-08_12-29_astroturfing-front-groups_INVESTIGATION.md,4fbd7a982c108b2e4ff0fc88cbf81aa2f0b7c0078a1a7acf9e6c209579a1ea15,03_INVESTIGATIONS/03_NORMALIZED_BY_ID/INV-056/INV-056.md,DUPLICATE_SHA
INV-056,2026-09-08_12-29_astroturfing-front-groups_NARRATIVE.tmp.md,expanded:INV-056_R3P1_CANONICAL_6_FILES.zip,/mnt/data/DEMOCRACY_INFLUENCE_MASTER_EVIDENCE_BUNDLE_2026-09-11/03_INVESTIGATIONS/02_EXPANDED_ARCHIVES/INV-056_R3P1_CANONICAL_6_FILES/2026-09-08_12-29_astroturfing-front-groups_NARRATIVE.tmp.md,21c58d7df692221b54cc8cc01a68280023c6f0b50f622ca8f0b467269ef30fcd,03_INVESTIGATIONS/03_NORMALIZED_BY_ID/INV-056/2026-09-08_12-29_astroturfing-front-groups_NARRATIVE.tmp.md,COPIED
INV-056,2026-09-08_12-29_astroturfing-front-groups_INPUT.md,expanded:INV-056_R3P1_CANONICAL_6_FILES.zip,/mnt/data/DEMOCRACY_INFLUENCE_MASTER_EVIDENCE_BUNDLE_2026-09-11/03_INVESTIGATIONS/02_EXPANDED_ARCHIVES/INV-056_R3P1_CANONICAL_6_FILES/2026-09-08_12-29_astroturfing-front-groups_INPUT.md,6694f6b5b99fd0f06e0f003a2f706b59279bb8d902afd9b713b2698b02c130f7,03_INVESTIGATIONS/03_NORMALIZED_BY_ID/INV-056/2026-09-08_12-29_astroturfing-front-groups_INPUT.md,COPIED
INV-056,2026-09-08_12-29_astroturfing-front-groups_RUN_STATE.json,expanded:INV-056_R3P1_CANONICAL_6_FILES.zip,/mnt/data/DEMOCRACY_INFLUENCE_MASTER_EVIDENCE_BUNDLE_2026-09-11/03_INVESTIGATIONS/02_EXPANDED_ARCHIVES/INV-056_R3P1_CANONICAL_6_FILES/2026-09-08_12-29_astroturfing-front-groups_RUN_STATE.json,40e5985e374bf9570d1a0c00a194b354cc7293c91d8eb318b130c9e43caddf16,03_INVESTIGATIONS/03_NORMALIZED_BY_ID/INV-056/2026-09-08_12-29_astroturfing-front-groups_RUN_STATE.json,COPIED
INV-056,2026-09-08_12-29_astroturfing-front-groups_CERTIFICATION.json,expanded:INV-056_R3P1_CANONICAL_6_FILES.zip,/mnt/data/DEMOCRACY_INFLUENCE_MASTER_EVIDENCE_BUNDLE_2026-09-11/03_INVESTIGATIONS/02_EXPANDED_ARCHIVES/INV-056_R3P1_CANONICAL_6_FILES/2026-09-08_12-29_astroturfing-front-groups_CERTIFICATION.json,256aa5d2fd96a2e7f3fed4315051994e3c0783913c57807257795f722aaa0834,03_INVESTIGATIONS/03_NORMALIZED_BY_ID/INV-056/2026-09-08_12-29_astroturfing-front-groups_CERTIFICATION.json,COPIED
INV-056,2026-09-08_12-29_astroturfing-front-groups_MNEMO_SNAPSHOT.json,expanded:INV-056_R3P1_CANONICAL_6_FILES.zip,/mnt/data/DEMOCRACY_INFLUENCE_MASTER_EVIDENCE_BUNDLE_2026-09-11/03_INVESTIGATIONS/02_EXPANDED_ARCHIVES/INV-056_R3P1_CANONICAL_6_FILES/2026-09-08_12-29_astroturfing-front-groups_MNEMO_SNAPSHOT.json,e7b82b68e1d7caea680d5e944eeaed4e5b8744fe4f5f8cb6195cb1734c87cd5f,03_INVESTIGATIONS/03_NORMALIZED_BY_ID/INV-056/2026-09-08_12-29_astroturfing-front-groups_MNEMO_SNAPSHOT.json,COPIED
INV-078,2026-09-08_07-00_fonds-marianne_INPUT.md,expanded:INV-078_R3P1_CANONICAL_6_FILES.zip,/mnt/data/DEMOCRACY_INFLUENCE_MASTER_EVIDENCE_BUNDLE_2026-09-11/03_INVESTIGATIONS/02_EXPANDED_ARCHIVES/INV-078_R3P1_CANONICAL_6_FILES/2026-09-08_07-00_fonds-marianne_INPUT.md,75b9badcc0213b8e5a03de12764cfe3d4cd253b79dcca8320ac5050444ee0a56,03_INVESTIGATIONS/03_NORMALIZED_BY_ID/INV-078/2026-09-08_07-00_fonds-marianne_INPUT.md,COPIED
INV-078,2026-09-08_07-00_fonds-marianne_INVESTIGATION.md,expanded:INV-078_R3P1_CANONICAL_6_FILES.zip,/mnt/data/DEMOCRACY_INFLUENCE_MASTER_EVIDENCE_BUNDLE_2026-09-11/03_INVESTIGATIONS/02_EXPANDED_ARCHIVES/INV-078_R3P1_CANONICAL_6_FILES/2026-09-08_07-00_fonds-marianne_INVESTIGATION.md,1e703106ee58db200596d10a8d55b9f0c9ed2c72e586d3313a6fe1680c4874ab,03_INVESTIGATIONS/03_NORMALIZED_BY_ID/INV-078/INV-078.md,DUPLICATE_SHA
INV-078,2026-09-08_07-00_fonds-marianne_MNEMO_SNAPSHOT.json,expanded:INV-078_R3P1_CANONICAL_6_FILES.zip,/mnt/data/DEMOCRACY_INFLUENCE_MASTER_EVIDENCE_BUNDLE_2026-09-11/03_INVESTIGATIONS/02_EXPANDED_ARCHIVES/INV-078_R3P1_CANONICAL_6_FILES/2026-09-08_07-00_fonds-marianne_MNEMO_SNAPSHOT.json,16525e65f5fe89a94831220efe754c40ee3cb513e8e3d2a6e6fe13bf5c866761,03_INVESTIGATIONS/03_NORMALIZED_BY_ID/INV-078/2026-09-08_07-00_fonds-marianne_MNEMO_SNAPSHOT.json,COPIED
INV-078,2026-09-08_07-00_fonds-marianne_CERTIFICATION.json,expanded:INV-078_R3P1_CANONICAL_6_FILES.zip,/mnt/data/DEMOCRACY_INFLUENCE_MASTER_EVIDENCE_BUNDLE_2026-09-11/03_INVESTIGATIONS/02_EXPANDED_ARCHIVES/INV-078_R3P1_CANONICAL_6_FILES/2026-09-08_07-00_fonds-marianne_CERTIFICATION.json,5822125a30ab2e96a264972b0a376da4edb87068f4788b9ab09f7944f11a3846,03_INVESTIGATIONS/03_NORMALIZED_BY_ID/INV-078/2026-09-08_07-00_fonds-marianne_CERTIFICATION.json,COPIED
INV-078,2026-09-08_07-00_fonds-marianne_RUN_STATE.json,expanded:INV-078_R3P1_CANONICAL_6_FILES.zip,/mnt/data/DEMOCRACY_INFLUENCE_MASTER_EVIDENCE_BUNDLE_2026-09-11/03_INVESTIGATIONS/02_EXPANDED_ARCHIVES/INV-078_R3P1_CANONICAL_6_FILES/2026-09-08_07-00_fonds-marianne_RUN_STATE.json,25c26e7166002f4907dff6cd802036965a28104dcde170d7f89856c6d24ea9d8,03_INVESTIGATIONS/03_NORMALIZED_BY_ID/INV-078/2026-09-08_07-00_fonds-marianne_RUN_STATE.json,COPIED
INV-078,2026-09-08_07-00_fonds-marianne_NARRATIVE.tmp.md,expanded:INV-078_R3P1_CANONICAL_6_FILES.zip,/mnt/data/DEMOCRACY_INFLUENCE_MASTER_EVIDENCE_BUNDLE_2026-09-11/03_INVESTIGATIONS/02_EXPANDED_ARCHIVES/INV-078_R3P1_CANONICAL_6_FILES/2026-09-08_07-00_fonds-marianne_NARRATIVE.tmp.md,34043353863c976a1e87f2b24ff86b30735d7499f4bba7c3254cd082c4c277e3,03_INVESTIGATIONS/03_NORMALIZED_BY_ID/INV-078/2026-09-08_07-00_fonds-marianne_NARRATIVE.tmp.md,COPIED
INV-079,INV-079_INVESTIGATION.md,expanded:INV-079_BUNDLE.zip,/mnt/data/DEMOCRACY_INFLUENCE_MASTER_EVIDENCE_BUNDLE_2026-09-11/03_INVESTIGATIONS/02_EXPANDED_ARCHIVES/INV-079_BUNDLE/INV-079_INVESTIGATION.md,b90328704e2b7534bef5581a5eb46718489cf29521cc17ee4a118d75cd2c4a3f,03_INVESTIGATIONS/03_NORMALIZED_BY_ID/INV-079/INV-079.md,DUPLICATE_SHA
INV-079,INV-079_MNEMO_SNAPSHOT.json,expanded:INV-079_BUNDLE.zip,/mnt/data/DEMOCRACY_INFLUENCE_MASTER_EVIDENCE_BUNDLE_2026-09-11/03_INVESTIGATIONS/02_EXPANDED_ARCHIVES/INV-079_BUNDLE/INV-079_MNEMO_SNAPSHOT.json,4bd568e55934d3df92368494a6f28ba5f3831716e0b3fbeb0c08e13ace1ac256,03_INVESTIGATIONS/03_NORMALIZED_BY_ID/INV-079/INV-079_MNEMO_SNAPSHOT.json,COPIED
INV-079,INV-079_PRE_GATE.log,expanded:INV-079_BUNDLE.zip,/mnt/data/DEMOCRACY_INFLUENCE_MASTER_EVIDENCE_BUNDLE_2026-09-11/03_INVESTIGATIONS/02_EXPANDED_ARCHIVES/INV-079_BUNDLE/INV-079_PRE_GATE.log,1520784957cc870ee02033cc2cdc82394cdd601e79fdbb76235bd22b6cf62506,03_INVESTIGATIONS/03_NORMALIZED_BY_ID/INV-079/INV-079_PRE_GATE.log,COPIED
INV-079,INV-079_RUN_HANDOFF.md,expanded:INV-079_BUNDLE.zip,/mnt/data/DEMOCRACY_INFLUENCE_MASTER_EVIDENCE_BUNDLE_2026-09-11/03_INVESTIGATIONS/02_EXPANDED_ARCHIVES/INV-079_BUNDLE/INV-079_RUN_HANDOFF.md,347ac9fc7596619782f4070151be540e793026e2bdc45325ce901139304a87d6,03_INVESTIGATIONS/03_NORMALIZED_BY_ID/INV-079/INV-079_RUN_HANDOFF.md,COPIED
INV-079,INV-079_SHA256.txt,expanded:INV-079_BUNDLE.zip,/mnt/data/DEMOCRACY_INFLUENCE_MASTER_EVIDENCE_BUNDLE_2026-09-11/03_INVESTIGATIONS/02_EXPANDED_ARCHIVES/INV-079_BUNDLE/INV-079_SHA256.txt,0fb22b397c04c2acd2824dc7cf43eb5e8e570e732d2e49a5882a63471ee40cad,03_INVESTIGATIONS/03_NORMALIZED_BY_ID/INV-079/INV-079_SHA256.txt,COPIED
INV-079,INV-079_DELIVERY_GATE.log,expanded:INV-079_BUNDLE.zip,/mnt/data/DEMOCRACY_INFLUENCE_MASTER_EVIDENCE_BUNDLE_2026-09-11/03_INVESTIGATIONS/02_EXPANDED_ARCHIVES/INV-079_BUNDLE/INV-079_DELIVERY_GATE.log,5aca4f302677e19f7526d3bf6bdfdaa233ef9da429d996b482eae69d66a86320,03_INVESTIGATIONS/03_NORMALIZED_BY_ID/INV-079/INV-079_DELIVERY_GATE.log,COPIED
INV-079,INV-079_POST_RUN_REVIEW.md,expanded:INV-079_BUNDLE.zip,/mnt/data/DEMOCRACY_INFLUENCE_MASTER_EVIDENCE_BUNDLE_2026-09-11/03_INVESTIGATIONS/02_EXPANDED_ARCHIVES/INV-079_BUNDLE/INV-079_POST_RUN_REVIEW.md,3535ed3d7e43cd434b28bc9eb6ea4d4938e9e60d55e3dc6ae19034dd236820b7,03_INVESTIGATIONS/03_NORMALIZED_BY_ID/INV-079/INV-079_POST_RUN_REVIEW.md,COPIED
INV-079,INV-079_CERTIFICATION.json,expanded:INV-079_BUNDLE.zip,/mnt/data/DEMOCRACY_INFLUENCE_MASTER_EVIDENCE_BUNDLE_2026-09-11/03_INVESTIGATIONS/02_EXPANDED_ARCHIVES/INV-079_BUNDLE/INV-079_CERTIFICATION.json,5aca4f302677e19f7526d3bf6bdfdaa233ef9da429d996b482eae69d66a86320,03_INVESTIGATIONS/03_NORMALIZED_BY_ID/INV-079/INV-079_DELIVERY_GATE.log,DUPLICATE_SHA
INV-079,INV-079_NARRATIVE.tmp.md,expanded:INV-079_BUNDLE.zip,/mnt/data/DEMOCRACY_INFLUENCE_MASTER_EVIDENCE_BUNDLE_2026-09-11/03_INVESTIGATIONS/02_EXPANDED_ARCHIVES/INV-079_BUNDLE/INV-079_NARRATIVE.tmp.md,5dfecd62e1019b4ddbdfb1f3174ed11c7fec8e880f41514cd3cd9ee5aa305dce,03_INVESTIGATIONS/03_NORMALIZED_BY_ID/INV-079/INV-079_NARRATIVE.tmp.md,COPIED
INV-079,INV-079_RUN_CARD.md,expanded:INV-079_BUNDLE.zip,/mnt/data/DEMOCRACY_INFLUENCE_MASTER_EVIDENCE_BUNDLE_2026-09-11/03_INVESTIGATIONS/02_EXPANDED_ARCHIVES/INV-079_BUNDLE/INV-079_RUN_CARD.md,b5f6ad29fc1b5c9ce708f74915f40e558dd3abc474fb51d7b4849353a02d3db1,03_INVESTIGATIONS/03_NORMALIZED_BY_ID/INV-079/INV-079_RUN_CARD.md,COPIED
INV-079,INV-079_RUN_STATE.json,expanded:INV-079_BUNDLE.zip,/mnt/data/DEMOCRACY_INFLUENCE_MASTER_EVIDENCE_BUNDLE_2026-09-11/03_INVESTIGATIONS/02_EXPANDED_ARCHIVES/INV-079_BUNDLE/INV-079_RUN_STATE.json,3aa71b46193a067502c2c456d85f70408d9fb92157c3a1dc5708e0e8e657a327,03_INVESTIGATIONS/03_NORMALIZED_BY_ID/INV-079/INV-079_RUN_STATE.json,COPIED
INV-079,INV-079_INPUT.txt,expanded:INV-079_BUNDLE.zip,/mnt/data/DEMOCRACY_INFLUENCE_MASTER_EVIDENCE_BUNDLE_2026-09-11/03_INVESTIGATIONS/02_EXPANDED_ARCHIVES/INV-079_BUNDLE/INV-079_INPUT.txt,b5f6ad29fc1b5c9ce708f74915f40e558dd3abc474fb51d7b4849353a02d3db1,03_INVESTIGATIONS/03_NORMALIZED_BY_ID/INV-079/INV-079_RUN_CARD.md,DUPLICATE_SHA
INV-080,INV-080_SHA256.txt,expanded:INV-080_BUNDLE.zip,/mnt/data/DEMOCRACY_INFLUENCE_MASTER_EVIDENCE_BUNDLE_2026-09-11/03_INVESTIGATIONS/02_EXPANDED_ARCHIVES/INV-080_BUNDLE/INV-080_SHA256.txt,053290c39a8af615d202f44294a7a73b15e6de6bce251668229594ef257b3e13,03_INVESTIGATIONS/03_NORMALIZED_BY_ID/INV-080/INV-080_SHA256.txt,COPIED
INV-080,INV-080_RUN_HANDOFF.md,expanded:INV-080_BUNDLE.zip,/mnt/data/DEMOCRACY_INFLUENCE_MASTER_EVIDENCE_BUNDLE_2026-09-11/03_INVESTIGATIONS/02_EXPANDED_ARCHIVES/INV-080_BUNDLE/INV-080_RUN_HANDOFF.md,fdcb8afe0233186f15b7fbb8a1c3e157a3cb255078cc5423eed8c477f989a355,03_INVESTIGATIONS/03_NORMALIZED_BY_ID/INV-080/INV-080_RUN_HANDOFF.md,COPIED
INV-080,INV-080_INPUT.txt,expanded:INV-080_BUNDLE.zip,/mnt/data/DEMOCRACY_INFLUENCE_MASTER_EVIDENCE_BUNDLE_2026-09-11/03_INVESTIGATIONS/02_EXPANDED_ARCHIVES/INV-080_BUNDLE/INV-080_INPUT.txt,7ccd71bcdf45263c7885989fcddf53e4a42dd205d30e473b74ee60fdc701fe36,03_INVESTIGATIONS/03_NORMALIZED_BY_ID/INV-080/INV-080_INPUT.txt,COPIED
INV-080,INV-080_RUN_STATE.json,expanded:INV-080_BUNDLE.zip,/mnt/data/DEMOCRACY_INFLUENCE_MASTER_EVIDENCE_BUNDLE_2026-09-11/03_INVESTIGATIONS/02_EXPANDED_ARCHIVES/INV-080_BUNDLE/INV-080_RUN_STATE.json,d16418e9938e30ac6ba15c4da9603cc5141a538b218a58b5d0c61d39aea8e039,03_INVESTIGATIONS/03_NORMALIZED_BY_ID/INV-080/INV-080_RUN_STATE.json,COPIED
INV-080,INV-080_CERTIFICATION.json,expanded:INV-080_BUNDLE.zip,/mnt/data/DEMOCRACY_INFLUENCE_MASTER_EVIDENCE_BUNDLE_2026-09-11/03_INVESTIGATIONS/02_EXPANDED_ARCHIVES/INV-080_BUNDLE/INV-080_CERTIFICATION.json,1256fdf06f97a4ea778aa2135c2161b09905547ebca2cdaebc8558b8b95c1097,03_INVESTIGATIONS/03_NORMALIZED_BY_ID/INV-080/INV-080_CERTIFICATION.json,COPIED
INV-080,INV-080_RUN_CARD.md,expanded:INV-080_BUNDLE.zip,/mnt/data/DEMOCRACY_INFLUENCE_MASTER_EVIDENCE_BUNDLE_2026-09-11/03_INVESTIGATIONS/02_EXPANDED_ARCHIVES/INV-080_BUNDLE/INV-080_RUN_CARD.md,7ccd71bcdf45263c7885989fcddf53e4a42dd205d30e473b74ee60fdc701fe36,03_INVESTIGATIONS/03_NORMALIZED_BY_ID/INV-080/INV-080_INPUT.txt,DUPLICATE_SHA
INV-080,INV-080_MNEMO_SNAPSHOT.json,expanded:INV-080_BUNDLE.zip,/mnt/data/DEMOCRACY_INFLUENCE_MASTER_EVIDENCE_BUNDLE_2026-09-11/03_INVESTIGATIONS/02_EXPANDED_ARCHIVES/INV-080_BUNDLE/INV-080_MNEMO_SNAPSHOT.json,0a4b003f184e29a6c64b90ef046623cbc9bc44e1807cebabd439f08a4faf77fe,03_INVESTIGATIONS/03_NORMALIZED_BY_ID/INV-080/INV-080_MNEMO_SNAPSHOT.json,COPIED
INV-080,INV-080_INVESTIGATION.md,expanded:INV-080_BUNDLE.zip,/mnt/data/DEMOCRACY_INFLUENCE_MASTER_EVIDENCE_BUNDLE_2026-09-11/03_INVESTIGATIONS/02_EXPANDED_ARCHIVES/INV-080_BUNDLE/INV-080_INVESTIGATION.md,87bf847d71fc42c2097ebaaf7ad911d3b060008b8f21c688983c7c9b79f59c22,03_INVESTIGATIONS/03_NORMALIZED_BY_ID/INV-080/INV-080.md,DUPLICATE_SHA
INV-080,INV-080_DELIVERY_GATE.log,expanded:INV-080_BUNDLE.zip,/mnt/data/DEMOCRACY_INFLUENCE_MASTER_EVIDENCE_BUNDLE_2026-09-11/03_INVESTIGATIONS/02_EXPANDED_ARCHIVES/INV-080_BUNDLE/INV-080_DELIVERY_GATE.log,1256fdf06f97a4ea778aa2135c2161b09905547ebca2cdaebc8558b8b95c1097,03_INVESTIGATIONS/03_NORMALIZED_BY_ID/INV-080/INV-080_CERTIFICATION.json,DUPLICATE_SHA
INV-080,INV-080_PRE_GATE.log,expanded:INV-080_BUNDLE.zip,/mnt/data/DEMOCRACY_INFLUENCE_MASTER_EVIDENCE_BUNDLE_2026-09-11/03_INVESTIGATIONS/02_EXPANDED_ARCHIVES/INV-080_BUNDLE/INV-080_PRE_GATE.log,a1d879b8f34b3626f219e6aeed2b67d0ab7c2a7a2d972dd094cf8de0d583fd95,03_INVESTIGATIONS/03_NORMALIZED_BY_ID/INV-080/INV-080_PRE_GATE.log,COPIED
INV-080,INV-080_POST_RUN_REVIEW.md,expanded:INV-080_BUNDLE.zip,/mnt/data/DEMOCRACY_INFLUENCE_MASTER_EVIDENCE_BUNDLE_2026-09-11/03_INVESTIGATIONS/02_EXPANDED_ARCHIVES/INV-080_BUNDLE/INV-080_POST_RUN_REVIEW.md,26d8a67e8e0a731d6d7b7d70e687206ade876e61149583080a8b4159129aeb7e,03_INVESTIGATIONS/03_NORMALIZED_BY_ID/INV-080/INV-080_POST_RUN_REVIEW.md,COPIED
INV-080,INV-080_NARRATIVE.tmp.md,expanded:INV-080_BUNDLE.zip,/mnt/data/DEMOCRACY_INFLUENCE_MASTER_EVIDENCE_BUNDLE_2026-09-11/03_INVESTIGATIONS/02_EXPANDED_ARCHIVES/INV-080_BUNDLE/INV-080_NARRATIVE.tmp.md,447c897808778a9e8c069fa974e4f63b55f7d8e2950d27c978585bc2db197d4d,03_INVESTIGATIONS/03_NORMALIZED_BY_ID/INV-080/INV-080_NARRATIVE.tmp.md,COPIED
INV-082,INV-082_CONTRACT_REPAIR.md,expanded:INV-082_SYNTHESIS_BUNDLE.zip,/mnt/data/DEMOCRACY_INFLUENCE_MASTER_EVIDENCE_BUNDLE_2026-09-11/03_INVESTIGATIONS/02_EXPANDED_ARCHIVES/INV-082_SYNTHESIS_BUNDLE/INV-082_CONTRACT_REPAIR.md,19aa0e9e1873f62c2ac7e0383a29a288fd03b27fd2aaed13d135e10ace78b44b,03_INVESTIGATIONS/03_NORMALIZED_BY_ID/INV-082/INV-082_CONTRACT_REPAIR.md,COPIED
INV-082,INV-082_RUN_HANDOFF.md,expanded:INV-082_SYNTHESIS_BUNDLE.zip,/mnt/data/DEMOCRACY_INFLUENCE_MASTER_EVIDENCE_BUNDLE_2026-09-11/03_INVESTIGATIONS/02_EXPANDED_ARCHIVES/INV-082_SYNTHESIS_BUNDLE/INV-082_RUN_HANDOFF.md,7aed8e1661ed1ab92911f9efdbdb881c2925551d92f1e3282bd39cbd7fcf10ee,03_INVESTIGATIONS/03_NORMALIZED_BY_ID/INV-082/INV-082_RUN_HANDOFF.md,DUPLICATE_SHA
INV-082,INV-082_SYNTHESIS_CARD.md,expanded:INV-082_SYNTHESIS_BUNDLE.zip,/mnt/data/DEMOCRACY_INFLUENCE_MASTER_EVIDENCE_BUNDLE_2026-09-11/03_INVESTIGATIONS/02_EXPANDED_ARCHIVES/INV-082_SYNTHESIS_BUNDLE/INV-082_SYNTHESIS_CARD.md,19e08677aa3b54f187e98a00dc86222a1ed354148b4f8933362d9158cf371fa3,03_INVESTIGATIONS/03_NORMALIZED_BY_ID/INV-082/INV-082_SYNTHESIS_CARD.md,COPIED
INV-082,INV-082_SHA256.txt,expanded:INV-082_SYNTHESIS_BUNDLE.zip,/mnt/data/DEMOCRACY_INFLUENCE_MASTER_EVIDENCE_BUNDLE_2026-09-11/03_INVESTIGATIONS/02_EXPANDED_ARCHIVES/INV-082_SYNTHESIS_BUNDLE/INV-082_SHA256.txt,eb5ca3a61d9839ff7125f55060c7307305ba5c3574c08f579e8d90acbb08f9ce,03_INVESTIGATIONS/03_NORMALIZED_BY_ID/INV-082/INV-082_SHA256.txt,COPIED
INV-082,INV-082_SYNTHESIS_INPUT_GATE.md,expanded:INV-082_SYNTHESIS_BUNDLE.zip,/mnt/data/DEMOCRACY_INFLUENCE_MASTER_EVIDENCE_BUNDLE_2026-09-11/03_INVESTIGATIONS/02_EXPANDED_ARCHIVES/INV-082_SYNTHESIS_BUNDLE/INV-082_SYNTHESIS_INPUT_GATE.md,f508a80a389d659e8acdc51e0e15ed91ce209ef3938d3bb617e2be745938b023,03_INVESTIGATIONS/03_NORMALIZED_BY_ID/INV-082/INV-082_SYNTHESIS_INPUT_GATE.md,COPIED
INV-082,INV-082_POST_RUN_REVIEW.md,expanded:INV-082_SYNTHESIS_BUNDLE.zip,/mnt/data/DEMOCRACY_INFLUENCE_MASTER_EVIDENCE_BUNDLE_2026-09-11/03_INVESTIGATIONS/02_EXPANDED_ARCHIVES/INV-082_SYNTHESIS_BUNDLE/INV-082_POST_RUN_REVIEW.md,6265469d7939a161d7703a15f6dd182fa4981c7dbc6338e055ab2e4bcd65ed4a,03_INVESTIGATIONS/03_NORMALIZED_BY_ID/INV-082/INV-082_POST_RUN_REVIEW.md,COPIED
INV-082,INV-082_SYNTHESIS.md,expanded:INV-082_SYNTHESIS_BUNDLE.zip,/mnt/data/DEMOCRACY_INFLUENCE_MASTER_EVIDENCE_BUNDLE_2026-09-11/03_INVESTIGATIONS/02_EXPANDED_ARCHIVES/INV-082_SYNTHESIS_BUNDLE/INV-082_SYNTHESIS.md,c9b3824143ca02980d5798b273f3c329bf12beccb492fdb56ea6fa1ef06a0dcd,03_INVESTIGATIONS/03_NORMALIZED_BY_ID/INV-082/INV-082.md,DUPLICATE_SHA
INV-082,INV-082_CERTIFICATION.json,expanded:INV-082_SYNTHESIS_BUNDLE.zip,/mnt/data/DEMOCRACY_INFLUENCE_MASTER_EVIDENCE_BUNDLE_2026-09-11/03_INVESTIGATIONS/02_EXPANDED_ARCHIVES/INV-082_SYNTHESIS_BUNDLE/INV-082_CERTIFICATION.json,9da1cb211570bfd4c03f69c01557cff998aeea60614fe7d89a166ac5ee8a597e,03_INVESTIGATIONS/03_NORMALIZED_BY_ID/INV-082/INV-082_CERTIFICATION.json,COPIED
INV-085,2026-09-08_01-02_editorial-selection_MNEMO_SNAPSHOT.json,expanded:INV-085_R3P1_CANONICAL_6_FILES.zip,/mnt/data/DEMOCRACY_INFLUENCE_MASTER_EVIDENCE_BUNDLE_2026-09-11/03_INVESTIGATIONS/02_EXPANDED_ARCHIVES/INV-085_R3P1_CANONICAL_6_FILES/2026-09-08_01-02_editorial-selection_MNEMO_SNAPSHOT.json,79d111731e5252eb6b5f62f32751fa029b97a9dde93aaa4ed4227f8cbbeadbb6,03_INVESTIGATIONS/03_NORMALIZED_BY_ID/INV-085/2026-09-08_01-02_editorial-selection_MNEMO_SNAPSHOT.json,COPIED
INV-085,2026-09-08_01-02_editorial-selection_RUN_STATE.json,expanded:INV-085_R3P1_CANONICAL_6_FILES.zip,/mnt/data/DEMOCRACY_INFLUENCE_MASTER_EVIDENCE_BUNDLE_2026-09-11/03_INVESTIGATIONS/02_EXPANDED_ARCHIVES/INV-085_R3P1_CANONICAL_6_FILES/2026-09-08_01-02_editorial-selection_RUN_STATE.json,bb32dfab853ab0bfed79e9a373cebb826c8bc70e2f4431f21f9f7ea9a120149e,03_INVESTIGATIONS/03_NORMALIZED_BY_ID/INV-085/2026-09-08_01-02_editorial-selection_RUN_STATE.json,COPIED
INV-085,2026-09-08_01-02_editorial-selection_CERTIFICATION.json,expanded:INV-085_R3P1_CANONICAL_6_FILES.zip,/mnt/data/DEMOCRACY_INFLUENCE_MASTER_EVIDENCE_BUNDLE_2026-09-11/03_INVESTIGATIONS/02_EXPANDED_ARCHIVES/INV-085_R3P1_CANONICAL_6_FILES/2026-09-08_01-02_editorial-selection_CERTIFICATION.json,4a91ec830b5e071a33f3dbd5fd91d3468b6d2f68716a298b4c1d64b2949b584a,03_INVESTIGATIONS/03_NORMALIZED_BY_ID/INV-085/2026-09-08_01-02_editorial-selection_CERTIFICATION.json,COPIED
INV-085,2026-09-08_01-02_editorial-selection_INVESTIGATION.md,expanded:INV-085_R3P1_CANONICAL_6_FILES.zip,/mnt/data/DEMOCRACY_INFLUENCE_MASTER_EVIDENCE_BUNDLE_2026-09-11/03_INVESTIGATIONS/02_EXPANDED_ARCHIVES/INV-085_R3P1_CANONICAL_6_FILES/2026-09-08_01-02_editorial-selection_INVESTIGATION.md,890ac7ef2a9412345910d8a638843189979c788f1754f80cff14b2c4c2b1629f,03_INVESTIGATIONS/03_NORMALIZED_BY_ID/INV-085/INV-085.md,DUPLICATE_SHA
INV-085,2026-09-08_01-02_editorial-selection_NARRATIVE.tmp.md,expanded:INV-085_R3P1_CANONICAL_6_FILES.zip,/mnt/data/DEMOCRACY_INFLUENCE_MASTER_EVIDENCE_BUNDLE_2026-09-11/03_INVESTIGATIONS/02_EXPANDED_ARCHIVES/INV-085_R3P1_CANONICAL_6_FILES/2026-09-08_01-02_editorial-selection_NARRATIVE.tmp.md,d6b35c428cd1f1af15ee8160868213e3b07e0876017493a6ff36c11c00f1c64b,03_INVESTIGATIONS/03_NORMALIZED_BY_ID/INV-085/2026-09-08_01-02_editorial-selection_NARRATIVE.tmp.md,COPIED
INV-085,2026-09-08_01-02_editorial-selection_INPUT.md,expanded:INV-085_R3P1_CANONICAL_6_FILES.zip,/mnt/data/DEMOCRACY_INFLUENCE_MASTER_EVIDENCE_BUNDLE_2026-09-11/03_INVESTIGATIONS/02_EXPANDED_ARCHIVES/INV-085_R3P1_CANONICAL_6_FILES/2026-09-08_01-02_editorial-selection_INPUT.md,fe0b4e05962548b95a9eb19ffdcb4434ea37626fdfe74ab05e01bfb29e900d4b,03_INVESTIGATIONS/03_NORMALIZED_BY_ID/INV-085/2026-09-08_01-02_editorial-selection_INPUT.md,COPIED
INV-090,2026-09-08_09-42_platform-visibility-friction_INVESTIGATION.md,expanded:INV-090_R3P1_CANONICAL_6_FILES.zip,/mnt/data/DEMOCRACY_INFLUENCE_MASTER_EVIDENCE_BUNDLE_2026-09-11/03_INVESTIGATIONS/02_EXPANDED_ARCHIVES/INV-090_R3P1_CANONICAL_6_FILES/2026-09-08_09-42_platform-visibility-friction_INVESTIGATION.md,aea48fd87b58f1e731c8a22934b641e43ac7d82ac257b808490e4abf03e8e48b,03_INVESTIGATIONS/03_NORMALIZED_BY_ID/INV-090/INV-090.md,DUPLICATE_SHA
INV-090,2026-09-08_09-42_platform-visibility-friction_CERTIFICATION.json,expanded:INV-090_R3P1_CANONICAL_6_FILES.zip,/mnt/data/DEMOCRACY_INFLUENCE_MASTER_EVIDENCE_BUNDLE_2026-09-11/03_INVESTIGATIONS/02_EXPANDED_ARCHIVES/INV-090_R3P1_CANONICAL_6_FILES/2026-09-08_09-42_platform-visibility-friction_CERTIFICATION.json,3f1d3eaab0618b58609c92d9717a9c39e3b92b7f4ddcb95c22834bab01017895,03_INVESTIGATIONS/03_NORMALIZED_BY_ID/INV-090/2026-09-08_09-42_platform-visibility-friction_CERTIFICATION.json,COPIED
INV-090,2026-09-08_09-42_platform-visibility-friction_RUN_STATE.json,expanded:INV-090_R3P1_CANONICAL_6_FILES.zip,/mnt/data/DEMOCRACY_INFLUENCE_MASTER_EVIDENCE_BUNDLE_2026-09-11/03_INVESTIGATIONS/02_EXPANDED_ARCHIVES/INV-090_R3P1_CANONICAL_6_FILES/2026-09-08_09-42_platform-visibility-friction_RUN_STATE.json,4faf0bdad01e2e8669e1a67a8013c4e9edcf2933355b35e355124ef42c2c1c1c,03_INVESTIGATIONS/03_NORMALIZED_BY_ID/INV-090/2026-09-08_09-42_platform-visibility-friction_RUN_STATE.json,COPIED
INV-090,2026-09-08_09-42_platform-visibility-friction_MNEMO_SNAPSHOT.json,expanded:INV-090_R3P1_CANONICAL_6_FILES.zip,/mnt/data/DEMOCRACY_INFLUENCE_MASTER_EVIDENCE_BUNDLE_2026-09-11/03_INVESTIGATIONS/02_EXPANDED_ARCHIVES/INV-090_R3P1_CANONICAL_6_FILES/2026-09-08_09-42_platform-visibility-friction_MNEMO_SNAPSHOT.json,a087511b6a55b8477f563eaecae9d1575c82d49d1617bf09e72c16e82dd64572,03_INVESTIGATIONS/03_NORMALIZED_BY_ID/INV-090/2026-09-08_09-42_platform-visibility-friction_MNEMO_SNAPSHOT.json,COPIED
INV-090,2026-09-08_09-42_platform-visibility-friction_INPUT.md,expanded:INV-090_R3P1_CANONICAL_6_FILES.zip,/mnt/data/DEMOCRACY_INFLUENCE_MASTER_EVIDENCE_BUNDLE_2026-09-11/03_INVESTIGATIONS/02_EXPANDED_ARCHIVES/INV-090_R3P1_CANONICAL_6_FILES/2026-09-08_09-42_platform-visibility-friction_INPUT.md,9ea6b962289e773301daa757d0abc35462c9e5c816fb00d045afd2f93267ded1,03_INVESTIGATIONS/03_NORMALIZED_BY_ID/INV-090/2026-09-08_09-42_platform-visibility-friction_INPUT.md,COPIED
INV-090,2026-09-08_09-42_platform-visibility-friction_NARRATIVE.tmp.md,expanded:INV-090_R3P1_CANONICAL_6_FILES.zip,/mnt/data/DEMOCRACY_INFLUENCE_MASTER_EVIDENCE_BUNDLE_2026-09-11/03_INVESTIGATIONS/02_EXPANDED_ARCHIVES/INV-090_R3P1_CANONICAL_6_FILES/2026-09-08_09-42_platform-visibility-friction_NARRATIVE.tmp.md,3fe4496635c92ba939f068f2f59bfce403f0413b4dda22167ca6747200eb6c5d,03_INVESTIGATIONS/03_NORMALIZED_BY_ID/INV-090/2026-09-08_09-42_platform-visibility-friction_NARRATIVE.tmp.md,COPIED
INV-094,DASHBOARD_POST_INV094.md,expanded:INV-094_BUNDLE.zip,/mnt/data/DEMOCRACY_INFLUENCE_MASTER_EVIDENCE_BUNDLE_2026-09-11/03_INVESTIGATIONS/02_EXPANDED_ARCHIVES/INV-094_BUNDLE/DASHBOARD_POST_INV094.md,e02ed6cd00a3fcc46aff99cddfb1d0c3779f20fe385495eac9ebd22a02cef828,03_INVESTIGATIONS/03_NORMALIZED_BY_ID/INV-094/DASHBOARD_POST_INV094.md,COPIED
INV-094,INV-094_POST_RUN_REVIEW.md,expanded:INV-094_BUNDLE.zip,/mnt/data/DEMOCRACY_INFLUENCE_MASTER_EVIDENCE_BUNDLE_2026-09-11/03_INVESTIGATIONS/02_EXPANDED_ARCHIVES/INV-094_BUNDLE/INV-094_POST_RUN_REVIEW.md,af72fd3efd0411512652ef8b5883260b67c2de2fca5593ccb2b31b8e3ecf238e,03_INVESTIGATIONS/03_NORMALIZED_BY_ID/INV-094/INV-094_POST_RUN_REVIEW.md,COPIED
INV-094,INV-094_RUN_STATE.json,expanded:INV-094_BUNDLE.zip,/mnt/data/DEMOCRACY_INFLUENCE_MASTER_EVIDENCE_BUNDLE_2026-09-11/03_INVESTIGATIONS/02_EXPANDED_ARCHIVES/INV-094_BUNDLE/INV-094_RUN_STATE.json,6a2ceecda5367dcb2954d1d6250e32d079129d25c94562ee867288f817b5d200,03_INVESTIGATIONS/03_NORMALIZED_BY_ID/INV-094/INV-094_RUN_STATE.json,COPIED
INV-094,INV-094_CERTIFICATION.json,expanded:INV-094_BUNDLE.zip,/mnt/data/DEMOCRACY_INFLUENCE_MASTER_EVIDENCE_BUNDLE_2026-09-11/03_INVESTIGATIONS/02_EXPANDED_ARCHIVES/INV-094_BUNDLE/INV-094_CERTIFICATION.json,dc74846bbc3a3de798de5f54f21404e3c28997d31ea0ae9a441de6e0aa7c6bf4,03_INVESTIGATIONS/03_NORMALIZED_BY_ID/INV-094/INV-094_CERTIFICATION.json,COPIED
INV-094,INV-094_INVESTIGATION.md,expanded:INV-094_BUNDLE.zip,/mnt/data/DEMOCRACY_INFLUENCE_MASTER_EVIDENCE_BUNDLE_2026-09-11/03_INVESTIGATIONS/02_EXPANDED_ARCHIVES/INV-094_BUNDLE/INV-094_INVESTIGATION.md,49d270eac580a90e2bda6dd41a34def54b51a9ac5ef02ac454f13f44c600000d,03_INVESTIGATIONS/03_NORMALIZED_BY_ID/INV-094/INV-094.md,DUPLICATE_SHA
INV-094,INV-094_PRE_GATE_ATTEMPT1_FAIL.log,expanded:INV-094_BUNDLE.zip,/mnt/data/DEMOCRACY_INFLUENCE_MASTER_EVIDENCE_BUNDLE_2026-09-11/03_INVESTIGATIONS/02_EXPANDED_ARCHIVES/INV-094_BUNDLE/INV-094_PRE_GATE_ATTEMPT1_FAIL.log,62b30d8562927bb5195cb88cf3dd9814c99f66cf5b2faae162a0a4989c4969ad,03_INVESTIGATIONS/03_NORMALIZED_BY_ID/INV-094/INV-094_PRE_GATE_ATTEMPT1_FAIL.log,COPIED
INV-094,INV-094_PRE_GATE.log,expanded:INV-094_BUNDLE.zip,/mnt/data/DEMOCRACY_INFLUENCE_MASTER_EVIDENCE_BUNDLE_2026-09-11/03_INVESTIGATIONS/02_EXPANDED_ARCHIVES/INV-094_BUNDLE/INV-094_PRE_GATE.log,0ff6fb4f51652952cc33ab44347b1b3b178666935a9669001a77b83eb86ca3c0,03_INVESTIGATIONS/03_NORMALIZED_BY_ID/INV-094/INV-094_PRE_GATE.log,COPIED
INV-094,INV-094_DELIVERY_GATE.log,expanded:INV-094_BUNDLE.zip,/mnt/data/DEMOCRACY_INFLUENCE_MASTER_EVIDENCE_BUNDLE_2026-09-11/03_INVESTIGATIONS/02_EXPANDED_ARCHIVES/INV-094_BUNDLE/INV-094_DELIVERY_GATE.log,dc74846bbc3a3de798de5f54f21404e3c28997d31ea0ae9a441de6e0aa7c6bf4,03_INVESTIGATIONS/03_NORMALIZED_BY_ID/INV-094/INV-094_CERTIFICATION.json,DUPLICATE_SHA
INV-094,INV-094_RUN_CARD.md,expanded:INV-094_BUNDLE.zip,/mnt/data/DEMOCRACY_INFLUENCE_MASTER_EVIDENCE_BUNDLE_2026-09-11/03_INVESTIGATIONS/02_EXPANDED_ARCHIVES/INV-094_BUNDLE/INV-094_RUN_CARD.md,85349d47bde2167889c50ff4d26736f0d3c49541ff6fdeb13acb0aed33460fbf,03_INVESTIGATIONS/03_NORMALIZED_BY_ID/INV-094/INV-094_RUN_CARD.md,COPIED
INV-094,TRACELOG_POST_INV094.md,expanded:INV-094_BUNDLE.zip,/mnt/data/DEMOCRACY_INFLUENCE_MASTER_EVIDENCE_BUNDLE_2026-09-11/03_INVESTIGATIONS/02_EXPANDED_ARCHIVES/INV-094_BUNDLE/TRACELOG_POST_INV094.md,782b56b426860f0d38630a7f0967358494a595d9ac80fcbc022f517128e3295a,03_INVESTIGATIONS/03_NORMALIZED_BY_ID/INV-094/TRACELOG_POST_INV094.md,COPIED
INV-094,INV-094_NARRATIVE.tmp.md,expanded:INV-094_BUNDLE.zip,/mnt/data/DEMOCRACY_INFLUENCE_MASTER_EVIDENCE_BUNDLE_2026-09-11/03_INVESTIGATIONS/02_EXPANDED_ARCHIVES/INV-094_BUNDLE/INV-094_NARRATIVE.tmp.md,e7eeeb21466aac2878f9c6b26bdce5fa21e89542d4cb5ff7b6a25a25751445b4,03_INVESTIGATIONS/03_NORMALIZED_BY_ID/INV-094/INV-094_NARRATIVE.tmp.md,COPIED
INV-094,INV-094_MNEMO_SNAPSHOT.json,expanded:INV-094_BUNDLE.zip,/mnt/data/DEMOCRACY_INFLUENCE_MASTER_EVIDENCE_BUNDLE_2026-09-11/03_INVESTIGATIONS/02_EXPANDED_ARCHIVES/INV-094_BUNDLE/INV-094_MNEMO_SNAPSHOT.json,eae41346f106adc70c95c09dcc79c2ae136904abaa1b5c9fc013a1827a2fa3d2,03_INVESTIGATIONS/03_NORMALIZED_BY_ID/INV-094/INV-094_MNEMO_SNAPSHOT.json,COPIED
INV-094,INV-094_SHA256.txt,expanded:INV-094_BUNDLE.zip,/mnt/data/DEMOCRACY_INFLUENCE_MASTER_EVIDENCE_BUNDLE_2026-09-11/03_INVESTIGATIONS/02_EXPANDED_ARCHIVES/INV-094_BUNDLE/INV-094_SHA256.txt,229d295a0515127c15d8649106eb56289be16a561185755a126de9c0281dcb75,03_INVESTIGATIONS/03_NORMALIZED_BY_ID/INV-094/INV-094_SHA256.txt,COPIED
INV-094,INVESTIGATION_REGISTRY_POST_INV094.csv,expanded:INV-094_BUNDLE.zip,/mnt/data/DEMOCRACY_INFLUENCE_MASTER_EVIDENCE_BUNDLE_2026-09-11/03_INVESTIGATIONS/02_EXPANDED_ARCHIVES/INV-094_BUNDLE/INVESTIGATION_REGISTRY_POST_INV094.csv,3c901832214e017fbcd60fcb5a0f20abcb545fb628e2f6230197b7b61a82e93d,03_INVESTIGATIONS/03_NORMALIZED_BY_ID/INV-094/INVESTIGATION_REGISTRY_POST_INV094.csv,COPIED
INV-094,INV-094_INPUT.txt,expanded:INV-094_BUNDLE.zip,/mnt/data/DEMOCRACY_INFLUENCE_MASTER_EVIDENCE_BUNDLE_2026-09-11/03_INVESTIGATIONS/02_EXPANDED_ARCHIVES/INV-094_BUNDLE/INV-094_INPUT.txt,85349d47bde2167889c50ff4d26736f0d3c49541ff6fdeb13acb0aed33460fbf,03_INVESTIGATIONS/03_NORMALIZED_BY_ID/INV-094/INV-094_RUN_CARD.md,DUPLICATE_SHA
INV-094,INV-094_RUN_HANDOFF.md,expanded:INV-094_BUNDLE.zip,/mnt/data/DEMOCRACY_INFLUENCE_MASTER_EVIDENCE_BUNDLE_2026-09-11/03_INVESTIGATIONS/02_EXPANDED_ARCHIVES/INV-094_BUNDLE/INV-094_RUN_HANDOFF.md,d89b413cf5fe2f76579596f8875556f04229a0c5debc7137ddaf3d8d9a5faf80,03_INVESTIGATIONS/03_NORMALIZED_BY_ID/INV-094/INV-094_RUN_HANDOFF.md,COPIED
INV-096,2026-09-08_08-07_political-microtargeting_CERTIFICATION.json,expanded:INV-096_R3P1_CANONICAL_6_FILES.zip,/mnt/data/DEMOCRACY_INFLUENCE_MASTER_EVIDENCE_BUNDLE_2026-09-11/03_INVESTIGATIONS/02_EXPANDED_ARCHIVES/INV-096_R3P1_CANONICAL_6_FILES/2026-09-08_08-07_political-microtargeting_CERTIFICATION.json,f2c9ee028b62822692531f67322ec7fcb986be40bf9cd9c621f109e89854cf8a,03_INVESTIGATIONS/03_NORMALIZED_BY_ID/INV-096/2026-09-08_08-07_political-microtargeting_CERTIFICATION.json,COPIED
INV-096,2026-09-08_08-07_political-microtargeting_RUN_STATE.json,expanded:INV-096_R3P1_CANONICAL_6_FILES.zip,/mnt/data/DEMOCRACY_INFLUENCE_MASTER_EVIDENCE_BUNDLE_2026-09-11/03_INVESTIGATIONS/02_EXPANDED_ARCHIVES/INV-096_R3P1_CANONICAL_6_FILES/2026-09-08_08-07_political-microtargeting_RUN_STATE.json,f2dbe05fbba1ddc79d320ccbf86f010fe1231cc53022e299433623159cef6aa6,03_INVESTIGATIONS/03_NORMALIZED_BY_ID/INV-096/2026-09-08_08-07_political-microtargeting_RUN_STATE.json,COPIED
INV-096,2026-09-08_08-07_political-microtargeting_NARRATIVE.tmp.md,expanded:INV-096_R3P1_CANONICAL_6_FILES.zip,/mnt/data/DEMOCRACY_INFLUENCE_MASTER_EVIDENCE_BUNDLE_2026-09-11/03_INVESTIGATIONS/02_EXPANDED_ARCHIVES/INV-096_R3P1_CANONICAL_6_FILES/2026-09-08_08-07_political-microtargeting_NARRATIVE.tmp.md,c555be4635c1b68726743e4b05924509beb79ebd1ee0d1e63da885bc3b7099c4,03_INVESTIGATIONS/03_NORMALIZED_BY_ID/INV-096/2026-09-08_08-07_political-microtargeting_NARRATIVE.tmp.md,COPIED
INV-096,2026-09-08_08-07_political-microtargeting_INPUT.md,expanded:INV-096_R3P1_CANONICAL_6_FILES.zip,/mnt/data/DEMOCRACY_INFLUENCE_MASTER_EVIDENCE_BUNDLE_2026-09-11/03_INVESTIGATIONS/02_EXPANDED_ARCHIVES/INV-096_R3P1_CANONICAL_6_FILES/2026-09-08_08-07_political-microtargeting_INPUT.md,a14783da48c0c5376d086a6c7a600872dd88589a305b122919e0860d6fa2f352,03_INVESTIGATIONS/03_NORMALIZED_BY_ID/INV-096/2026-09-08_08-07_political-microtargeting_INPUT.md,COPIED
INV-096,2026-09-08_08-07_political-microtargeting_INVESTIGATION.md,expanded:INV-096_R3P1_CANONICAL_6_FILES.zip,/mnt/data/DEMOCRACY_INFLUENCE_MASTER_EVIDENCE_BUNDLE_2026-09-11/03_INVESTIGATIONS/02_EXPANDED_ARCHIVES/INV-096_R3P1_CANONICAL_6_FILES/2026-09-08_08-07_political-microtargeting_INVESTIGATION.md,39167cd27a9357fd67eb541cf5003a48c227f6d1bc15c40905e4be0cb8cd03a9,03_INVESTIGATIONS/03_NORMALIZED_BY_ID/INV-096/INV-096.md,DUPLICATE_SHA
INV-096,2026-09-08_08-07_political-microtargeting_MNEMO_SNAPSHOT.json,expanded:INV-096_R3P1_CANONICAL_6_FILES.zip,/mnt/data/DEMOCRACY_INFLUENCE_MASTER_EVIDENCE_BUNDLE_2026-09-11/03_INVESTIGATIONS/02_EXPANDED_ARCHIVES/INV-096_R3P1_CANONICAL_6_FILES/2026-09-08_08-07_political-microtargeting_MNEMO_SNAPSHOT.json,10c4e39192703f3c02d2f8b1200a5ee1b156e5cc6d0a438e06c2c683cedb54d9,03_INVESTIGATIONS/03_NORMALIZED_BY_ID/INV-096/2026-09-08_08-07_political-microtargeting_MNEMO_SNAPSHOT.json,COPIED
INV-098,2026-09-08_05-09_vote-buying-clientelism_NARRATIVE.tmp.md,expanded:INV-098_R3P1_CANONICAL_6_FILES.zip,/mnt/data/DEMOCRACY_INFLUENCE_MASTER_EVIDENCE_BUNDLE_2026-09-11/03_INVESTIGATIONS/02_EXPANDED_ARCHIVES/INV-098_R3P1_CANONICAL_6_FILES/2026-09-08_05-09_vote-buying-clientelism_NARRATIVE.tmp.md,ef37836b77706ae52692ce45b8b532288c77b2c65ba78cef28827906f0da02d5,03_INVESTIGATIONS/03_NORMALIZED_BY_ID/INV-098/2026-09-08_05-09_vote-buying-clientelism_NARRATIVE.tmp.md,COPIED
INV-098,2026-09-08_05-09_vote-buying-clientelism_INPUT.md,expanded:INV-098_R3P1_CANONICAL_6_FILES.zip,/mnt/data/DEMOCRACY_INFLUENCE_MASTER_EVIDENCE_BUNDLE_2026-09-11/03_INVESTIGATIONS/02_EXPANDED_ARCHIVES/INV-098_R3P1_CANONICAL_6_FILES/2026-09-08_05-09_vote-buying-clientelism_INPUT.md,4c6667cf6fa6510faa2e07e0d78d8ba317b2b1e902bae8c6d195dc679a2d6f4a,03_INVESTIGATIONS/03_NORMALIZED_BY_ID/INV-098/2026-09-08_05-09_vote-buying-clientelism_INPUT.md,COPIED
INV-098,2026-09-08_05-09_vote-buying-clientelism_RUN_STATE.json,expanded:INV-098_R3P1_CANONICAL_6_FILES.zip,/mnt/data/DEMOCRACY_INFLUENCE_MASTER_EVIDENCE_BUNDLE_2026-09-11/03_INVESTIGATIONS/02_EXPANDED_ARCHIVES/INV-098_R3P1_CANONICAL_6_FILES/2026-09-08_05-09_vote-buying-clientelism_RUN_STATE.json,7a9f8f82fa7e2e468e7209d2ff74b6488dce0b8ee9d28bf5f175b5932f5d5487,03_INVESTIGATIONS/03_NORMALIZED_BY_ID/INV-098/2026-09-08_05-09_vote-buying-clientelism_RUN_STATE.json,COPIED
INV-098,2026-09-08_05-09_vote-buying-clientelism_MNEMO_SNAPSHOT.json,expanded:INV-098_R3P1_CANONICAL_6_FILES.zip,/mnt/data/DEMOCRACY_INFLUENCE_MASTER_EVIDENCE_BUNDLE_2026-09-11/03_INVESTIGATIONS/02_EXPANDED_ARCHIVES/INV-098_R3P1_CANONICAL_6_FILES/2026-09-08_05-09_vote-buying-clientelism_MNEMO_SNAPSHOT.json,ede2b7139d569731191c171c7325624a12367b2cd9df569b3aaecb7bde05f766,03_INVESTIGATIONS/03_NORMALIZED_BY_ID/INV-098/2026-09-08_05-09_vote-buying-clientelism_MNEMO_SNAPSHOT.json,COPIED
INV-098,2026-09-08_05-09_vote-buying-clientelism_INVESTIGATION.md,expanded:INV-098_R3P1_CANONICAL_6_FILES.zip,/mnt/data/DEMOCRACY_INFLUENCE_MASTER_EVIDENCE_BUNDLE_2026-09-11/03_INVESTIGATIONS/02_EXPANDED_ARCHIVES/INV-098_R3P1_CANONICAL_6_FILES/2026-09-08_05-09_vote-buying-clientelism_INVESTIGATION.md,079d75fefa898d51f03740e1887e6e6bc6bf7ceb823dcb77c8cb7aacc27e9e53,03_INVESTIGATIONS/03_NORMALIZED_BY_ID/INV-098/INV-098.md,DUPLICATE_SHA
INV-098,2026-09-08_05-09_vote-buying-clientelism_CERTIFICATION.json,expanded:INV-098_R3P1_CANONICAL_6_FILES.zip,/mnt/data/DEMOCRACY_INFLUENCE_MASTER_EVIDENCE_BUNDLE_2026-09-11/03_INVESTIGATIONS/02_EXPANDED_ARCHIVES/INV-098_R3P1_CANONICAL_6_FILES/2026-09-08_05-09_vote-buying-clientelism_CERTIFICATION.json,8d7550ead2782a0d7ad7db56a4f491bebcc655138ebd543ab01f5d7629b729d4,03_INVESTIGATIONS/03_NORMALIZED_BY_ID/INV-098/2026-09-08_05-09_vote-buying-clientelism_CERTIFICATION.json,COPIED
INV-098,2026-09-08_05-09_vote-buying-clientelism_NARRATIVE.tmp.md,expanded:INV-098_R3P1_RECOVERED_CANONICAL_6_FILES.zip,/mnt/data/DEMOCRACY_INFLUENCE_MASTER_EVIDENCE_BUNDLE_2026-09-11/03_INVESTIGATIONS/02_EXPANDED_ARCHIVES/INV-098_R3P1_RECOVERED_CANONICAL_6_FILES/2026-09-08_05-09_vote-buying-clientelism_NARRATIVE.tmp.md,ef37836b77706ae52692ce45b8b532288c77b2c65ba78cef28827906f0da02d5,03_INVESTIGATIONS/03_NORMALIZED_BY_ID/INV-098/2026-09-08_05-09_vote-buying-clientelism_NARRATIVE.tmp.md,DUPLICATE_SHA
INV-098,2026-09-08_05-09_vote-buying-clientelism_INPUT.md,expanded:INV-098_R3P1_RECOVERED_CANONICAL_6_FILES.zip,/mnt/data/DEMOCRACY_INFLUENCE_MASTER_EVIDENCE_BUNDLE_2026-09-11/03_INVESTIGATIONS/02_EXPANDED_ARCHIVES/INV-098_R3P1_RECOVERED_CANONICAL_6_FILES/2026-09-08_05-09_vote-buying-clientelism_INPUT.md,4c6667cf6fa6510faa2e07e0d78d8ba317b2b1e902bae8c6d195dc679a2d6f4a,03_INVESTIGATIONS/03_NORMALIZED_BY_ID/INV-098/2026-09-08_05-09_vote-buying-clientelism_INPUT.md,DUPLICATE_SHA
INV-098,2026-09-08_05-09_vote-buying-clientelism_RUN_STATE.json,expanded:INV-098_R3P1_RECOVERED_CANONICAL_6_FILES.zip,/mnt/data/DEMOCRACY_INFLUENCE_MASTER_EVIDENCE_BUNDLE_2026-09-11/03_INVESTIGATIONS/02_EXPANDED_ARCHIVES/INV-098_R3P1_RECOVERED_CANONICAL_6_FILES/2026-09-08_05-09_vote-buying-clientelism_RUN_STATE.json,7a9f8f82fa7e2e468e7209d2ff74b6488dce0b8ee9d28bf5f175b5932f5d5487,03_INVESTIGATIONS/03_NORMALIZED_BY_ID/INV-098/2026-09-08_05-09_vote-buying-clientelism_RUN_STATE.json,DUPLICATE_SHA
INV-098,2026-09-08_05-09_vote-buying-clientelism_MNEMO_SNAPSHOT.json,expanded:INV-098_R3P1_RECOVERED_CANONICAL_6_FILES.zip,/mnt/data/DEMOCRACY_INFLUENCE_MASTER_EVIDENCE_BUNDLE_2026-09-11/03_INVESTIGATIONS/02_EXPANDED_ARCHIVES/INV-098_R3P1_RECOVERED_CANONICAL_6_FILES/2026-09-08_05-09_vote-buying-clientelism_MNEMO_SNAPSHOT.json,ede2b7139d569731191c171c7325624a12367b2cd9df569b3aaecb7bde05f766,03_INVESTIGATIONS/03_NORMALIZED_BY_ID/INV-098/2026-09-08_05-09_vote-buying-clientelism_MNEMO_SNAPSHOT.json,DUPLICATE_SHA
INV-098,2026-09-08_05-09_vote-buying-clientelism_INVESTIGATION.md,expanded:INV-098_R3P1_RECOVERED_CANONICAL_6_FILES.zip,/mnt/data/DEMOCRACY_INFLUENCE_MASTER_EVIDENCE_BUNDLE_2026-09-11/03_INVESTIGATIONS/02_EXPANDED_ARCHIVES/INV-098_R3P1_RECOVERED_CANONICAL_6_FILES/2026-09-08_05-09_vote-buying-clientelism_INVESTIGATION.md,079d75fefa898d51f03740e1887e6e6bc6bf7ceb823dcb77c8cb7aacc27e9e53,03_INVESTIGATIONS/03_NORMALIZED_BY_ID/INV-098/INV-098.md,DUPLICATE_SHA
INV-098,2026-09-08_05-09_vote-buying-clientelism_CERTIFICATION.json,expanded:INV-098_R3P1_RECOVERED_CANONICAL_6_FILES.zip,/mnt/data/DEMOCRACY_INFLUENCE_MASTER_EVIDENCE_BUNDLE_2026-09-11/03_INVESTIGATIONS/02_EXPANDED_ARCHIVES/INV-098_R3P1_RECOVERED_CANONICAL_6_FILES/2026-09-08_05-09_vote-buying-clientelism_CERTIFICATION.json,8d7550ead2782a0d7ad7db56a4f491bebcc655138ebd543ab01f5d7629b729d4,03_INVESTIGATIONS/03_NORMALIZED_BY_ID/INV-098/2026-09-08_05-09_vote-buying-clientelism_CERTIFICATION.json,DUPLICATE_SHA
INV-099,2026-09-08_05-54_electoral-fraud-claims_NARRATIVE.tmp.md,expanded:INV-099_R3P1_CANONICAL_6_FILES.zip,/mnt/data/DEMOCRACY_INFLUENCE_MASTER_EVIDENCE_BUNDLE_2026-09-11/03_INVESTIGATIONS/02_EXPANDED_ARCHIVES/INV-099_R3P1_CANONICAL_6_FILES/2026-09-08_05-54_electoral-fraud-claims_NARRATIVE.tmp.md,9da918eb458e396559393e82bbb9deba5d5fcf6a5226768c2716367593e68dc9,03_INVESTIGATIONS/03_NORMALIZED_BY_ID/INV-099/2026-09-08_05-54_electoral-fraud-claims_NARRATIVE.tmp.md,COPIED
INV-099,2026-09-08_05-54_electoral-fraud-claims_RUN_STATE.json,expanded:INV-099_R3P1_CANONICAL_6_FILES.zip,/mnt/data/DEMOCRACY_INFLUENCE_MASTER_EVIDENCE_BUNDLE_2026-09-11/03_INVESTIGATIONS/02_EXPANDED_ARCHIVES/INV-099_R3P1_CANONICAL_6_FILES/2026-09-08_05-54_electoral-fraud-claims_RUN_STATE.json,4da016daa1e86e65e7097ed70f328dc726f7bb202deae14e03829b57e057a127,03_INVESTIGATIONS/03_NORMALIZED_BY_ID/INV-099/2026-09-08_05-54_electoral-fraud-claims_RUN_STATE.json,COPIED
INV-099,2026-09-08_05-54_electoral-fraud-claims_INPUT.md,expanded:INV-099_R3P1_CANONICAL_6_FILES.zip,/mnt/data/DEMOCRACY_INFLUENCE_MASTER_EVIDENCE_BUNDLE_2026-09-11/03_INVESTIGATIONS/02_EXPANDED_ARCHIVES/INV-099_R3P1_CANONICAL_6_FILES/2026-09-08_05-54_electoral-fraud-claims_INPUT.md,3d4b54ab89a07ef6da09a0e5c0bec86666ae72a57e0b36431e40a33e41331a96,03_INVESTIGATIONS/03_NORMALIZED_BY_ID/INV-099/2026-09-08_05-54_electoral-fraud-claims_INPUT.md,COPIED
INV-099,2026-09-08_05-54_electoral-fraud-claims_MNEMO_SNAPSHOT.json,expanded:INV-099_R3P1_CANONICAL_6_FILES.zip,/mnt/data/DEMOCRACY_INFLUENCE_MASTER_EVIDENCE_BUNDLE_2026-09-11/03_INVESTIGATIONS/02_EXPANDED_ARCHIVES/INV-099_R3P1_CANONICAL_6_FILES/2026-09-08_05-54_electoral-fraud-claims_MNEMO_SNAPSHOT.json,5a95b2857a97cd452b72728eb38d4df0ccad4c320cf96b84c6c4df95ace86459,03_INVESTIGATIONS/03_NORMALIZED_BY_ID/INV-099/2026-09-08_05-54_electoral-fraud-claims_MNEMO_SNAPSHOT.json,COPIED
INV-099,2026-09-08_05-54_electoral-fraud-claims_INVESTIGATION.md,expanded:INV-099_R3P1_CANONICAL_6_FILES.zip,/mnt/data/DEMOCRACY_INFLUENCE_MASTER_EVIDENCE_BUNDLE_2026-09-11/03_INVESTIGATIONS/02_EXPANDED_ARCHIVES/INV-099_R3P1_CANONICAL_6_FILES/2026-09-08_05-54_electoral-fraud-claims_INVESTIGATION.md,8ccc120b67a3163eac81d312bf5bd96a9de9f32facaaf24b260b1e6e475ce5de,03_INVESTIGATIONS/03_NORMALIZED_BY_ID/INV-099/INV-099.md,DUPLICATE_SHA
INV-099,2026-09-08_05-54_electoral-fraud-claims_CERTIFICATION.json,expanded:INV-099_R3P1_CANONICAL_6_FILES.zip,/mnt/data/DEMOCRACY_INFLUENCE_MASTER_EVIDENCE_BUNDLE_2026-09-11/03_INVESTIGATIONS/02_EXPANDED_ARCHIVES/INV-099_R3P1_CANONICAL_6_FILES/2026-09-08_05-54_electoral-fraud-claims_CERTIFICATION.json,dbaba8236b0dd55b6b4aaf6b3b655f72a327522e9fc65d7c15bf3c35a2eefcfd,03_INVESTIGATIONS/03_NORMALIZED_BY_ID/INV-099/2026-09-08_05-54_electoral-fraud-claims_CERTIFICATION.json,COPIED
INV-124,INV-124_PRE_GATE.log,expanded:INV-124_BUNDLE.zip,/mnt/data/DEMOCRACY_INFLUENCE_MASTER_EVIDENCE_BUNDLE_2026-09-11/03_INVESTIGATIONS/02_EXPANDED_ARCHIVES/INV-124_BUNDLE/INV-124_PRE_GATE.log,402c078bf5aef703026df466c91e08fd483066529128632e6a0bcc7f348efbbb,03_INVESTIGATIONS/03_NORMALIZED_BY_ID/INV-124/INV-124_PRE_GATE.log,COPIED
INV-124,INV-124_INPUT.md,expanded:INV-124_BUNDLE.zip,/mnt/data/DEMOCRACY_INFLUENCE_MASTER_EVIDENCE_BUNDLE_2026-09-11/03_INVESTIGATIONS/02_EXPANDED_ARCHIVES/INV-124_BUNDLE/INV-124_INPUT.md,bfd71896d80612d6fba908fcb6d170ecdc2f043cc8fed39ec799ae5d8b51f3cc,03_INVESTIGATIONS/03_NORMALIZED_BY_ID/INV-124/INV-124_INPUT.md,COPIED
INV-124,INV-124_DELIVERY_GATE.log,expanded:INV-124_BUNDLE.zip,/mnt/data/DEMOCRACY_INFLUENCE_MASTER_EVIDENCE_BUNDLE_2026-09-11/03_INVESTIGATIONS/02_EXPANDED_ARCHIVES/INV-124_BUNDLE/INV-124_DELIVERY_GATE.log,20ca5b50dbde112f8ed67d126f0ced915ab9f14406dcf2edc454cdede72982b4,03_INVESTIGATIONS/03_NORMALIZED_BY_ID/INV-124/INV-124_DELIVERY_GATE.log,COPIED
INV-124,INV-124_MNEMO_SNAPSHOT.json,expanded:INV-124_BUNDLE.zip,/mnt/data/DEMOCRACY_INFLUENCE_MASTER_EVIDENCE_BUNDLE_2026-09-11/03_INVESTIGATIONS/02_EXPANDED_ARCHIVES/INV-124_BUNDLE/INV-124_MNEMO_SNAPSHOT.json,8375aa62f6b12a7278cd0f5825c3faa3bf9fe072138330d49145b7adfb1e2d32,03_INVESTIGATIONS/03_NORMALIZED_BY_ID/INV-124/INV-124_MNEMO_SNAPSHOT.json,COPIED
INV-124,INV-124_POST_RUN_REVIEW.md,expanded:INV-124_BUNDLE.zip,/mnt/data/DEMOCRACY_INFLUENCE_MASTER_EVIDENCE_BUNDLE_2026-09-11/03_INVESTIGATIONS/02_EXPANDED_ARCHIVES/INV-124_BUNDLE/INV-124_POST_RUN_REVIEW.md,81bf01eebb9c87d9e2c1aa8adeeb3e38a80c202be3012be540dc72586d55f938,03_INVESTIGATIONS/03_NORMALIZED_BY_ID/INV-124/INV-124_POST_RUN_REVIEW.md,COPIED
INV-124,INV-124_NARRATIVE.tmp.md,expanded:INV-124_BUNDLE.zip,/mnt/data/DEMOCRACY_INFLUENCE_MASTER_EVIDENCE_BUNDLE_2026-09-11/03_INVESTIGATIONS/02_EXPANDED_ARCHIVES/INV-124_BUNDLE/INV-124_NARRATIVE.tmp.md,93f72a93e1bb4202c3212b7f34e069eae50ef6b0ea9521c9bce5bc7e07d40e22,03_INVESTIGATIONS/03_NORMALIZED_BY_ID/INV-124/INV-124_NARRATIVE.tmp.md,COPIED
INV-124,INV-124_RUN_CARD.md,expanded:INV-124_BUNDLE.zip,/mnt/data/DEMOCRACY_INFLUENCE_MASTER_EVIDENCE_BUNDLE_2026-09-11/03_INVESTIGATIONS/02_EXPANDED_ARCHIVES/INV-124_BUNDLE/INV-124_RUN_CARD.md,bfd71896d80612d6fba908fcb6d170ecdc2f043cc8fed39ec799ae5d8b51f3cc,03_INVESTIGATIONS/03_NORMALIZED_BY_ID/INV-124/INV-124_INPUT.md,DUPLICATE_SHA
INV-124,INV-124_SHA256.txt,expanded:INV-124_BUNDLE.zip,/mnt/data/DEMOCRACY_INFLUENCE_MASTER_EVIDENCE_BUNDLE_2026-09-11/03_INVESTIGATIONS/02_EXPANDED_ARCHIVES/INV-124_BUNDLE/INV-124_SHA256.txt,9696d2ebe1169fd214632283c53c54b722e5765e5b03129790baf58d50bb4d00,03_INVESTIGATIONS/03_NORMALIZED_BY_ID/INV-124/INV-124_SHA256.txt,COPIED
INV-124,INV-124_RUN_HANDOFF.md,expanded:INV-124_BUNDLE.zip,/mnt/data/DEMOCRACY_INFLUENCE_MASTER_EVIDENCE_BUNDLE_2026-09-11/03_INVESTIGATIONS/02_EXPANDED_ARCHIVES/INV-124_BUNDLE/INV-124_RUN_HANDOFF.md,9c77cc8bafdf50cb43bad1b99fa96a1347f5b205170b78ebebdf5bd2478a14b4,03_INVESTIGATIONS/03_NORMALIZED_BY_ID/INV-124/INV-124_RUN_HANDOFF.md,COPIED
INV-124,INV-124_CERTIFICATION.json,expanded:INV-124_BUNDLE.zip,/mnt/data/DEMOCRACY_INFLUENCE_MASTER_EVIDENCE_BUNDLE_2026-09-11/03_INVESTIGATIONS/02_EXPANDED_ARCHIVES/INV-124_BUNDLE/INV-124_CERTIFICATION.json,20ca5b50dbde112f8ed67d126f0ced915ab9f14406dcf2edc454cdede72982b4,03_INVESTIGATIONS/03_NORMALIZED_BY_ID/INV-124/INV-124_DELIVERY_GATE.log,DUPLICATE_SHA
INV-124,INV-124_RUN_STATE.json,expanded:INV-124_BUNDLE.zip,/mnt/data/DEMOCRACY_INFLUENCE_MASTER_EVIDENCE_BUNDLE_2026-09-11/03_INVESTIGATIONS/02_EXPANDED_ARCHIVES/INV-124_BUNDLE/INV-124_RUN_STATE.json,253e80e614bb341c62ee375f215f8b5225aaf429a161a66443ac1315037e65ea,03_INVESTIGATIONS/03_NORMALIZED_BY_ID/INV-124/INV-124_RUN_STATE.json,COPIED
INV-124,INV-124_INVESTIGATION.md,expanded:INV-124_BUNDLE.zip,/mnt/data/DEMOCRACY_INFLUENCE_MASTER_EVIDENCE_BUNDLE_2026-09-11/03_INVESTIGATIONS/02_EXPANDED_ARCHIVES/INV-124_BUNDLE/INV-124_INVESTIGATION.md,cdefeeab4836c01a95a2b9f0b20a6d152542f19cabe9ba267a34f4b2d4842f4d,03_INVESTIGATIONS/03_NORMALIZED_BY_ID/INV-124/INV-124.md,DUPLICATE_SHA
INV-129,INV-080_RUN_HANDOFF.md,expanded:INV-129_BUNDLE.zip,/mnt/data/DEMOCRACY_INFLUENCE_MASTER_EVIDENCE_BUNDLE_2026-09-11/03_INVESTIGATIONS/02_EXPANDED_ARCHIVES/INV-129_BUNDLE/INV-080_RUN_HANDOFF.md,fdcb8afe0233186f15b7fbb8a1c3e157a3cb255078cc5423eed8c477f989a355,03_INVESTIGATIONS/03_NORMALIZED_BY_ID/INV-129/INV-080_RUN_HANDOFF.md,COPIED
INV-129,INV-129_SYNTHESIS_INPUT_GATE.md,expanded:INV-129_BUNDLE.zip,/mnt/data/DEMOCRACY_INFLUENCE_MASTER_EVIDENCE_BUNDLE_2026-09-11/03_INVESTIGATIONS/02_EXPANDED_ARCHIVES/INV-129_BUNDLE/INV-129_SYNTHESIS_INPUT_GATE.md,40e9ed7a9ad94f8f77744e616a58c1512b9bdc4157ba5da43f7a718ec3e62c90,03_INVESTIGATIONS/03_NORMALIZED_BY_ID/INV-129/INV-129_SYNTHESIS_INPUT_GATE.md,COPIED
INV-129,INV-100_RUN_HANDOFF.md,expanded:INV-129_BUNDLE.zip,/mnt/data/DEMOCRACY_INFLUENCE_MASTER_EVIDENCE_BUNDLE_2026-09-11/03_INVESTIGATIONS/02_EXPANDED_ARCHIVES/INV-129_BUNDLE/INV-100_RUN_HANDOFF.md,aa8fb0bf28eb888c88e5c913703a9e5d008ab7dc73bd3e052e193dc98bd385e6,03_INVESTIGATIONS/03_NORMALIZED_BY_ID/INV-129/INV-100_RUN_HANDOFF.md,COPIED
INV-129,INV-129_CERTIFICATION.json,expanded:INV-129_BUNDLE.zip,/mnt/data/DEMOCRACY_INFLUENCE_MASTER_EVIDENCE_BUNDLE_2026-09-11/03_INVESTIGATIONS/02_EXPANDED_ARCHIVES/INV-129_BUNDLE/INV-129_CERTIFICATION.json,f27d4dec2e12370b9ad35c9100d20982d88df28908edaad797e57343f8addaf3,03_INVESTIGATIONS/03_NORMALIZED_BY_ID/INV-129/INV-129_CERTIFICATION.json,COPIED
INV-129,INV-129_SYNTHESIS.md,expanded:INV-129_BUNDLE.zip,/mnt/data/DEMOCRACY_INFLUENCE_MASTER_EVIDENCE_BUNDLE_2026-09-11/03_INVESTIGATIONS/02_EXPANDED_ARCHIVES/INV-129_BUNDLE/INV-129_SYNTHESIS.md,95bcf40b55ad2776e77aabed0e089d442043f0357e8528c85e7e9bd885688de5,03_INVESTIGATIONS/03_NORMALIZED_BY_ID/INV-129/INV-129.md,DUPLICATE_SHA
INV-129,INV-129_RUN_HANDOFF.md,expanded:INV-129_BUNDLE.zip,/mnt/data/DEMOCRACY_INFLUENCE_MASTER_EVIDENCE_BUNDLE_2026-09-11/03_INVESTIGATIONS/02_EXPANDED_ARCHIVES/INV-129_BUNDLE/INV-129_RUN_HANDOFF.md,6bfa2b21689ae3483b128bcc797f0e27c1bd4f9b4a8762c9b53cbdf906d57835,03_INVESTIGATIONS/03_NORMALIZED_BY_ID/INV-129/INV-129_RUN_HANDOFF.md,DUPLICATE_SHA
INV-129,INV-129_SYNTHESIS_CARD.md,expanded:INV-129_BUNDLE.zip,/mnt/data/DEMOCRACY_INFLUENCE_MASTER_EVIDENCE_BUNDLE_2026-09-11/03_INVESTIGATIONS/02_EXPANDED_ARCHIVES/INV-129_BUNDLE/INV-129_SYNTHESIS_CARD.md,a51ebd68f4eaf995d2d3379b33178b14aa8d00a8e4e314713b3656de4527f827,03_INVESTIGATIONS/03_NORMALIZED_BY_ID/INV-129/INV-129_SYNTHESIS_CARD.md,COPIED
INV-129,INV-124_RUN_HANDOFF.md,expanded:INV-129_BUNDLE.zip,/mnt/data/DEMOCRACY_INFLUENCE_MASTER_EVIDENCE_BUNDLE_2026-09-11/03_INVESTIGATIONS/02_EXPANDED_ARCHIVES/INV-129_BUNDLE/INV-124_RUN_HANDOFF.md,9c77cc8bafdf50cb43bad1b99fa96a1347f5b205170b78ebebdf5bd2478a14b4,03_INVESTIGATIONS/03_NORMALIZED_BY_ID/INV-129/INV-124_RUN_HANDOFF.md,COPIED
INV-129,INV-054_RUN_HANDOFF.md,expanded:INV-129_BUNDLE.zip,/mnt/data/DEMOCRACY_INFLUENCE_MASTER_EVIDENCE_BUNDLE_2026-09-11/03_INVESTIGATIONS/02_EXPANDED_ARCHIVES/INV-129_BUNDLE/INV-054_RUN_HANDOFF.md,64c37752d4c1dd713f6143766d652b8c6fe39981e603fcc2854d9cb71d574c1a,03_INVESTIGATIONS/03_NORMALIZED_BY_ID/INV-129/INV-054_RUN_HANDOFF.md,COPIED
INV-129,INV-129_SHA256.txt,expanded:INV-129_BUNDLE.zip,/mnt/data/DEMOCRACY_INFLUENCE_MASTER_EVIDENCE_BUNDLE_2026-09-11/03_INVESTIGATIONS/02_EXPANDED_ARCHIVES/INV-129_BUNDLE/INV-129_SHA256.txt,e5a57a127cd99e84b290876b3b9e800229dbceaa9836bb34a779e5f298253305,03_INVESTIGATIONS/03_NORMALIZED_BY_ID/INV-129/INV-129_SHA256.txt,COPIED
INV-129,INV-129_POST_RUN_REVIEW.md,expanded:INV-129_BUNDLE.zip,/mnt/data/DEMOCRACY_INFLUENCE_MASTER_EVIDENCE_BUNDLE_2026-09-11/03_INVESTIGATIONS/02_EXPANDED_ARCHIVES/INV-129_BUNDLE/INV-129_POST_RUN_REVIEW.md,aaf91f508e307af835e48c04a689277469b7bb11812cf83cd526fc181b6883cc,03_INVESTIGATIONS/03_NORMALIZED_BY_ID/INV-129/INV-129_POST_RUN_REVIEW.md,COPIED
INV-143,2026-09-08_06-18_institutional-election-timing_NARRATIVE.tmp.md,expanded:INV-143_R3P1_CANONICAL_6_FILES.zip,/mnt/data/DEMOCRACY_INFLUENCE_MASTER_EVIDENCE_BUNDLE_2026-09-11/03_INVESTIGATIONS/02_EXPANDED_ARCHIVES/INV-143_R3P1_CANONICAL_6_FILES/2026-09-08_06-18_institutional-election-timing_NARRATIVE.tmp.md,25ad07f72cf779b120af08afab3ec7139f76fb60420f272e8d06676efde54256,03_INVESTIGATIONS/03_NORMALIZED_BY_ID/INV-143/2026-09-08_06-18_institutional-election-timing_NARRATIVE.tmp.md,COPIED
INV-143,2026-09-08_06-18_institutional-election-timing_RUN_STATE.json,expanded:INV-143_R3P1_CANONICAL_6_FILES.zip,/mnt/data/DEMOCRACY_INFLUENCE_MASTER_EVIDENCE_BUNDLE_2026-09-11/03_INVESTIGATIONS/02_EXPANDED_ARCHIVES/INV-143_R3P1_CANONICAL_6_FILES/2026-09-08_06-18_institutional-election-timing_RUN_STATE.json,510e89bf2c546e3baaf1559e5a78a7174d0622379a5846071eece99ada0aacd8,03_INVESTIGATIONS/03_NORMALIZED_BY_ID/INV-143/2026-09-08_06-18_institutional-election-timing_RUN_STATE.json,COPIED
INV-143,2026-09-08_06-18_institutional-election-timing_INVESTIGATION.md,expanded:INV-143_R3P1_CANONICAL_6_FILES.zip,/mnt/data/DEMOCRACY_INFLUENCE_MASTER_EVIDENCE_BUNDLE_2026-09-11/03_INVESTIGATIONS/02_EXPANDED_ARCHIVES/INV-143_R3P1_CANONICAL_6_FILES/2026-09-08_06-18_institutional-election-timing_INVESTIGATION.md,7bd52e8ce923565a55b3157de5b21332b6f39837dc5ee7b2c15502de05b31e30,03_INVESTIGATIONS/03_NORMALIZED_BY_ID/INV-143/INV-143.md,DUPLICATE_SHA
INV-143,2026-09-08_06-18_institutional-election-timing_MNEMO_SNAPSHOT.json,expanded:INV-143_R3P1_CANONICAL_6_FILES.zip,/mnt/data/DEMOCRACY_INFLUENCE_MASTER_EVIDENCE_BUNDLE_2026-09-11/03_INVESTIGATIONS/02_EXPANDED_ARCHIVES/INV-143_R3P1_CANONICAL_6_FILES/2026-09-08_06-18_institutional-election-timing_MNEMO_SNAPSHOT.json,4b0bdf7d3f201236fb656e55832a81385ece0a7d754f06abc8c79cad5aa07d66,03_INVESTIGATIONS/03_NORMALIZED_BY_ID/INV-143/2026-09-08_06-18_institutional-election-timing_MNEMO_SNAPSHOT.json,COPIED
INV-143,2026-09-08_06-18_institutional-election-timing_INPUT.md,expanded:INV-143_R3P1_CANONICAL_6_FILES.zip,/mnt/data/DEMOCRACY_INFLUENCE_MASTER_EVIDENCE_BUNDLE_2026-09-11/03_INVESTIGATIONS/02_EXPANDED_ARCHIVES/INV-143_R3P1_CANONICAL_6_FILES/2026-09-08_06-18_institutional-election-timing_INPUT.md,cf3003c7e6cd5417bc8acbe7922ca3245d7aea97fee906d5e709b02ac0855fb8,03_INVESTIGATIONS/03_NORMALIZED_BY_ID/INV-143/2026-09-08_06-18_institutional-election-timing_INPUT.md,COPIED
INV-143,2026-09-08_06-18_institutional-election-timing_CERTIFICATION.json,expanded:INV-143_R3P1_CANONICAL_6_FILES.zip,/mnt/data/DEMOCRACY_INFLUENCE_MASTER_EVIDENCE_BUNDLE_2026-09-11/03_INVESTIGATIONS/02_EXPANDED_ARCHIVES/INV-143_R3P1_CANONICAL_6_FILES/2026-09-08_06-18_institutional-election-timing_CERTIFICATION.json,b29dcb80bec4e29c6509780fdbedbcf748ac78a859675c8296f838d3ed89275c,03_INVESTIGATIONS/03_NORMALIZED_BY_ID/INV-143/2026-09-08_06-18_institutional-election-timing_CERTIFICATION.json,COPIED
INV-040,INV-040_SYNTHESIS.md,expanded:FORENSIC_CORPUS_REBUILT_2026-09-11.zip,/mnt/data/DEMOCRACY_INFLUENCE_MASTER_EVIDENCE_BUNDLE_2026-09-11/03_INVESTIGATIONS/02_EXPANDED_ARCHIVES/FORENSIC_CORPUS_REBUILT_2026-09-11/FORENSIC_CORPUS_REBUILT_2026-09-11/03_DERIVED_SYNTHESES/INV-040_SYNTHESIS.md,63608989b4fb5b34abb26c9cb1a7a0d840109c8e7158b20dcc30540f540d54f7,03_INVESTIGATIONS/03_NORMALIZED_BY_ID/INV-040/INV-040_SYNTHESIS.md,DUPLICATE_SHA
INV-095,INV-095_SYNTHESIS.md,expanded:FORENSIC_CORPUS_REBUILT_2026-09-11.zip,/mnt/data/DEMOCRACY_INFLUENCE_MASTER_EVIDENCE_BUNDLE_2026-09-11/03_INVESTIGATIONS/02_EXPANDED_ARCHIVES/FORENSIC_CORPUS_REBUILT_2026-09-11/FORENSIC_CORPUS_REBUILT_2026-09-11/03_DERIVED_SYNTHESES/INV-095_SYNTHESIS.md,c0726eb30f415d1a97bb57f10bb858634fd76b00a18db78cca51893e03c28f90,03_INVESTIGATIONS/03_NORMALIZED_BY_ID/INV-095/INV-095_SYNTHESIS.md,COPIED
INV-052,INV-052_SYNTHESIS.md,expanded:FORENSIC_CORPUS_REBUILT_2026-09-11.zip,/mnt/data/DEMOCRACY_INFLUENCE_MASTER_EVIDENCE_BUNDLE_2026-09-11/03_INVESTIGATIONS/02_EXPANDED_ARCHIVES/FORENSIC_CORPUS_REBUILT_2026-09-11/FORENSIC_CORPUS_REBUILT_2026-09-11/03_DERIVED_SYNTHESES/INV-052_SYNTHESIS.md,bb1a88870a0b2cf0455f516dfc7d2126c063987cb120a7d655842cccb82d7c4d,03_INVESTIGATIONS/03_NORMALIZED_BY_ID/INV-052/INV-052_SYNTHESIS.md,DUPLICATE_SHA
INV-129,INV-129_SYNTHESIS.md,expanded:FORENSIC_CORPUS_REBUILT_2026-09-11.zip,/mnt/data/DEMOCRACY_INFLUENCE_MASTER_EVIDENCE_BUNDLE_2026-09-11/03_INVESTIGATIONS/02_EXPANDED_ARCHIVES/FORENSIC_CORPUS_REBUILT_2026-09-11/FORENSIC_CORPUS_REBUILT_2026-09-11/03_DERIVED_SYNTHESES/INV-129_SYNTHESIS.md,95bcf40b55ad2776e77aabed0e089d442043f0357e8528c85e7e9bd885688de5,03_INVESTIGATIONS/03_NORMALIZED_BY_ID/INV-129/INV-129.md,DUPLICATE_SHA
INV-102,INV-102_SYNTHESIS.md,expanded:FORENSIC_CORPUS_REBUILT_2026-09-11.zip,/mnt/data/DEMOCRACY_INFLUENCE_MASTER_EVIDENCE_BUNDLE_2026-09-11/03_INVESTIGATIONS/02_EXPANDED_ARCHIVES/FORENSIC_CORPUS_REBUILT_2026-09-11/FORENSIC_CORPUS_REBUILT_2026-09-11/03_DERIVED_SYNTHESES/INV-102_SYNTHESIS.md,75fa98241d24fd42da93cc65aaa5fd55b9e4799ca3c14505d865591e2f100777,03_INVESTIGATIONS/03_NORMALIZED_BY_ID/INV-102/INV-102_SYNTHESIS.md,COPIED
INV-038,INV-038_SYNTHESIS.md,expanded:FORENSIC_CORPUS_REBUILT_2026-09-11.zip,/mnt/data/DEMOCRACY_INFLUENCE_MASTER_EVIDENCE_BUNDLE_2026-09-11/03_INVESTIGATIONS/02_EXPANDED_ARCHIVES/FORENSIC_CORPUS_REBUILT_2026-09-11/FORENSIC_CORPUS_REBUILT_2026-09-11/03_DERIVED_SYNTHESES/INV-038_SYNTHESIS.md,4f56b4c79a972bb0175ce81de8097661c3cc4a23d076179dc491fbb2d0e90a88,03_INVESTIGATIONS/03_NORMALIZED_BY_ID/INV-038/INV-038_SYNTHESIS.md,DUPLICATE_SHA
INV-104,INV-104_SYNTHESIS.md,expanded:FORENSIC_CORPUS_REBUILT_2026-09-11.zip,/mnt/data/DEMOCRACY_INFLUENCE_MASTER_EVIDENCE_BUNDLE_2026-09-11/03_INVESTIGATIONS/02_EXPANDED_ARCHIVES/FORENSIC_CORPUS_REBUILT_2026-09-11/FORENSIC_CORPUS_REBUILT_2026-09-11/03_DERIVED_SYNTHESES/INV-104_SYNTHESIS.md,2c52d84aa40b9a63c7a42e4a706d209eb222dccc208d16b1ebc24bae15e8d36f,03_INVESTIGATIONS/03_NORMALIZED_BY_ID/INV-104/INV-104_SYNTHESIS.md,DUPLICATE_SHA
INV-082,INV-082_SYNTHESIS.md,expanded:FORENSIC_CORPUS_REBUILT_2026-09-11.zip,/mnt/data/DEMOCRACY_INFLUENCE_MASTER_EVIDENCE_BUNDLE_2026-09-11/03_INVESTIGATIONS/02_EXPANDED_ARCHIVES/FORENSIC_CORPUS_REBUILT_2026-09-11/FORENSIC_CORPUS_REBUILT_2026-09-11/03_DERIVED_SYNTHESES/INV-082_SYNTHESIS.md,c9b3824143ca02980d5798b273f3c329bf12beccb492fdb56ea6fa1ef06a0dcd,03_INVESTIGATIONS/03_NORMALIZED_BY_ID/INV-082/INV-082.md,DUPLICATE_SHA
INV-146,INV-146_SYNTHESIS.md,expanded:FORENSIC_CORPUS_REBUILT_2026-09-11.zip,/mnt/data/DEMOCRACY_INFLUENCE_MASTER_EVIDENCE_BUNDLE_2026-09-11/03_INVESTIGATIONS/02_EXPANDED_ARCHIVES/FORENSIC_CORPUS_REBUILT_2026-09-11/FORENSIC_CORPUS_REBUILT_2026-09-11/03_DERIVED_SYNTHESES/INV-146_SYNTHESIS.md,9cf2a68c467cdc3a850e4494bda6b32044ee4f003d4623f4b161a62624bd3f8b,03_INVESTIGATIONS/03_NORMALIZED_BY_ID/INV-146/INV-146_SYNTHESIS.md,DUPLICATE_SHA
INV-068,INV-068_SYNTHESIS.md,expanded:FORENSIC_CORPUS_REBUILT_2026-09-11.zip,/mnt/data/DEMOCRACY_INFLUENCE_MASTER_EVIDENCE_BUNDLE_2026-09-11/03_INVESTIGATIONS/02_EXPANDED_ARCHIVES/FORENSIC_CORPUS_REBUILT_2026-09-11/FORENSIC_CORPUS_REBUILT_2026-09-11/03_DERIVED_SYNTHESES/INV-068_SYNTHESIS.md,94f8cb692c0bcd707cdb7a1569dbbae1038bdc3b62636507b57b1894374255f2,03_INVESTIGATIONS/03_NORMALIZED_BY_ID/INV-068/INV-068_SYNTHESIS.md,DUPLICATE_SHA
INV-144,INV-144_SYNTHESIS.md,expanded:FORENSIC_CORPUS_REBUILT_2026-09-11.zip,/mnt/data/DEMOCRACY_INFLUENCE_MASTER_EVIDENCE_BUNDLE_2026-09-11/03_INVESTIGATIONS/02_EXPANDED_ARCHIVES/FORENSIC_CORPUS_REBUILT_2026-09-11/FORENSIC_CORPUS_REBUILT_2026-09-11/03_DERIVED_SYNTHESES/INV-144_SYNTHESIS.md,61bae983b3aa9d09aded345166d9a1edced884fe4a2c379468c916f8af01c9f0,03_INVESTIGATIONS/03_NORMALIZED_BY_ID/INV-144/INV-144.md,DUPLICATE_SHA
INV-133,INV-133_SYNTHESIS.md,expanded:FORENSIC_CORPUS_REBUILT_2026-09-11.zip,/mnt/data/DEMOCRACY_INFLUENCE_MASTER_EVIDENCE_BUNDLE_2026-09-11/03_INVESTIGATIONS/02_EXPANDED_ARCHIVES/FORENSIC_CORPUS_REBUILT_2026-09-11/FORENSIC_CORPUS_REBUILT_2026-09-11/03_DERIVED_SYNTHESES/INV-133_SYNTHESIS.md,548453768fca7f36828d2415fb51cd13492e25906a715f8ade2b81f0a7545ed3,03_INVESTIGATIONS/03_NORMALIZED_BY_ID/INV-133/INV-133_SYNTHESIS.md,DUPLICATE_SHA
INV-088,INV-088_SYNTHESIS.md,expanded:FORENSIC_CORPUS_REBUILT_2026-09-11.zip,/mnt/data/DEMOCRACY_INFLUENCE_MASTER_EVIDENCE_BUNDLE_2026-09-11/03_INVESTIGATIONS/02_EXPANDED_ARCHIVES/FORENSIC_CORPUS_REBUILT_2026-09-11/FORENSIC_CORPUS_REBUILT_2026-09-11/03_DERIVED_SYNTHESES/INV-088_SYNTHESIS.md,222bdeced218b48817447b96f6a3f2b2a8ae92b446d9f7a704d2c747ca3ad430,03_INVESTIGATIONS/03_NORMALIZED_BY_ID/INV-088/INV-088_SYNTHESIS.md,COPIED
INV-044,INV-044_RUN_HANDOFF.md,expanded:FORENSIC_CORPUS_REBUILT_2026-09-11.zip,/mnt/data/DEMOCRACY_INFLUENCE_MASTER_EVIDENCE_BUNDLE_2026-09-11/03_INVESTIGATIONS/02_EXPANDED_ARCHIVES/FORENSIC_CORPUS_REBUILT_2026-09-11/FORENSIC_CORPUS_REBUILT_2026-09-11/02_BOUNDED_RECOVERY/INV-044_RUN_HANDOFF.md,e85cbeebba1a91a9a084b1ed811144dee0e9db755c867b30fd0b5ae2ecf1fda1,03_INVESTIGATIONS/03_NORMALIZED_BY_ID/INV-044/INV-044_RUN_HANDOFF__expanded_DEMOCRACY_INFLUENCE_COMPLETE_BUNDLE_2026-.md,DUPLICATE_SHA
INV-035,INV-035_MISSING.md,expanded:FORENSIC_CORPUS_REBUILT_2026-09-11.zip,/mnt/data/DEMOCRACY_INFLUENCE_MASTER_EVIDENCE_BUNDLE_2026-09-11/03_INVESTIGATIONS/02_EXPANDED_ARCHIVES/FORENSIC_CORPUS_REBUILT_2026-09-11/FORENSIC_CORPUS_REBUILT_2026-09-11/05_EXCLUDED/INV-035_MISSING.md,2f737892c001bb92a4db72f04389cb7e5155e6587f23e3ae83451939d29c84d0,03_INVESTIGATIONS/03_NORMALIZED_BY_ID/INV-035/INV-035_MISSING.md,COPIED
INV-002,INV-002_REPORT.md,expanded:FORENSIC_CORPUS_REBUILT_2026-09-11.zip,/mnt/data/DEMOCRACY_INFLUENCE_MASTER_EVIDENCE_BUNDLE_2026-09-11/03_INVESTIGATIONS/02_EXPANDED_ARCHIVES/FORENSIC_CORPUS_REBUILT_2026-09-11/FORENSIC_CORPUS_REBUILT_2026-09-11/04_CONTROL/INV-002_REPORT.md,f4de1fac8ea62469b00987cc8461e2bc702b98b66a501f0fb6c930f7dcd5503b,03_INVESTIGATIONS/03_NORMALIZED_BY_ID/INV-002/INV-002_REPORT.md,DUPLICATE_SHA
INV-001,INV-001-R1_REPLAY.md,expanded:FORENSIC_CORPUS_REBUILT_2026-09-11.zip,/mnt/data/DEMOCRACY_INFLUENCE_MASTER_EVIDENCE_BUNDLE_2026-09-11/03_INVESTIGATIONS/02_EXPANDED_ARCHIVES/FORENSIC_CORPUS_REBUILT_2026-09-11/FORENSIC_CORPUS_REBUILT_2026-09-11/04_CONTROL/INV-001-R1_REPLAY.md,c3b02fe75ee3ccd0804ac9ab420489b1b7af7710b7aa9920aa00a4f626ed1105,03_INVESTIGATIONS/03_NORMALIZED_BY_ID/INV-001/INV-001-R1_REPLAY.md,DUPLICATE_SHA
INV-010,INV-010_RUN_HANDOFF.md,expanded:FORENSIC_CORPUS_REBUILT_2026-09-11.zip,/mnt/data/DEMOCRACY_INFLUENCE_MASTER_EVIDENCE_BUNDLE_2026-09-11/03_INVESTIGATIONS/02_EXPANDED_ARCHIVES/FORENSIC_CORPUS_REBUILT_2026-09-11/FORENSIC_CORPUS_REBUILT_2026-09-11/01_TERMINAL_RESULTS/INV-010_RUN_HANDOFF.md,98ab3ccd5806547ffa3e0783c9486047d6fa02de01123162c3bb573da49c7bef,03_INVESTIGATIONS/03_NORMALIZED_BY_ID/INV-010/INV-010_RUN_HANDOFF.md,DUPLICATE_SHA
INV-036,INV-036_RUN_HANDOFF.md,expanded:FORENSIC_CORPUS_REBUILT_2026-09-11.zip,/mnt/data/DEMOCRACY_INFLUENCE_MASTER_EVIDENCE_BUNDLE_2026-09-11/03_INVESTIGATIONS/02_EXPANDED_ARCHIVES/FORENSIC_CORPUS_REBUILT_2026-09-11/FORENSIC_CORPUS_REBUILT_2026-09-11/01_TERMINAL_RESULTS/INV-036_RUN_HANDOFF.md,24381e87846ca89bd5446739a061ed75198483c2a3da27b67882a89f83d84485,03_INVESTIGATIONS/03_NORMALIZED_BY_ID/INV-036/INV-036_RUN_HANDOFF.md,COPIED
INV-093,INV-093_RUN_HANDOFF.md,expanded:FORENSIC_CORPUS_REBUILT_2026-09-11.zip,/mnt/data/DEMOCRACY_INFLUENCE_MASTER_EVIDENCE_BUNDLE_2026-09-11/03_INVESTIGATIONS/02_EXPANDED_ARCHIVES/FORENSIC_CORPUS_REBUILT_2026-09-11/FORENSIC_CORPUS_REBUILT_2026-09-11/01_TERMINAL_RESULTS/INV-093_RUN_HANDOFF.md,0b0feab1eab4df6e1799ac2bb16b7ad0d89bbfd9130fa886690c1e4c19c1b3d5,03_INVESTIGATIONS/03_NORMALIZED_BY_ID/INV-093/INV-093_RUN_HANDOFF.md,DUPLICATE_SHA
INV-132,INV-132_RUN_HANDOFF.md,expanded:FORENSIC_CORPUS_REBUILT_2026-09-11.zip,/mnt/data/DEMOCRACY_INFLUENCE_MASTER_EVIDENCE_BUNDLE_2026-09-11/03_INVESTIGATIONS/02_EXPANDED_ARCHIVES/FORENSIC_CORPUS_REBUILT_2026-09-11/FORENSIC_CORPUS_REBUILT_2026-09-11/01_TERMINAL_RESULTS/INV-132_RUN_HANDOFF.md,8c562eaac0781514ebc237c2202b41284a9529f1e1bd33ee89db0edf67fd0673,03_INVESTIGATIONS/03_NORMALIZED_BY_ID/INV-132/INV-132_RUN_HANDOFF.md,COPIED
INV-071,INV-071_RUN_HANDOFF.md,expanded:FORENSIC_CORPUS_REBUILT_2026-09-11.zip,/mnt/data/DEMOCRACY_INFLUENCE_MASTER_EVIDENCE_BUNDLE_2026-09-11/03_INVESTIGATIONS/02_EXPANDED_ARCHIVES/FORENSIC_CORPUS_REBUILT_2026-09-11/FORENSIC_CORPUS_REBUILT_2026-09-11/01_TERMINAL_RESULTS/INV-071_RUN_HANDOFF.md,40a5c487ae9f5367cd68895cc24b8d18fd90bf66e4f4d960e9164c2585309879,03_INVESTIGATIONS/03_NORMALIZED_BY_ID/INV-071/INV-071_RUN_HANDOFF.md,DUPLICATE_SHA
INV-057,INV-057_RUN_HANDOFF.md,expanded:FORENSIC_CORPUS_REBUILT_2026-09-11.zip,/mnt/data/DEMOCRACY_INFLUENCE_MASTER_EVIDENCE_BUNDLE_2026-09-11/03_INVESTIGATIONS/02_EXPANDED_ARCHIVES/FORENSIC_CORPUS_REBUILT_2026-09-11/FORENSIC_CORPUS_REBUILT_2026-09-11/01_TERMINAL_RESULTS/INV-057_RUN_HANDOFF.md,ccf6fb7ae7f4d3ccd80bf3c17c22c24197d77ae991ac294a723289d9f0447136,03_INVESTIGATIONS/03_NORMALIZED_BY_ID/INV-057/INV-057_RUN_HANDOFF.md,DUPLICATE_SHA
INV-080,INV-080_RUN_HANDOFF.md,expanded:FORENSIC_CORPUS_REBUILT_2026-09-11.zip,/mnt/data/DEMOCRACY_INFLUENCE_MASTER_EVIDENCE_BUNDLE_2026-09-11/03_INVESTIGATIONS/02_EXPANDED_ARCHIVES/FORENSIC_CORPUS_REBUILT_2026-09-11/FORENSIC_CORPUS_REBUILT_2026-09-11/01_TERMINAL_RESULTS/INV-080_RUN_HANDOFF.md,fdcb8afe0233186f15b7fbb8a1c3e157a3cb255078cc5423eed8c477f989a355,03_INVESTIGATIONS/03_NORMALIZED_BY_ID/INV-080/INV-080_RUN_HANDOFF.md,DUPLICATE_SHA
INV-098,INV-098_RUN_HANDOFF.md,expanded:FORENSIC_CORPUS_REBUILT_2026-09-11.zip,/mnt/data/DEMOCRACY_INFLUENCE_MASTER_EVIDENCE_BUNDLE_2026-09-11/03_INVESTIGATIONS/02_EXPANDED_ARCHIVES/FORENSIC_CORPUS_REBUILT_2026-09-11/FORENSIC_CORPUS_REBUILT_2026-09-11/01_TERMINAL_RESULTS/INV-098_RUN_HANDOFF.md,d3fd028f48ac3bba7ad6305d00887db5f73d0021734d1be279ccb018950f0c5a,03_INVESTIGATIONS/03_NORMALIZED_BY_ID/INV-098/INV-098_RUN_HANDOFF.md,COPIED
INV-023,INV-023_RUN_HANDOFF.md,expanded:FORENSIC_CORPUS_REBUILT_2026-09-11.zip,/mnt/data/DEMOCRACY_INFLUENCE_MASTER_EVIDENCE_BUNDLE_2026-09-11/03_INVESTIGATIONS/02_EXPANDED_ARCHIVES/FORENSIC_CORPUS_REBUILT_2026-09-11/FORENSIC_CORPUS_REBUILT_2026-09-11/01_TERMINAL_RESULTS/INV-023_RUN_HANDOFF.md,defda8829828ff9b8bd85fd99887da2f75b5d01c79cbb90f2dedb7d55ec810b1,03_INVESTIGATIONS/03_NORMALIZED_BY_ID/INV-023/INV-023_RUN_HANDOFF.md,DUPLICATE_SHA
INV-076,INV-076_RUN_HANDOFF.md,expanded:FORENSIC_CORPUS_REBUILT_2026-09-11.zip,/mnt/data/DEMOCRACY_INFLUENCE_MASTER_EVIDENCE_BUNDLE_2026-09-11/03_INVESTIGATIONS/02_EXPANDED_ARCHIVES/FORENSIC_CORPUS_REBUILT_2026-09-11/FORENSIC_CORPUS_REBUILT_2026-09-11/01_TERMINAL_RESULTS/INV-076_RUN_HANDOFF.md,771b4fcd632f121e1cdccc30a9303123bfd585d7955d40068b49f57e23673111,03_INVESTIGATIONS/03_NORMALIZED_BY_ID/INV-076/INV-076_RUN_HANDOFF.md,COPIED
INV-027,INV-027_RUN_HANDOFF.md,expanded:FORENSIC_CORPUS_REBUILT_2026-09-11.zip,/mnt/data/DEMOCRACY_INFLUENCE_MASTER_EVIDENCE_BUNDLE_2026-09-11/03_INVESTIGATIONS/02_EXPANDED_ARCHIVES/FORENSIC_CORPUS_REBUILT_2026-09-11/FORENSIC_CORPUS_REBUILT_2026-09-11/01_TERMINAL_RESULTS/INV-027_RUN_HANDOFF.md,4f5f3e49e73d863a66bcf8a228cc93005b57e22ca07e46cffa4991b040cde3f8,03_INVESTIGATIONS/03_NORMALIZED_BY_ID/INV-027/INV-027_RUN_HANDOFF.md,COPIED
INV-136,INV-136_RUN_HANDOFF.md,expanded:FORENSIC_CORPUS_REBUILT_2026-09-11.zip,/mnt/data/DEMOCRACY_INFLUENCE_MASTER_EVIDENCE_BUNDLE_2026-09-11/03_INVESTIGATIONS/02_EXPANDED_ARCHIVES/FORENSIC_CORPUS_REBUILT_2026-09-11/FORENSIC_CORPUS_REBUILT_2026-09-11/01_TERMINAL_RESULTS/INV-136_RUN_HANDOFF.md,89ec70a74acccd17ec08856f6d2368b124cc34ee354f6f8b0fd78acd86175f9b,03_INVESTIGATIONS/03_NORMALIZED_BY_ID/INV-136/INV-136_RUN_HANDOFF.md,DUPLICATE_SHA
INV-100,INV-100_RUN_HANDOFF.md,expanded:FORENSIC_CORPUS_REBUILT_2026-09-11.zip,/mnt/data/DEMOCRACY_INFLUENCE_MASTER_EVIDENCE_BUNDLE_2026-09-11/03_INVESTIGATIONS/02_EXPANDED_ARCHIVES/FORENSIC_CORPUS_REBUILT_2026-09-11/FORENSIC_CORPUS_REBUILT_2026-09-11/01_TERMINAL_RESULTS/INV-100_RUN_HANDOFF.md,aa8fb0bf28eb888c88e5c913703a9e5d008ab7dc73bd3e052e193dc98bd385e6,03_INVESTIGATIONS/03_NORMALIZED_BY_ID/INV-100/INV-100_RUN_HANDOFF.md,DUPLICATE_SHA
INV-041,INV-041_RUN_HANDOFF.md,expanded:FORENSIC_CORPUS_REBUILT_2026-09-11.zip,/mnt/data/DEMOCRACY_INFLUENCE_MASTER_EVIDENCE_BUNDLE_2026-09-11/03_INVESTIGATIONS/02_EXPANDED_ARCHIVES/FORENSIC_CORPUS_REBUILT_2026-09-11/FORENSIC_CORPUS_REBUILT_2026-09-11/01_TERMINAL_RESULTS/INV-041_RUN_HANDOFF.md,755ca22180fafb8699be5da76c9ebd24d62e5ed39d17312906942491763342f9,03_INVESTIGATIONS/03_NORMALIZED_BY_ID/INV-041/INV-041_RUN_HANDOFF.md,DUPLICATE_SHA
INV-074,INV-074_RUN_HANDOFF.md,expanded:FORENSIC_CORPUS_REBUILT_2026-09-11.zip,/mnt/data/DEMOCRACY_INFLUENCE_MASTER_EVIDENCE_BUNDLE_2026-09-11/03_INVESTIGATIONS/02_EXPANDED_ARCHIVES/FORENSIC_CORPUS_REBUILT_2026-09-11/FORENSIC_CORPUS_REBUILT_2026-09-11/01_TERMINAL_RESULTS/INV-074_RUN_HANDOFF.md,0dd8408e1a3def70e7b1d68fa17cc12c37625221a9b5b07a4bbf3499268a9bbb,03_INVESTIGATIONS/03_NORMALIZED_BY_ID/INV-074/INV-074_RUN_HANDOFF.md,COPIED
INV-089,INV-089_RUN_HANDOFF.md,expanded:FORENSIC_CORPUS_REBUILT_2026-09-11.zip,/mnt/data/DEMOCRACY_INFLUENCE_MASTER_EVIDENCE_BUNDLE_2026-09-11/03_INVESTIGATIONS/02_EXPANDED_ARCHIVES/FORENSIC_CORPUS_REBUILT_2026-09-11/FORENSIC_CORPUS_REBUILT_2026-09-11/01_TERMINAL_RESULTS/INV-089_RUN_HANDOFF.md,f55f6adbd79e856d180ecefcbec827830f60d2edf4fd987e04ead6253d93325d,03_INVESTIGATIONS/03_NORMALIZED_BY_ID/INV-089/INV-089_RUN_HANDOFF.md,COPIED
INV-048,INV-048_RUN_HANDOFF.md,expanded:FORENSIC_CORPUS_REBUILT_2026-09-11.zip,/mnt/data/DEMOCRACY_INFLUENCE_MASTER_EVIDENCE_BUNDLE_2026-09-11/03_INVESTIGATIONS/02_EXPANDED_ARCHIVES/FORENSIC_CORPUS_REBUILT_2026-09-11/FORENSIC_CORPUS_REBUILT_2026-09-11/01_TERMINAL_RESULTS/INV-048_RUN_HANDOFF.md,02ae047dac6d31df1353295080acb7130200919098357b5af1fbca5af5c4a3a2,03_INVESTIGATIONS/03_NORMALIZED_BY_ID/INV-048/INV-048_RUN_HANDOFF.md,DUPLICATE_SHA
INV-120,INV-120_RUN_HANDOFF.md,expanded:FORENSIC_CORPUS_REBUILT_2026-09-11.zip,/mnt/data/DEMOCRACY_INFLUENCE_MASTER_EVIDENCE_BUNDLE_2026-09-11/03_INVESTIGATIONS/02_EXPANDED_ARCHIVES/FORENSIC_CORPUS_REBUILT_2026-09-11/FORENSIC_CORPUS_REBUILT_2026-09-11/01_TERMINAL_RESULTS/INV-120_RUN_HANDOFF.md,cbf2277dd041b749c75d2f3d5425d561ef73f19db3ae1f31f08603abaa509b60,03_INVESTIGATIONS/03_NORMALIZED_BY_ID/INV-120/INV-120_RUN_HANDOFF.md,DUPLICATE_SHA
INV-125,INV-125_RUN_HANDOFF.md,expanded:FORENSIC_CORPUS_REBUILT_2026-09-11.zip,/mnt/data/DEMOCRACY_INFLUENCE_MASTER_EVIDENCE_BUNDLE_2026-09-11/03_INVESTIGATIONS/02_EXPANDED_ARCHIVES/FORENSIC_CORPUS_REBUILT_2026-09-11/FORENSIC_CORPUS_REBUILT_2026-09-11/01_TERMINAL_RESULTS/INV-125_RUN_HANDOFF.md,f3a42319fe6504421589f0a5856c94013d34f0f541d7cfceb4898d39b9d84c25,03_INVESTIGATIONS/03_NORMALIZED_BY_ID/INV-125/INV-125_RUN_HANDOFF.md,COPIED
INV-029,INV-029_RUN_HANDOFF.md,expanded:FORENSIC_CORPUS_REBUILT_2026-09-11.zip,/mnt/data/DEMOCRACY_INFLUENCE_MASTER_EVIDENCE_BUNDLE_2026-09-11/03_INVESTIGATIONS/02_EXPANDED_ARCHIVES/FORENSIC_CORPUS_REBUILT_2026-09-11/FORENSIC_CORPUS_REBUILT_2026-09-11/01_TERMINAL_RESULTS/INV-029_RUN_HANDOFF.md,893fdc5fc47202de0c22b362eca6dc7586b52edf0262274c6dd93884693be6c0,03_INVESTIGATIONS/03_NORMALIZED_BY_ID/INV-029/INV-029_RUN_HANDOFF.md,DUPLICATE_SHA
INV-142,INV-142_RUN_HANDOFF.md,expanded:FORENSIC_CORPUS_REBUILT_2026-09-11.zip,/mnt/data/DEMOCRACY_INFLUENCE_MASTER_EVIDENCE_BUNDLE_2026-09-11/03_INVESTIGATIONS/02_EXPANDED_ARCHIVES/FORENSIC_CORPUS_REBUILT_2026-09-11/FORENSIC_CORPUS_REBUILT_2026-09-11/01_TERMINAL_RESULTS/INV-142_RUN_HANDOFF.md,e456020e4cd9ff6e9d3237181589e150354759a789f3bebfc186975af6bad6fc,03_INVESTIGATIONS/03_NORMALIZED_BY_ID/INV-142/INV-142_RUN_HANDOFF.md,COPIED
INV-084,INV-084_RUN_HANDOFF.md,expanded:FORENSIC_CORPUS_REBUILT_2026-09-11.zip,/mnt/data/DEMOCRACY_INFLUENCE_MASTER_EVIDENCE_BUNDLE_2026-09-11/03_INVESTIGATIONS/02_EXPANDED_ARCHIVES/FORENSIC_CORPUS_REBUILT_2026-09-11/FORENSIC_CORPUS_REBUILT_2026-09-11/01_TERMINAL_RESULTS/INV-084_RUN_HANDOFF.md,e91978859578c16f797f7d21c77e44a3b600265928900ccdf1cd2355af6e7974,03_INVESTIGATIONS/03_NORMALIZED_BY_ID/INV-084/INV-084_RUN_HANDOFF.md,COPIED
INV-072,INV-072_RUN_HANDOFF.md,expanded:FORENSIC_CORPUS_REBUILT_2026-09-11.zip,/mnt/data/DEMOCRACY_INFLUENCE_MASTER_EVIDENCE_BUNDLE_2026-09-11/03_INVESTIGATIONS/02_EXPANDED_ARCHIVES/FORENSIC_CORPUS_REBUILT_2026-09-11/FORENSIC_CORPUS_REBUILT_2026-09-11/01_TERMINAL_RESULTS/INV-072_RUN_HANDOFF.md,84bd7a9bb42b360015dce03253894b321aec0414c007b14947ac660091fa2db4,03_INVESTIGATIONS/03_NORMALIZED_BY_ID/INV-072/INV-072_RUN_HANDOFF.md,COPIED
INV-047,INV-047_RUN_HANDOFF.md,expanded:FORENSIC_CORPUS_REBUILT_2026-09-11.zip,/mnt/data/DEMOCRACY_INFLUENCE_MASTER_EVIDENCE_BUNDLE_2026-09-11/03_INVESTIGATIONS/02_EXPANDED_ARCHIVES/FORENSIC_CORPUS_REBUILT_2026-09-11/FORENSIC_CORPUS_REBUILT_2026-09-11/01_TERMINAL_RESULTS/INV-047_RUN_HANDOFF.md,117e7b67c5ad6c68fc006ca02c7991665b9b561bc5ede80f942ddb9cca492533,03_INVESTIGATIONS/03_NORMALIZED_BY_ID/INV-047/INV-047_RUN_HANDOFF.md,DUPLICATE_SHA
INV-137,INV-137_RUN_HANDOFF.md,expanded:FORENSIC_CORPUS_REBUILT_2026-09-11.zip,/mnt/data/DEMOCRACY_INFLUENCE_MASTER_EVIDENCE_BUNDLE_2026-09-11/03_INVESTIGATIONS/02_EXPANDED_ARCHIVES/FORENSIC_CORPUS_REBUILT_2026-09-11/FORENSIC_CORPUS_REBUILT_2026-09-11/01_TERMINAL_RESULTS/INV-137_RUN_HANDOFF.md,ffe90b6162ddec2d94bd84cf90fadaa18829b18ff6ce03c6f32970ea9092a85f,03_INVESTIGATIONS/03_NORMALIZED_BY_ID/INV-137/INV-137_RUN_HANDOFF.md,DUPLICATE_SHA
INV-039,INV-039_RUN_HANDOFF.md,expanded:FORENSIC_CORPUS_REBUILT_2026-09-11.zip,/mnt/data/DEMOCRACY_INFLUENCE_MASTER_EVIDENCE_BUNDLE_2026-09-11/03_INVESTIGATIONS/02_EXPANDED_ARCHIVES/FORENSIC_CORPUS_REBUILT_2026-09-11/FORENSIC_CORPUS_REBUILT_2026-09-11/01_TERMINAL_RESULTS/INV-039_RUN_HANDOFF.md,f161f85f3b3e4ac598054a114b461a01b480ef2fb646c39112e3ff7df8733748,03_INVESTIGATIONS/03_NORMALIZED_BY_ID/INV-039/INV-039_RUN_HANDOFF.md,DUPLICATE_SHA
INV-051,INV-051_RUN_HANDOFF.md,expanded:FORENSIC_CORPUS_REBUILT_2026-09-11.zip,/mnt/data/DEMOCRACY_INFLUENCE_MASTER_EVIDENCE_BUNDLE_2026-09-11/03_INVESTIGATIONS/02_EXPANDED_ARCHIVES/FORENSIC_CORPUS_REBUILT_2026-09-11/FORENSIC_CORPUS_REBUILT_2026-09-11/01_TERMINAL_RESULTS/INV-051_RUN_HANDOFF.md,b11e8dee775ff460c6e4465c9afff31892c4d1b4f2ab34e3902944f6379a10e0,03_INVESTIGATIONS/03_NORMALIZED_BY_ID/INV-051/INV-051_RUN_HANDOFF.md,DUPLICATE_SHA
INV-081,INV-081_RUN_HANDOFF.md,expanded:FORENSIC_CORPUS_REBUILT_2026-09-11.zip,/mnt/data/DEMOCRACY_INFLUENCE_MASTER_EVIDENCE_BUNDLE_2026-09-11/03_INVESTIGATIONS/02_EXPANDED_ARCHIVES/FORENSIC_CORPUS_REBUILT_2026-09-11/FORENSIC_CORPUS_REBUILT_2026-09-11/01_TERMINAL_RESULTS/INV-081_RUN_HANDOFF.md,7ac635ec0f5e0726c2cd08bbf7c8d26dcc93daf688c6214ce4080a38bdb11a5f,03_INVESTIGATIONS/03_NORMALIZED_BY_ID/INV-081/INV-081_RUN_HANDOFF.md,DUPLICATE_SHA
INV-049,INV-049_RUN_HANDOFF.md,expanded:FORENSIC_CORPUS_REBUILT_2026-09-11.zip,/mnt/data/DEMOCRACY_INFLUENCE_MASTER_EVIDENCE_BUNDLE_2026-09-11/03_INVESTIGATIONS/02_EXPANDED_ARCHIVES/FORENSIC_CORPUS_REBUILT_2026-09-11/FORENSIC_CORPUS_REBUILT_2026-09-11/01_TERMINAL_RESULTS/INV-049_RUN_HANDOFF.md,53b700412f23822520263f58965856384a77fa82053df12fc2d5ea6671830bfa,03_INVESTIGATIONS/03_NORMALIZED_BY_ID/INV-049/INV-049_RUN_HANDOFF.md,DUPLICATE_SHA
INV-069,INV-069_RUN_HANDOFF.md,expanded:FORENSIC_CORPUS_REBUILT_2026-09-11.zip,/mnt/data/DEMOCRACY_INFLUENCE_MASTER_EVIDENCE_BUNDLE_2026-09-11/03_INVESTIGATIONS/02_EXPANDED_ARCHIVES/FORENSIC_CORPUS_REBUILT_2026-09-11/FORENSIC_CORPUS_REBUILT_2026-09-11/01_TERMINAL_RESULTS/INV-069_RUN_HANDOFF.md,1d92538236ec5013049116c6e3a3f2b3b561977decff76cba35af3850eb36ff8,03_INVESTIGATIONS/03_NORMALIZED_BY_ID/INV-069/INV-069_RUN_HANDOFF.md,COPIED
INV-061,INV-061_RUN_HANDOFF.md,expanded:FORENSIC_CORPUS_REBUILT_2026-09-11.zip,/mnt/data/DEMOCRACY_INFLUENCE_MASTER_EVIDENCE_BUNDLE_2026-09-11/03_INVESTIGATIONS/02_EXPANDED_ARCHIVES/FORENSIC_CORPUS_REBUILT_2026-09-11/FORENSIC_CORPUS_REBUILT_2026-09-11/01_TERMINAL_RESULTS/INV-061_RUN_HANDOFF.md,813cd846510520e203eb8d8d7b6c11bc3038b2387dfaea7d6490839926cf26c0,03_INVESTIGATIONS/03_NORMALIZED_BY_ID/INV-061/INV-061_RUN_HANDOFF.md,DUPLICATE_SHA
INV-079,INV-079_RUN_HANDOFF.md,expanded:FORENSIC_CORPUS_REBUILT_2026-09-11.zip,/mnt/data/DEMOCRACY_INFLUENCE_MASTER_EVIDENCE_BUNDLE_2026-09-11/03_INVESTIGATIONS/02_EXPANDED_ARCHIVES/FORENSIC_CORPUS_REBUILT_2026-09-11/FORENSIC_CORPUS_REBUILT_2026-09-11/01_TERMINAL_RESULTS/INV-079_RUN_HANDOFF.md,347ac9fc7596619782f4070151be540e793026e2bdc45325ce901139304a87d6,03_INVESTIGATIONS/03_NORMALIZED_BY_ID/INV-079/INV-079_RUN_HANDOFF.md,DUPLICATE_SHA
INV-053,INV-053_RUN_HANDOFF.md,expanded:FORENSIC_CORPUS_REBUILT_2026-09-11.zip,/mnt/data/DEMOCRACY_INFLUENCE_MASTER_EVIDENCE_BUNDLE_2026-09-11/03_INVESTIGATIONS/02_EXPANDED_ARCHIVES/FORENSIC_CORPUS_REBUILT_2026-09-11/FORENSIC_CORPUS_REBUILT_2026-09-11/01_TERMINAL_RESULTS/INV-053_RUN_HANDOFF.md,fb2e4daf5d4dc5aa473f5a661388d34c3783a82f3549b2327353d873c038f094,03_INVESTIGATIONS/03_NORMALIZED_BY_ID/INV-053/INV-053_RUN_HANDOFF.md,DUPLICATE_SHA
INV-087,INV-087_RUN_HANDOFF.md,expanded:FORENSIC_CORPUS_REBUILT_2026-09-11.zip,/mnt/data/DEMOCRACY_INFLUENCE_MASTER_EVIDENCE_BUNDLE_2026-09-11/03_INVESTIGATIONS/02_EXPANDED_ARCHIVES/FORENSIC_CORPUS_REBUILT_2026-09-11/FORENSIC_CORPUS_REBUILT_2026-09-11/01_TERMINAL_RESULTS/INV-087_RUN_HANDOFF.md,9568fc6349237c10b61372e53cc9073324aa9dbeaf328f0c4eb0d60a6165d591,03_INVESTIGATIONS/03_NORMALIZED_BY_ID/INV-087/INV-087_RUN_HANDOFF.md,COPIED
INV-062,INV-062_RUN_HANDOFF.md,expanded:FORENSIC_CORPUS_REBUILT_2026-09-11.zip,/mnt/data/DEMOCRACY_INFLUENCE_MASTER_EVIDENCE_BUNDLE_2026-09-11/03_INVESTIGATIONS/02_EXPANDED_ARCHIVES/FORENSIC_CORPUS_REBUILT_2026-09-11/FORENSIC_CORPUS_REBUILT_2026-09-11/01_TERMINAL_RESULTS/INV-062_RUN_HANDOFF.md,ff8c52095e6353afcab4db2c226362d72014307be52f53f4ca833117de358560,03_INVESTIGATIONS/03_NORMALIZED_BY_ID/INV-062/INV-062_RUN_HANDOFF.md,DUPLICATE_SHA
INV-099,INV-099_RUN_HANDOFF.md,expanded:FORENSIC_CORPUS_REBUILT_2026-09-11.zip,/mnt/data/DEMOCRACY_INFLUENCE_MASTER_EVIDENCE_BUNDLE_2026-09-11/03_INVESTIGATIONS/02_EXPANDED_ARCHIVES/FORENSIC_CORPUS_REBUILT_2026-09-11/FORENSIC_CORPUS_REBUILT_2026-09-11/01_TERMINAL_RESULTS/INV-099_RUN_HANDOFF.md,2d6c454ecd3ed8af64cf61328461cd69ba7b227eff1dd40fe88e412b5771c1a4,03_INVESTIGATIONS/03_NORMALIZED_BY_ID/INV-099/INV-099_RUN_HANDOFF.md,COPIED
INV-092,INV-092_RUN_HANDOFF.md,expanded:FORENSIC_CORPUS_REBUILT_2026-09-11.zip,/mnt/data/DEMOCRACY_INFLUENCE_MASTER_EVIDENCE_BUNDLE_2026-09-11/03_INVESTIGATIONS/02_EXPANDED_ARCHIVES/FORENSIC_CORPUS_REBUILT_2026-09-11/FORENSIC_CORPUS_REBUILT_2026-09-11/01_TERMINAL_RESULTS/INV-092_RUN_HANDOFF.md,cc70c2ee7a0098512ad81091483838a874a9427768bc957be1d0f9c86b1152e0,03_INVESTIGATIONS/03_NORMALIZED_BY_ID/INV-092/INV-092_RUN_HANDOFF.md,COPIED
INV-077,INV-077_RUN_HANDOFF.md,expanded:FORENSIC_CORPUS_REBUILT_2026-09-11.zip,/mnt/data/DEMOCRACY_INFLUENCE_MASTER_EVIDENCE_BUNDLE_2026-09-11/03_INVESTIGATIONS/02_EXPANDED_ARCHIVES/FORENSIC_CORPUS_REBUILT_2026-09-11/FORENSIC_CORPUS_REBUILT_2026-09-11/01_TERMINAL_RESULTS/INV-077_RUN_HANDOFF.md,ef05173c09f583d7fc118bf7f727fc719f09851b0708df6e3b095c3de178cf49,03_INVESTIGATIONS/03_NORMALIZED_BY_ID/INV-077/INV-077_RUN_HANDOFF.md,COPIED
INV-042,INV-042_RUN_HANDOFF.md,expanded:FORENSIC_CORPUS_REBUILT_2026-09-11.zip,/mnt/data/DEMOCRACY_INFLUENCE_MASTER_EVIDENCE_BUNDLE_2026-09-11/03_INVESTIGATIONS/02_EXPANDED_ARCHIVES/FORENSIC_CORPUS_REBUILT_2026-09-11/FORENSIC_CORPUS_REBUILT_2026-09-11/01_TERMINAL_RESULTS/INV-042_RUN_HANDOFF.md,ee30ab176cfb9f73b9f225cb9ff05d0d994d3913f667954800580c20ccb87925,03_INVESTIGATIONS/03_NORMALIZED_BY_ID/INV-042/INV-042_RUN_HANDOFF.md,DUPLICATE_SHA
INV-045,INV-045_RUN_HANDOFF.md,expanded:FORENSIC_CORPUS_REBUILT_2026-09-11.zip,/mnt/data/DEMOCRACY_INFLUENCE_MASTER_EVIDENCE_BUNDLE_2026-09-11/03_INVESTIGATIONS/02_EXPANDED_ARCHIVES/FORENSIC_CORPUS_REBUILT_2026-09-11/FORENSIC_CORPUS_REBUILT_2026-09-11/01_TERMINAL_RESULTS/INV-045_RUN_HANDOFF.md,dceb321e6ed9d0f0e13be5d6cd7a12cfacbdda929b2ec10c0a83eaa70088cc01,03_INVESTIGATIONS/03_NORMALIZED_BY_ID/INV-045/INV-045_RUN_HANDOFF.md,DUPLICATE_SHA
INV-028,INV-028_RUN_HANDOFF.md,expanded:FORENSIC_CORPUS_REBUILT_2026-09-11.zip,/mnt/data/DEMOCRACY_INFLUENCE_MASTER_EVIDENCE_BUNDLE_2026-09-11/03_INVESTIGATIONS/02_EXPANDED_ARCHIVES/FORENSIC_CORPUS_REBUILT_2026-09-11/FORENSIC_CORPUS_REBUILT_2026-09-11/01_TERMINAL_RESULTS/INV-028_RUN_HANDOFF.md,4ba6f5f56688585cbd83d323ad16676e615a881434d3849b4ea6d0cd26def8d0,03_INVESTIGATIONS/03_NORMALIZED_BY_ID/INV-028/INV-028_RUN_HANDOFF.md,COPIED
INV-134,INV-134_RUN_HANDOFF.md,expanded:FORENSIC_CORPUS_REBUILT_2026-09-11.zip,/mnt/data/DEMOCRACY_INFLUENCE_MASTER_EVIDENCE_BUNDLE_2026-09-11/03_INVESTIGATIONS/02_EXPANDED_ARCHIVES/FORENSIC_CORPUS_REBUILT_2026-09-11/FORENSIC_CORPUS_REBUILT_2026-09-11/01_TERMINAL_RESULTS/INV-134_RUN_HANDOFF.md,86ecbc873978c6a375d21dd9f145f299f2ba3edd8460615d040034b459e7cd6a,03_INVESTIGATIONS/03_NORMALIZED_BY_ID/INV-134/INV-134_RUN_HANDOFF.md,DUPLICATE_SHA
INV-073,INV-073_RUN_HANDOFF.md,expanded:FORENSIC_CORPUS_REBUILT_2026-09-11.zip,/mnt/data/DEMOCRACY_INFLUENCE_MASTER_EVIDENCE_BUNDLE_2026-09-11/03_INVESTIGATIONS/02_EXPANDED_ARCHIVES/FORENSIC_CORPUS_REBUILT_2026-09-11/FORENSIC_CORPUS_REBUILT_2026-09-11/01_TERMINAL_RESULTS/INV-073_RUN_HANDOFF.md,c6dd70c432227a9848af85f33b2945ffab61c89f5243fa628653d8da39664572,03_INVESTIGATIONS/03_NORMALIZED_BY_ID/INV-073/INV-073_RUN_HANDOFF.md,COPIED
INV-037,INV-037_RUN_HANDOFF.md,expanded:FORENSIC_CORPUS_REBUILT_2026-09-11.zip,/mnt/data/DEMOCRACY_INFLUENCE_MASTER_EVIDENCE_BUNDLE_2026-09-11/03_INVESTIGATIONS/02_EXPANDED_ARCHIVES/FORENSIC_CORPUS_REBUILT_2026-09-11/FORENSIC_CORPUS_REBUILT_2026-09-11/01_TERMINAL_RESULTS/INV-037_RUN_HANDOFF.md,a48f909396f4272cea5c9743915743d4f8b9d7ab4086e1b0ce4377f4166c93a5,03_INVESTIGATIONS/03_NORMALIZED_BY_ID/INV-037/INV-037_RUN_HANDOFF.md,DUPLICATE_SHA
INV-056,INV-056_RUN_HANDOFF.md,expanded:FORENSIC_CORPUS_REBUILT_2026-09-11.zip,/mnt/data/DEMOCRACY_INFLUENCE_MASTER_EVIDENCE_BUNDLE_2026-09-11/03_INVESTIGATIONS/02_EXPANDED_ARCHIVES/FORENSIC_CORPUS_REBUILT_2026-09-11/FORENSIC_CORPUS_REBUILT_2026-09-11/01_TERMINAL_RESULTS/INV-056_RUN_HANDOFF.md,58fed8118644f023e532a2b8caaa5171f5d2de322678aa15dcbced8dfa095f1b,03_INVESTIGATIONS/03_NORMALIZED_BY_ID/INV-056/INV-056_RUN_HANDOFF.md,COPIED
INV-096,INV-096_RUN_HANDOFF.md,expanded:FORENSIC_CORPUS_REBUILT_2026-09-11.zip,/mnt/data/DEMOCRACY_INFLUENCE_MASTER_EVIDENCE_BUNDLE_2026-09-11/03_INVESTIGATIONS/02_EXPANDED_ARCHIVES/FORENSIC_CORPUS_REBUILT_2026-09-11/FORENSIC_CORPUS_REBUILT_2026-09-11/01_TERMINAL_RESULTS/INV-096_RUN_HANDOFF.md,a0d11d332dd841506a408c45436fbc9d4b07092e1c102ff84b1c0e323e201f87,03_INVESTIGATIONS/03_NORMALIZED_BY_ID/INV-096/INV-096_RUN_HANDOFF.md,COPIED
INV-021,INV-021_RUN_HANDOFF.md,expanded:FORENSIC_CORPUS_REBUILT_2026-09-11.zip,/mnt/data/DEMOCRACY_INFLUENCE_MASTER_EVIDENCE_BUNDLE_2026-09-11/03_INVESTIGATIONS/02_EXPANDED_ARCHIVES/FORENSIC_CORPUS_REBUILT_2026-09-11/FORENSIC_CORPUS_REBUILT_2026-09-11/01_TERMINAL_RESULTS/INV-021_RUN_HANDOFF.md,b0d39c25d01137befba1657c01d41c9d110715e66fad76a0d219d7c5cd830825,03_INVESTIGATIONS/03_NORMALIZED_BY_ID/INV-021/INV-021_RUN_HANDOFF.md,COPIED
INV-015,INV-015_RUN_HANDOFF.md,expanded:FORENSIC_CORPUS_REBUILT_2026-09-11.zip,/mnt/data/DEMOCRACY_INFLUENCE_MASTER_EVIDENCE_BUNDLE_2026-09-11/03_INVESTIGATIONS/02_EXPANDED_ARCHIVES/FORENSIC_CORPUS_REBUILT_2026-09-11/FORENSIC_CORPUS_REBUILT_2026-09-11/01_TERMINAL_RESULTS/INV-015_RUN_HANDOFF.md,db01166e3c5ecc274633c22d6e707ed17461d40aec2b03eaae3b0553f624cd31,03_INVESTIGATIONS/03_NORMALIZED_BY_ID/INV-015/INV-015_RUN_HANDOFF.md,DUPLICATE_SHA
INV-127,INV-127_RUN_HANDOFF.md,expanded:FORENSIC_CORPUS_REBUILT_2026-09-11.zip,/mnt/data/DEMOCRACY_INFLUENCE_MASTER_EVIDENCE_BUNDLE_2026-09-11/03_INVESTIGATIONS/02_EXPANDED_ARCHIVES/FORENSIC_CORPUS_REBUILT_2026-09-11/FORENSIC_CORPUS_REBUILT_2026-09-11/01_TERMINAL_RESULTS/INV-127_RUN_HANDOFF.md,1df04f65fe231d6622003cc287355719a10bd3d9a18b5b2ee4f450d495a80fd7,03_INVESTIGATIONS/03_NORMALIZED_BY_ID/INV-127/INV-127_RUN_HANDOFF.md,COPIED
INV-124,INV-124_RUN_HANDOFF.md,expanded:FORENSIC_CORPUS_REBUILT_2026-09-11.zip,/mnt/data/DEMOCRACY_INFLUENCE_MASTER_EVIDENCE_BUNDLE_2026-09-11/03_INVESTIGATIONS/02_EXPANDED_ARCHIVES/FORENSIC_CORPUS_REBUILT_2026-09-11/FORENSIC_CORPUS_REBUILT_2026-09-11/01_TERMINAL_RESULTS/INV-124_RUN_HANDOFF.md,9c77cc8bafdf50cb43bad1b99fa96a1347f5b205170b78ebebdf5bd2478a14b4,03_INVESTIGATIONS/03_NORMALIZED_BY_ID/INV-124/INV-124_RUN_HANDOFF.md,DUPLICATE_SHA
INV-059,INV-059_RUN_HANDOFF.md,expanded:FORENSIC_CORPUS_REBUILT_2026-09-11.zip,/mnt/data/DEMOCRACY_INFLUENCE_MASTER_EVIDENCE_BUNDLE_2026-09-11/03_INVESTIGATIONS/02_EXPANDED_ARCHIVES/FORENSIC_CORPUS_REBUILT_2026-09-11/FORENSIC_CORPUS_REBUILT_2026-09-11/01_TERMINAL_RESULTS/INV-059_RUN_HANDOFF.md,845d2d2e14d0113d4fea5dc6a9b3d7cf601684ba7e19e8e6ecf9d54f2a4058c7,03_INVESTIGATIONS/03_NORMALIZED_BY_ID/INV-059/INV-059_RUN_HANDOFF.md,DUPLICATE_SHA
INV-046,INV-046_RUN_HANDOFF.md,expanded:FORENSIC_CORPUS_REBUILT_2026-09-11.zip,/mnt/data/DEMOCRACY_INFLUENCE_MASTER_EVIDENCE_BUNDLE_2026-09-11/03_INVESTIGATIONS/02_EXPANDED_ARCHIVES/FORENSIC_CORPUS_REBUILT_2026-09-11/FORENSIC_CORPUS_REBUILT_2026-09-11/01_TERMINAL_RESULTS/INV-046_RUN_HANDOFF.md,eb957002612d086217cba34030f91e3b867844744ad07a9811e06aabb9359b12,03_INVESTIGATIONS/03_NORMALIZED_BY_ID/INV-046/INV-046_RUN_HANDOFF.md,DUPLICATE_SHA
INV-138,INV-138_RUN_HANDOFF.md,expanded:FORENSIC_CORPUS_REBUILT_2026-09-11.zip,/mnt/data/DEMOCRACY_INFLUENCE_MASTER_EVIDENCE_BUNDLE_2026-09-11/03_INVESTIGATIONS/02_EXPANDED_ARCHIVES/FORENSIC_CORPUS_REBUILT_2026-09-11/FORENSIC_CORPUS_REBUILT_2026-09-11/01_TERMINAL_RESULTS/INV-138_RUN_HANDOFF.md,33cf00cd572c2109187d853d87848aa22c0d81371fdbfcc089e3a085d8551845,03_INVESTIGATIONS/03_NORMALIZED_BY_ID/INV-138/INV-138_RUN_HANDOFF.md,DUPLICATE_SHA
INV-070,INV-070_RUN_HANDOFF.md,expanded:FORENSIC_CORPUS_REBUILT_2026-09-11.zip,/mnt/data/DEMOCRACY_INFLUENCE_MASTER_EVIDENCE_BUNDLE_2026-09-11/03_INVESTIGATIONS/02_EXPANDED_ARCHIVES/FORENSIC_CORPUS_REBUILT_2026-09-11/FORENSIC_CORPUS_REBUILT_2026-09-11/01_TERMINAL_RESULTS/INV-070_RUN_HANDOFF.md,cdb0b841de1ae2450eb3c71699a8f18e5fdd15377ccbc1ca9cac39fe6577d837,03_INVESTIGATIONS/03_NORMALIZED_BY_ID/INV-070/INV-070_RUN_HANDOFF.md,COPIED
INV-019,INV-019_RUN_HANDOFF.md,expanded:FORENSIC_CORPUS_REBUILT_2026-09-11.zip,/mnt/data/DEMOCRACY_INFLUENCE_MASTER_EVIDENCE_BUNDLE_2026-09-11/03_INVESTIGATIONS/02_EXPANDED_ARCHIVES/FORENSIC_CORPUS_REBUILT_2026-09-11/FORENSIC_CORPUS_REBUILT_2026-09-11/01_TERMINAL_RESULTS/INV-019_RUN_HANDOFF.md,c72fff3b19b5ab1b2bd36b064544c1a3635f42e3d30b99c8c225e616f1d76c9b,03_INVESTIGATIONS/03_NORMALIZED_BY_ID/INV-019/INV-019_RUN_HANDOFF.md,DUPLICATE_SHA
INV-011,INV-011_RUN_HANDOFF.md,expanded:FORENSIC_CORPUS_REBUILT_2026-09-11.zip,/mnt/data/DEMOCRACY_INFLUENCE_MASTER_EVIDENCE_BUNDLE_2026-09-11/03_INVESTIGATIONS/02_EXPANDED_ARCHIVES/FORENSIC_CORPUS_REBUILT_2026-09-11/FORENSIC_CORPUS_REBUILT_2026-09-11/01_TERMINAL_RESULTS/INV-011_RUN_HANDOFF.md,5ea4d64db55b0ce39d3ed2bbc6cbbc3c3b07fd3cf39fa605685f7606b37d6a4b,03_INVESTIGATIONS/03_NORMALIZED_BY_ID/INV-011/INV-011_RUN_HANDOFF.md,COPIED
INV-025,INV-025_RUN_HANDOFF.md,expanded:FORENSIC_CORPUS_REBUILT_2026-09-11.zip,/mnt/data/DEMOCRACY_INFLUENCE_MASTER_EVIDENCE_BUNDLE_2026-09-11/03_INVESTIGATIONS/02_EXPANDED_ARCHIVES/FORENSIC_CORPUS_REBUILT_2026-09-11/FORENSIC_CORPUS_REBUILT_2026-09-11/01_TERMINAL_RESULTS/INV-025_RUN_HANDOFF.md,53c7f49ab0020f83cdc2ddfc4fa2f87af61011044ebb884bfc90f424cbb7de0d,03_INVESTIGATIONS/03_NORMALIZED_BY_ID/INV-025/INV-025_RUN_HANDOFF.md,COPIED
INV-043,INV-043_RUN_HANDOFF.md,expanded:FORENSIC_CORPUS_REBUILT_2026-09-11.zip,/mnt/data/DEMOCRACY_INFLUENCE_MASTER_EVIDENCE_BUNDLE_2026-09-11/03_INVESTIGATIONS/02_EXPANDED_ARCHIVES/FORENSIC_CORPUS_REBUILT_2026-09-11/FORENSIC_CORPUS_REBUILT_2026-09-11/01_TERMINAL_RESULTS/INV-043_RUN_HANDOFF.md,f9a2ef582d9a35ca8b7de6dfefeaf578dacac1544834a7a4cbb4ee2ba14f3ac9,03_INVESTIGATIONS/03_NORMALIZED_BY_ID/INV-043/INV-043_RUN_HANDOFF.md,DUPLICATE_SHA
INV-014,INV-014_RUN_HANDOFF.md,expanded:FORENSIC_CORPUS_REBUILT_2026-09-11.zip,/mnt/data/DEMOCRACY_INFLUENCE_MASTER_EVIDENCE_BUNDLE_2026-09-11/03_INVESTIGATIONS/02_EXPANDED_ARCHIVES/FORENSIC_CORPUS_REBUILT_2026-09-11/FORENSIC_CORPUS_REBUILT_2026-09-11/01_TERMINAL_RESULTS/INV-014_RUN_HANDOFF.md,50ce7bf024113125c6f2058fb78780dd5cfa32ec2d7147c3c28db38ae6bb54d9,03_INVESTIGATIONS/03_NORMALIZED_BY_ID/INV-014/INV-014_RUN_HANDOFF.md,COPIED
INV-085,INV-085_RUN_HANDOFF.md,expanded:FORENSIC_CORPUS_REBUILT_2026-09-11.zip,/mnt/data/DEMOCRACY_INFLUENCE_MASTER_EVIDENCE_BUNDLE_2026-09-11/03_INVESTIGATIONS/02_EXPANDED_ARCHIVES/FORENSIC_CORPUS_REBUILT_2026-09-11/FORENSIC_CORPUS_REBUILT_2026-09-11/01_TERMINAL_RESULTS/INV-085_RUN_HANDOFF.md,907c1e8bee0a4a740bdea31ea0e0fc9ec135297ea1547dc812d52fc1aed49273,03_INVESTIGATIONS/03_NORMALIZED_BY_ID/INV-085/INV-085_RUN_HANDOFF.md,DUPLICATE_SHA
INV-018,INV-018_RUN_HANDOFF.md,expanded:FORENSIC_CORPUS_REBUILT_2026-09-11.zip,/mnt/data/DEMOCRACY_INFLUENCE_MASTER_EVIDENCE_BUNDLE_2026-09-11/03_INVESTIGATIONS/02_EXPANDED_ARCHIVES/FORENSIC_CORPUS_REBUILT_2026-09-11/FORENSIC_CORPUS_REBUILT_2026-09-11/01_TERMINAL_RESULTS/INV-018_RUN_HANDOFF.md,f9e6ab9a87f93fb79ee879c84e96ea6bc9de8459a5f9af78851277f868391da7,03_INVESTIGATIONS/03_NORMALIZED_BY_ID/INV-018/INV-018_RUN_HANDOFF.md,COPIED
INV-112,INV-112_RUN_HANDOFF.md,expanded:FORENSIC_CORPUS_REBUILT_2026-09-11.zip,/mnt/data/DEMOCRACY_INFLUENCE_MASTER_EVIDENCE_BUNDLE_2026-09-11/03_INVESTIGATIONS/02_EXPANDED_ARCHIVES/FORENSIC_CORPUS_REBUILT_2026-09-11/FORENSIC_CORPUS_REBUILT_2026-09-11/01_TERMINAL_RESULTS/INV-112_RUN_HANDOFF.md,3e8783729ce6d1e63330a509cdf26043a1efcfe5110e2628085218e6a1190e3e,03_INVESTIGATIONS/03_NORMALIZED_BY_ID/INV-112/INV-112_RUN_HANDOFF.md,DUPLICATE_SHA
INV-147,INV-147_RUN_HANDOFF.md,expanded:FORENSIC_CORPUS_REBUILT_2026-09-11.zip,/mnt/data/DEMOCRACY_INFLUENCE_MASTER_EVIDENCE_BUNDLE_2026-09-11/03_INVESTIGATIONS/02_EXPANDED_ARCHIVES/FORENSIC_CORPUS_REBUILT_2026-09-11/FORENSIC_CORPUS_REBUILT_2026-09-11/01_TERMINAL_RESULTS/INV-147_RUN_HANDOFF.md,16939bfcfb3bfd441029b65434eb7c230c3f2b45a67edc516b19d09f5e1ee575,03_INVESTIGATIONS/03_NORMALIZED_BY_ID/INV-147/INV-147_RUN_HANDOFF.md,COPIED
INV-090,INV-090_RUN_HANDOFF.md,expanded:FORENSIC_CORPUS_REBUILT_2026-09-11.zip,/mnt/data/DEMOCRACY_INFLUENCE_MASTER_EVIDENCE_BUNDLE_2026-09-11/03_INVESTIGATIONS/02_EXPANDED_ARCHIVES/FORENSIC_CORPUS_REBUILT_2026-09-11/FORENSIC_CORPUS_REBUILT_2026-09-11/01_TERMINAL_RESULTS/INV-090_RUN_HANDOFF.md,aafa90efe1ca71f242054b2dec739cf474280f501e117c3fe4d6d657e4321d08,03_INVESTIGATIONS/03_NORMALIZED_BY_ID/INV-090/INV-090_RUN_HANDOFF.md,COPIED
INV-141,INV-141_RUN_HANDOFF.md,expanded:FORENSIC_CORPUS_REBUILT_2026-09-11.zip,/mnt/data/DEMOCRACY_INFLUENCE_MASTER_EVIDENCE_BUNDLE_2026-09-11/03_INVESTIGATIONS/02_EXPANDED_ARCHIVES/FORENSIC_CORPUS_REBUILT_2026-09-11/FORENSIC_CORPUS_REBUILT_2026-09-11/01_TERMINAL_RESULTS/INV-141_RUN_HANDOFF.md,98f326e53fb15de5aca4ee9167baa951e6f27ec34d19c3379426bf691288acf0,03_INVESTIGATIONS/03_NORMALIZED_BY_ID/INV-141/INV-141_RUN_HANDOFF.md,COPIED
INV-066,INV-066_RUN_HANDOFF.md,expanded:FORENSIC_CORPUS_REBUILT_2026-09-11.zip,/mnt/data/DEMOCRACY_INFLUENCE_MASTER_EVIDENCE_BUNDLE_2026-09-11/03_INVESTIGATIONS/02_EXPANDED_ARCHIVES/FORENSIC_CORPUS_REBUILT_2026-09-11/FORENSIC_CORPUS_REBUILT_2026-09-11/01_TERMINAL_RESULTS/INV-066_RUN_HANDOFF.md,cb886e3c3e41a2ab8cd0190f47a6f2fecbeb47ddd9240fce20540447bc142d8f,03_INVESTIGATIONS/03_NORMALIZED_BY_ID/INV-066/INV-066_RUN_HANDOFF.md,DUPLICATE_SHA
INV-013,INV-013_RUN_HANDOFF.md,expanded:FORENSIC_CORPUS_REBUILT_2026-09-11.zip,/mnt/data/DEMOCRACY_INFLUENCE_MASTER_EVIDENCE_BUNDLE_2026-09-11/03_INVESTIGATIONS/02_EXPANDED_ARCHIVES/FORENSIC_CORPUS_REBUILT_2026-09-11/FORENSIC_CORPUS_REBUILT_2026-09-11/01_TERMINAL_RESULTS/INV-013_RUN_HANDOFF.md,d96a84e8243169abd5b2c58ea9ea2a8c062e627433e8d4850f98b3056006854d,03_INVESTIGATIONS/03_NORMALIZED_BY_ID/INV-013/INV-013_RUN_HANDOFF.md,COPIED
INV-122,INV-122_RUN_HANDOFF.md,expanded:FORENSIC_CORPUS_REBUILT_2026-09-11.zip,/mnt/data/DEMOCRACY_INFLUENCE_MASTER_EVIDENCE_BUNDLE_2026-09-11/03_INVESTIGATIONS/02_EXPANDED_ARCHIVES/FORENSIC_CORPUS_REBUILT_2026-09-11/FORENSIC_CORPUS_REBUILT_2026-09-11/01_TERMINAL_RESULTS/INV-122_RUN_HANDOFF.md,6a087d28dfa41f6466bca744740ccb43a336630e93fa132bf767f89fb7b21468,03_INVESTIGATIONS/03_NORMALIZED_BY_ID/INV-122/INV-122_RUN_HANDOFF.md,DUPLICATE_SHA
INV-012,INV-012_RUN_HANDOFF.md,expanded:FORENSIC_CORPUS_REBUILT_2026-09-11.zip,/mnt/data/DEMOCRACY_INFLUENCE_MASTER_EVIDENCE_BUNDLE_2026-09-11/03_INVESTIGATIONS/02_EXPANDED_ARCHIVES/FORENSIC_CORPUS_REBUILT_2026-09-11/FORENSIC_CORPUS_REBUILT_2026-09-11/01_TERMINAL_RESULTS/INV-012_RUN_HANDOFF.md,e5fd7fa9b4d13e73a2f9f14418c086751c4ed6f313afe99d0ea483e4be615396,03_INVESTIGATIONS/03_NORMALIZED_BY_ID/INV-012/INV-012_RUN_HANDOFF.md,DUPLICATE_SHA
INV-131,INV-131_RUN_HANDOFF.md,expanded:FORENSIC_CORPUS_REBUILT_2026-09-11.zip,/mnt/data/DEMOCRACY_INFLUENCE_MASTER_EVIDENCE_BUNDLE_2026-09-11/03_INVESTIGATIONS/02_EXPANDED_ARCHIVES/FORENSIC_CORPUS_REBUILT_2026-09-11/FORENSIC_CORPUS_REBUILT_2026-09-11/01_TERMINAL_RESULTS/INV-131_RUN_HANDOFF.md,cb41fa76b99a2e8a0b743c02a5600112b07079b3ea78bf151e34a6dad1aa0b62,03_INVESTIGATIONS/03_NORMALIZED_BY_ID/INV-131/INV-131_RUN_HANDOFF.md,DUPLICATE_SHA
INV-054,INV-054_RUN_HANDOFF.md,expanded:FORENSIC_CORPUS_REBUILT_2026-09-11.zip,/mnt/data/DEMOCRACY_INFLUENCE_MASTER_EVIDENCE_BUNDLE_2026-09-11/03_INVESTIGATIONS/02_EXPANDED_ARCHIVES/FORENSIC_CORPUS_REBUILT_2026-09-11/FORENSIC_CORPUS_REBUILT_2026-09-11/01_TERMINAL_RESULTS/INV-054_RUN_HANDOFF.md,64c37752d4c1dd713f6143766d652b8c6fe39981e603fcc2854d9cb71d574c1a,03_INVESTIGATIONS/03_NORMALIZED_BY_ID/INV-054/INV-054_RUN_HANDOFF.md,DUPLICATE_SHA
INV-121,INV-121_RUN_HANDOFF.md,expanded:FORENSIC_CORPUS_REBUILT_2026-09-11.zip,/mnt/data/DEMOCRACY_INFLUENCE_MASTER_EVIDENCE_BUNDLE_2026-09-11/03_INVESTIGATIONS/02_EXPANDED_ARCHIVES/FORENSIC_CORPUS_REBUILT_2026-09-11/FORENSIC_CORPUS_REBUILT_2026-09-11/01_TERMINAL_RESULTS/INV-121_RUN_HANDOFF.md,7637fed954f2368f4d929d866c4ab46741e5f79ab5c1b91f0c2019130f6781d4,03_INVESTIGATIONS/03_NORMALIZED_BY_ID/INV-121/INV-121_RUN_HANDOFF.md,DUPLICATE_SHA
INV-064,INV-064_RUN_HANDOFF.md,expanded:FORENSIC_CORPUS_REBUILT_2026-09-11.zip,/mnt/data/DEMOCRACY_INFLUENCE_MASTER_EVIDENCE_BUNDLE_2026-09-11/03_INVESTIGATIONS/02_EXPANDED_ARCHIVES/FORENSIC_CORPUS_REBUILT_2026-09-11/FORENSIC_CORPUS_REBUILT_2026-09-11/01_TERMINAL_RESULTS/INV-064_RUN_HANDOFF.md,b640f9d3db3bbbffc11ce25c641337a78cb86eb2990b564f19db6086edccf5af,03_INVESTIGATIONS/03_NORMALIZED_BY_ID/INV-064/INV-064_RUN_HANDOFF.md,DUPLICATE_SHA
INV-022,INV-022_RUN_HANDOFF.md,expanded:FORENSIC_CORPUS_REBUILT_2026-09-11.zip,/mnt/data/DEMOCRACY_INFLUENCE_MASTER_EVIDENCE_BUNDLE_2026-09-11/03_INVESTIGATIONS/02_EXPANDED_ARCHIVES/FORENSIC_CORPUS_REBUILT_2026-09-11/FORENSIC_CORPUS_REBUILT_2026-09-11/01_TERMINAL_RESULTS/INV-022_RUN_HANDOFF.md,23728306a8c672f7ed4b31f7e8c668676a16dcb6a295716df25697855d03ebe0,03_INVESTIGATIONS/03_NORMALIZED_BY_ID/INV-022/INV-022_RUN_HANDOFF.md,DUPLICATE_SHA
INV-091,INV-091_RUN_HANDOFF.md,expanded:FORENSIC_CORPUS_REBUILT_2026-09-11.zip,/mnt/data/DEMOCRACY_INFLUENCE_MASTER_EVIDENCE_BUNDLE_2026-09-11/03_INVESTIGATIONS/02_EXPANDED_ARCHIVES/FORENSIC_CORPUS_REBUILT_2026-09-11/FORENSIC_CORPUS_REBUILT_2026-09-11/01_TERMINAL_RESULTS/INV-091_RUN_HANDOFF.md,b722a7d3838c47ef0be6cb13bf8ca1b063eb84886492539332e8ada6806c6e19,03_INVESTIGATIONS/03_NORMALIZED_BY_ID/INV-091/INV-091_RUN_HANDOFF.md,COPIED
INV-126,INV-126_RUN_HANDOFF.md,expanded:FORENSIC_CORPUS_REBUILT_2026-09-11.zip,/mnt/data/DEMOCRACY_INFLUENCE_MASTER_EVIDENCE_BUNDLE_2026-09-11/03_INVESTIGATIONS/02_EXPANDED_ARCHIVES/FORENSIC_CORPUS_REBUILT_2026-09-11/FORENSIC_CORPUS_REBUILT_2026-09-11/01_TERMINAL_RESULTS/INV-126_RUN_HANDOFF.md,80178eb5a73f3cab427f2e5f68064ac8cc8c5aa1162b3643e900861872201604,03_INVESTIGATIONS/03_NORMALIZED_BY_ID/INV-126/INV-126_RUN_HANDOFF.md,COPIED
INV-128,INV-128_RUN_HANDOFF.md,expanded:FORENSIC_CORPUS_REBUILT_2026-09-11.zip,/mnt/data/DEMOCRACY_INFLUENCE_MASTER_EVIDENCE_BUNDLE_2026-09-11/03_INVESTIGATIONS/02_EXPANDED_ARCHIVES/FORENSIC_CORPUS_REBUILT_2026-09-11/FORENSIC_CORPUS_REBUILT_2026-09-11/01_TERMINAL_RESULTS/INV-128_RUN_HANDOFF.md,e6ebbe716642c098fccd8d02f7ebd4bb6677f8647b7022e530d0c83fbdfc977d,03_INVESTIGATIONS/03_NORMALIZED_BY_ID/INV-128/INV-128_RUN_HANDOFF.md,DUPLICATE_SHA
INV-017,INV-017_RUN_HANDOFF.md,expanded:FORENSIC_CORPUS_REBUILT_2026-09-11.zip,/mnt/data/DEMOCRACY_INFLUENCE_MASTER_EVIDENCE_BUNDLE_2026-09-11/03_INVESTIGATIONS/02_EXPANDED_ARCHIVES/FORENSIC_CORPUS_REBUILT_2026-09-11/FORENSIC_CORPUS_REBUILT_2026-09-11/01_TERMINAL_RESULTS/INV-017_RUN_HANDOFF.md,721166f78b6fc4a851f52ede8d46ea2160063b06425d87560d78c8ca2cda51ef,03_INVESTIGATIONS/03_NORMALIZED_BY_ID/INV-017/INV-017_RUN_HANDOFF.md,COPIED
INV-097,INV-097_RUN_HANDOFF.md,expanded:FORENSIC_CORPUS_REBUILT_2026-09-11.zip,/mnt/data/DEMOCRACY_INFLUENCE_MASTER_EVIDENCE_BUNDLE_2026-09-11/03_INVESTIGATIONS/02_EXPANDED_ARCHIVES/FORENSIC_CORPUS_REBUILT_2026-09-11/FORENSIC_CORPUS_REBUILT_2026-09-11/01_TERMINAL_RESULTS/INV-097_RUN_HANDOFF.md,fb6019477f47e8976ce16620fad1eb177f16c85cbb1b101a5b767f94ba271d29,03_INVESTIGATIONS/03_NORMALIZED_BY_ID/INV-097/INV-097_RUN_HANDOFF.md,COPIED
INV-033,INV-033_RUN_HANDOFF.md,expanded:FORENSIC_CORPUS_REBUILT_2026-09-11.zip,/mnt/data/DEMOCRACY_INFLUENCE_MASTER_EVIDENCE_BUNDLE_2026-09-11/03_INVESTIGATIONS/02_EXPANDED_ARCHIVES/FORENSIC_CORPUS_REBUILT_2026-09-11/FORENSIC_CORPUS_REBUILT_2026-09-11/01_TERMINAL_RESULTS/INV-033_RUN_HANDOFF.md,a33fa3cb614d41e2c2ac4319f2081bfaa210f7f556997cc853ac81a5b5549ebb,03_INVESTIGATIONS/03_NORMALIZED_BY_ID/INV-033/INV-033_RUN_HANDOFF.md,DUPLICATE_SHA
INV-016,INV-016_RUN_HANDOFF.md,expanded:FORENSIC_CORPUS_REBUILT_2026-09-11.zip,/mnt/data/DEMOCRACY_INFLUENCE_MASTER_EVIDENCE_BUNDLE_2026-09-11/03_INVESTIGATIONS/02_EXPANDED_ARCHIVES/FORENSIC_CORPUS_REBUILT_2026-09-11/FORENSIC_CORPUS_REBUILT_2026-09-11/01_TERMINAL_RESULTS/INV-016_RUN_HANDOFF.md,ba72ebf222c756a256a208234bed3d9e2b25e83771cce0257f547252fb60166b,03_INVESTIGATIONS/03_NORMALIZED_BY_ID/INV-016/INV-016_RUN_HANDOFF.md,DUPLICATE_SHA
INV-075,INV-075_RUN_HANDOFF.md,expanded:FORENSIC_CORPUS_REBUILT_2026-09-11.zip,/mnt/data/DEMOCRACY_INFLUENCE_MASTER_EVIDENCE_BUNDLE_2026-09-11/03_INVESTIGATIONS/02_EXPANDED_ARCHIVES/FORENSIC_CORPUS_REBUILT_2026-09-11/FORENSIC_CORPUS_REBUILT_2026-09-11/01_TERMINAL_RESULTS/INV-075_RUN_HANDOFF.md,064fd35d2b7328ed7c8e590decfaf7b095d40487c6f64dbc29525cf6906d0db6,03_INVESTIGATIONS/03_NORMALIZED_BY_ID/INV-075/INV-075_RUN_HANDOFF.md,DUPLICATE_SHA
INV-143,INV-143_RUN_HANDOFF.md,expanded:FORENSIC_CORPUS_REBUILT_2026-09-11.zip,/mnt/data/DEMOCRACY_INFLUENCE_MASTER_EVIDENCE_BUNDLE_2026-09-11/03_INVESTIGATIONS/02_EXPANDED_ARCHIVES/FORENSIC_CORPUS_REBUILT_2026-09-11/FORENSIC_CORPUS_REBUILT_2026-09-11/01_TERMINAL_RESULTS/INV-143_RUN_HANDOFF.md,4189a0ba0643aff7ca2229584106c1956d066a6d2fb64b62b5c196538f03d72f,03_INVESTIGATIONS/03_NORMALIZED_BY_ID/INV-143/INV-143_RUN_HANDOFF.md,COPIED
INV-145,INV-145_RUN_HANDOFF.md,expanded:FORENSIC_CORPUS_REBUILT_2026-09-11.zip,/mnt/data/DEMOCRACY_INFLUENCE_MASTER_EVIDENCE_BUNDLE_2026-09-11/03_INVESTIGATIONS/02_EXPANDED_ARCHIVES/FORENSIC_CORPUS_REBUILT_2026-09-11/FORENSIC_CORPUS_REBUILT_2026-09-11/01_TERMINAL_RESULTS/INV-145_RUN_HANDOFF.md,e1987224267601dc9d8ea84bbf33137cd9d2df7b0b348484cb26e7be6a085aee,03_INVESTIGATIONS/03_NORMALIZED_BY_ID/INV-145/INV-145_RUN_HANDOFF.md,DUPLICATE_SHA
INV-078,INV-078_RUN_HANDOFF.md,expanded:FORENSIC_CORPUS_REBUILT_2026-09-11.zip,/mnt/data/DEMOCRACY_INFLUENCE_MASTER_EVIDENCE_BUNDLE_2026-09-11/03_INVESTIGATIONS/02_EXPANDED_ARCHIVES/FORENSIC_CORPUS_REBUILT_2026-09-11/FORENSIC_CORPUS_REBUILT_2026-09-11/01_TERMINAL_RESULTS/INV-078_RUN_HANDOFF.md,820b5052c0c05b1e60f1cb07524d0f9674e0b0a41f1175a398e183bc01ecd115,03_INVESTIGATIONS/03_NORMALIZED_BY_ID/INV-078/INV-078_RUN_HANDOFF.md,COPIED
INV-135,INV-135_RUN_HANDOFF.md,expanded:FORENSIC_CORPUS_REBUILT_2026-09-11.zip,/mnt/data/DEMOCRACY_INFLUENCE_MASTER_EVIDENCE_BUNDLE_2026-09-11/03_INVESTIGATIONS/02_EXPANDED_ARCHIVES/FORENSIC_CORPUS_REBUILT_2026-09-11/FORENSIC_CORPUS_REBUILT_2026-09-11/01_TERMINAL_RESULTS/INV-135_RUN_HANDOFF.md,656b7327adaeb9c776c276883292f54f4ff53d4d41607c14bd4a76532ca03187,03_INVESTIGATIONS/03_NORMALIZED_BY_ID/INV-135/INV-135_RUN_HANDOFF.md,DUPLICATE_SHA
INV-130,INV-130_RUN_HANDOFF.md,expanded:FORENSIC_CORPUS_REBUILT_2026-09-11.zip,/mnt/data/DEMOCRACY_INFLUENCE_MASTER_EVIDENCE_BUNDLE_2026-09-11/03_INVESTIGATIONS/02_EXPANDED_ARCHIVES/FORENSIC_CORPUS_REBUILT_2026-09-11/FORENSIC_CORPUS_REBUILT_2026-09-11/01_TERMINAL_RESULTS/INV-130_RUN_HANDOFF.md,3c8bff38c670b740e936bb8fe8813ca69160f2ce6c0f9330dc8245e838ec9b80,03_INVESTIGATIONS/03_NORMALIZED_BY_ID/INV-130/INV-130_RUN_HANDOFF.md,DUPLICATE_SHA
INV-065,INV-065_RUN_HANDOFF.md,expanded:FORENSIC_CORPUS_REBUILT_2026-09-11.zip,/mnt/data/DEMOCRACY_INFLUENCE_MASTER_EVIDENCE_BUNDLE_2026-09-11/03_INVESTIGATIONS/02_EXPANDED_ARCHIVES/FORENSIC_CORPUS_REBUILT_2026-09-11/FORENSIC_CORPUS_REBUILT_2026-09-11/01_TERMINAL_RESULTS/INV-065_RUN_HANDOFF.md,77e5c74246009f39c29e69e5e8fa89af9190431a8674708d6bf2d46ae6e510eb,03_INVESTIGATIONS/03_NORMALIZED_BY_ID/INV-065/INV-065_RUN_HANDOFF.md,DUPLICATE_SHA
INV-063,INV-063_RUN_HANDOFF.md,expanded:FORENSIC_CORPUS_REBUILT_2026-09-11.zip,/mnt/data/DEMOCRACY_INFLUENCE_MASTER_EVIDENCE_BUNDLE_2026-09-11/03_INVESTIGATIONS/02_EXPANDED_ARCHIVES/FORENSIC_CORPUS_REBUILT_2026-09-11/FORENSIC_CORPUS_REBUILT_2026-09-11/01_TERMINAL_RESULTS/INV-063_RUN_HANDOFF.md,e4aa5123897bac2249ef2ff417b37f82f850e7eaf55078057532aa4989007335,03_INVESTIGATIONS/03_NORMALIZED_BY_ID/INV-063/INV-063_RUN_HANDOFF.md,DUPLICATE_SHA
INV-119,INV-119_RUN_HANDOFF.md,expanded:FORENSIC_CORPUS_REBUILT_2026-09-11.zip,/mnt/data/DEMOCRACY_INFLUENCE_MASTER_EVIDENCE_BUNDLE_2026-09-11/03_INVESTIGATIONS/02_EXPANDED_ARCHIVES/FORENSIC_CORPUS_REBUILT_2026-09-11/FORENSIC_CORPUS_REBUILT_2026-09-11/01_TERMINAL_RESULTS/INV-119_RUN_HANDOFF.md,2ae552aa65bc3527c5d9cd1900ac41df1ab959bae5a9ddc187934bab330f3d19,03_INVESTIGATIONS/03_NORMALIZED_BY_ID/INV-119/INV-119_RUN_HANDOFF.md,COPIED
INV-026,INV-026_RUN_HANDOFF.md,expanded:FORENSIC_CORPUS_REBUILT_2026-09-11.zip,/mnt/data/DEMOCRACY_INFLUENCE_MASTER_EVIDENCE_BUNDLE_2026-09-11/03_INVESTIGATIONS/02_EXPANDED_ARCHIVES/FORENSIC_CORPUS_REBUILT_2026-09-11/FORENSIC_CORPUS_REBUILT_2026-09-11/01_TERMINAL_RESULTS/INV-026_RUN_HANDOFF.md,bf70cae7b998ae0aa16949f1f12cb8258d4d4de9527316832b9cb398531ae4cb,03_INVESTIGATIONS/03_NORMALIZED_BY_ID/INV-026/INV-026_RUN_HANDOFF.md,DUPLICATE_SHA
INV-111,INV-111_RUN_HANDOFF.md,expanded:FORENSIC_CORPUS_REBUILT_2026-09-11.zip,/mnt/data/DEMOCRACY_INFLUENCE_MASTER_EVIDENCE_BUNDLE_2026-09-11/03_INVESTIGATIONS/02_EXPANDED_ARCHIVES/FORENSIC_CORPUS_REBUILT_2026-09-11/FORENSIC_CORPUS_REBUILT_2026-09-11/01_TERMINAL_RESULTS/INV-111_RUN_HANDOFF.md,6926d8a7bcb0b0bf7a9e9cb0e3d5fddc9398118c98b949d58cd7b9f47fff8f7a,03_INVESTIGATIONS/03_NORMALIZED_BY_ID/INV-111/INV-111_RUN_HANDOFF.md,DUPLICATE_SHA
INV-030,INV-030_RUN_HANDOFF.md,expanded:FORENSIC_CORPUS_REBUILT_2026-09-11.zip,/mnt/data/DEMOCRACY_INFLUENCE_MASTER_EVIDENCE_BUNDLE_2026-09-11/03_INVESTIGATIONS/02_EXPANDED_ARCHIVES/FORENSIC_CORPUS_REBUILT_2026-09-11/FORENSIC_CORPUS_REBUILT_2026-09-11/01_TERMINAL_RESULTS/INV-030_RUN_HANDOFF.md,b3366c5aef1e512fa479bcf819fc0ad87ec86aa93af76b5452be2878d3bb1bf8,03_INVESTIGATIONS/03_NORMALIZED_BY_ID/INV-030/INV-030_RUN_HANDOFF.md,COPIED
INV-094,INV-094_RUN_HANDOFF.md,expanded:FORENSIC_CORPUS_REBUILT_2026-09-11.zip,/mnt/data/DEMOCRACY_INFLUENCE_MASTER_EVIDENCE_BUNDLE_2026-09-11/03_INVESTIGATIONS/02_EXPANDED_ARCHIVES/FORENSIC_CORPUS_REBUILT_2026-09-11/FORENSIC_CORPUS_REBUILT_2026-09-11/01_TERMINAL_RESULTS/INV-094_RUN_HANDOFF.md,d89b413cf5fe2f76579596f8875556f04229a0c5debc7137ddaf3d8d9a5faf80,03_INVESTIGATIONS/03_NORMALIZED_BY_ID/INV-094/INV-094_RUN_HANDOFF.md,DUPLICATE_SHA
INV-067,INV-067_RUN_HANDOFF.md,expanded:FORENSIC_CORPUS_REBUILT_2026-09-11.zip,/mnt/data/DEMOCRACY_INFLUENCE_MASTER_EVIDENCE_BUNDLE_2026-09-11/03_INVESTIGATIONS/02_EXPANDED_ARCHIVES/FORENSIC_CORPUS_REBUILT_2026-09-11/FORENSIC_CORPUS_REBUILT_2026-09-11/01_TERMINAL_RESULTS/INV-067_RUN_HANDOFF.md,491e2462883df117ac08e8d27eba9f6b9c5315d51f37cf60bc711630da7af532,03_INVESTIGATIONS/03_NORMALIZED_BY_ID/INV-067/INV-067_RUN_HANDOFF.md,DUPLICATE_SHA
INV-103,INV-103_RUN_HANDOFF.md,expanded:FORENSIC_CORPUS_REBUILT_2026-09-11.zip,/mnt/data/DEMOCRACY_INFLUENCE_MASTER_EVIDENCE_BUNDLE_2026-09-11/03_INVESTIGATIONS/02_EXPANDED_ARCHIVES/FORENSIC_CORPUS_REBUILT_2026-09-11/FORENSIC_CORPUS_REBUILT_2026-09-11/01_TERMINAL_RESULTS/INV-103_RUN_HANDOFF.md,b5bfb845e9f5ee571f577313a973c6bf15556ef64ebe63b5829d20f3c45f873f,03_INVESTIGATIONS/03_NORMALIZED_BY_ID/INV-103/INV-103_RUN_HANDOFF.md,DUPLICATE_SHA
INV-010,INV-010_RUN_HANDOFF.md,direct:handoffs,/mnt/data/audit121/handoffs/INV-010_RUN_HANDOFF.md,98ab3ccd5806547ffa3e0783c9486047d6fa02de01123162c3bb573da49c7bef,03_INVESTIGATIONS/03_NORMALIZED_BY_ID/INV-010/INV-010_RUN_HANDOFF.md,DUPLICATE_SHA
INV-036,INV-036_RUN_HANDOFF.md,direct:handoffs,/mnt/data/audit121/handoffs/INV-036_RUN_HANDOFF.md,24381e87846ca89bd5446739a061ed75198483c2a3da27b67882a89f83d84485,03_INVESTIGATIONS/03_NORMALIZED_BY_ID/INV-036/INV-036_RUN_HANDOFF.md,DUPLICATE_SHA
INV-093,INV-093_RUN_HANDOFF.md,direct:handoffs,/mnt/data/audit121/handoffs/INV-093_RUN_HANDOFF.md,0b0feab1eab4df6e1799ac2bb16b7ad0d89bbfd9130fa886690c1e4c19c1b3d5,03_INVESTIGATIONS/03_NORMALIZED_BY_ID/INV-093/INV-093_RUN_HANDOFF.md,DUPLICATE_SHA
INV-132,INV-132_RUN_HANDOFF.md,direct:handoffs,/mnt/data/audit121/handoffs/INV-132_RUN_HANDOFF.md,8c562eaac0781514ebc237c2202b41284a9529f1e1bd33ee89db0edf67fd0673,03_INVESTIGATIONS/03_NORMALIZED_BY_ID/INV-132/INV-132_RUN_HANDOFF.md,DUPLICATE_SHA
INV-071,INV-071_RUN_HANDOFF.md,direct:handoffs,/mnt/data/audit121/handoffs/INV-071_RUN_HANDOFF.md,40a5c487ae9f5367cd68895cc24b8d18fd90bf66e4f4d960e9164c2585309879,03_INVESTIGATIONS/03_NORMALIZED_BY_ID/INV-071/INV-071_RUN_HANDOFF.md,DUPLICATE_SHA
INV-057,INV-057_RUN_HANDOFF.md,direct:handoffs,/mnt/data/audit121/handoffs/INV-057_RUN_HANDOFF.md,ccf6fb7ae7f4d3ccd80bf3c17c22c24197d77ae991ac294a723289d9f0447136,03_INVESTIGATIONS/03_NORMALIZED_BY_ID/INV-057/INV-057_RUN_HANDOFF.md,DUPLICATE_SHA
INV-080,INV-080_RUN_HANDOFF.md,direct:handoffs,/mnt/data/audit121/handoffs/INV-080_RUN_HANDOFF.md,fdcb8afe0233186f15b7fbb8a1c3e157a3cb255078cc5423eed8c477f989a355,03_INVESTIGATIONS/03_NORMALIZED_BY_ID/INV-080/INV-080_RUN_HANDOFF.md,DUPLICATE_SHA
INV-098,INV-098_RUN_HANDOFF.md,direct:handoffs,/mnt/data/audit121/handoffs/INV-098_RUN_HANDOFF.md,d3fd028f48ac3bba7ad6305d00887db5f73d0021734d1be279ccb018950f0c5a,03_INVESTIGATIONS/03_NORMALIZED_BY_ID/INV-098/INV-098_RUN_HANDOFF.md,DUPLICATE_SHA
INV-023,INV-023_RUN_HANDOFF.md,direct:handoffs,/mnt/data/audit121/handoffs/INV-023_RUN_HANDOFF.md,defda8829828ff9b8bd85fd99887da2f75b5d01c79cbb90f2dedb7d55ec810b1,03_INVESTIGATIONS/03_NORMALIZED_BY_ID/INV-023/INV-023_RUN_HANDOFF.md,DUPLICATE_SHA
INV-076,INV-076_RUN_HANDOFF.md,direct:handoffs,/mnt/data/audit121/handoffs/INV-076_RUN_HANDOFF.md,771b4fcd632f121e1cdccc30a9303123bfd585d7955d40068b49f57e23673111,03_INVESTIGATIONS/03_NORMALIZED_BY_ID/INV-076/INV-076_RUN_HANDOFF.md,DUPLICATE_SHA
INV-027,INV-027_RUN_HANDOFF.md,direct:handoffs,/mnt/data/audit121/handoffs/INV-027_RUN_HANDOFF.md,4f5f3e49e73d863a66bcf8a228cc93005b57e22ca07e46cffa4991b040cde3f8,03_INVESTIGATIONS/03_NORMALIZED_BY_ID/INV-027/INV-027_RUN_HANDOFF.md,DUPLICATE_SHA
INV-136,INV-136_RUN_HANDOFF.md,direct:handoffs,/mnt/data/audit121/handoffs/INV-136_RUN_HANDOFF.md,89ec70a74acccd17ec08856f6d2368b124cc34ee354f6f8b0fd78acd86175f9b,03_INVESTIGATIONS/03_NORMALIZED_BY_ID/INV-136/INV-136_RUN_HANDOFF.md,DUPLICATE_SHA
INV-100,INV-100_RUN_HANDOFF.md,direct:handoffs,/mnt/data/audit121/handoffs/INV-100_RUN_HANDOFF.md,aa8fb0bf28eb888c88e5c913703a9e5d008ab7dc73bd3e052e193dc98bd385e6,03_INVESTIGATIONS/03_NORMALIZED_BY_ID/INV-100/INV-100_RUN_HANDOFF.md,DUPLICATE_SHA
INV-041,INV-041_RUN_HANDOFF.md,direct:handoffs,/mnt/data/audit121/handoffs/INV-041_RUN_HANDOFF.md,755ca22180fafb8699be5da76c9ebd24d62e5ed39d17312906942491763342f9,03_INVESTIGATIONS/03_NORMALIZED_BY_ID/INV-041/INV-041_RUN_HANDOFF.md,DUPLICATE_SHA
INV-074,INV-074_RUN_HANDOFF.md,direct:handoffs,/mnt/data/audit121/handoffs/INV-074_RUN_HANDOFF.md,0dd8408e1a3def70e7b1d68fa17cc12c37625221a9b5b07a4bbf3499268a9bbb,03_INVESTIGATIONS/03_NORMALIZED_BY_ID/INV-074/INV-074_RUN_HANDOFF.md,DUPLICATE_SHA
INV-089,INV-089_RUN_HANDOFF.md,direct:handoffs,/mnt/data/audit121/handoffs/INV-089_RUN_HANDOFF.md,f55f6adbd79e856d180ecefcbec827830f60d2edf4fd987e04ead6253d93325d,03_INVESTIGATIONS/03_NORMALIZED_BY_ID/INV-089/INV-089_RUN_HANDOFF.md,DUPLICATE_SHA
INV-048,INV-048_RUN_HANDOFF.md,direct:handoffs,/mnt/data/audit121/handoffs/INV-048_RUN_HANDOFF.md,02ae047dac6d31df1353295080acb7130200919098357b5af1fbca5af5c4a3a2,03_INVESTIGATIONS/03_NORMALIZED_BY_ID/INV-048/INV-048_RUN_HANDOFF.md,DUPLICATE_SHA
INV-120,INV-120_RUN_HANDOFF.md,direct:handoffs,/mnt/data/audit121/handoffs/INV-120_RUN_HANDOFF.md,cbf2277dd041b749c75d2f3d5425d561ef73f19db3ae1f31f08603abaa509b60,03_INVESTIGATIONS/03_NORMALIZED_BY_ID/INV-120/INV-120_RUN_HANDOFF.md,DUPLICATE_SHA
INV-125,INV-125_RUN_HANDOFF.md,direct:handoffs,/mnt/data/audit121/handoffs/INV-125_RUN_HANDOFF.md,f3a42319fe6504421589f0a5856c94013d34f0f541d7cfceb4898d39b9d84c25,03_INVESTIGATIONS/03_NORMALIZED_BY_ID/INV-125/INV-125_RUN_HANDOFF.md,DUPLICATE_SHA
INV-029,INV-029_RUN_HANDOFF.md,direct:handoffs,/mnt/data/audit121/handoffs/INV-029_RUN_HANDOFF.md,893fdc5fc47202de0c22b362eca6dc7586b52edf0262274c6dd93884693be6c0,03_INVESTIGATIONS/03_NORMALIZED_BY_ID/INV-029/INV-029_RUN_HANDOFF.md,DUPLICATE_SHA
INV-142,INV-142_RUN_HANDOFF.md,direct:handoffs,/mnt/data/audit121/handoffs/INV-142_RUN_HANDOFF.md,e456020e4cd9ff6e9d3237181589e150354759a789f3bebfc186975af6bad6fc,03_INVESTIGATIONS/03_NORMALIZED_BY_ID/INV-142/INV-142_RUN_HANDOFF.md,DUPLICATE_SHA
INV-084,INV-084_RUN_HANDOFF.md,direct:handoffs,/mnt/data/audit121/handoffs/INV-084_RUN_HANDOFF.md,e91978859578c16f797f7d21c77e44a3b600265928900ccdf1cd2355af6e7974,03_INVESTIGATIONS/03_NORMALIZED_BY_ID/INV-084/INV-084_RUN_HANDOFF.md,DUPLICATE_SHA
INV-072,INV-072_RUN_HANDOFF.md,direct:handoffs,/mnt/data/audit121/handoffs/INV-072_RUN_HANDOFF.md,84bd7a9bb42b360015dce03253894b321aec0414c007b14947ac660091fa2db4,03_INVESTIGATIONS/03_NORMALIZED_BY_ID/INV-072/INV-072_RUN_HANDOFF.md,DUPLICATE_SHA
INV-047,INV-047_RUN_HANDOFF.md,direct:handoffs,/mnt/data/audit121/handoffs/INV-047_RUN_HANDOFF.md,117e7b67c5ad6c68fc006ca02c7991665b9b561bc5ede80f942ddb9cca492533,03_INVESTIGATIONS/03_NORMALIZED_BY_ID/INV-047/INV-047_RUN_HANDOFF.md,DUPLICATE_SHA
INV-137,INV-137_RUN_HANDOFF.md,direct:handoffs,/mnt/data/audit121/handoffs/INV-137_RUN_HANDOFF.md,ffe90b6162ddec2d94bd84cf90fadaa18829b18ff6ce03c6f32970ea9092a85f,03_INVESTIGATIONS/03_NORMALIZED_BY_ID/INV-137/INV-137_RUN_HANDOFF.md,DUPLICATE_SHA
INV-039,INV-039_RUN_HANDOFF.md,direct:handoffs,/mnt/data/audit121/handoffs/INV-039_RUN_HANDOFF.md,f161f85f3b3e4ac598054a114b461a01b480ef2fb646c39112e3ff7df8733748,03_INVESTIGATIONS/03_NORMALIZED_BY_ID/INV-039/INV-039_RUN_HANDOFF.md,DUPLICATE_SHA
INV-051,INV-051_RUN_HANDOFF.md,direct:handoffs,/mnt/data/audit121/handoffs/INV-051_RUN_HANDOFF.md,b11e8dee775ff460c6e4465c9afff31892c4d1b4f2ab34e3902944f6379a10e0,03_INVESTIGATIONS/03_NORMALIZED_BY_ID/INV-051/INV-051_RUN_HANDOFF.md,DUPLICATE_SHA
INV-081,INV-081_RUN_HANDOFF.md,direct:handoffs,/mnt/data/audit121/handoffs/INV-081_RUN_HANDOFF.md,7ac635ec0f5e0726c2cd08bbf7c8d26dcc93daf688c6214ce4080a38bdb11a5f,03_INVESTIGATIONS/03_NORMALIZED_BY_ID/INV-081/INV-081_RUN_HANDOFF.md,DUPLICATE_SHA
INV-049,INV-049_RUN_HANDOFF.md,direct:handoffs,/mnt/data/audit121/handoffs/INV-049_RUN_HANDOFF.md,53b700412f23822520263f58965856384a77fa82053df12fc2d5ea6671830bfa,03_INVESTIGATIONS/03_NORMALIZED_BY_ID/INV-049/INV-049_RUN_HANDOFF.md,DUPLICATE_SHA
INV-069,INV-069_RUN_HANDOFF.md,direct:handoffs,/mnt/data/audit121/handoffs/INV-069_RUN_HANDOFF.md,1d92538236ec5013049116c6e3a3f2b3b561977decff76cba35af3850eb36ff8,03_INVESTIGATIONS/03_NORMALIZED_BY_ID/INV-069/INV-069_RUN_HANDOFF.md,DUPLICATE_SHA
INV-061,INV-061_RUN_HANDOFF.md,direct:handoffs,/mnt/data/audit121/handoffs/INV-061_RUN_HANDOFF.md,813cd846510520e203eb8d8d7b6c11bc3038b2387dfaea7d6490839926cf26c0,03_INVESTIGATIONS/03_NORMALIZED_BY_ID/INV-061/INV-061_RUN_HANDOFF.md,DUPLICATE_SHA
INV-079,INV-079_RUN_HANDOFF.md,direct:handoffs,/mnt/data/audit121/handoffs/INV-079_RUN_HANDOFF.md,347ac9fc7596619782f4070151be540e793026e2bdc45325ce901139304a87d6,03_INVESTIGATIONS/03_NORMALIZED_BY_ID/INV-079/INV-079_RUN_HANDOFF.md,DUPLICATE_SHA
INV-053,INV-053_RUN_HANDOFF.md,direct:handoffs,/mnt/data/audit121/handoffs/INV-053_RUN_HANDOFF.md,fb2e4daf5d4dc5aa473f5a661388d34c3783a82f3549b2327353d873c038f094,03_INVESTIGATIONS/03_NORMALIZED_BY_ID/INV-053/INV-053_RUN_HANDOFF.md,DUPLICATE_SHA
INV-087,INV-087_RUN_HANDOFF.md,direct:handoffs,/mnt/data/audit121/handoffs/INV-087_RUN_HANDOFF.md,9568fc6349237c10b61372e53cc9073324aa9dbeaf328f0c4eb0d60a6165d591,03_INVESTIGATIONS/03_NORMALIZED_BY_ID/INV-087/INV-087_RUN_HANDOFF.md,DUPLICATE_SHA
INV-062,INV-062_RUN_HANDOFF.md,direct:handoffs,/mnt/data/audit121/handoffs/INV-062_RUN_HANDOFF.md,ff8c52095e6353afcab4db2c226362d72014307be52f53f4ca833117de358560,03_INVESTIGATIONS/03_NORMALIZED_BY_ID/INV-062/INV-062_RUN_HANDOFF.md,DUPLICATE_SHA
INV-099,INV-099_RUN_HANDOFF.md,direct:handoffs,/mnt/data/audit121/handoffs/INV-099_RUN_HANDOFF.md,2d6c454ecd3ed8af64cf61328461cd69ba7b227eff1dd40fe88e412b5771c1a4,03_INVESTIGATIONS/03_NORMALIZED_BY_ID/INV-099/INV-099_RUN_HANDOFF.md,DUPLICATE_SHA
INV-092,INV-092_RUN_HANDOFF.md,direct:handoffs,/mnt/data/audit121/handoffs/INV-092_RUN_HANDOFF.md,cc70c2ee7a0098512ad81091483838a874a9427768bc957be1d0f9c86b1152e0,03_INVESTIGATIONS/03_NORMALIZED_BY_ID/INV-092/INV-092_RUN_HANDOFF.md,DUPLICATE_SHA
INV-077,INV-077_RUN_HANDOFF.md,direct:handoffs,/mnt/data/audit121/handoffs/INV-077_RUN_HANDOFF.md,ef05173c09f583d7fc118bf7f727fc719f09851b0708df6e3b095c3de178cf49,03_INVESTIGATIONS/03_NORMALIZED_BY_ID/INV-077/INV-077_RUN_HANDOFF.md,DUPLICATE_SHA
INV-042,INV-042_RUN_HANDOFF.md,direct:handoffs,/mnt/data/audit121/handoffs/INV-042_RUN_HANDOFF.md,ee30ab176cfb9f73b9f225cb9ff05d0d994d3913f667954800580c20ccb87925,03_INVESTIGATIONS/03_NORMALIZED_BY_ID/INV-042/INV-042_RUN_HANDOFF.md,DUPLICATE_SHA
INV-045,INV-045_RUN_HANDOFF.md,direct:handoffs,/mnt/data/audit121/handoffs/INV-045_RUN_HANDOFF.md,dceb321e6ed9d0f0e13be5d6cd7a12cfacbdda929b2ec10c0a83eaa70088cc01,03_INVESTIGATIONS/03_NORMALIZED_BY_ID/INV-045/INV-045_RUN_HANDOFF.md,DUPLICATE_SHA
INV-028,INV-028_RUN_HANDOFF.md,direct:handoffs,/mnt/data/audit121/handoffs/INV-028_RUN_HANDOFF.md,4ba6f5f56688585cbd83d323ad16676e615a881434d3849b4ea6d0cd26def8d0,03_INVESTIGATIONS/03_NORMALIZED_BY_ID/INV-028/INV-028_RUN_HANDOFF.md,DUPLICATE_SHA
INV-134,INV-134_RUN_HANDOFF.md,direct:handoffs,/mnt/data/audit121/handoffs/INV-134_RUN_HANDOFF.md,86ecbc873978c6a375d21dd9f145f299f2ba3edd8460615d040034b459e7cd6a,03_INVESTIGATIONS/03_NORMALIZED_BY_ID/INV-134/INV-134_RUN_HANDOFF.md,DUPLICATE_SHA
INV-073,INV-073_RUN_HANDOFF.md,direct:handoffs,/mnt/data/audit121/handoffs/INV-073_RUN_HANDOFF.md,c6dd70c432227a9848af85f33b2945ffab61c89f5243fa628653d8da39664572,03_INVESTIGATIONS/03_NORMALIZED_BY_ID/INV-073/INV-073_RUN_HANDOFF.md,DUPLICATE_SHA
INV-037,INV-037_RUN_HANDOFF.md,direct:handoffs,/mnt/data/audit121/handoffs/INV-037_RUN_HANDOFF.md,a48f909396f4272cea5c9743915743d4f8b9d7ab4086e1b0ce4377f4166c93a5,03_INVESTIGATIONS/03_NORMALIZED_BY_ID/INV-037/INV-037_RUN_HANDOFF.md,DUPLICATE_SHA
INV-056,INV-056_RUN_HANDOFF.md,direct:handoffs,/mnt/data/audit121/handoffs/INV-056_RUN_HANDOFF.md,58fed8118644f023e532a2b8caaa5171f5d2de322678aa15dcbced8dfa095f1b,03_INVESTIGATIONS/03_NORMALIZED_BY_ID/INV-056/INV-056_RUN_HANDOFF.md,DUPLICATE_SHA
INV-096,INV-096_RUN_HANDOFF.md,direct:handoffs,/mnt/data/audit121/handoffs/INV-096_RUN_HANDOFF.md,a0d11d332dd841506a408c45436fbc9d4b07092e1c102ff84b1c0e323e201f87,03_INVESTIGATIONS/03_NORMALIZED_BY_ID/INV-096/INV-096_RUN_HANDOFF.md,DUPLICATE_SHA
INV-021,INV-021_RUN_HANDOFF.md,direct:handoffs,/mnt/data/audit121/handoffs/INV-021_RUN_HANDOFF.md,b0d39c25d01137befba1657c01d41c9d110715e66fad76a0d219d7c5cd830825,03_INVESTIGATIONS/03_NORMALIZED_BY_ID/INV-021/INV-021_RUN_HANDOFF.md,DUPLICATE_SHA
INV-015,INV-015_RUN_HANDOFF.md,direct:handoffs,/mnt/data/audit121/handoffs/INV-015_RUN_HANDOFF.md,db01166e3c5ecc274633c22d6e707ed17461d40aec2b03eaae3b0553f624cd31,03_INVESTIGATIONS/03_NORMALIZED_BY_ID/INV-015/INV-015_RUN_HANDOFF.md,DUPLICATE_SHA
INV-127,INV-127_RUN_HANDOFF.md,direct:handoffs,/mnt/data/audit121/handoffs/INV-127_RUN_HANDOFF.md,1df04f65fe231d6622003cc287355719a10bd3d9a18b5b2ee4f450d495a80fd7,03_INVESTIGATIONS/03_NORMALIZED_BY_ID/INV-127/INV-127_RUN_HANDOFF.md,DUPLICATE_SHA
INV-124,INV-124_RUN_HANDOFF.md,direct:handoffs,/mnt/data/audit121/handoffs/INV-124_RUN_HANDOFF.md,9c77cc8bafdf50cb43bad1b99fa96a1347f5b205170b78ebebdf5bd2478a14b4,03_INVESTIGATIONS/03_NORMALIZED_BY_ID/INV-124/INV-124_RUN_HANDOFF.md,DUPLICATE_SHA
INV-059,INV-059_RUN_HANDOFF.md,direct:handoffs,/mnt/data/audit121/handoffs/INV-059_RUN_HANDOFF.md,845d2d2e14d0113d4fea5dc6a9b3d7cf601684ba7e19e8e6ecf9d54f2a4058c7,03_INVESTIGATIONS/03_NORMALIZED_BY_ID/INV-059/INV-059_RUN_HANDOFF.md,DUPLICATE_SHA
INV-046,INV-046_RUN_HANDOFF.md,direct:handoffs,/mnt/data/audit121/handoffs/INV-046_RUN_HANDOFF.md,eb957002612d086217cba34030f91e3b867844744ad07a9811e06aabb9359b12,03_INVESTIGATIONS/03_NORMALIZED_BY_ID/INV-046/INV-046_RUN_HANDOFF.md,DUPLICATE_SHA
INV-138,INV-138_RUN_HANDOFF.md,direct:handoffs,/mnt/data/audit121/handoffs/INV-138_RUN_HANDOFF.md,33cf00cd572c2109187d853d87848aa22c0d81371fdbfcc089e3a085d8551845,03_INVESTIGATIONS/03_NORMALIZED_BY_ID/INV-138/INV-138_RUN_HANDOFF.md,DUPLICATE_SHA
INV-070,INV-070_RUN_HANDOFF.md,direct:handoffs,/mnt/data/audit121/handoffs/INV-070_RUN_HANDOFF.md,cdb0b841de1ae2450eb3c71699a8f18e5fdd15377ccbc1ca9cac39fe6577d837,03_INVESTIGATIONS/03_NORMALIZED_BY_ID/INV-070/INV-070_RUN_HANDOFF.md,DUPLICATE_SHA
INV-019,INV-019_RUN_HANDOFF.md,direct:handoffs,/mnt/data/audit121/handoffs/INV-019_RUN_HANDOFF.md,c72fff3b19b5ab1b2bd36b064544c1a3635f42e3d30b99c8c225e616f1d76c9b,03_INVESTIGATIONS/03_NORMALIZED_BY_ID/INV-019/INV-019_RUN_HANDOFF.md,DUPLICATE_SHA
INV-011,INV-011_RUN_HANDOFF.md,direct:handoffs,/mnt/data/audit121/handoffs/INV-011_RUN_HANDOFF.md,5ea4d64db55b0ce39d3ed2bbc6cbbc3c3b07fd3cf39fa605685f7606b37d6a4b,03_INVESTIGATIONS/03_NORMALIZED_BY_ID/INV-011/INV-011_RUN_HANDOFF.md,DUPLICATE_SHA
INV-025,INV-025_RUN_HANDOFF.md,direct:handoffs,/mnt/data/audit121/handoffs/INV-025_RUN_HANDOFF.md,53c7f49ab0020f83cdc2ddfc4fa2f87af61011044ebb884bfc90f424cbb7de0d,03_INVESTIGATIONS/03_NORMALIZED_BY_ID/INV-025/INV-025_RUN_HANDOFF.md,DUPLICATE_SHA
INV-043,INV-043_RUN_HANDOFF.md,direct:handoffs,/mnt/data/audit121/handoffs/INV-043_RUN_HANDOFF.md,f9a2ef582d9a35ca8b7de6dfefeaf578dacac1544834a7a4cbb4ee2ba14f3ac9,03_INVESTIGATIONS/03_NORMALIZED_BY_ID/INV-043/INV-043_RUN_HANDOFF.md,DUPLICATE_SHA
INV-014,INV-014_RUN_HANDOFF.md,direct:handoffs,/mnt/data/audit121/handoffs/INV-014_RUN_HANDOFF.md,50ce7bf024113125c6f2058fb78780dd5cfa32ec2d7147c3c28db38ae6bb54d9,03_INVESTIGATIONS/03_NORMALIZED_BY_ID/INV-014/INV-014_RUN_HANDOFF.md,DUPLICATE_SHA
INV-085,INV-085_RUN_HANDOFF.md,direct:handoffs,/mnt/data/audit121/handoffs/INV-085_RUN_HANDOFF.md,907c1e8bee0a4a740bdea31ea0e0fc9ec135297ea1547dc812d52fc1aed49273,03_INVESTIGATIONS/03_NORMALIZED_BY_ID/INV-085/INV-085_RUN_HANDOFF.md,DUPLICATE_SHA
INV-018,INV-018_RUN_HANDOFF.md,direct:handoffs,/mnt/data/audit121/handoffs/INV-018_RUN_HANDOFF.md,f9e6ab9a87f93fb79ee879c84e96ea6bc9de8459a5f9af78851277f868391da7,03_INVESTIGATIONS/03_NORMALIZED_BY_ID/INV-018/INV-018_RUN_HANDOFF.md,DUPLICATE_SHA
INV-112,INV-112_RUN_HANDOFF.md,direct:handoffs,/mnt/data/audit121/handoffs/INV-112_RUN_HANDOFF.md,3e8783729ce6d1e63330a509cdf26043a1efcfe5110e2628085218e6a1190e3e,03_INVESTIGATIONS/03_NORMALIZED_BY_ID/INV-112/INV-112_RUN_HANDOFF.md,DUPLICATE_SHA
INV-147,INV-147_RUN_HANDOFF.md,direct:handoffs,/mnt/data/audit121/handoffs/INV-147_RUN_HANDOFF.md,16939bfcfb3bfd441029b65434eb7c230c3f2b45a67edc516b19d09f5e1ee575,03_INVESTIGATIONS/03_NORMALIZED_BY_ID/INV-147/INV-147_RUN_HANDOFF.md,DUPLICATE_SHA
INV-090,INV-090_RUN_HANDOFF.md,direct:handoffs,/mnt/data/audit121/handoffs/INV-090_RUN_HANDOFF.md,aafa90efe1ca71f242054b2dec739cf474280f501e117c3fe4d6d657e4321d08,03_INVESTIGATIONS/03_NORMALIZED_BY_ID/INV-090/INV-090_RUN_HANDOFF.md,DUPLICATE_SHA
INV-141,INV-141_RUN_HANDOFF.md,direct:handoffs,/mnt/data/audit121/handoffs/INV-141_RUN_HANDOFF.md,98f326e53fb15de5aca4ee9167baa951e6f27ec34d19c3379426bf691288acf0,03_INVESTIGATIONS/03_NORMALIZED_BY_ID/INV-141/INV-141_RUN_HANDOFF.md,DUPLICATE_SHA
INV-066,INV-066_RUN_HANDOFF.md,direct:handoffs,/mnt/data/audit121/handoffs/INV-066_RUN_HANDOFF.md,cb886e3c3e41a2ab8cd0190f47a6f2fecbeb47ddd9240fce20540447bc142d8f,03_INVESTIGATIONS/03_NORMALIZED_BY_ID/INV-066/INV-066_RUN_HANDOFF.md,DUPLICATE_SHA
INV-013,INV-013_RUN_HANDOFF.md,direct:handoffs,/mnt/data/audit121/handoffs/INV-013_RUN_HANDOFF.md,d96a84e8243169abd5b2c58ea9ea2a8c062e627433e8d4850f98b3056006854d,03_INVESTIGATIONS/03_NORMALIZED_BY_ID/INV-013/INV-013_RUN_HANDOFF.md,DUPLICATE_SHA
INV-122,INV-122_RUN_HANDOFF.md,direct:handoffs,/mnt/data/audit121/handoffs/INV-122_RUN_HANDOFF.md,6a087d28dfa41f6466bca744740ccb43a336630e93fa132bf767f89fb7b21468,03_INVESTIGATIONS/03_NORMALIZED_BY_ID/INV-122/INV-122_RUN_HANDOFF.md,DUPLICATE_SHA
INV-012,INV-012_RUN_HANDOFF.md,direct:handoffs,/mnt/data/audit121/handoffs/INV-012_RUN_HANDOFF.md,e5fd7fa9b4d13e73a2f9f14418c086751c4ed6f313afe99d0ea483e4be615396,03_INVESTIGATIONS/03_NORMALIZED_BY_ID/INV-012/INV-012_RUN_HANDOFF.md,DUPLICATE_SHA
INV-131,INV-131_RUN_HANDOFF.md,direct:handoffs,/mnt/data/audit121/handoffs/INV-131_RUN_HANDOFF.md,cb41fa76b99a2e8a0b743c02a5600112b07079b3ea78bf151e34a6dad1aa0b62,03_INVESTIGATIONS/03_NORMALIZED_BY_ID/INV-131/INV-131_RUN_HANDOFF.md,DUPLICATE_SHA
INV-054,INV-054_RUN_HANDOFF.md,direct:handoffs,/mnt/data/audit121/handoffs/INV-054_RUN_HANDOFF.md,64c37752d4c1dd713f6143766d652b8c6fe39981e603fcc2854d9cb71d574c1a,03_INVESTIGATIONS/03_NORMALIZED_BY_ID/INV-054/INV-054_RUN_HANDOFF.md,DUPLICATE_SHA
INV-121,INV-121_RUN_HANDOFF.md,direct:handoffs,/mnt/data/audit121/handoffs/INV-121_RUN_HANDOFF.md,7637fed954f2368f4d929d866c4ab46741e5f79ab5c1b91f0c2019130f6781d4,03_INVESTIGATIONS/03_NORMALIZED_BY_ID/INV-121/INV-121_RUN_HANDOFF.md,DUPLICATE_SHA
INV-064,INV-064_RUN_HANDOFF.md,direct:handoffs,/mnt/data/audit121/handoffs/INV-064_RUN_HANDOFF.md,b640f9d3db3bbbffc11ce25c641337a78cb86eb2990b564f19db6086edccf5af,03_INVESTIGATIONS/03_NORMALIZED_BY_ID/INV-064/INV-064_RUN_HANDOFF.md,DUPLICATE_SHA
INV-022,INV-022_RUN_HANDOFF.md,direct:handoffs,/mnt/data/audit121/handoffs/INV-022_RUN_HANDOFF.md,23728306a8c672f7ed4b31f7e8c668676a16dcb6a295716df25697855d03ebe0,03_INVESTIGATIONS/03_NORMALIZED_BY_ID/INV-022/INV-022_RUN_HANDOFF.md,DUPLICATE_SHA
INV-091,INV-091_RUN_HANDOFF.md,direct:handoffs,/mnt/data/audit121/handoffs/INV-091_RUN_HANDOFF.md,b722a7d3838c47ef0be6cb13bf8ca1b063eb84886492539332e8ada6806c6e19,03_INVESTIGATIONS/03_NORMALIZED_BY_ID/INV-091/INV-091_RUN_HANDOFF.md,DUPLICATE_SHA
INV-126,INV-126_RUN_HANDOFF.md,direct:handoffs,/mnt/data/audit121/handoffs/INV-126_RUN_HANDOFF.md,80178eb5a73f3cab427f2e5f68064ac8cc8c5aa1162b3643e900861872201604,03_INVESTIGATIONS/03_NORMALIZED_BY_ID/INV-126/INV-126_RUN_HANDOFF.md,DUPLICATE_SHA
INV-128,INV-128_RUN_HANDOFF.md,direct:handoffs,/mnt/data/audit121/handoffs/INV-128_RUN_HANDOFF.md,e6ebbe716642c098fccd8d02f7ebd4bb6677f8647b7022e530d0c83fbdfc977d,03_INVESTIGATIONS/03_NORMALIZED_BY_ID/INV-128/INV-128_RUN_HANDOFF.md,DUPLICATE_SHA
INV-017,INV-017_RUN_HANDOFF.md,direct:handoffs,/mnt/data/audit121/handoffs/INV-017_RUN_HANDOFF.md,721166f78b6fc4a851f52ede8d46ea2160063b06425d87560d78c8ca2cda51ef,03_INVESTIGATIONS/03_NORMALIZED_BY_ID/INV-017/INV-017_RUN_HANDOFF.md,DUPLICATE_SHA
INV-097,INV-097_RUN_HANDOFF.md,direct:handoffs,/mnt/data/audit121/handoffs/INV-097_RUN_HANDOFF.md,fb6019477f47e8976ce16620fad1eb177f16c85cbb1b101a5b767f94ba271d29,03_INVESTIGATIONS/03_NORMALIZED_BY_ID/INV-097/INV-097_RUN_HANDOFF.md,DUPLICATE_SHA
INV-033,INV-033_RUN_HANDOFF.md,direct:handoffs,/mnt/data/audit121/handoffs/INV-033_RUN_HANDOFF.md,a33fa3cb614d41e2c2ac4319f2081bfaa210f7f556997cc853ac81a5b5549ebb,03_INVESTIGATIONS/03_NORMALIZED_BY_ID/INV-033/INV-033_RUN_HANDOFF.md,DUPLICATE_SHA
INV-016,INV-016_RUN_HANDOFF.md,direct:handoffs,/mnt/data/audit121/handoffs/INV-016_RUN_HANDOFF.md,ba72ebf222c756a256a208234bed3d9e2b25e83771cce0257f547252fb60166b,03_INVESTIGATIONS/03_NORMALIZED_BY_ID/INV-016/INV-016_RUN_HANDOFF.md,DUPLICATE_SHA
INV-075,INV-075_RUN_HANDOFF.md,direct:handoffs,/mnt/data/audit121/handoffs/INV-075_RUN_HANDOFF.md,064fd35d2b7328ed7c8e590decfaf7b095d40487c6f64dbc29525cf6906d0db6,03_INVESTIGATIONS/03_NORMALIZED_BY_ID/INV-075/INV-075_RUN_HANDOFF.md,DUPLICATE_SHA
INV-143,INV-143_RUN_HANDOFF.md,direct:handoffs,/mnt/data/audit121/handoffs/INV-143_RUN_HANDOFF.md,4189a0ba0643aff7ca2229584106c1956d066a6d2fb64b62b5c196538f03d72f,03_INVESTIGATIONS/03_NORMALIZED_BY_ID/INV-143/INV-143_RUN_HANDOFF.md,DUPLICATE_SHA
INV-145,INV-145_RUN_HANDOFF.md,direct:handoffs,/mnt/data/audit121/handoffs/INV-145_RUN_HANDOFF.md,e1987224267601dc9d8ea84bbf33137cd9d2df7b0b348484cb26e7be6a085aee,03_INVESTIGATIONS/03_NORMALIZED_BY_ID/INV-145/INV-145_RUN_HANDOFF.md,DUPLICATE_SHA
INV-078,INV-078_RUN_HANDOFF.md,direct:handoffs,/mnt/data/audit121/handoffs/INV-078_RUN_HANDOFF.md,820b5052c0c05b1e60f1cb07524d0f9674e0b0a41f1175a398e183bc01ecd115,03_INVESTIGATIONS/03_NORMALIZED_BY_ID/INV-078/INV-078_RUN_HANDOFF.md,DUPLICATE_SHA
INV-135,INV-135_RUN_HANDOFF.md,direct:handoffs,/mnt/data/audit121/handoffs/INV-135_RUN_HANDOFF.md,656b7327adaeb9c776c276883292f54f4ff53d4d41607c14bd4a76532ca03187,03_INVESTIGATIONS/03_NORMALIZED_BY_ID/INV-135/INV-135_RUN_HANDOFF.md,DUPLICATE_SHA
INV-130,INV-130_RUN_HANDOFF.md,direct:handoffs,/mnt/data/audit121/handoffs/INV-130_RUN_HANDOFF.md,3c8bff38c670b740e936bb8fe8813ca69160f2ce6c0f9330dc8245e838ec9b80,03_INVESTIGATIONS/03_NORMALIZED_BY_ID/INV-130/INV-130_RUN_HANDOFF.md,DUPLICATE_SHA
INV-065,INV-065_RUN_HANDOFF.md,direct:handoffs,/mnt/data/audit121/handoffs/INV-065_RUN_HANDOFF.md,77e5c74246009f39c29e69e5e8fa89af9190431a8674708d6bf2d46ae6e510eb,03_INVESTIGATIONS/03_NORMALIZED_BY_ID/INV-065/INV-065_RUN_HANDOFF.md,DUPLICATE_SHA
INV-044,INV-044_RUN_HANDOFF.md,direct:handoffs,/mnt/data/audit121/handoffs/INV-044_RUN_HANDOFF.md,e85cbeebba1a91a9a084b1ed811144dee0e9db755c867b30fd0b5ae2ecf1fda1,03_INVESTIGATIONS/03_NORMALIZED_BY_ID/INV-044/INV-044_RUN_HANDOFF__expanded_DEMOCRACY_INFLUENCE_COMPLETE_BUNDLE_2026-.md,DUPLICATE_SHA
INV-063,INV-063_RUN_HANDOFF.md,direct:handoffs,/mnt/data/audit121/handoffs/INV-063_RUN_HANDOFF.md,e4aa5123897bac2249ef2ff417b37f82f850e7eaf55078057532aa4989007335,03_INVESTIGATIONS/03_NORMALIZED_BY_ID/INV-063/INV-063_RUN_HANDOFF.md,DUPLICATE_SHA
INV-119,INV-119_RUN_HANDOFF.md,direct:handoffs,/mnt/data/audit121/handoffs/INV-119_RUN_HANDOFF.md,2ae552aa65bc3527c5d9cd1900ac41df1ab959bae5a9ddc187934bab330f3d19,03_INVESTIGATIONS/03_NORMALIZED_BY_ID/INV-119/INV-119_RUN_HANDOFF.md,DUPLICATE_SHA
INV-026,INV-026_RUN_HANDOFF.md,direct:handoffs,/mnt/data/audit121/handoffs/INV-026_RUN_HANDOFF.md,bf70cae7b998ae0aa16949f1f12cb8258d4d4de9527316832b9cb398531ae4cb,03_INVESTIGATIONS/03_NORMALIZED_BY_ID/INV-026/INV-026_RUN_HANDOFF.md,DUPLICATE_SHA
INV-111,INV-111_RUN_HANDOFF.md,direct:handoffs,/mnt/data/audit121/handoffs/INV-111_RUN_HANDOFF.md,6926d8a7bcb0b0bf7a9e9cb0e3d5fddc9398118c98b949d58cd7b9f47fff8f7a,03_INVESTIGATIONS/03_NORMALIZED_BY_ID/INV-111/INV-111_RUN_HANDOFF.md,DUPLICATE_SHA
INV-030,INV-030_RUN_HANDOFF.md,direct:handoffs,/mnt/data/audit121/handoffs/INV-030_RUN_HANDOFF.md,b3366c5aef1e512fa479bcf819fc0ad87ec86aa93af76b5452be2878d3bb1bf8,03_INVESTIGATIONS/03_NORMALIZED_BY_ID/INV-030/INV-030_RUN_HANDOFF.md,DUPLICATE_SHA
INV-094,INV-094_RUN_HANDOFF.md,direct:handoffs,/mnt/data/audit121/handoffs/INV-094_RUN_HANDOFF.md,d89b413cf5fe2f76579596f8875556f04229a0c5debc7137ddaf3d8d9a5faf80,03_INVESTIGATIONS/03_NORMALIZED_BY_ID/INV-094/INV-094_RUN_HANDOFF.md,DUPLICATE_SHA
INV-067,INV-067_RUN_HANDOFF.md,direct:handoffs,/mnt/data/audit121/handoffs/INV-067_RUN_HANDOFF.md,491e2462883df117ac08e8d27eba9f6b9c5315d51f37cf60bc711630da7af532,03_INVESTIGATIONS/03_NORMALIZED_BY_ID/INV-067/INV-067_RUN_HANDOFF.md,DUPLICATE_SHA
INV-103,INV-103_RUN_HANDOFF.md,direct:handoffs,/mnt/data/audit121/handoffs/INV-103_RUN_HANDOFF.md,b5bfb845e9f5ee571f577313a973c6bf15556ef64ebe63b5829d20f3c45f873f,03_INVESTIGATIONS/03_NORMALIZED_BY_ID/INV-103/INV-103_RUN_HANDOFF.md,DUPLICATE_SHA
INV-047,INV-047_INVESTIGATION.md,direct:source_recovery,/mnt/data/audit121/source_recovery/INV-047_INVESTIGATION.md,2778bb3a1ff721ca2bf823ae5464a93be8bd60dae063b329e9c727f336066051,03_INVESTIGATIONS/03_NORMALIZED_BY_ID/INV-047/INV-047_INVESTIGATION.md,COPIED
INV-076,INV-076_INVESTIGATION.md,direct:source_recovery,/mnt/data/audit121/source_recovery/INV-076_INVESTIGATION.md,9c1ca6b8a99d451745edd6fdd39163862c2129504413f9289f0da0d0c7a99a07,03_INVESTIGATIONS/03_NORMALIZED_BY_ID/INV-076/INV-076_INVESTIGATION.md,COPIED
INV-049,INV-049_INVESTIGATION.md,direct:source_recovery,/mnt/data/audit121/source_recovery/INV-049_INVESTIGATION.md,f731e05757a6b8bcd0fcee1919677256790000e69f9243bb294704f4ca9d14d4,03_INVESTIGATIONS/03_NORMALIZED_BY_ID/INV-049/INV-049_INVESTIGATION.md,DUPLICATE_SHA
INV-081,INV-081_INVESTIGATION.md,direct:source_recovery,/mnt/data/audit121/source_recovery/INV-081_INVESTIGATION.md,0fc4ee6583cdc16a5f02801795f0248c30baa437239d48871390f527f478238c,03_INVESTIGATIONS/03_NORMALIZED_BY_ID/INV-081/2026-09-06_15-55_propriete-medias-francais_INVESTIGATION.md,DUPLICATE_SHA
INV-045,INV-045_INVESTIGATION.md,direct:source_recovery,/mnt/data/audit121/source_recovery/INV-045_INVESTIGATION.md,11719a5534ab5311558ddcc7437165c91257d7f87ca76941463f4d2988565ed1,03_INVESTIGATIONS/03_NORMALIZED_BY_ID/INV-045/INV-045.md,DUPLICATE_SHA
INV-016,INV-016_INVESTIGATION.md,direct:source_recovery,/mnt/data/audit121/source_recovery/INV-016_INVESTIGATION.md,323d0a35b2479b8409c6dea1fcb5527bbf16584719264c178512e5a6ffe943e1,03_INVESTIGATIONS/03_NORMALIZED_BY_ID/INV-016/INV-016_INVESTIGATION.md,DUPLICATE_SHA
INV-119,INV-119_INVESTIGATION.md,direct:source_recovery,/mnt/data/audit121/source_recovery/INV-119_INVESTIGATION.md,d11138d4de79d418204708a64e5382c9811ae4d5d4017daaa68111d56cdb6a0d,03_INVESTIGATIONS/03_NORMALIZED_BY_ID/INV-119/INV-119_INVESTIGATION.md,COPIED
INV-043,INV-043_INVESTIGATION.md,direct:source_recovery,/mnt/data/audit121/source_recovery/INV-043_INVESTIGATION.md,35a6d5cf1ebf6e4d9562a912c084a5841c9825b4c5f57d2e4f0e4127d8b8db06,03_INVESTIGATIONS/03_NORMALIZED_BY_ID/INV-043/INV-043_INVESTIGATION.md,COPIED
INV-094,INV-094_INVESTIGATION.md,direct:source_recovery,/mnt/data/audit121/source_recovery/INV-094_INVESTIGATION.md,49d270eac580a90e2bda6dd41a34def54b51a9ac5ef02ac454f13f44c600000d,03_INVESTIGATIONS/03_NORMALIZED_BY_ID/INV-094/INV-094.md,DUPLICATE_SHA
INV-128,INV-128_INVESTIGATION.md,direct:source_recovery,/mnt/data/audit121/source_recovery/INV-128_INVESTIGATION.md,f75c96e5b32e77d14e87ad78af1711c01c46023a2bfc62366f1f327cd6244053,03_INVESTIGATIONS/03_NORMALIZED_BY_ID/INV-128/INV-128_INVESTIGATION.md,DUPLICATE_SHA
INV-147,INV-147_INVESTIGATION.md,direct:source_recovery,/mnt/data/audit121/source_recovery/INV-147_INVESTIGATION.md,791ecce8ecccc4e9b37aad3b58ccf2bacb5861de60fefeb116f9a01e053ae96a,03_INVESTIGATIONS/03_NORMALIZED_BY_ID/INV-147/INV-147_INVESTIGATION.md,COPIED
INV-103,INV-103_INVESTIGATION.md,direct:source_recovery,/mnt/data/audit121/source_recovery/INV-103_INVESTIGATION.md,41d0b8d330aae2da557e97437cfc8fd4ba844005c606556571cfae853508a2da,03_INVESTIGATIONS/03_NORMALIZED_BY_ID/INV-103/_INVESTIGATION.md,DUPLICATE_SHA
INV-127,INV-127_INVESTIGATION.md,direct:source_recovery,/mnt/data/audit121/source_recovery/INV-127_INVESTIGATION.md,6eda01016b9dcb0151802b15416f90905bedb4b1b3f3ac633f9fe426935c2361,03_INVESTIGATIONS/03_NORMALIZED_BY_ID/INV-127/INV-127_INVESTIGATION.md,COPIED
INV-062,INV-062_INVESTIGATION.md,direct:source_recovery,/mnt/data/audit121/source_recovery/INV-062_INVESTIGATION.md,8c58fa3eeb46abff302beb87005aee0af48bb29ec88644b83a8707b4cae2f17b,03_INVESTIGATIONS/03_NORMALIZED_BY_ID/INV-062/INV-062_INVESTIGATION.md,COPIED
INV-017,INV-017_INVESTIGATION.md,direct:source_recovery,/mnt/data/audit121/source_recovery/INV-017_INVESTIGATION.md,fcd2e264395613a7141a58d67e47100691a28b7d916e8e4932c96101266e1158,03_INVESTIGATIONS/03_NORMALIZED_BY_ID/INV-017/INV-017_INVESTIGATION.md,COPIED
INV-027,INV-027_INVESTIGATION.md,direct:source_recovery,/mnt/data/audit121/source_recovery/INV-027_INVESTIGATION.md,694e8094ae1fa158d36e180f7566411773974c76715424fa6ba265c2d36c7227,03_INVESTIGATIONS/03_NORMALIZED_BY_ID/INV-027/INV-027_INVESTIGATION.md,COPIED
INV-071,INV-071_INVESTIGATION.md,direct:source_recovery,/mnt/data/audit121/source_recovery/INV-071_INVESTIGATION.md,cc0063eb57f6b95f1589cb9d50f81a603bec0415b5069109c4855bdb76f5e810,03_INVESTIGATIONS/03_NORMALIZED_BY_ID/INV-071/INV-071_INVESTIGATION.md,DUPLICATE_SHA
INV-084,INV-084_INVESTIGATION.md,direct:source_recovery,/mnt/data/audit121/source_recovery/INV-084_INVESTIGATION.md,93f63eb197e2e68f23227606f6d9c9183f1e79d4d006ecd3ed3c1d7b995a7137,03_INVESTIGATIONS/03_NORMALIZED_BY_ID/INV-084/INV-084_INVESTIGATION.md,COPIED
INV-039,INV-039_INVESTIGATION.md,direct:source_recovery,/mnt/data/audit121/source_recovery/INV-039_INVESTIGATION.md,ca5113fdeba13fe444538d3d76cc80227d811a50356a002398312d16e1838e8c,03_INVESTIGATIONS/03_NORMALIZED_BY_ID/INV-039/2026-09-06_16-39_pouvoir-institutions-ue_INVESTIGATION.md,DUPLICATE_SHA
INV-093,INV-093_INVESTIGATION.md,direct:source_recovery,/mnt/data/audit121/source_recovery/INV-093_INVESTIGATION.md,550bb01304486c054564e48da1a4482ac937e1e00f2865a2acec21a5f167d393,03_INVESTIGATIONS/03_NORMALIZED_BY_ID/INV-093/INV-093_INVESTIGATION.md,DUPLICATE_SHA
INV-130,INV-130_INVESTIGATION.md,direct:source_recovery,/mnt/data/audit121/source_recovery/INV-130_INVESTIGATION.md,78f3f859ae58d558c36aede8dbe14ffbe077c788737b9151df7d9b42b0286c32,03_INVESTIGATIONS/03_NORMALIZED_BY_ID/INV-130/INV-130_INVESTIGATION.md,COPIED
INV-066,INV-066_INVESTIGATION.md,direct:source_recovery,/mnt/data/audit121/source_recovery/INV-066_INVESTIGATION.md,cc621f6ff8b6bb97895c632fb6228b27b4fa09dbf62c67979cebc6bc7f7fb8ad,03_INVESTIGATIONS/03_NORMALIZED_BY_ID/INV-066/INV-066_INVESTIGATION.md,COPIED
INV-092,INV-092_INVESTIGATION.md,direct:source_recovery,/mnt/data/audit121/source_recovery/INV-092_INVESTIGATION.md,34b10ad348129aebddda129fe9698dc5bfc7cc9afe532152ad084acb62c04d95,03_INVESTIGATIONS/03_NORMALIZED_BY_ID/INV-092/INV-092_INVESTIGATION.md,COPIED
INV-131,INV-131_INVESTIGATION.md,direct:source_recovery,/mnt/data/audit121/source_recovery/INV-131_INVESTIGATION.md,a98c4850dcdd8fa4680e480de6c11f2eb958a182d6c74cf1ad951bbb5a0dd797,03_INVESTIGATIONS/03_NORMALIZED_BY_ID/INV-131/INV-131_INVESTIGATION.md,COPIED
INV-011,INV-011_INVESTIGATION.md,direct:source_recovery,/mnt/data/audit121/source_recovery/INV-011_INVESTIGATION.md,592d94573eb59ec81a0b033592adf7c9b7126c06c4e6dcb5062bf7ea415f10db,03_INVESTIGATIONS/03_NORMALIZED_BY_ID/INV-011/INV-011_INVESTIGATION.md,COPIED
INV-074,INV-074_INVESTIGATION.md,direct:source_recovery,/mnt/data/audit121/source_recovery/INV-074_INVESTIGATION.md,492876e943a1a7bc2839d5b46a8ce869dd65c3733fdb01170e9b3f4fa0de4b79,03_INVESTIGATIONS/03_NORMALIZED_BY_ID/INV-074/INV-074_INVESTIGATION.md,COPIED
INV-125,INV-125_INVESTIGATION.md,direct:source_recovery,/mnt/data/audit121/source_recovery/INV-125_INVESTIGATION.md,df1fea2515d1b3af6fdecc4dc67cfd313dc5506fd9e5e410201e28ce3b0c91b7,03_INVESTIGATIONS/03_NORMALIZED_BY_ID/INV-125/INV-125_INVESTIGATION.md,COPIED
INV-085,INV-085_INVESTIGATION.md,direct:source_recovery,/mnt/data/audit121/source_recovery/INV-085_INVESTIGATION.md,890ac7ef2a9412345910d8a638843189979c788f1754f80cff14b2c4c2b1629f,03_INVESTIGATIONS/03_NORMALIZED_BY_ID/INV-085/INV-085.md,DUPLICATE_SHA
INV-012,INV-012_INVESTIGATION.md,direct:source_recovery,/mnt/data/audit121/source_recovery/INV-012_INVESTIGATION.md,405757e260e6ff0382660b013d0e8b5c4c930a0a5dfe7df01d5b8ff538aa25c4,03_INVESTIGATIONS/03_NORMALIZED_BY_ID/INV-012/INV-012_INVESTIGATION.md,DUPLICATE_SHA
INV-100,INV-100_INVESTIGATION.md,direct:source_recovery,/mnt/data/audit121/source_recovery/INV-100_INVESTIGATION.md,12a9cb06c54fbab16dba416a39b4c1e1355d76c67a492da577bdffb117e0d39e,03_INVESTIGATIONS/03_NORMALIZED_BY_ID/INV-100/INV-100_INVESTIGATION.md,DUPLICATE_SHA
INV-054,INV-054_INVESTIGATION.md,direct:source_recovery,/mnt/data/audit121/source_recovery/INV-054_INVESTIGATION.md,9b02a7b42d2289c9ea2e2b0d47481f091a4bccc35118d0448f9620ab8b409c03,03_INVESTIGATIONS/03_NORMALIZED_BY_ID/INV-054/INV-054_INVESTIGATION.md,DUPLICATE_SHA
INV-028,INV-028_INVESTIGATION.md,direct:source_recovery,/mnt/data/audit121/source_recovery/INV-028_INVESTIGATION.md,ec95309f580365bea401e97404490d8c61835555956c59454f2e06c775f095e6,03_INVESTIGATIONS/03_NORMALIZED_BY_ID/INV-028/INV-028_INVESTIGATION.md,COPIED
INV-136,INV-136_INVESTIGATION.md,direct:source_recovery,/mnt/data/audit121/source_recovery/INV-136_INVESTIGATION.md,64e654d0ae7a34168c47b47234757787ff91295c1655b37c526478857f3cc899,03_INVESTIGATIONS/03_NORMALIZED_BY_ID/INV-136/_INVESTIGATION.md,DUPLICATE_SHA
INV-036,INV-036_INVESTIGATION.md,direct:source_recovery,/mnt/data/audit121/source_recovery/INV-036_INVESTIGATION.md,97f41a1371ea45a452783b64fea3908a5ca8d28475f17cb9793fe6033727910f,03_INVESTIGATIONS/03_NORMALIZED_BY_ID/INV-036/INV-036_INVESTIGATION.md,COPIED
INV-135,INV-135_INVESTIGATION.md,direct:source_recovery,/mnt/data/audit121/source_recovery/INV-135_INVESTIGATION.md,353a82a97819f95366c9ab146b64c2ed72865fd4df2fec2cfd168bad6c555c72,03_INVESTIGATIONS/03_NORMALIZED_BY_ID/INV-135/INV-135_INVESTIGATION.md,DUPLICATE_SHA
INV-010,INV-010_INVESTIGATION.md,direct:source_recovery,/mnt/data/audit121/source_recovery/INV-010_INVESTIGATION.md,0908338973d7e0afd68b7b1eb1c41c83f5afef95e3452f929bfdcc61ca182d34,03_INVESTIGATIONS/03_NORMALIZED_BY_ID/INV-010/INV-010_INVESTIGATION.md,COPIED
INV-025,INV-025_INVESTIGATION.md,direct:source_recovery,/mnt/data/audit121/source_recovery/INV-025_INVESTIGATION.md,2069e2234c8ca336b96f4abf59ebd21a906bca7c9dd7f508b40d20c17f7918fd,03_INVESTIGATIONS/03_NORMALIZED_BY_ID/INV-025/INV-025_INVESTIGATION.md,COPIED
INV-033,INV-033_INVESTIGATION.md,direct:source_recovery,/mnt/data/audit121/source_recovery/INV-033_INVESTIGATION.md,6882743d76521abaf201035c2d0148116b76c0f3f28fc5bfb95595ea42e67a8e,03_INVESTIGATIONS/03_NORMALIZED_BY_ID/INV-033/INV-033_INVESTIGATION.md,DUPLICATE_SHA
INV-134,INV-134_INVESTIGATION.md,direct:source_recovery,/mnt/data/audit121/source_recovery/INV-134_INVESTIGATION.md,1af305d79fa8357672d05408c56994be5c20d640beee77929a4eed876eced56a,03_INVESTIGATIONS/03_NORMALIZED_BY_ID/INV-134/2026-09-06_18-05_attribution-ingerence_INVESTIGATION.md,DUPLICATE_SHA
INV-070,INV-070_INVESTIGATION.md,direct:source_recovery,/mnt/data/audit121/source_recovery/INV-070_INVESTIGATION.md,a4ed56cc3aa7a7428e51172fd2ab1c51b223186a5ea33461bffe4a6b290385c3,03_INVESTIGATIONS/03_NORMALIZED_BY_ID/INV-070/INV-070_INVESTIGATION.md,COPIED
INV-053,INV-053_INVESTIGATION.md,direct:source_recovery,/mnt/data/audit121/source_recovery/INV-053_INVESTIGATION.md,354d2135419166a77df2faae2981f0641bbb25342ee1aa4fb4ea371dd47301a2,03_INVESTIGATIONS/03_NORMALIZED_BY_ID/INV-053/INV-053_INVESTIGATION.md,DUPLICATE_SHA
INV-013,INV-013_INVESTIGATION.md,direct:source_recovery,/mnt/data/audit121/source_recovery/INV-013_INVESTIGATION.md,5908d4c9e1e02201600037ddeada24b00801b476f8d3e01c49b5053e46ec7f5f,03_INVESTIGATIONS/03_NORMALIZED_BY_ID/INV-013/INV-013_INVESTIGATION.md,COPIED
INV-138,INV-138_INVESTIGATION.md,direct:source_recovery,/mnt/data/audit121/source_recovery/INV-138_INVESTIGATION.md,54cc64ec22dff754b445b41bb921b9dd7b90c1397c4938a891f79675e050d823,03_INVESTIGATIONS/03_NORMALIZED_BY_ID/INV-138/INV-138_INVESTIGATION.md,DUPLICATE_SHA
INV-124,INV-124_INVESTIGATION.md,direct:source_recovery,/mnt/data/audit121/source_recovery/INV-124_INVESTIGATION.md,cdefeeab4836c01a95a2b9f0b20a6d152542f19cabe9ba267a34f4b2d4842f4d,03_INVESTIGATIONS/03_NORMALIZED_BY_ID/INV-124/INV-124.md,DUPLICATE_SHA
INV-040,INV-040_SYNTHESIS.md,direct:syntheses,/mnt/data/audit121/syntheses/INV-040_SYNTHESIS.md,63608989b4fb5b34abb26c9cb1a7a0d840109c8e7158b20dcc30540f540d54f7,03_INVESTIGATIONS/03_NORMALIZED_BY_ID/INV-040/INV-040_SYNTHESIS.md,DUPLICATE_SHA
INV-095,INV-095_SYNTHESIS.md,direct:syntheses,/mnt/data/audit121/syntheses/INV-095_SYNTHESIS.md,c0726eb30f415d1a97bb57f10bb858634fd76b00a18db78cca51893e03c28f90,03_INVESTIGATIONS/03_NORMALIZED_BY_ID/INV-095/INV-095_SYNTHESIS.md,DUPLICATE_SHA
INV-052,INV-052_SYNTHESIS.md,direct:syntheses,/mnt/data/audit121/syntheses/INV-052_SYNTHESIS.md,bb1a88870a0b2cf0455f516dfc7d2126c063987cb120a7d655842cccb82d7c4d,03_INVESTIGATIONS/03_NORMALIZED_BY_ID/INV-052/INV-052_SYNTHESIS.md,DUPLICATE_SHA
INV-129,INV-129_SYNTHESIS.md,direct:syntheses,/mnt/data/audit121/syntheses/INV-129_SYNTHESIS.md,95bcf40b55ad2776e77aabed0e089d442043f0357e8528c85e7e9bd885688de5,03_INVESTIGATIONS/03_NORMALIZED_BY_ID/INV-129/INV-129.md,DUPLICATE_SHA
INV-102,INV-102_SYNTHESIS.md,direct:syntheses,/mnt/data/audit121/syntheses/INV-102_SYNTHESIS.md,75fa98241d24fd42da93cc65aaa5fd55b9e4799ca3c14505d865591e2f100777,03_INVESTIGATIONS/03_NORMALIZED_BY_ID/INV-102/INV-102_SYNTHESIS.md,DUPLICATE_SHA
INV-038,INV-038_SYNTHESIS.md,direct:syntheses,/mnt/data/audit121/syntheses/INV-038_SYNTHESIS.md,4f56b4c79a972bb0175ce81de8097661c3cc4a23d076179dc491fbb2d0e90a88,03_INVESTIGATIONS/03_NORMALIZED_BY_ID/INV-038/INV-038_SYNTHESIS.md,DUPLICATE_SHA
INV-104,INV-104_SYNTHESIS.md,direct:syntheses,/mnt/data/audit121/syntheses/INV-104_SYNTHESIS.md,2c52d84aa40b9a63c7a42e4a706d209eb222dccc208d16b1ebc24bae15e8d36f,03_INVESTIGATIONS/03_NORMALIZED_BY_ID/INV-104/INV-104_SYNTHESIS.md,DUPLICATE_SHA
INV-082,INV-082_SYNTHESIS.md,direct:syntheses,/mnt/data/audit121/syntheses/INV-082_SYNTHESIS.md,c9b3824143ca02980d5798b273f3c329bf12beccb492fdb56ea6fa1ef06a0dcd,03_INVESTIGATIONS/03_NORMALIZED_BY_ID/INV-082/INV-082.md,DUPLICATE_SHA
INV-146,INV-146_SYNTHESIS.md,direct:syntheses,/mnt/data/audit121/syntheses/INV-146_SYNTHESIS.md,9cf2a68c467cdc3a850e4494bda6b32044ee4f003d4623f4b161a62624bd3f8b,03_INVESTIGATIONS/03_NORMALIZED_BY_ID/INV-146/INV-146_SYNTHESIS.md,DUPLICATE_SHA
INV-068,INV-068_SYNTHESIS.md,direct:syntheses,/mnt/data/audit121/syntheses/INV-068_SYNTHESIS.md,94f8cb692c0bcd707cdb7a1569dbbae1038bdc3b62636507b57b1894374255f2,03_INVESTIGATIONS/03_NORMALIZED_BY_ID/INV-068/INV-068_SYNTHESIS.md,DUPLICATE_SHA
INV-144,INV-144_SYNTHESIS.md,direct:syntheses,/mnt/data/audit121/syntheses/INV-144_SYNTHESIS.md,61bae983b3aa9d09aded345166d9a1edced884fe4a2c379468c916f8af01c9f0,03_INVESTIGATIONS/03_NORMALIZED_BY_ID/INV-144/INV-144.md,DUPLICATE_SHA
INV-133,INV-133_SYNTHESIS.md,direct:syntheses,/mnt/data/audit121/syntheses/INV-133_SYNTHESIS.md,548453768fca7f36828d2415fb51cd13492e25906a715f8ade2b81f0a7545ed3,03_INVESTIGATIONS/03_NORMALIZED_BY_ID/INV-133/INV-133_SYNTHESIS.md,DUPLICATE_SHA
INV-088,INV-088_SYNTHESIS.md,direct:syntheses,/mnt/data/audit121/syntheses/INV-088_SYNTHESIS.md,222bdeced218b48817447b96f6a3f2b2a8ae92b446d9f7a704d2c747ca3ad430,03_INVESTIGATIONS/03_NORMALIZED_BY_ID/INV-088/INV-088_SYNTHESIS.md,DUPLICATE_SHA
INV-002,INV-002_REPORT.md,direct:control,/mnt/data/audit121/control/INV-002_REPORT.md,f4de1fac8ea62469b00987cc8461e2bc702b98b66a501f0fb6c930f7dcd5503b,03_INVESTIGATIONS/03_NORMALIZED_BY_ID/INV-002/INV-002_REPORT.md,DUPLICATE_SHA
INV-001,INV-001-R1_REPLAY.md,direct:control,/mnt/data/audit121/control/INV-001-R1_REPLAY.md,c3b02fe75ee3ccd0804ac9ab420489b1b7af7710b7aa9920aa00a4f626ed1105,03_INVESTIGATIONS/03_NORMALIZED_BY_ID/INV-001/INV-001-R1_REPLAY.md,DUPLICATE_SHA
