[0m
> build · nvidia/nemotron-3-super-120b-a12b
[0m
[0m$ [0mls -la
total 324
drwxrwxr-x  27 giak giak  4096 sept. 13 10:22 .
drwxrwxr-x  35 giak giak  4096 sept. 15 08:23 ..
-rw-rw-r--   1 giak giak 22705 août  16 22:33 2026-08-16_22-30_lettre-husson-transfert-session_BRAINSTORM.md
drwxrwxr-x   2 giak giak  4096 août  17 21:25 .agents
-rw-rw-r--   1 giak giak  1011 août  17 21:16 AGENTS.md
drwxr-xr-x   2 giak giak  4096 sept. 13 05:50 .antigravitycli
drwxrwxr-x  11 giak giak  4096 août   3 20:29 archive
drwxrwxr-x  27 giak giak 12288 sept. 13 15:35 articles
drwxrwxr-x  15 giak giak  4096 sept.  6 07:59 book
drwxrwxr-x   2 giak giak  4096 juin  11 17:17 .codebuff
drwxrwxr-x   9 giak giak  4096 juin   7 08:59 config
-rw-rw-r--   1 giak giak   216 juin   6 17:08 conftest.py
-rw-rw-r--   1 giak giak  9515 août  11 04:33 ddg_decret.html
drwxrwxr-x   3 giak giak  4096 août  20 11:31 docs
drwxrwxr-x   3 giak giak  4096 août  28 09:36 .env-cleanup-backup-20260828-093639
drwxrwxr-x   3 giak giak  4096 août  28 09:39 .env-cleanup-backup-20260828-093944
-rw-rw-r--   1 giak giak  5419 juil.  9 08:46 extract_synthesis_data.py
drwxrwxr-x  12 giak giak  4096 sept. 15 11:23 .git
-rw-rw-r--   1 giak giak 10267 août  17 22:03 .gitignore
drwxrwxr-x  12 giak giak 36864 sept.  5 09:45 investigations
drwxrwxr-x   2 giak giak  4096 sept.  5 12:46 .kilo
-rw-r--r--   1 giak giak  4748 sept. 15 04:50 knowledge.md
-rw-rw-r--   1 giak giak  1069 mai   21 20:53 LICENSE
drwxrwxr-x 118 giak giak  4096 déc.  10  2025 node_modules
-rw-rw-r--   1 giak giak 10307 juil.  4 23:35 normalize_quintessences.py
drwxrwxr-x  28 giak giak 12288 août  26 07:51 outputs
-rw-rw-r--   1 giak giak   757 juil. 11 08:05 package.json
-rw-rw-r--   1 giak giak 52203 déc.  10  2025 package-lock.json
drwxrwxr-x   2 giak giak  4096 août   3 20:29 page-about
drwxrwxr-x   2 giak giak  4096 juil. 18 19:58 plans
drwxrwxr-x   3 giak giak  4096 août  16 20:37 professional_management
drwxrwxr-x   2 giak giak  4096 juil.  4 23:36 __pycache__
drwxrwxr-x   3 giak giak  4096 août  27 08:07 .pytest_cache
-rw-rw-r--   1 giak giak  3013 août  16 00:01 README.md
-rw-rw-r--   1 giak giak  8596 août  25 07:17 RENARD_CORE_V3.md
-rw-rw-r--   1 giak giak  2054 juin  11 12:42 scratch_audit.py
drwxrwxr-x   3 giak giak  4096 sept. 10 07:48 substack-online
drwxrwxr-x   6 giak giak  4096 août  18 07:41 tests
drwxrwxr-x  10 giak giak  4096 août  28 13:48 tools
drwxrwxr-x  10 giak giak  4096 sept.  2 14:40 truth-engine-v2
drwxrwxr-x   2 giak giak  4096 août  21 06:42 .verify
[0m
[0m✱ [0mGlob "**/00_CONTEXTE_COMMUN.md"[90m 1 match[0m
[0m→ [0mRead articles/AUDIT_ARTICLE_POUVOIR_V4_4_FULL_FORENSIC/01_TARGET/REVIEWS_ROLES_2026-09-15/00_CONTEXTE_COMMUN.md
[0m✱ [0mGlob "**/ARTICLE_MASTERWORK_SOUVERAINETE_2026.md"[90m 1 match[0m
[0m→ [0mRead articles/AUDIT_ARTICLE_POUVOIR_V4_4_FULL_FORENSIC/01_TARGET/ARTICLE_MASTERWORK_SOUVERAINETE_2026.md
[0m
[0m$ [0mwc -l /home/giak/projects/truth-engine/articles/AUDIT_ARTICLE_POUVOIR_V4_4_FULL_FORENSIC/01_TARGET/ARTICLE_MASTERWORK_SOUVERAINETE_2026.md
305 /home/giak/projects/truth-engine/articles/AUDIT_ARTICLE_POUVOIR_V4_4_FULL_FORENSIC/01_TARGET/ARTICLE_MASTERWORK_SOUVERAINETE_2026.md
[0m
[0m$ [0mcat -n /home/giak/projects/truth-engine/articles/AUDIT_ARTICLE_POUVOIR_V4_4_FULL_FORENSIC/01_TARGET/ARTICLE_MASTERWORK_SOUVERAINETE_2026.md | head -80
1	# 🩸 L’État sous asphyxie : le droit de décider n’est pas la capacité de décider
     2	
     3	*Puissance nucléaire, siège permanent au Conseil de sécurité. 70 % du cloud européen d’infrastructure détenu par trois acteurs américains. Des fleurons industriels cédés sous amende. Une enquête sur quatre verrous, dans l’exécution, l’industrie, la norme et les élites, qui enserrent la souveraineté française sans tirer un coup de feu. Chaque verrou a son garde-fou ; aucun ne couvre son verrou, et leur articulation reste à établir.*
     4	
     5	---
     6	
     7	## Prologue : Le paradoxe de la souveraineté impuissante
     8	
     9	La France contemporaine présente un paradoxe de puissance. Elle dispose d’une dissuasion nucléaire océanique et aérienne et siège en permanence au Conseil de sécurité des Nations unies. Elle se classe au 2e rang mondial des exportateurs d’armement [81] et consacre 57,1 milliards d’euros à sa défense nationale en 2026, selon le projet de loi de finances des Armées [76]. 
    10	
    11	Pourtant, au cours des deux dernières décennies, ses fleurons industriels les plus stratégiques ont été démembrés sous la pression de la justice fédérale et des régulateurs américains. Environ 70 % du marché européen du cloud d’infrastructure est détenu par trois fournisseurs américains [80] ; à ces plateformes sont confiées des données publiques et de santé qui échappent à la juridiction française. Un groupe énergétique français a renoncé à un projet majeur sous la contrainte économique des sanctions de seconde main, et d’anciens conseillers ministériels ont rejoint la direction des multinationales bénéficiaires de ces cessions.
    12	
    13	Face à ce grand écart, le débat public oscille entre deux pièges : la dénonciation simpliste d’un complot permanent orchestré par un ordre clandestin, ou la résignation technocratique présentant chaque capitulation comme une adaptation inévitable au marché mondial.
    14	
    15	L’analyse des pièces, des procédures pénales et des délibérations administratives appelle à une lecture plus froide. **La souveraineté française et européenne ne s’effondre pas sous le coup d’ordres secrets : elle s’asphyxie sous quatre verrous structurels.** Ces verrous sont documentés séparément ; leur convergence reste une lecture que ce texte propose et argumente. Un verrou, au sens de cette enquête, est un mécanisme documenté qui réduit la marge de décision d’une autorité publique sans qu’aucun ordre formel ait été donné. Chaque verrou neutralise une capacité de décision sans jamais exiger d’acte de trahison ni d’instruction écrite explicite. **Le droit de décider n’est pas la capacité de décider : c’est cet écart que les pièces documentent.**
    16	
    17	Reste l’échelle. Chaque pièce mobilisée dans cette enquête est datée, et mises bout à bout elles forment une accumulation de quinze ans.
    18	
    19	![Figure 1 : Quinze ans d’accumulation : chaque point est une pièce datée, et aucune des quatre voies ne se referme.](figures/png/fig12_frise_accumulation.png)
    20	
    21	---
    22	
    23	## I. Le verrou d’exécution : le péage monétaire et numérique, les officines privées et l’emprise clandestine
    24	
    25	Le premier verrou porte sur les moyens d’exécution. La souveraineté effective se mesure à l’indépendance de ces moyens. Lorsqu’un État ou une entreprise ne peut réaliser une transaction majeure sans passer par le péage technique, juridique ou monétaire d’une puissance tierce, sa liberté de décision devient une fiction juridique. Le péage n’épuise pas le verrou : un appareil étranger qui agit sur le territoire en dehors des canaux officiels produit le même effet sans qu’aucun péage ne soit à percevoir. Dépendre d’un canal contrôlé hors de la juridiction nationale ou cohabiter avec un appareil qui n’en relève pas n’engage pas le même mécanisme. Ce qui les range dans un même verrou, c’est l’étage neutralisé, celui de l’exécution, sans qu’aucun ordre formel soit donné ; ce sont les deux formes d’un même verrou.
    26	
    27	### 1. La guillotine du dollar et le péage du clearing
    28	L’affaire BNP Paribas constitue la démonstration la plus nette du pouvoir de contrôle par l’infrastructure financière. Le 30 juin 2014, le groupe bancaire français accepte de plaider coupable devant les autorités fédérales et de l’État de New York pour avoir violé des embargos américains au Soudan, en Iran et à Cuba, comme l’établit le communiqué du département de la Justice [10]. Le bilan financier est sans équivalent :
    29	- **Une pénalité de 8,97 milliards de dollars** (6,6 milliards d’euros), la plus lourde alors payée par une banque étrangère aux États-Unis.
    30	- **Une interdiction temporaire d’un an** de réaliser des opérations de compensation en dollars (*clearing*) pour les activités de financement du pétrole et du gaz.
    31	
    32	Le fondement juridique de cette sanction ne repose pas sur la présence de filiales bancaires dans les pays sous embargo, ni sur une loi votée par le Parlement français ou le Conseil européen. Il découle exclusivement du transit informatique des flux financiers libellés en dollars par des comptes de compensation hébergés sur le sol américain. 
    33	
    34	Pour la première banque de la zone euro, la menace d’une coupure d’accès au système de compensation en dollars équivalait à l’arrêt de fait de ses opérations. BNP Paribas n’a pas été convaincue par la légitimité des sanctions américaines ; elle a cédé pour conserver son artère vitale [10] [75].
    35	
    36	### 2. La sur-conformité passive (*over-compliance*)
    37	La contrainte d’infrastructure génère une deuxième onde de choc : l’autocensure préventive des acteurs industriels. En mai 2018, l’administration américaine se retire de l’accord JCPOA et réimpose des sanctions secondaires contre l’Iran. Le groupe TotalEnergies annonce alors, dans un communiqué du 16 mai 2018, l’abandon de son projet gazier South Pars 11, dont le coût total était évalué à 4,8 milliards de dollars [11] [71].
    38	
    39	![Figure 2 : Le mécanisme de la sur-conformité : des sanctions secondaires au retrait préventif, avec un recours européen qui n’offre pas d’immunité.](figures/png/fig08_sur_conformite.png)
    40	
    41	Le retrait ne répond à aucun ordre reçu. Il suit le rapport du coût de résistance à la valeur de l’actif : près de 40 % du capital était détenu par des investisseurs nord-américains, contre 25,3 % pour des actionnaires français [74], et le refinancement dépendait des marchés obligataires en dollars. 
    42	
    43	Même lorsque l’Union a tenté d’intervenir en activant son règlement de blocage (n° 2271/96), la Cour de justice de l’Union européenne a confirmé l’interdiction de se conformer aux sanctions extraterritoriales américaines, même sans ordre étranger. Saisie de la résiliation par Telekom Deutschland d’un contrat avec la banque iranienne Bank Melli, elle laisse au juge national le soin de mesurer si l’annulation d’une résiliation n’exposerait pas l’entreprise à des pertes disproportionnées [12] [13]. Le dilemme demeure entier : se conformer expose à une violation du droit européen, refuser expose aux pénalités américaines.
    44	
    45	### 3. La capture des données publiques et du chiffrement
    46	Le même mécanisme de péage s’est dupliqué dans le domaine de la donnée publique et de la sécurité des communications :
    47	- **EUCS et Health Data Hub** : Lors des négociations du schéma européen de certification cloud (EUCS), des exigences de souveraineté visant à protéger les données sensibles contre les accès extraterritoriaux en vertu du *US CLOUD Act* avaient été introduites. La Chambre de commerce des États-Unis et des associations professionnelles transatlantiques ont publiquement demandé le retrait de ces clauses, dans une déclaration conjointe de mai 2023 [51] ; ces clauses ont été progressivement retirées. En France, l’hébergement des données de santé de la population couverte par l’assurance maladie, plus de 66 millions de personnes [73], sur le *Health Data Hub* a été confié à la plateforme Microsoft Azure.
    48	- **Chat Control et eIDAS 2.0 (QWAC)** : Deux tentatives d’imposer des capacités d’interception ont été portées au niveau européen, et leurs issues sont documentées. Le règlement (UE) 2024/1183 (eIDAS 2) fait obligation aux navigateurs de reconnaître les certificats qualifiés d’authentification de site, tout en encadrant, à son article 45a, les mesures de précaution qu’ils peuvent prendre contre un certificat [69]. La dérogation ePrivacy qui autorise la détection de contenus pédocriminels a été rétablie par le règlement (UE) 2026/1881 jusqu’au 3 avril 2028 ; cette détection y reste *volontaire*, et les communications chiffrées de bout en bout sont *exclues* de son champ [69]. Le règlement permanent, qui prévoyait des ordres de détection, est toujours en négociation, et le blocage porte précisément sur la détection obligatoire. Les capacités existent, elles sont sectorielles, et **aucune pièce ne ferme le pont** entre elles et une architecture intégrée d’identité, de communications et de sanction.
    49	
    50	L’enquête publiée **[Le Numérique colonisé](https://giak.substack.com/p/le-numerique-colonise-70-des-donnees)** traite en détail de ce verrou appliqué à la France, du Health Data Hub à l’article 45 d’eIDAS 2.
    51	
    52	### 4. La privatisation des officines d’ingérence : Alp Services et Rokh Solis
    53	La dépendance d’infrastructure ne provient pas uniquement de juridictions étatiques déclarées :
    54	- **Le réseau Alp Services (Émirats arabes unis)** : L’investigation consacrée à l’influence clandestine et réputationnelle documente le cas où un cabinet privé de renseignement basé à Genève a été mandaté par des entités liées au renseignement émirati pour concevoir et diffuser en Europe des fiches de profilage et des campagnes de déstabilisation ciblant des personnalités publiques et des ONG, comme l’ont établi les enquêtes Mediapart et RSI sur les « Abu Dhabi Secrets » [65].
    55	- **L’opérateur privé Blackcore / Rokh Solis** : L’investigation consacrée à l’influence israélienne en France documente des opérations de manipulation de contenu et d’influence numérique, liées à un opérateur privé. Les marqueurs techniques et la proximité avec Blackcore sont établis par l’analyse de mode opératoire publiée par VIGINUM ; le commanditaire reste non identifié [66]. L’asymétrie d’attribution de ces ingérences, États adverses nommés et alliés épargnés, est documentée dans **[L’ingérence sans mesure](https://giak.substack.com/p/lingerence-sans-mesure)**.
    56	
    57	### 5. L’ingérence informationnelle hybride russe : Doppelgänger et la riposte VIGINUM
    58	Le premier verrou ne se limite pas aux sphères financière et commerciale. L’opération « Doppelgänger », documentée à partir de 2022, a consisté à créer un réseau de sites typosquattés imitant les pages web de médias européens de référence pour diffuser des contenus pro-Kremlin déguisés en articles journalistiques. Sa déclinaison française, la campagne RRN, a été analysée par VIGINUM (service de vigilance et de protection contre les ingérences numériques étrangères, rattaché au SGDSN) dans un rapport rendu public le 19 juillet 2023 [77].
    59	
    60	L’opération illustre un verrou d’infrastructure informationnelle : la capacité d’un État tiers à injecter massivement de faux contenus dans l’écosystème numérique européen en exploitant les failles de modération des plateformes. Le rapport d’activité VIGINUM 2024 compte **259 phénomènes inauthentiques détectés** dans l’année, dont **174 liés à une ingérence numérique étrangère**, ainsi que **25 manœuvres informationnelles** visant les scrutins français, quatorze pour les européennes et onze pour les législatives [3].
    61	
    62	Le cas Doppelgänger constitue aussi une preuve de résistance institutionnelle. VIGINUM a détecté, caractérisé et contribué à neutraliser le réseau en coordination avec les plateformes. La séquence établit qu’un outil souverain dédié a contenu une offensive informationnelle étrangère lorsque la volonté politique de le créer et de le doter existe. Le rapport 2024 documente les signalements techniques transmis à sept plateformes, qui ont parfois conduit à des actions de modération [3].
    63	
    64	### 6. L’emprise territoriale clandestine : les relais de police du Front uni chinois
    65	À l’influence s’ajoute une emprise d’une autre nature : des structures étatiques installées sans titre sur le territoire. L’investigation consacrée au Front uni documente les révélations de la DGSI, qui a identifié neuf relais de stations de police. Elle documente aussi la décision du Conseil d’État constatant qu’une association du Fujian avait hébergé une station clandestine servant de relais à des organes du Parti et au ministère chinois de la Sécurité publique. Ces relais informels ont exercé des pressions et des opérations de contrôle au détriment de ressortissants de la diaspora sur le territoire français, constituant une atteinte directe à la souveraineté administrative et judiciaire de la France [67].
    66	
    67	---
    68	
    69	## II. Le verrou industriel : le lawfare, ou la coercition juridique sur les actifs
    70	
    71	Le deuxième verrou porte sur les actifs industriels souverains : il combine l’usage d’outils répressifs extraterritoriaux (tels que le *Foreign Corrupt Practices Act* américain) et des procédures d’arbitrage privé (ISDS) qui les exposent à une contrainte juridique étrangère.
    72	
    73	### 1. La chaîne complète de l’affaire Alstom (2010-2026)
    74	L’acquisition de la branche Énergie d’Alstom par General Electric entre 2014 et 2015 constitue le cas le plus grave et le mieux documenté de démembrement d’un champion industriel français.
    75	
    76	![Figure 3 : La chaîne bornée d’Alstom : chaque relation de la contrainte est documentée, la chaîne s’arrête à l’engagement du dirigeant.](figures/png/fig05_alstom_chaine_bornee.png)
    77	
    78	L’enchaînement des pièces documentées par la commission d’enquête de l’Assemblée nationale [1] [54], dont l’audition sous serment de Patrick Kron [53], met au jour le mécanisme de contrainte :
    79	1. **L’étau pénal** : En 2010, le département de la Justice ouvre une enquête pénale pour corruption contre Alstom au titre du FCPA. En avril 2013, l’arrestation brutale du dirigeant Frédéric Pierucci à New York signale au PDG Patrick Kron que les dirigeants risquent la prison ferme et l’entreprise une amende d’au moins un milliard de dollars.
    80	2. **La cession en position de faiblesse** : Privée de soutien étatique et menacée de faillite judiciaire, la direction d’Alstom entre en négociation exclusive avec l’américain General Electric pour lui céder l’intégralité de sa branche Énergie. Celle-ci comprend les turbines Arabelle, uniques générateurs de puissance de la flotte des réacteurs nucléaires français et de la propulsion des sous-marins d’attaque de la Marine nationale.
[0m
[0m$ [0mcat -n /home/giak/projects/truth-engine/articles/AUDIT_ARTICLE_POUVOIR_V4_4_FULL_FORENSIC/01_TARGET/ARTICLE_MASTERWORK_SOUVERAINETE_2026.md | sed -n '80,200p'
80	2. **La cession en position de faiblesse** : Privée de soutien étatique et menacée de faillite judiciaire, la direction d’Alstom entre en négociation exclusive avec l’américain General Electric pour lui céder l’intégralité de sa branche Énergie. Celle-ci comprend les turbines Arabelle, uniques générateurs de puissance de la flotte des réacteurs nucléaires français et de la propulsion des sous-marins d’attaque de la Marine nationale.
    81	3. **La signature ministérielle** : Le 5 novembre 2014, le ministre de l’Économie Emmanuel Macron délivre l’autorisation IEF permettant la vente [52]. Le 22 décembre 2014, Alstom plaide coupable et règle 772,29 millions de dollars de pénalité au Trésor américain, comme l’établit le communiqué du département de la Justice [44].
    82	4. **Le non-respect des engagements et le coût du rachat** : GE s’était engagé par écrit à créer 1 000 emplois net en France sous peine d’une amende de 50 000 euros par emploi manquant [56] [72]. Non seulement les emplois n’ont pas été créés, vingt-cinq emplois nets au total ayant vu le jour, mais GE a supprimé des centaines de postes à Belfort. L’État a exigé la pénalité de 50 millions d’euros prévue par la clause, comme l’établit la réponse ministérielle du 25 juillet 2019 [72]. Le 31 mai 2024, le groupe public EDF a dû racheter ces mêmes activités nucléaires (renommées Arabelle Solutions) pour rétablir une souveraineté minimale [55], pendant que l’information judiciaire ouverte en décembre 2022 reste en cours, comme le documentait *Le Monde* en mars 2026 [57].
    83	
    84	Il n’y a pas eu d’ordre militaire étranger ; l’instrumentalisation d’une procédure pénale pour des faits commis à l’étranger a suffi à faire céder un fleuron industriel stratégique. La borne du dossier reste la même que celle de la figure : chaque relation de la chaîne est documentée, du risque pénal à la vente, mais la décision finale est restée une signature française, et aucune pièce n’établit que la contrainte l’a dictée.
    85	
    86	### 2. La menace permanente de l’arbitrage d’investissement (ISDS)
    87	Dans le secteur énergétique, la contrainte judiciaire prend la forme de tribunaux d’arbitrage internationaux privés (CIRDI). Dans l’affaire *Rockhopper c. Italie*, la firme pétrolière britannique a fait condamner l’État italien en août 2022 à lui verser 190 millions d’euros de dommages-intérêts pour avoir refusé un permis de forage côtier au nom de la protection environnementale [49]. 
    88	
    89	La sentence a été annulée le 2 juin 2025 par un comité ad hoc du CIRDI [49]. L’effet d’intimidation réglementaire (*regulatory chill*) créé par le Traité sur la Charte de l’énergie (TCE) est documenté en revanche par l’Union européenne elle-même comme un motif de sa sortie collective du traité, notifiée en juin 2024 [50]. Le nombre de réformes qu’il a effectivement bloquées n’est, lui, pas établi.
    90	
    91	---
    92	
    93	## III. Le verrou normatif : la norme technique, l’expertise et la vérité sous ordonnance
    94	
    95	Le troisième verrou porte sur la production des normes : il opère en amont de la décision publique, en façonnant les règles techniques de l’économie numérique, la sous-traitance de l’expertise de l’État aux cabinets de conseil et l’encadrement des flux d’information.
    96	
    97	### 1. La sous-traitance de l’expertise publique : McKinsey et les Big Four, de l’étude à la norme
    98	Les investigations sur la production de normes et la sous-traitance publique ne concluent pas à un abandon de la capacité d’analyse de l’État : elles documentent une dépendance réelle à l’expertise privée et, dans les mêmes dossiers, des filtres, des réécritures et des rejets. Ce qu’elles ferment, c’est la confusion entre recours au conseil et délégation de souveraineté :
    99	- **La dépendance aux cabinets de conseil (McKinsey)** : L’intervention massive des cabinets privés dans l’élaboration et le suivi des politiques publiques françaises crée un risque d’accoutumance institutionnelle et de perte de compétences internes, comme le documentait le rapport du Sénat de 2021 sur l’influence croissante des cabinets de conseil [68].
   100	- **La rédaction des normes européennes par les Big Four** : Un cas documenté porte sur la sécurité des machines. L’étude commandée par la direction générale GROW de la Commission pour préparer la révision de la directive 2006/42/CE a été écrite par un consortium qui inclut Deloitte, aux côtés de Valdani Vicari & Associati, du Vienna Institute for International Economic Studies et d’Ecorys, comme l’atteste sa page de titre. Ses études de cas recommandent de considérer comme composant de sécurité un logiciel qui remplit une fonction de sécurité et qui est mis sur le marché indépendamment de la machine. Le considérant 19 du règlement (UE) 2023/1230 retient précisément cette solution, et l’analyse d’impact SWD(2021) 82 a accompagné la proposition. Ce que la pièce établit est une continuité textuelle au niveau d’un consortium ; elle n’isole pas la contribution propre de Deloitte et **ne démontre ni capture ni contrôle de la décision** [70].
   101	
   102	### 2. La guerre silencieuse des standards internet
   103	En septembre 2019, l’équipementier chinois Huawei a présenté devant l’Union internationale des télécommunications (UIT), dans sa contribution C-0083, une refonte globale du protocole internet appelée « New IP » [27]. Ce système visait à remplacer l’architecture ouverte de l’IETF par un réseau doté de mécanismes d’identification et de coupure sélective des paquets de données intégrés au niveau matériel.
   104	
   105	Cette tentative de verrouillage normatif a été neutralisée par une coalition entre les États-Unis, la Commission européenne et l’Internet Society, qui a publiquement analysé et combattu la proposition [28]. Mais elle a révélé la vulnérabilité des démocraties : si un standard technique parvient à s’imposer dans un organisme de normalisation avant que le politique ne s’en saisisse, la décision souveraine s’en trouve annulée d’avance.
   106	
   107	### 3. Le monopole d’agences et la vérité sur ordonnance
   108	Dans le champ de l’information publique, la souveraineté cognitive est compromise par une concentration massive des flux d’origine. Les études universitaires disponibles portent sur des paysages nationaux, mais elles convergent. Aux Pays-Bas, Boumans et ses coauteurs (2018) établissent que les dépêches d’agence alimentent jusqu’à 75 % de l’actualité en ligne, en grande partie reprises verbatim [29]. En Suisse, Vogler et ses coauteurs (2024) documentent le même rôle structurant du matériel d’agence dans les rédactions [30]. Aucune de ces études ne mesure l’Europe dans son ensemble : l’hypothèse d’une dépendance comparable de la presse en ligne européenne aux dépêches des grandes agences mondiales, dont AFP, Reuters et Associated Press, reste à établir par une mesure dédiée.
   109	
   110	![Figure 4 : La cascade de la vérité : quatre étages documentés, avec la borne entre les étages 1 et 2, la dépendance européenne restant une hypothèse non mesurée.](figures/png/fig09_cascade_verite.png)
   111	
   112	Parallèlement, l’attribution du label de vérité s’est bureaucratisée. L’article 22 du Règlement sur les services numériques (DSA) a créé le statut de « signaleur de confiance » (*trusted flagger*) [34]. Ce statut confie à des entités privées, financées par des subventions européennes ou des contrats de plateformes, le pouvoir d’indiquer aux algorithmes quels contenus doivent être restreints ou déréférencés [35]. Une étude publiée en 2025 dans le *Journal of the European Economic Association* démontre que la sélection des affirmations vérifiées par les fact-checkers reflète l’orientation du média qui les porte, ce qui génère un biais structurel d’agenda [31]. Le pouvoir des signaleurs, lui, reste une délégation procédurale dont les effets ne sont pas mesurés.
   113	
   114	Deux enquêtes publiées prolongent ce terrain : **[Qui fabrique l’autorité du vrai ?](https://giak.substack.com/p/qui-fabrique-lautorite-du-vrai)** reconstitue l’infrastructure de qualification du vrai, de la sélection des affaires au signalement des plateformes ; **[Qui fact-checke les fact-checkers ?](https://giak.substack.com/p/qui-fact-checke-les-fact-checkers)** mesure la confiance que mérite le label lui-même.
   115	
   116	---
   117	
   118	## IV. Le verrou des élites : le marché privé de l’intérêt public et la diplomatie parallèle
   119	
   120	Le quatrième verrou porte sur les personnes ; c’est ici que l’asphyxie touche les corps mêmes de l’État. Il peut orienter la docilité des appareils d’État en alignant les trajectoires de carrière individuelles des hauts fonctionnaires et conseillers ministériels sur les intérêts financiers des multinationales ou d’organisations de plaidoyer.
   121	
   122	La Haute Autorité pour la transparence de la vie publique (HATVP) a rendu le même jour deux avis sur les projets d’un même ministre délégué aux Transports. Le départ vers un groupe maritime dont les activités recoupaient ses attributions, après au moins huit rencontres avec ses dirigeants, y est jugé incompatible avec ses fonctions. La création de l’entreprise Hopium y est jugée compatible avec réserves [37] [38].
   123	
   124	### 1. La matrice des mobilités post-ministérielles et du lobbying d’influence
   125	La lecture conjointe des délibérations de la HATVP et des rapports d’enquête de l’Office européen de lutte antifraude (OLAF) documente les mobilités d’État vers le secteur privé et le lobbying stratégique. Quatre trajectoires individuelles et un cas organisationnel :
   126	
   127	- **Hugh Bailey**, conseiller Énergie au cabinet du ministre de l’Économie (2014-2016), puis directeur général de **General Electric France** dès 2019. Chronologie documentée : présent au cabinet lors de l’instruction de l’autorisation IEF d’Alstom (2014), nommé ensuite à la direction de la filiale française de l’acquéreur (2019) [58] [59]. Aucune procédure pénale n’a été engagée à ce jour.
   128	- **Jean-Baptiste Djebbari**, ministre délégué aux Transports (2019-2022) : départ vers **CMA CGM** refusé par la HATVP, présidence du conseil d’administration d’**Hopium** autorisée avec réserves et effective en juin 2022. Délibérations HATVP 2022-123 et 2022-104 du 17 mai 2022 [37] [38] [82] [83].
   129	- **Adam Farkas**, directeur exécutif de l’Autorité bancaire européenne (EBA), passé à la tête d’**AFME**, principal lobby bancaire européen. Recommandation du Médiateur européen 2168/2019/KR concluant à une mauvaise administration [36].
   130	- **Neelie Kroes**, vice-présidente de la Commission européenne chargée du Numérique, devenue lobbyiste non déclarée d’**Uber Technologies**. Rapport final d’enquête OLAF OC/2022/0514/A1 documentant les violations des règles éthiques [39].
   131	- **ELNET France**, organisation de diplomatie publique et de lobbying : plusieurs voyages parlementaires pris en charge, confirmés par les déclarations de l’Assemblée nationale (2017-2024). En septembre 2025, l’objectif déclaré d’empêcher la reconnaissance de la Palestine par la France n’a pas été atteint. Les 101 voyages parlementaires pris en charge entre 2017 et 2024 sont documentés dans **[La Défense rongée](https://giak.substack.com/p/la-defense-rongee-449-md-sans-munitions)**.
   132	
   133	### 2. Le point aveugle du droit pénal français
   134	Le droit positif français dispose de plusieurs outils répressifs en matière de probité publique ; les trois articles qui suivent montrent ce que le pénal exige, et donc ce qu’il ne saisit pas. L’article 432-11 du Code pénal incrimine la corruption passive et le trafic d’influence commis par une personne dépositaire de l’autorité publique, chargée d’une mission de service public ou investie d’un mandat électif public [78]. La jurisprudence y ajoute une exigence que le texte ne porte pas : caractériser un pacte de corruption antérieur à l’acte accompli, l’accord sur la contrepartie étant l’élément central de la preuve. L’article 432-13 sanctionne la prise illégale d’intérêts d’un ancien agent public. Le délit est constitué lorsque, dans les trois ans suivant la cessation de ses fonctions, celui-ci prend une participation par travail, conseil ou capitaux dans une entreprise privée qu’il a surveillée ou contrôlée, avec laquelle il a conclu des contrats ou sur les opérations de laquelle il a formulé un avis. C’est le délit dit de « pantouflage » [79]. L’article 433-2 vise quiconque sollicite ou agrée des avantages pour abuser de son influence, réelle ou supposée, en vue de faire obtenir d’une autorité publique une décision favorable [41].
   135	
   136	Ces incriminations sont en cours d’harmonisation européenne. La directive (UE) 2026/1021, adoptée le 29 avril 2026 et entrée en vigueur le 31 mai 2026, aligne un noyau d’incriminations : corruption active et passive dans les secteurs public et privé, trafic d’influence dans ses deux branches, exercice illicite de fonctions publiques. Elle fixe à ce noyau des seuils minimaux de peines. La prise illégale d’intérêts et les règles de conflits d’intérêts relèvent en revanche de son volet prévention et de la réglementation nationale des mobilités, non de son noyau pénal [78] [79] [42].
   137	
   138	L’action pénale au titre de l’article 432-13 exige la preuve que l’ancien agent a effectivement surveillé ou contrôlé l’entreprise concernée, conclu des contrats avec elle ou avisé ses opérations. Ces critères s’apprécient dans le cadre des fonctions qu’il a effectivement exercées. Le délai de trois ans court depuis la cessation de ces fonctions ; il borne la reprise d’une activité privée ; il n’exige pas que la surveillance ait eu lieu dans les trois années précédant le départ [79]. Au titre de l’article 432-11, elle exige la démonstration d’un **pacte préexistant** liant une décision publique à une contrepartie identifiable.
   139	
   140	Ces exigences probatoires se heurtent à la nature diffuse des mobilités institutionnelles. Le rapport d’activité 2024 de la HATVP documente l’accoutumance d’un conseiller ministériel aux arguments d’un acteur industriel, entretenue par la perspective d’une carrière post-gouvernementale [40]. La lecture qui en fait une mécanique d’orientation des arbitrages sans pacte formel est celle de cet article. La pièce porte le risque de conflit d’intérêts, pas la mécanique. Le résultat est un angle mort juridique : le droit pénal français est outillé pour sanctionner l’échange explicite de faveurs, mais structurellement désarmé face à la capture cognitive progressive des décideurs publics.
   141	
   142	![Figure 5 : L’angle mort du droit pénal : ce que les pièces documentent face à ce que le pénal exige ; le vide central est l’écart lui-même.](figures/png/fig11_angle_mort.png)
   143	
   144	---
   145	
   146	## V. Synthèse forensique : la matrice des quatre verrous documentés
   147	
   148	L’inventaire des investigations instruites écarte l’explication par des défaillances individuelles isolées. Il documente quatre verrous, chacun sur des dossiers distincts : l’exécution (le péage monétaire et numérique, l’ingérence), l’industrie (la coercition juridique sur les actifs), la norme (la production des règles et de l’information), les élites (la porosité des trajectoires). Il documente aussi des garde-fous, un par verrou, dont aucun ne couvre l’ensemble. **Il n’établit pas que ces quatre verrous forment une architecture unique.** C’est la lecture que propose cet article, et l’articulation de ces verrous reste ouverte.
   149	
   150	Trois objections bornent cet inventaire, et aucune n’est levée. La première est le biais de survivance, qui sélectionne les cas ayant laissé une trace, contentieux, sanction ou publication ; une dépendance qui n’a jamais produit de différend n’y figure pas, et une résistance réussie sans trace non plus. La deuxième est l’hétérogénéité de la variable finale : d’un dossier à l’autre, ce qu’il faudrait expliquer est une cession, une modification de texte, une nomination, une sélection ou un verdict, et chaque ligne de l’inventaire nomme donc sa propre issue. La troisième porte sur les catégories elles-mêmes, sous un même mot cohabitant des mécanismes de nature différente, un canal de paiement, une procédure pénale, une norme technique et une trajectoire de carrière.
   151	
   152	Aucune pièce ne relie les leviers entre eux ; c’est ce chaînage qu’il faudrait produire pour fermer la thèse. Ce qui suit inventorie ces instruments un par un, chacun avec la pièce qui le porte. La force documentaire est très inégale selon les lignes, du niveau BNP Paribas ou Alstom à des pièces qui ne portent qu’une continuité textuelle sans démonstration de capture ; les bornes de chaque ligne disent jusqu’où va sa pièce. L’inventaire ne démontre pas un système :
   153	
   154	**Verrou I. Exécution et ingérence** :
   155	
   156	- **Péage monétaire et clearing** : amende de 8,97 Md$ prononcée contre BNP Paribas en 2014 (pièce : DOJ, 30 juin 2014).
   157	- **Sur-conformité préventive** : retrait de TotalEnergies du projet South Pars 11 en 2018 ; arrêt *Bank Melli Iran c. Telekom Deutschland* (pièces : TotalEnergies, 16 mai 2018 ; CJUE, 21 décembre 2021).
   158	- **Hébergement de données** : clauses d’immunité retirées du schéma EUCS ; Health Data Hub confié à Microsoft Azure (pièce : US Chamber of Commerce, 23 mai 2023).
   159	- **Interception et identité numérique** : règlement (UE) 2024/1183, article 45a ; dérogation ePrivacy rétablie jusqu’au 3 avril 2028 (pièces : EUR-Lex, règlements 2024/1183 et 2026/1881).
   160	- **Influence clandestine** : Alp Services ; Blackcore / Rokh Solis ; opération Doppelgänger (pièces : Mediapart ; VIGINUM, 2026 ; VIGINUM, 19 juillet 2023).
   161	- **Emprise territoriale** : neuf relais de stations de police identifiés par la DGSI ; station du Fujian constatée par le Conseil d’État (pièces : question écrite n° 1675 ; Conseil d’État).
   162	
   163	**Verrou II. Industrie et coercition juridique** :
   164	
   165	- **Poursuite pénale extraterritoriale (FCPA)** : Alstom, enquête ouverte en 2010, cession à General Electric en 2014, pénalité de 772,29 M$ (pièce : DOJ, 22 décembre 2014).
   166	- **Arbitrage d’investissement (ISDS)** : *Rockhopper c. Italie*, 190 M€ en août 2022, sentence annulée le 2 juin 2025 (pièce : CIRDI, aff. ARB/17/14).
   167	
   168	**Verrou III. Norme, expertise et information** :
   169	
   170	- **Standards techniques privés** : New IP bloqué par la coalition IETF / ISOC ; composant logiciel de sécurité retenu par le règlement (UE) 2023/1230 (pièces : ISOC, février 2022 ; étude DG GROW, juin 2020).
   171	- **Sous-traitance de l’expertise publique** : rapport du Sénat n° 578 sur les cabinets de conseil ; étude d’impact de la directive machines écrite par un consortium incluant Deloitte (pièces : Sénat, 2021 ; DG GROW, juin 2020).
   172	- **Concentration des flux d’information** : dépendance des rédactions en ligne au matériel d’agence établie au niveau national (Pays-Bas, Suisse) ; généralisation européenne non mesurée (pièces : Boumans, 2018 ; Vogler, 2024).
   173	- **Délégation du jugement de vérité** : signaleurs de confiance de l’article 22 du DSA ; biais d’agenda documenté (pièces : DSA, art. 22 ; JEEA, 2025).
   174	
   175	**Verrou IV. Élites et mobilités** :
   176	
   177	- **Pantouflage des décideurs publics** : Hugh Bailey, du cabinet de l’Économie à la direction de GE France ; Jean-Baptiste Djebbari, de ministre délégué à la présidence du conseil d’administration d’Hopium, son départ vers CMA CGM ayant été refusé par la HATVP (pièces : GE France, avril 2019 ; HATVP, 17 mai 2022 ; France Hydrogène, juin 2022).
   178	- **Lobbying d’influence structuré** : ELNET France, voyages parlementaires pris en charge ; Adam Farkas quittant l’ABE pour l’AFME ; Neelie Kroes pour Uber (pièces : HATVP ; Médiateur européen, mai 2020 ; OLAF).
   179	
   180	L’analyse fait apparaître un motif récurrent. **Chaque verrou a son garde-fou documenté ; aucun ne couvre son verrou.** Chacun a fermé un dossier ; aucun n’a modifié la condition structurelle. Sur les verrous d’exécution et de coercition, le veto IEF a empêché en 2020 le groupe américain Teledyne de racheter Photonis, fabricant d’optronique militaire stratégique [24], et la Lituanie a tenu face à la coercition économique chinoise [16] [17]. Côté informationnel, VIGINUM a détecté et contribué à neutraliser l’opération Doppelgänger [77], et la coalition IETF/ISOC a bloqué le standard New IP chinois [28]. Sur le volet normatif, la sortie collective du TCE [50] montre un blocage par retrait du traité, non un verrou levé de l’intérieur.
   181	
   182	Sur le verrou des élites, le garde-fou existe et il a fonctionné une fois : l’avis d’incompatibilité rendu par la HATVP en mai 2022 a fermé la trajectoire du départ vers l’armateur. Il n’a pas saisi la présidence d’Hopium, autorisée le même jour, ni la mobilité d’un conseiller Énergie vers la direction de l’acquéreur. Il porte sur les projets déclarés, pas sur les trajectoires qui ne se déclarent pas.
   183	
   184	Les deux garde-fous internes de l’État, celui des investissements étrangers et celui des mobilités, fonctionnent de la même manière, et les chiffres publics le disent. En 2024, le ministre a rendu 337 décisions au titre du contrôle des investissements étrangers, dont 182 sur des opérations entrant dans le champ du contrôle ; 54 % des autorisations ont été assorties de conditions, et six refus seulement ont été prononcés en trois ans [23]. Sur les mobilités, 751 projets ont été soumis pour avis en 2024 ; en 2023, les avis d’incompatibilité représentaient 7 % des avis rendus, moins de dix par ministère sur la période 2020-2023, quand les compatibilités avec réserves en représentaient 77 % [84] [85]. **Le garde-fou ne refuse pas : il conditionne.** C’est ce qui rend Photonis exceptionnel et ce qui laisse la condition structurelle intacte.
   185	
   186	Ce différentiel tient à trois conditions : un outil institutionnel dédié, une volonté politique explicite et un coût de résistance jugé acceptable. Les trois valent pour les garde-fous externes, qu’il s’agisse de bloquer un rachat, de tenir face à un blocus ou de détecter une opération. Le contrôle déontologique, lui, est interne à l’État. Il a tenu sans volonté politique, et c’est pourquoi il ne saisit que ce qui se déclare. Que chaque décision prise isolément soit rationnelle ne dit rien du choix collectif que personne n’a eu à faire.
   187	
   188	**La grille de lecture.** Quatre questions suffisent à tester un cas nouveau. Un canal essentiel, paiement, cloud ou standard, échappe-t-il à la juridiction nationale ? Une procédure pénale ou d’arbitrage peut-elle viser l’actif ou le dirigeant ? Une instance de norme ou de certification peut-elle être capturée en amont ? Une trajectoire post-fonction est-elle en jeu, sans pacte prouvable ? Trois issues sont documentées : le verrou est levé lorsqu’un outil dédié, une volonté politique et un coût jugé acceptable coexistent ; il est subi lorsque aucun des trois n’est réuni ; il reste non clos lorsque la pièce manque. Ces questions ne prédisent rien, et c’est leur intérêt. Elles forcent à écrire ce qui est établi, par qui, et à quel prix.
   189	
   190	![Figure 6 : La grille de lecture : quatre questions à poser à tout cas de dépendance, trois issues documentées ; une méthode de lecture, pas une machine à prédire.](figures/png/fig10_grille_de_lecture.png)
   191	
   192	---
   193	
   194	## Épilogue : La formule de l’impuissance apprise
   195	
   196	La recherche d’un « gouvernement de l’ombre » ou d’un « ordre clandestin venu de l’étranger » est une impasse intellectuelle. Elle entretient le mythe selon lequel la souveraineté serait intacte si l’on chassait quelques traîtres.
   197	
   198	L’investigation forensique documente une réalité plus étroite et plus grave. **La souveraineté française et européenne ne s’éteint pas par la coercition directe ; elle s’asphyxie par des dépendances consenties.**
   199	
   200	Une précision épistémologique s’impose. Documenter une contrainte structurelle n’équivaut pas à prouver un acte de coercition intentionnelle. Lorsqu’une banque cède aux exigences du DOJ ou qu’un industriel abandonne un marché iranien, la décision individuelle est rationnelle et souvent légale. C’est l’accumulation systémique de ces décisions rationnelles, chacune prise sous contrainte d’infrastructure, qui produit un effet de soumission globale sans qu’aucun ordre n’ait été donné.
[0m
[0m$ [0mcat -n /home/giak/projects/truth-engine/articles/AUDIT_ARTICLE_POUVOIR_V4_4_FULL_FORENSIC/01_TARGET/ARTICLE_MASTERWORK_SOUVERAINETE_2026.md | sed -n '201,305p'
201	
   202	Confondre cette dynamique avec un « complot » serait aussi erroné que de la nier sous prétexte qu’aucune preuve formelle n’existe. De la même manière, documenter quatre verrous n’équivaut pas à établir qu’ils n’en forment qu’un : la convergence est la lecture que propose cet article, et leur chaînage reste ouvert. Deux observations feraient évoluer cette lecture, dans un sens ou dans l’autre. Une pièce attestant un chaînage organique entre deux verrous, une même décision ou un même commanditaire produisant deux fermetures documentées, fermerait la thèse forte ; à l’inverse, la démonstration que des dépendances comparables n’ont produit aucun effet sur les décisions concernées la retirerait.
   203	
   204	Ce test a été appliqué aux pièces réunies ici, et il n’a qu’un candidat. Un conseiller Énergie présent au cabinet du ministre de l’Économie pendant l’instruction de l’autorisation IEF du dossier Alstom est devenu, cinq ans plus tard, directeur général de la filiale française de l’acquéreur. Il ne satisfait pas le critère, et l’écart est instructif. Une seule fermeture est documentée, la cession ; la seconde observation est une trajectoire individuelle ; aucune pièce ne montre la même décision produisant les deux. Le chaînage reste donc hors d’atteinte, mais il a été cherché. Tant qu’il manque, la thèse demeure une lecture.
   205	
   206	Reste le constat central :
   207	
   208	- On accepte le clearing en dollars par besoin d’accéder aux marchés financiers, puis on s’étonne d’appliquer les embargos américains.
   209	- On abandonne ses champions industriels à la justice étrangère par peur des amendes, puis on dépense des milliards pour racheter leurs usines dix ans plus tard.
   210	- On confie ses données de santé et ses communications aux hyperscalers américains, puis on rédige des discours sur l’autonomie stratégique.
   211	- On tolère que des conseillers présents au cabinet lors de l’instruction de cette cession rejoignent ensuite la direction de l’acheteur, puis on s’étonne que la loi n’y trouve rien à redire.
   212	
   213	Ces verrous tiennent parce que personne n’a entrepris de les abroger. Tant que l’État ne reconstruira pas ses propres circuits de paiement, ses propres infrastructures numériques, ses propres instruments de justice industrielle et une éthique publique blindée, les discours sur la puissance ne seront que les ornements d’une capitulation en toute légalité. **Le droit de décider n’a jamais été retiré ; c’est la capacité qui s’est contractée.**
   214	
   215	---
   216	
   217	## Notes bibliographiques et preuves documentaires
   218	
   219	Les sources sont citées dans la prose par leur nom et leur numéro de renvoi `[n]`. Le registre qui suit est la bibliographie de l’enquête. Deux forces de preuve s’y côtoient. La pièce primaire (communiqués officiels, textes juridiques, délibérations, décisions de justice) établit directement son objet ; l’enquête nommée (presse investigative, rapports spécialisés) établit la solidité de sa propre analyse, que le lecteur pondère. Dans le corps, la pièce primaire est introduite par « comme l’établit » ou « comme l’atteste », et l’enquête nommée par « comme le documente ». Les entrées que le corps ne cite pas directement portent la mention « (contexte) » : elles documentent l’arrière-plan réglementaire, juridique ou factuel d’un dossier, sans être invoquées par une phrase précise. Aucune de ces entrées n’est marginale au point d’être retirée ; le lecteur qui veut contrôler une affirmation doit chercher son renvoi, pas une entrée contextuelle.
   220	
   221	- **[1]** Assemblée nationale : Rapport de la commission d’enquête sur les décisions de l’État en matière de politique industrielle, Tome I, n° 897, 19 avril 2018. https://www.assemblee-nationale.fr/dyn/opendata/RAPPANR5L15B0897-tI.html
   222	- **[2]** Cour des comptes : *Le contrôle des investissements étrangers en France*, rapport public thématique, septembre 2024. https://www.ccomptes.fr/fr/publications/le-controle-des-investissements-etrangers-en-france (contexte)
   223	- **[3]** Secrétariat général de la défense et de la sécurité nationale (SGDSN) : *Rapport d’activité VIGINUM 2024*, publié le 30 décembre 2025 : https://www.sgdsn.gouv.fr/files/files/Publications/VIGINUM_rapport_activit%C3%A9_24_vd.pdf Chiffres relevés dans le rapport le 14 septembre 2026 : 259 phénomènes inauthentiques détectés en 2024, dont 174 liés à une ingérence numérique étrangère ; 25 manœuvres informationnelles visant les scrutins français, quatorze pour les européennes et onze pour les législatives ; 43 manœuvres visant les Jeux de Paris ; signalements techniques transmis à sept plateformes (X, Google, YouTube, Facebook, Instagram, TikTok, Bluesky).
   224	- **[4]** Direction générale du Trésor : Rapport annuel sur le contrôle des investissements étrangers en France (IEF), édition 2024. https://www.tresor.economie.gouv.fr/Articles/2025/07/30/publication-du-rapport-annuel-sur-le-controle-ief-en-2024 (contexte)
   225	- **[5]** Integrity Initiative : Formulaire de candidature au Foreign Office (FCO Phase II), document d’archive 2018. https://fdik.org/Integrity_Initiative/392195390-FCO-Application-Form-2018-v2.pdf (contexte)
   226	- **[6]** Integrity Initiative : *Moncloa Campaign*, document interne sur la campagne d’influence en Espagne, juin 2018. https://fdik.org/Integrity_Initiative/392195691-Moncloa-Campaign-6-AttTwitter-08-06-18.pdf (contexte)
   227	- **[7]** Integrity Initiative : *Top 3 Deliverables for FCO*, document d’auto-attribution des résultats au Foreign Office, 2018. https://fdik.org/Integrity_Initiative/392195825-Top-3-Deliverables-for-FCO.pdf (contexte)
   228	- **[8]** *El País* : *Pedro Baños, la réputation russe d’un colonel espagnol*, 8 juin 2018. https://elpais.com/politica/2018/06/07/actualidad/1528372493_075633.html (contexte)
   229	- **[9]** *El País* : *Nomination de Miguel Ángel Ballesteros à la Sécurité Nationale*, 14 juin 2018. https://elpais.com/politica/2018/06/14/actualidad/1528987717_390585.html (contexte)
   230	- **[10]** US Department of Justice : *BNP Paribas Agrees to Plead Guilty and Pay $8.9 Billion for Illegally Processing Financial Transactions*, 30 juin 2014. https://www.justice.gov/archives/opa/pr/bnp-paribas-agrees-plead-guilty-and-pay-89-billion-illegally-processing-financial
   231	- **[11]** TotalEnergies : *US withdrawal from the JCPOA: Total’s position related to the South Pars 11 project in Iran*, 16 mai 2018. https://totalenergies.com/newsroom/us-withdrawal-jcpoa-totals-position-related-south-pars-11-project-iran/?lang=eng
   232	- **[12]** Cour de justice de l’Union européenne : Arrêt *Bank Melli Iran c. Telekom Deutschland*, aff. C-124/20, 21 décembre 2021. https://eur-lex.europa.eu/legal-content/FR/TXT/?uri=CELEX:62020CJ0124
   233	- **[13]** Commission européenne : Règlement de blocage (Blocking Statute) et extraterritorialité. https://finance.ec.europa.eu/eu-and-world/open-strategic-autonomy/extraterritoriality-blocking-statute_en
   234	- **[14]** Commission européenne : Sécurité de l’approvisionnement en gaz et résilience européenne. https://energy.ec.europa.eu/topics/energy-security/security-gas-supply_en (contexte)
   235	- **[15]** CINEA (Union européenne) : Interruption des livraisons de gaz russe à la Pologne et à la Bulgarie, 27 avril 2022. https://cinea.ec.europa.eu/news-events/news/cef-energy-eu-funded-energy-projects-more-crucial-ever-after-russia-cuts-gas-supply-poland-and-2022-04-27_en (contexte)
   236	- **[16]** Organisation mondiale du commerce (OMC) : Différend DS610 *Chine - Mesures concernant le commerce des marchandises et des services (Lituanie)*, 2022. https://policy.trade.ec.europa.eu/enforcement-and-protection/dispute-settlement/wto-dispute-settlement/wto-disputes-cases-involving-eu/wtds610-china-measures-concerning-trade-goods-and-services_en
   237	- **[17]** Ministère des Affaires étrangères de la République populaire de Chine : Déclaration relative à l’abaissement des relations diplomatiques avec la Lituanie, 21 novembre 2021. https://www.mfa.gov.cn/eng/wjb/zzjg_663340/xos_664404/xwlb_664406/202111/t20211121_10451002.html
   238	- **[18]** Ministère des Affaires étrangères de Lituanie : *Strengthening economic cooperation between Lithuania and Taiwan*, 2026. https://www.urm.lt/en/news/928/strengthening-economic-cooperation-between-lithuania-and-taiwan%3A45874 (contexte)
   239	- **[19]** Règlement (UE) 2023/2675 du Parlement européen et du Conseil du 22 novembre 2023 relatif à la protection de l’Union et de ses États membres contre la coercition économique exercée par des pays tiers. https://eur-lex.europa.eu/eli/reg/2023/2675/2023-12-07/eng (contexte)
   240	- **[20]** Mécanisme européen de stabilité (MES) : Traité et conditionnalité des programmes d’assistance. https://www.esm.europa.eu/financial-assistance/programme-database/conditionality (contexte)
   241	- **[21]** Commission européenne : Reprise et résilience, validation des paiements et jalons structurels pour la France, 2025. https://france.representation.ec.europa.eu/informations-et-evenements/informations/la-france-et-la-belgique-recoivent-de-nouveaux-paiements-au-titre-de-la-facilite-de-lue-pour-la-2025-05-27_fr (contexte)
   242	- **[22]** Règlement (UE) 2026/1386 relatif au filtrage des investissements directs étrangers dans l’Union. https://eur-lex.europa.eu/legal-content/EN/TXT/?uri=CELEX%3A32026R1386 (contexte)
   243	- **[23]** Direction générale du Trésor : *Rapport annuel sur le contrôle des investissements étrangers en France (IEF)*, 30 juillet 2025, et communiqué de presse n° 815 de la même date (392 dossiers soumis en 2024, contre 309 en 2023 ; 337 décisions rendues, dont 182 portant sur des opérations entrant dans le champ du contrôle ; 54 % des autorisations assorties de conditions ; six décisions de refus prononcées en trois ans, hors demandes retirées par l’investisseur au cours de l’instruction). https://www.tresor.economie.gouv.fr/Articles/2025/07/30/publication-du-rapport-annuel-sur-le-controle-ief-en-2024 · https://presse.economie.gouv.fr/publication-du-rapport-annuel-sur-le-controle-des-investissements-etrangers-en-france-en-2024/
   244	- **[24]** Assemblée nationale : Question écrite n° 33511 sur la décision de refus du rachat de Photonis par Teledyne. https://www.assemblee-nationale.fr/dyn/15/questions/QANR5L15QE33511
   245	- **[25]** Port d’Athènes (Piraeus Port Authority SA) : Notification de participation majeure de COSCO Shipping (67 %). https://olp.gr/en/investor-relations/corporate-announcements/corporate-announcements-2021/notification-of-significant-change-of-voting-rights-pursuant-to-law-3556-2007 (contexte)
   246	- **[26]** Ministère norvégien des Finances : *Report on the Government Pension Fund Global*, 2026. https://www.regjeringen.no/en/documents/meld.-st.-7-2025-2026/id3155109/?ch=1 (contexte)
   247	- **[27]** ITU-T TSAG : Contribution C-0083 *New IP Framework and Protocol for Future Network Architecture*, Genève, septembre 2019. https://www.itu.int/md/T17-TSAG-C-0083/en
   248	- **[28]** Internet Society (ISOC) : *Huawei’s New IP Proposal FAQ*, analyse d’impact et refus des révisions architecturales, février 2022. https://www.internetsociety.org/resources/doc/2022/huaweis-new-ip-proposal-faq/
   249	- **[29]** Boumans J. et al. : *The agency makes the online news world go round: the impact of news agency content*, 2018. https://research.wur.nl/en/publications/the-agency-makes-the-online-news-world-go-round-the-impact-of-new/
   250	- **[30]** Vogler D. et al. : *The Elephant(s) in the Newsroom: A Mixed Methods Study on News Agency Material*, Journalism Practice, 2024. https://www.tandfonline.com/doi/abs/10.1080/17512786.2024.2415541
   251	- **[31]** Journal of the European Economic Association : *Both Judge and Party? Political Unbiasedness of Fact-Checkers*, vol. 23, n° 6, 2025. https://academic.oup.com/jeea/article/23/6/2137/8087339
   252	- **[32]** *Nature* : *The political effects of X’s feed algorithm*, étude empirique sur l’amplification algorithmique, 2026. https://www.nature.com/articles/s41586-026-10098-2 (contexte)
   253	- **[33]** *Nature* : *Like-minded sources on Facebook are prevalent but not polarizing*, 2023. https://www.nature.com/articles/s41586-023-06297-w (contexte)
   254	- **[34]** Règlement (UE) 2022/2065 du Parlement européen et du Conseil du 19 octobre 2022 relatif à un marché unique des services numériques (DSA). https://eur-lex.europa.eu/legal-content/EN-FR/TXT/?uri=CELEX%3A32022R2065
   255	- **[35]** Commission européenne : Désignation et statut des signaleurs de confiance (*trusted flaggers*) sous le DSA. https://digital-strategy.ec.europa.eu/en/policies/trusted-flaggers-under-dsa
   256	- **[36]** Médiateur européen : Recommandation dans l’affaire 2168/2019/KR concernant le passage d’Adam Farkas à l’AFME, mai 2020. https://www.ombudsman.europa.eu/en/recommendation/en/127638
   257	- **[37]** HATVP : Délibération n° 2022-123 du 17 mai 2022 relative au départ de Jean-Baptiste Djebbari vers le groupe CMA CGM. https://www.hatvp.fr/wordpress/wp-content/uploads/2022/05/2022-123-Jean-Baptiste-Djebbari.pdf
   258	- **[38]** HATVP : Délibération n° 2022-104 du 17 mai 2022 relative au projet de création d’entreprise par Jean-Baptiste Djebbari (Hopium). https://www.hatvp.fr/wordpress/wp-content/uploads/2022/05/2022-104-Jean-Baptiste-Djebbari.pdf
   259	- **[39]** OLAF : Rapport final d’enquête OC/2022/0514/A1 relatif aux activités de lobbying de Neelie Kroes pour Uber. https://www.politico.eu/wp-content/uploads/2024/03/07/final-report-oc-2022-0514-redacted_final57.pdf
   260	- **[40]** Haute Autorité pour la transparence de la vie publique (HATVP) : Rapport annuel d’activité 2024. https://www.hatvp.fr/presse/rapport-dactivite-2024-de-la-haute-autorite/
   261	- **[41]** Code pénal français : Article 433-2 relatif au délit de trafic d’influence passif et actif. https://www.legifrance.gouv.fr/codes/article_lc/LEGIARTI000028311912/2026-05-10
   262	- **[42]** Directive (UE) 2026/1021 du Parlement européen et du Conseil du 29 avril 2026 sur la lutte contre la corruption, remplaçant la décision-cadre 2003/568/JHA ; publication au JOUE le 11 mai 2026, entrée en vigueur le 31 mai 2026, transposition à vingt-quatre mois. https://eur-lex.europa.eu/eli/dir/2026/1021/oj
   263	- **[43]** US Department of Justice : *Airbus Agrees to Pay Over $3.9 Billion in Global Penalties to Resolve Foreign Bribery and ITAR Case*, 31 janvier 2020. https://www.justice.gov/usao-dc/pr/airbus-agrees-pay-over-39-billion-global-penalties-resolve-foreign-bribery-and-itar-case (contexte)
   264	- **[44]** US Department of Justice : *Alstom Pleads Guilty and Agrees to Pay $772 Million Criminal Penalty*, 22 décembre 2014. https://www.justice.gov/archives/opa/pr/alstom-pleads-guilty-and-agrees-pay-772-million-criminal-penalty-resolve-foreign-bribery
   265	- **[45]** US Department of Justice : *Siemens AG Pleads Guilty to FCPA Violations and Agrees to Pay $800 Million Penalty*, 15 décembre 2008. https://www.justice.gov/archive/opa/pr/2008/December/08-crm-1105.html (contexte)
   266	- **[46]** US Bureau of Industry and Security (BIS) : *Offsets in Defense Trade*, 27th Annual Report to Congress, 2024. https://www.bis.gov/about-bis/bis-leadership-and-offices/SIES/offsets-defense-trade (contexte)
   267	- **[47]** Groupe d’action financière (GAFI/FATF) : Recommandations sur la transparence et les bénéficiaires effectifs des personnes morales. https://www.fatf-gafi.org/en/publications/Fatfrecommendations/Guidance-Beneficial-Ownership-Legal-Persons.html (contexte)
   268	- **[48]** Vattenfall AB : *Understanding to terminate disputes on German nuclear phase-out*, accord d’indemnisation, 5 mars 2021. https://group.vattenfall.com/press-and-media/pressreleases/2021/understanding-to-terminate-disputes-on-german-nuclear-phase-out/ (contexte)
   269	- **[49]** CIRDI : *Rockhopper Exploration plc c. République Italienne* (Affaire n° ARB/17/14), Décision d’annulation du Comité ad hoc, 2 juin 2025. https://www.italaw.com/cases/5788
   270	- **[50]** Conseil de l’Union européenne : Décision concernant le retrait de l’Union du Traité sur la Charte de l’énergie, 27 juin 2024. https://france.representation.ec.europa.eu/informations-et-evenements/informations/lue-notifie-sa-sortie-du-traite-sur-la-charte-de-lenergie-et-met-fin-aux-procedures-darbitrage-intra-2024-06-28_fr
   271	- **[51]** US Chamber of Commerce & European Industry Associations : *Joint Statement on EUCS Sovereignty Requirements*, 23 mai 2023. https://www.uschamber.com/security/cybersecurity/joint-industry-statement-on-the-need-for-a-swift-adoption-of-the-eu-cybersecurity-certification-scheme-for-cloud-services-without-sovereignty-requirements
   272	- **[52]** Ministère de l’Économie, du Redressement productif et du Numérique : Communiqué de presse sur l’autorisation accordée à General Electric pour l’investissement dans Alstom, 5 novembre 2014. https://www.economie.gouv.fr/files/files/directions_services/agence-participations-etat/Documents/Communiques/Emmanuel_MACRON_autorise_l%27investissement_de_General_Electric_avec_Alstom.pdf
   273	- **[53]** Assemblée nationale : Procès-verbal de l’audition sous serment de Patrick Kron, Président-Directeur Général d’Alstom, 4 avril 2018. https://www.assemblee-nationale.fr/dyn/docs/CRCANR5L15S2018PO742273N049.raw
   274	- **[54]** Assemblée nationale : Rapport d’enquête n° 897 sur les décisions de politique industrielle, auditions et pièces justificatives. https://www.assemblee-nationale.fr/dyn/opendata/RAPPANR5L15B0897-tI.html
   275	- **[55]** Groupe EDF : *EDF acquiert les activités nucléaires de GE Steam Power auprès de GE Vernova (Arabelle Solutions)*, 31 mai 2024. https://www.edf.fr/groupe-edf/espaces-dedies/journalistes/tous-les-communiques-de-presse/edf-acquiert-les-activites-nucleaires-de-ge-steam-power-aupres-de-ge-vernova
   276	- **[56]** Assemblée nationale : Question écrite et réponse ministérielle sur les pénalités liées au non-respect du contrat d’engagement de GE à Belfort, 2019. https://www.assemblee-nationale.fr/dyn/15/questions/QANR5L15QE16350
   277	- **[57]** *Le Monde* : *Cession d’Alstom à GE : relance des investigations judiciaires suite aux plaintes d’Anticor*, 3 mars 2026. https://www.lemonde.fr/societe/article/2026/03/03/anticor-veut-relancer-l-affaire-de-la-vente-de-la-branche-energie-d-alstom-a-general-electric_6669363_3224.html
   278	- **[58]** General Electric France : Nomination de Hugh Bailey au poste de directeur général, communiqué de presse, 11 avril 2019 (reprise AFP). Entrée sans URL : le communiqué d’entreprise n’est pas archivé ; la nomination repose sur une concordance entre organes, avec le recoupement [59].
   279	- **[59]** *Le Monde* (Les Décodeurs) : *Enquête sur les mobilités privées des conseillers exécutifs de la majorité*, 6 janvier 2023. https://www.lemonde.fr/les-decodeurs/article/2023/01/06/pantouflage-la-grande-transhumance-vers-le-prive-des-conseillers-de-la-macronie_6156801_4355770.html
   280	- **[60]** Loi n° 2024-850 du 25 juillet 2024 visant à prévenir les ingérences étrangères en France, création de l’article 18-11 de la loi de 2013. https://www.legifrance.gouv.fr/loda/article_lc/LEGIARTI000050052952 (contexte)
   281	- **[61]** Décret n° 2025-733 du 31 juillet 2025 relatif au répertoire de la transparence des activités d’influence étrangère. https://www.legifrance.gouv.fr/loda/article_lc/LEGIARTI000052021189 (contexte)
   282	- **[62]** Haute Autorité pour la transparence de la vie publique (HATVP) : Registre public des entités d’influence étrangère enregistrées, consultation septembre 2026. https://www.hatvp.fr/repertoire-de-linfluence-etrangere/liste-des-entites-influence-enregistrees/ (contexte)
   283	- **[63]** Code monétaire et financier : Article R. 151-2 relatif aux secteurs d’activité soumis au contrôle des investissements étrangers. https://www.legifrance.gouv.fr/codes/article_lc/LEGIARTI000041461628 (contexte)
   284	- **[64]** Décret n° 2026-718 du 30 juillet 2026 modifiant le régime d’autorisation préalable des investissements étrangers en France. https://www.legifrance.gouv.fr/jorf/id/JORFTEXT000054596119 (contexte)
   285	- **[65]** Enquête « Abu Dhabi Secrets » : opérations d’influence des Émirats arabes unis en Europe conduites par un cabinet privé de renseignement établi à Genève. Mediapart, 4 mars 2023 : https://www.mediapart.fr/en/journal/france/040323/leaked-data-shows-extent-uaes-meddling-france · Réponse écrite de la Commission européenne P-9-2023-002379 : https://www.europarl.europa.eu/doceo/document/P-9-2023-002379-ASW_EN.html · RSI, enquête fédérale suisse, 2023 : https://www.rsi.ch/info/ticino-grigioni-e-insubria/Abu-Dhabi-Secrets-aperta-inchiesta-per-spionaggio--2123236.html
   286	- **[66]** Enquête « Rokh Solis » : opérations de manipulation de contenu ayant ciblé les élections municipales françaises de mars 2026, opérateur privé identifié, commanditaire non identifié. VIGINUM (SGDSN) : https://www.sgdsn.gouv.fr/viginum/publications/rokh-solis-analyse-dun-mode-operatoire-informationnel-ayant-cible-les · HATVP, fiche Elnet France : https://www.hatvp.fr/fiche-organisation/?organisation=531006237
   287	- **[67]** Enquête « Front uni chinois » : relais de stations de police identifiés par la DGSI, station clandestine constatée par le Conseil d’État. Assemblée nationale, question écrite n° 1675, « Existence de commissariats clandestins chinois sur le territoire national », 2025 : https://questions.assemblee-nationale.fr/q17/17-1675QE.htm · Conseil d’État, décision sur une station clandestine hébergée par une association du Fujian (Légifrance, CETATEXT000054227852) : https://www.legifrance.gouv.fr/ceta/id/CETATEXT000054227852 · AIVD (Pays-Bas), rapport annuel 2025, chapitre Chine : https://www.aivd.nl/actueel/magazines/jaarverslag/jaarverslag/2025/china
   288	- **[68]** Enquête « cabinets de conseil dans l’État » : Sénat, rapport n° 578, session 2020-2021, « Un phénomène tentaculaire : l’influence croissante des cabinets de conseil sur les politiques publiques » : https://www.senat.fr/rap/r21-578-1/r21-578-111.html
   289	- **[69]** Enquête « infrastructures numériques de contrôle » : sources primaires sur les capacités européennes d’identité numérique et de détection de contenus. Règlement (UE) 2024/1183 (eIDAS 2), articles 45 et 45a (reconnaissance des certificats qualifiés d’authentification de site par les navigateurs, encadrement des mesures de précaution) : https://eur-lex.europa.eu/eli/reg/2024/1183/oj · Règlement (UE) 2021/1232 (dérogation ePrivacy autorisant la détection de contenus pédocriminels), rétabli par le règlement (UE) 2026/1881 jusqu’au 3 avril 2028 : https://eur-lex.europa.eu/eli/reg/2026/1881/oj · Parlement européen, communiqué du 9 juillet 2026 sur le vote de la dérogation limitée : https://www.europarl.europa.eu/news/en/press-room/20260706IPR46318/combating-child-sexual-abuse-support-for-a-more-limited-eprivacy-derogation La table de sources de cette enquête n’est pas archivée : les pièces ci-dessus ont été réunies et vérifiées le 14 septembre 2026.
   290	- **[70]** Enquête « Big Four et production de normes » : sources primaires sur la révision de la directive machines. *Impact assessment study on the revision of Directive 2006/42/EC on machinery*, rapport final, Valdani Vicari & Associati, Deloitte, The Vienna Institute for International Economic Studies, Ecorys, juin 2020, Office des publications de l’Union européenne, ISBN 978-92-76-01738-7, doi:10.2873/423938 : https://www.osalan.euskadi.eus/contenidos/informacion/ponencias_210414_industria4/es_def/adjuntos/Impact-assessment-study-on-the-revision-of-Directive-2006_42_EC-on-machinery.pdf · Commission européenne, analyse d’impact SWD(2021) 82 final : https://eur-lex.europa.eu/legal-content/EN/TXT/?uri=celex:52021SC0082 · Règlement (UE) 2023/1230, considérant 19 : https://eur-lex.europa.eu/eli/reg/2023/1230/oj La table de sources de cette enquête n’est pas archivée : les pièces ci-dessus ont été réunies et vérifiées le 14 septembre 2026.
   291	- **[71]** TotalEnergies : communiqué de presse « Iran : Total signe avec la NIOC le contrat portant sur le développement de la phase 11 du champ gazier South Pars », 3 juillet 2017 : https://totalenergies.com/newsroom/iran-total-signe-avec-la-nioc-le-contrat-portant-sur-le-developpement-de-la-phase-11-du-champ-gazier/?lang=fra · Coût total du projet évalué à 4,8 milliards de dollars : CNBC, « What Total’s $4.8 billion investment means for Iran », 3 juillet 2017 : https://www.cnbc.com/2017/07/03/iran-to-sign-new-ipc-gas-deal-with-total-for-south-pars.html · NIOC, fiche du contrat SP 11 (« Direct investment in this plan costs $4879 million ») : https://www.euro-petrole.com/south-pars-gas-field-the-contract-details-for-development-sp-11-s-offshore-facilities-n-i-15100
   292	- **[72]** Sénat : question écrite n° 17777 et réponse ministérielle sur le non-respect par General Electric de ses engagements d’emploi, 25 juillet 2019 (« GE n’a pas créé les 1 000 emplois promis […] l’État a exigé une pénalité de 50 millions d’euros ») : https://www.senat.fr/questions/base/2019/qSEQ190711777.html · *Le Parisien*, « General Electric versera 50 millions d’euros de pénalité à l’État », 5 février 2019 (vingt-cinq emplois nets créés) : https://www.leparisien.fr/economie/emploi/general-electric-versera-50-millions-d-euros-de-penalite-a-l-etat-05-02-2019-8004573.php · *Les Échos*, « General Electric va supprimer plus de 1 000 emplois à Belfort », 28 mai 2019 : https://www.lesechos.fr/industrie-services/energie-environnement/general-electric-va-supprimer-plus-de-1000-emplois-a-belfort-1024689
   293	- **[73]** Couverture du système national des données de santé et hébergement du Health Data Hub : CNIL, « Plateforme des données de santé : missions et enjeux » : https://www.cnil.fr/fr/plateforme-des-donnees-de-sante-missions-et-enjeux · Cuggia et al., « The French Health Data Hub and the German Medical Informatics Initiatives », 2019 (« SNDS covers 98.8% of the French population, more than 66 million persons ») : https://pmc.ncbi.nlm.nih.gov/articles/PMC6697511/ · Goldberg, *médecine/sciences*, mars 2021 (« toute la population d’un pays de 67 millions d’habitants ») : https://ipubli.inserm.fr/bitstream/handle/10608/11794/MS_2021_03_0271.html
   294	- **[74]** *The Conversation*, « Du CAC 40 à Wall Street : l’ambition transatlantique de TotalEnergies », 27 juillet 2025 (« Les investisseurs des États-Unis détiennent déjà près de 40 % du capital de TotalEnergies en 2024, contre 25,3 % pour les actionnaires français », d’après le document d’enregistrement universel) : https://theconversation.com/du-cac-40-a-wall-street-lambition-transatlantique-de-totalenergies-258086
   295	- **[75]** BNP Paribas : communiqué de presse « BNP Paribas annonce un accord global avec les autorités des États-Unis relatif à la revue de certaines transactions en dollars », 30 juin 2014 (8,97 milliards de dollars, soit 6,6 milliards d’euros) : https://group.bnpparibas/communique-de-presse/bnp-paribas-annonce-accord-global-autorites-etats-unis-relatif-revue-certaines-transactions-dollars · *L’Express*, « L’amende de BNP Paribas aux Etats-Unis » (la plus forte amende alors payée par une banque étrangère aux États-Unis) : https://www.lexpress.fr/economie/entreprises/l-amende-de-bnp-paribas-aux-etats-unis_1548596.html
   296	- **[76]** Ministère des Armées et des Anciens combattants : « Projet de loi de finances des Armées 2026, LPM année 3 » (« une hausse de +6,7 milliards d’euros, portant la mission Défense à 57,1 milliards d’euros hors pensions ») : https://www.defense.gouv.fr/ministere/politique-defense/loi-programmation-militaire-2024-2030/projet-loi-finances-armees-2026-lpm-annee-3
   297	- **[77]** Opération Doppelgänger et campagne RRN : EU DisinfoLab, *Doppelganger*, septembre 2022 : https://www.disinfo.eu/wp-content/uploads/2022/09/Doppelganger-1.pdf · SGDSN / VIGINUM, « Rapport sur la campagne de manipulation de l’information RRN », 19 juillet 2023 (version anglaise, seule retrouvée) : https://www.sgdsn.gouv.fr/files/files/Publications/20230719_NP_VIGINUM_RAPPORT-CAMPAGNE-RRN_EN.pdf
   298	- **[78]** Code pénal : article 432-11, corruption passive et trafic d’influence commis par une personne dépositaire de l’autorité publique, chargée d’une mission de service public ou investie d’un mandat électif public ; dix ans d’emprisonnement et 1 000 000 €, version en vigueur depuis le 27 décembre 2020 (loi n° 2020-1672). https://www.legifrance.gouv.fr/codes/article_lc/LEGIARTI000042780056/
   299	- **[79]** Code pénal : article 432-13, prise illégale d’intérêts : participation par travail, conseil ou capitaux, dans les trois ans suivant la cessation des fonctions, dans une entreprise privée surveillée ou contrôlée, ou avec laquelle des contrats ont été conclus ou des avis formulés dans le cadre des fonctions effectivement exercées ; trois ans d’emprisonnement et 200 000 €, version en vigueur depuis le 22 janvier 2017 (loi n° 2017-55). https://www.legifrance.gouv.fr/codes/article_lc/LEGIARTI000033912762/
   300	- **[80]** Synergy Research Group : *European Cloud Providers’ Local Market Share Now Holds Steady at 15%*, 24 juillet 2025 (Amazon, Microsoft et Google totalisent environ 70 % du marché européen du cloud d’infrastructure ; les fournisseurs européens en détiennent 15 %). https://www.srgresearch.com/articles/european-cloud-providers-local-market-share-now-holds-steady-at-15/
   301	- **[81]** Stockholm International Peace Research Institute (SIPRI) : *Trends in International Arms Transfers, 2024*, mars 2025 (la France, deuxième fournisseur mondial d’armements majeurs sur la période 2020-2024). https://www.sipri.org/media/press-release/2025/ukraine-worlds-biggest-arms-importer-united-states-dominance-global-arms-exports-grows-russian
   302	- **[82]** *Le Monde* : « La reconversion de l’ex-ministre Jean-Baptiste Djebbari chez l’armateur CMA CGM recalée par la HATVP », 24 mai 2022. https://www.lemonde.fr/politique/article/2022/05/24/la-reconversion-de-l-ex-ministre-jean-baptiste-djebbari-chez-l-armateur-cma-cgm-recalee-par-la-hatvp_6127527_823448.html · Énergies de la Mer : « Jean-Baptiste Djebbari, ex-ministre, interdit de CMA CGM », 27 mai 2022. https://www.energiesdelamer.eu/2022/05/27/jean-baptiste-djebbari-ex-ministre-interdit-de-cma-cgm/
   303	- **[83]** France Hydrogène : « Jean-Baptiste Djebbari rejoint Hopium », 30 juin 2022. https://www.france-hydrogene.org/magazine/jean-baptiste-djebbari-rejoint-hopium/ · *Les Échos* : « Hydrogène : Jean-Baptiste Djebbari cède sa place de président », 15 mars 2023. https://www.lesechos.fr/industrie-services/automobile/la-start-up-hopium-change-de-president-1916217
   304	- **[84]** Cour des comptes : *Les mobilités entre les secteurs public et privé*, rapport public thématique, 14 mai 2025 (avis d’incompatibilité : 7 % des avis rendus en 2023, moins de dix décisions par ministère sur la période 2020-2023 ; avis de compatibilité avec réserves : 77 % des avis en 2023 ; refus de mobilité motivés par des risques pénaux potentiels). https://www.ccomptes.fr/fr/publications/les-mobilites-entre-les-secteurs-public-et-prive · Présentation à la presse du 14 mai 2025 : https://www.ccomptes.fr/sites/default/files/2025-05/20250514-Mobilites-public-prive-discours-PP.pdf
   305	- **[85]** Haute Autorité pour la transparence de la vie publique (HATVP) : *Douze ans au service de l’intégrité publique. Bilan et propositions*, mai 2026 (751 projets de mobilité soumis pour avis en 2024, contre 418 en 2023 ; 639 avis rendus en 2024, contre 482 en 2020). https://www.hatvp.fr/wordpress/wp-content/uploads/2026/05/HATVP_BILAN-RAISONNE_dp.pdf
[0m
[0m$ [0mcat -n /home/giak/projects/truth-engine/articles/AUDIT_ARTICLE_POUVOIR_V4_4_FULL_FORENSIC/01_TARGET/ARTICLE_MASTERWORK_SOUVERAINETE_2026.md | sed -n '60,70p'
60	L’opération illustre un verrou d’infrastructure informationnelle : la capacité d’un État tiers à injecter massivement de faux contenus dans l’écosystème numérique européen en exploitant les failles de modération des plateformes. Le rapport d’activité VIGINUM 2024 compte **259 phénomènes inauthentiques détectés** dans l’année, dont **174 liés à une ingérence numérique étrangère**, ainsi que **25 manœuvres informationnelles** visant les scrutins français, quatorze pour les européennes et onze pour les législatives [3].
    61	
    62	Le cas Doppelgänger constitue aussi une preuve de résistance institutionnelle. VIGINUM a détecté, caractérisé et contribué à neutraliser le réseau en coordination avec les plateformes. La séquence établit qu’un outil souverain dédié a contenu une offensive informationnelle étrangère lorsque la volonté politique de le créer et de le doter existe. Le rapport 2024 documente les signalements techniques transmis à sept plateformes, qui ont parfois conduit à des actions de modération [3].
    63	
    64	### 6. L’emprise territoriale clandestine : les relais de police du Front uni chinois
    65	À l’influence s’ajoute une emprise d’une autre nature : des structures étatiques installées sans titre sur le territoire. L’investigation consacrée au Front uni documente les révélations de la DGSI, qui a identifié neuf relais de stations de police. Elle documente aussi la décision du Conseil d’État constatant qu’une association du Fujian avait hébergé une station clandestine servant de relais à des organes du Parti et au ministère chinois de la Sécurité publique. Ces relais informels ont exercé des pressions et des opérations de contrôle au détriment de ressortissants de la diaspora sur le territoire français, constituant une atteinte directe à la souveraineté administrative et judiciaire de la France [67].
    66	
    67	---
    68	
    69	## II. Le verrou industriel : le lawfare, ou la coercition juridique sur les actifs
    70
[0m
[0m$ [0mcat -n /home/giak/projects/truth-engine/articles/AUDIT_ARTICLE_POUVOIR_V4_4_FULL_FORENSIC/01_TARGET/ARTICLE_MASTERWORK_SOUVERAINETE_2026.md | sed -n '80,95p'
80	2. **La cession en position de faiblesse** : Privée de soutien étatique et menacée de faillite judiciaire, la direction d’Alstom entre en négociation exclusive avec l’américain General Electric pour lui céder l’intégralité de sa branche Énergie. Celle-ci comprend les turbines Arabelle, uniques générateurs de puissance de la flotte des réacteurs nucléaires français et de la propulsion des sous-marins d’attaque de la Marine nationale.
    81	3. **La signature ministérielle** : Le 5 novembre 2014, le ministre de l’Économie Emmanuel Macron délivre l’autorisation IEF permettant la vente [52]. Le 22 décembre 2014, Alstom plaide coupable et règle 772,29 millions de dollars de pénalité au Trésor américain, comme l’établit le communiqué du département de la Justice [44].
    82	4. **Le non-respect des engagements et le coût du rachat** : GE s’était engagé par écrit à créer 1 000 emplois net en France sous peine d’une amende de 50 000 euros par emploi manquant [56] [72]. Non seulement les emplois n’ont pas été créés, vingt-cinq emplois nets au total ayant vu le jour, mais GE a supprimé des centaines de postes à Belfort. L’État a exigé la pénalité de 50 millions d’euros prévue par la clause, comme l’établit la réponse ministérielle du 25 juillet 2019 [72]. Le 31 mai 2024, le groupe public EDF a dû racheter ces mêmes activités nucléaires (renommées Arabelle Solutions) pour rétablir une souveraineté minimale [55], pendant que l’information judiciaire ouverte en décembre 2022 reste en cours, comme le documentait *Le Monde* en mars 2026 [57].
    83	
    84	Il n’y a pas eu d’ordre militaire étranger ; l’instrumentalisation d’une procédure pénale pour des faits commis à l’étranger a suffi à faire céder un fleuron industriel stratégique. La borne du dossier reste la même que celle de la figure : chaque relation de la chaîne est documentée, du risque pénal à la vente, mais la décision finale est restée une signature française, et aucune pièce n’établit que la contrainte l’a dictée.
    85	
    86	### 2. La menace permanente de l’arbitrage d’investissement (ISDS)
    87	Dans le secteur énergétique, la contrainte judiciaire prend la forme de tribunaux d’arbitrage internationaux privés (CIRDI). Dans l’affaire *Rockhopper c. Italie*, la firme pétrolière britannique a fait condamner l’État italien en août 2022 à lui verser 190 millions d’euros de dommages-intérêts pour avoir refusé un permis de forage côtier au nom de la protection environnementale [49]. 
    88	
    89	La sentence a été annulée le 2 juin 2025 par un comité ad hoc du CIRDI [49]. L’effet d’intimidation réglementaire (*regulatory chill*) créé par le Traité sur la Charte de l’énergie (TCE) est documenté en revanche par l’Union européenne elle-même comme un motif de sa sortie collective du traité, notifiée en juin 2024 [50]. Le nombre de réformes qu’il a effectivement bloquées n’est, lui, pas établi.
    90	
    91	---
    92	
    93	## III. Le verrou normatif : la norme technique, l’expertise et la vérité sous ordonnance
    94	
    95	Le troisième verrou porte sur la production des normes : il opère en amont de la décision publique, en façonnant les règles techniques de l’économie numérique, la sous-traitance de l’expertise de l’État aux cabinets de conseil et l’encadrement des flux d’information.
[0m
[0m$ [0mcat -n /home/giak/projects/truth-engine/articles/AUDIT_ARTICLE_POUVOIR_V4_4_FULL_FORENSIC/01_TARGET/ARTICLE_MASTERWORK_SOUVERAINETE_2026.md | sed -n '105,120p'
105	Cette tentative de verrouillage normatif a été neutralisée par une coalition entre les États-Unis, la Commission européenne et l’Internet Society, qui a publiquement analysé et combattu la proposition [28]. Mais elle a révélé la vulnérabilité des démocraties : si un standard technique parvient à s’imposer dans un organisme de normalisation avant que le politique ne s’en saisisse, la décision souveraine s’en trouve annulée d’avance.
   106	
   107	### 3. Le monopole d’agences et la vérité sur ordonnance
   108	Dans le champ de l’information publique, la souveraineté cognitive est compromise par une concentration massive des flux d’origine. Les études universitaires disponibles portent sur des paysages nationaux, mais elles convergent. Aux Pays-Bas, Boumans et ses coauteurs (2018) établissent que les dépêches d’agence alimentent jusqu’à 75 % de l’actualité en ligne, en grande partie reprises verbatim [29]. En Suisse, Vogler et ses coauteurs (2024) documentent le même rôle structurant du matériel d’agence dans les rédactions [30]. Aucune de ces études ne mesure l’Europe dans son ensemble : l’hypothèse d’une dépendance comparable de la presse en ligne européenne aux dépêches des grandes agences mondiales, dont AFP, Reuters et Associated Press, reste à établir par une mesure dédiée.
   109	
   110	![Figure 4 : La cascade de la vérité : quatre étages documentés, avec la borne entre les étages 1 et 2, la dépendance européenne restant une hypothèse non mesurée.](figures/png/fig09_cascade_verite.png)
   111	
   112	Parallèlement, l’attribution du label de vérité s’est bureaucratisée. L’article 22 du Règlement sur les services numériques (DSA) a créé le statut de « signaleur de confiance » (*trusted flagger*) [34]. Ce statut confie à des entités privées, financées par des subventions européennes ou des contrats de plateformes, le pouvoir d’indiquer aux algorithmes quels contenus doivent être restreints ou déréférencés [35]. Une étude publiée en 2025 dans le *Journal of the European Economic Association* démontre que la sélection des affirmations vérifiées par les fact-checkers reflète l’orientation du média qui les porte, ce qui génère un biais structurel d’agenda [31]. Le pouvoir des signaleurs, lui, reste une délégation procédurale dont les effets ne sont pas mesurés.
   113	
   114	Deux enquêtes publiées prolongent ce terrain : **[Qui fabrique l’autorité du vrai ?](https://giak.substack.com/p/qui-fabrique-lautorite-du-vrai)** reconstitue l’infrastructure de qualification du vrai, de la sélection des affaires au signalement des plateformes ; **[Qui fact-checke les fact-checkers ?](https://giak.substack.com/p/qui-fact-checke-les-fact-checkers)** mesure la confiance que mérite le label lui-même.
   115	
   116	---
   117	
   118	## IV. Le verrou des élites : le marché privé de l’intérêt public et la diplomatie parallèle
   119	
   120	Le quatrième verrou porte sur les personnes ; c’est ici que l’asphyxie touche les corps mêmes de l’État. Il peut orienter la docilité des appareils d’État en alignant les trajectoires de carrière individuelles des hauts fonctionnaires et conseillers ministériels sur les intérêts financiers des multinationales ou d’organisations de plaidoyer.
[0m
[0m$ [0mcat -n /home/giak/projects/truth-engine/articles/AUDIT_ARTICLE_POUVOIR_V4_4_FULL_FORENSIC/01_TARGET/ARTICLE_MASTERWORK_SOUVERAINETE_2026.md | sed -n '130,145p'
130	- **Neelie Kroes**, vice-présidente de la Commission européenne chargée du Numérique, devenue lobbyiste non déclarée d’**Uber Technologies**. Rapport final d’enquête OLAF OC/2022/0514/A1 documentant les violations des règles éthiques [39].
   131	- **ELNET France**, organisation de diplomatie publique et de lobbying : plusieurs voyages parlementaires pris en charge, confirmés par les déclarations de l’Assemblée nationale (2017-2024). En septembre 2025, l’objectif déclaré d’empêcher la reconnaissance de la Palestine par la France n’a pas été atteint. Les 101 voyages parlementaires pris en charge entre 2017 et 2024 sont documentés dans **[La Défense rongée](https://giak.substack.com/p/la-defense-rongee-449-md-sans-munitions)**.
   132	
   133	### 2. Le point aveugle du droit pénal français
   134	Le droit positif français dispose de plusieurs outils répressifs en matière de probité publique ; les trois articles qui suivent montrent ce que le pénal exige, et donc ce qu’il ne saisit pas. L’article 432-11 du Code pénal incrimine la corruption passive et le trafic d’influence commis par une personne dépositaire de l’autorité publique, chargée d’une mission de service public ou investie d’un mandat électif public [78]. La jurisprudence y ajoute une exigence que le texte ne porte pas : caractériser un pacte de corruption antérieur à l’acte accompli, l’accord sur la contrepartie étant l’élément central de la preuve. L’article 432-13 sanctionne la prise illégale d’intérêts d’un ancien agent public. Le délit est constitué lorsque, dans les trois ans suivant la cessation de ses fonctions, celui-ci prend une participation par travail, conseil ou capitaux dans une entreprise privée qu’il a surveillée ou contrôlée, avec laquelle il a conclu des contrats ou sur les opérations de laquelle il a formulé un avis. C’est le délit dit de « pantouflage » [79]. L’article 433-2 vise quiconque sollicite ou agrée des avantages pour abuser de son influence, réelle ou supposée, en vue de faire obtenir d’une autorité publique une décision favorable [41].
   135	
   136	Ces incriminations sont en cours d’harmonisation européenne. La directive (UE) 2026/1021, adoptée le 29 avril 2026 et entrée en vigueur le 31 mai 2026, aligne un noyau d’incriminations : corruption active et passive dans les secteurs public et privé, trafic d’influence dans ses deux branches, exercice illicite de fonctions publiques. Elle fixe à ce noyau des seuils minimaux de peines. La prise illégale d’intérêts et les règles de conflits d’intérêts relèvent en revanche de son volet prévention et de la réglementation nationale des mobilités, non de son noyau pénal [78] [79] [42].
   137	
   138	L’action pénale au titre de l’article 432-13 exige la preuve que l’ancien agent a effectivement surveillé ou contrôlé l’entreprise concernée, conclu des contrats avec elle ou avisé ses opérations. Ces critères s’apprécient dans le cadre des fonctions qu’il a effectivement exercées. Le délai de trois ans court depuis la cessation de ces fonctions ; il borne la reprise d’une activité privée ; il n’exige pas que la surveillance ait eu lieu dans les trois années précédant le départ [79]. Au titre de l’article 432-11, elle exige la démonstration d’un **pacte préexistant** liant une décision publique à une contrepartie identifiable.
   139	
   140	Ces exigences probatoires se heurtent à la nature diffuse des mobilités institutionnelles. Le rapport d’activité 2024 de la HATVP documente l’accoutumance d’un conseiller ministériel aux arguments d’un acteur industriel, entretenue par la perspective d’une carrière post-gouvernementale [40]. La lecture qui en fait une mécanique d’orientation des arbitrages sans pacte formel est celle de cet article. La pièce porte le risque de conflit d’intérêts, pas la mécanique. Le résultat est un angle mort juridique : le droit pénal français est outillé pour sanctionner l’échange explicite de faveurs, mais structurellement désarmé face à la capture cognitive progressive des décideurs publics.
   141	
   142	![Figure 5 : L’angle mort du droit pénal : ce que les pièces documentent face à ce que le pénal exige ; le vide central est l’écart lui-même.](figures/png/fig11_angle_mort.png)
   143	
   144	---
   145
[0m
[0m$ [0mcat -n /home/giak/projects/truth-engine/articles/AUDIT_ARTICLE_POUVOIR_V4_4_FULL_FORENSIC/01_TARGET/ARTICLE_MASTERWORK_SOUVERAINETE_2026.md | sed -n '185,195p'
185	
   186	Ce différentiel tient à trois conditions : un outil institutionnel dédié, une volonté politique explicite et un coût de résistance jugé acceptable. Les trois valent pour les garde-fous externes, qu’il s’agisse de bloquer un rachat, de tenir face à un blocus ou de détecter une opération. Le contrôle déontologique, lui, est interne à l’État. Il a tenu sans volonté politique, et c’est pourquoi il ne saisit que ce qui se déclare. Que chaque décision prise isolément soit rationnelle ne dit rien du choix collectif que personne n’a eu à faire.
   187	
   188	**La grille de lecture.** Quatre questions suffisent à tester un cas nouveau. Un canal essentiel, paiement, cloud ou standard, échappe-t-il à la juridiction nationale ? Une procédure pénale ou d’arbitrage peut-elle viser l’actif ou le dirigeant ? Une instance de norme ou de certification peut-elle être capturée en amont ? Une trajectoire post-fonction est-elle en jeu, sans pacte prouvable ? Trois issues sont documentées : le verrou est levé lorsqu’un outil dédié, une volonté politique et un coût jugé acceptable coexistent ; il est subi lorsque aucun des trois n’est réuni ; il reste non clos lorsque la pièce manque. Ces questions ne prédisent rien, et c’est leur intérêt. Elles forcent à écrire ce qui est établi, par qui, et à quel prix.
   189	
   190	![Figure 6 : La grille de lecture : quatre questions à poser à tout cas de dépendance, trois issues documentées ; une méthode de lecture, pas une machine à prédire.](figures/png/fig10_grille_de_lecture.png)
   191	
   192	---
   193	
   194	## Épilogue : La formule de l’impuissance apprise
   195
[0m
[0m$ [0mcat -n /home/giak/projects/truth-engine/articles/AUDIT_ARTICLE_POUVOIR_V4_4_FULL_FORENSIC/01_TARGET/ARTICLE_MASTERWORK_SOUVERAINETE_2026.md | sed -n '148,155p'
148	L’inventaire des investigations instruites écarte l’explication par des défaillances individuelles isolées. Il documente quatre verrous, chacun sur des dossiers distincts : l’exécution (le péage monétaire et numérique, l’ingérence), l’industrie (la coercition juridique sur les actifs), la norme (la production des règles et de l’information), les élites (la porosité des trajectoires). Il documente aussi des garde-fous, un par verrou, dont aucun ne couvre l’ensemble. **Il n’établit pas que ces quatre verrous forment une architecture unique.** C’est la lecture que propose cet article, et l’articulation de ces verrous reste ouverte.
   149	
   150	Trois objections bornent cet inventaire, et aucune n’est levée. La première est le biais de survivance, qui sélectionne les cas ayant laissé une trace, contentieux, sanction ou publication ; une dépendance qui n’a jamais produit de différend n’y figure pas, et une résistance réussie sans trace non plus. La deuxième est l’hétérogénéité de la variable finale : d’un dossier à l’autre, ce qu’il faudrait expliquer est une cession, une modification de texte, une nomination, une sélection ou un verdict, et chaque ligne de l’inventaire nomme donc sa propre issue. La troisième porte sur les catégories elles-mêmes, sous un même mot cohabitant des mécanismes de nature différente, un canal de paiement, une procédure pénale, une norme technique et une trajectoire de carrière.
   151	
   152	Aucune pièce ne relie les leviers entre eux ; c’est ce chaînage qu’il faudrait produire pour fermer la thèse. Ce qui suit inventorie ces instruments un par un, chacun avec la pièce qui le porte. La force documentaire est très inégale selon les lignes, du niveau BNP Paribas ou Alstom à des pièces qui ne portent qu’une continuité textuelle sans démonstration de capture ; les bornes de chaque ligne disent jusqu’où va sa pièce. L’inventaire ne démontre pas un système :
   153	
   154	**Verrou I. Exécution et ingérence** :
   155
[0m
[0m$ [0mcat -n /home/giak/projects/truth-engine/articles/AUDIT_ARTICLE_POUVOIR_V4_4_FULL_FORENSIC/01_TARGET/ARTICLE_MASTERWORK_SOUVERAINETE_2026.md | sed -n '194,205p'
194	## Épilogue : La formule de l’impuissance apprise
   195	
   196	La recherche d’un « gouvernement de l’ombre » ou d’un « ordre clandestin venu de l’étranger » est une impasse intellectuelle. Elle entretient le mythe selon lequel la souveraineté serait intacte si l’on chassait quelques traîtres.
   197	
   198	L’investigation forensique documente une réalité plus étroite et plus grave. **La souveraineté française et européenne ne s’éteint pas par la coercition directe ; elle s’asphyxie par des dépendances consenties.**
   199	
   200	Une précision épistémologique s’impose. Documenter une contrainte structurelle n’équivaut pas à prouver un acte de coercition intentionnelle. Lorsqu’une banque cède aux exigences du DOJ ou qu’un industriel abandonne un marché iranien, la décision individuelle est rationnelle et souvent légale. C’est l’accumulation systémique de ces décisions rationnelles, chacune prise sous contrainte d’infrastructure, qui produit un effet de soumission globale sans qu’aucun ordre n’ait été donné.
   201	
   202	Confondre cette dynamique avec un « complot » serait aussi erroné que de la nier sous prétexte qu’aucune preuve formelle n’existe. De la même manière, documenter quatre verrous n’équivaut pas à établir qu’ils n’en forment qu’un : la convergence est la lecture que propose cet article, et leur chaînage reste ouvert. Deux observations feraient évoluer cette lecture, dans un sens ou dans l’autre. Une pièce attestant un chaînage organique entre deux verrous, une même décision ou un même commanditaire produisant deux fermetures documentées, fermerait la thèse forte ; à l’inverse, la démonstration que des dépendances comparables n’ont produit aucun effet sur les décisions concernées la retirerait.
   203	
   204	Ce test a été appliqué aux pièces réunies ici, et il n’a qu’un candidat. Un conseiller Énergie présent au cabinet du ministre de l’Économie pendant l’instruction de l’autorisation IEF du dossier Alstom est devenu, cinq ans plus tard, directeur général de la filiale française de l’acquéreur. Il ne satisfait pas le critère, et l’écart est instructif. Une seule fermeture est documentée, la cession ; la seconde observation est une trajectoire individuelle ; aucune pièce ne montre la même décision produisant les deux. Le chaînage reste donc hors d’atteinte, mais il a été cherché. Tant qu’il manque, la thèse demeure une lecture.
   205
[0m
**Tableau des défauts**

| ID | Sévérité | Ligne(s) | Extrait verbatim | Défaut en une phrase | Correction proposée en une phrase |
|----|----------|----------|------------------|----------------------|-----------------------------------|
| 1 | Majeur | 64‑66 | « À l’influence s’ajoute une emprise d’une autre nature : des structures étatiques installées sans titre sur le territoire. » | La partie I ne se clôt pas par un acquis identifiable, laissant le lecteur sans synthèse du verrou d’exécution. | Ajouter une phrase de synthèse qui résume ce que le lecteur doit retenir du verrou d’exécution (ex. « Ainsi, le péage monétaire, la sur‑conformité, la capture de données, les officines d’ingérence, l’opération Doppelgänger et les relais territoriaux constituent autant de mécanismes qui réduisent la capacité d’exécution de l’État sans ordre formel. ») |
| 2 | Majeur | 86‑89 | « ### 2. La menace permanente de l’arbitrage d’investissement (ISDS) … La sentence a été annulée le 2 juin 2025 » | La partie II manque de clôture synthétique, laissant le lecteur sans prise de synthèse sur le verrou industriel. | Insérer une phrase de conclusion qui résume l’effet du lawfare et de l’ISDS sur la capacité décisionnelle de l’État. |
| 3 | Majeur | 112‑114 | « Parallèlement, l’attribution du label de vérité s’est bureaucratisée. L’article 22 du Règlement sur les services numériques (DSA) a créé le statut de « signaleur de confiance » … » | La partie III ne se conclut pas par un acquis clair sur le verrou normatif. | Ajouter une phrase de synthèse qui résume comment la production de normes, l’expertise sous‑traitée et la concentration des flux d’information réduisent la souveraineté normative. |
| 4 | Majeur | 133‑142 | « ### 2. Le point aveugle du droit pénal français … Le résultat est un angle mort juridique : le droit pénal français est outillé pour sanctionner l’échange explicite de faveurs, mais structurellement désarmé face à la capture cognitive progressive des décideurs publics. » | La partie IV se termine sans phrase de clôture qui précise ce que le lecteur doit retenir du verrou des élites. | Ajouter une phrase de synthèse qui conclut que les mobilités post‑ministérielles et le lobbying d’influence représentent un verrou des élites partiellement contrebalancé par des garde‑fous internes faibles. |
| 5 | Majeur | 188‑190 | « **La grille de lecture.** Quatre questions suffisent à tester un cas nouveau. … » | La partie V se termine par la présentation de la grille de lecture sans synthèse globale des quatre verrous et de leurs garde‑fous. | Ajouter une phrase de clôture qui rappelle le constat principal : chaque verrou a son garde‑fou, aucun ne couvre l’ensemble, et l’articulation demeure une lecture ouverte. |
| 6 | Majeur | 148‑152 | « L’inventaire des investigations instruites écarte l’explication par des défaillances individuelles isolées. Il documente quatre verrous, chacun sur des dossiers distincts : l’exécution (le péage monétaire et numérique, l’ingérence), l’industrie (la coercition juridique sur les actifs), la norme (la production des règles et de l’information), les élites (la porosité des trajectoires). Il documente aussi des garde‑fous, un par verrou, dont aucun ne couvre l’ensemble. **Il n’établit pas que ces quatre verrous forment une architecture unique.** C’est la lecture que propose cet article, et l’articulation de ces verrous reste ouverte. » | La partie V est excessivement méthodologique (inventaire, objections, garde‑fous, grille) et nuit à la progression narrative, rendant difficile la rétention d’un message clé. | Raccourcir la partie V en ne gardant que l’inventaire essentiel et en déplaçant les objections et la grille de lecture en annexes ou en notes de bas de page. |
| 7 | Majeur | 194‑213 | « ## Épilogue : La formule de l’impuissance apprise\n\nLa recherche d’un « gouvernement de l’ombre » ou d’un « ordre clandestin venu de l’étranger » est une impasse intellectuelle. » | L’épilogue omet le quatrain final attendu, ne respectant pas la structure annoncée (quatrain, précision épistémologique, test de réfutation, clôture). | Insérer un quatrain poétique en ouverture de l’épilogue qui résume la thèse de l’asphyxie souveraine avant la précision épistémologique. |
| 8 | Mineur | 19, 39, 76, 110, 142, 190 | « ![Figure 1 : Quinze ans d’accumulation : chaque point est une pièce datée, et aucune des quatre voies ne se referme.](figures/png/fig12_frise_accumulation.png) » (et analogues) | Chaque figure répète une information déjà exposée dans le texte voisin, n’apportant rien de nouveau au lecteur. | Supprimer les figures qui ne ajoutent aucune donnée supplémentaire ou les remplacer par des illustrations qui apportent une information complémentaire non redondante. |

**Ce qui tient**
- L’article maintient une terminologie cohérente (« droit de décider » vs « capacité de décider ») tout au long du texte.  
- La notion de « garde‑fou » est clairement définie et répétée pour chaque verrou, renforçant la cohérence interne.  
- Le plan en cinq parties (prologue, I‑IV, épilogue) est clairement signalé par des titres de niveau deux, facilitant la navigation.

**Verdict de rôle**  
L’article remplit ses promesses de titre et de chapô, mais souffre de parties sans clôture synthétique, d’une partie V trop méthodologique et d’un épilogue incomplet. Ces défauts ralentissent la progression et affaiblissent la prise de message pour le lecteur de bonne foi. Une révision structurante des closings, une condensation de la partie V et l’ajout du quatrain manquant amélioreraient nettement la lisibilité et l’impact.

**Points non vérifiables**  
Aucun – tous les points soulevés portent sur la structure et la présentation du texte, vérifiables par une simple lecture du fichier.
