id,workstream,title,status,priority,type,mode,coverage,utility,dependencies,parent,merged_into,gate,object_question,scope,corpus_refs,truth_engine,renard,result_path,next_action
INV-001,W0,"Audit d’intégrité du corpus Substack : manifest, doublons, absents, versions, contradictions index/CSV/HTML",CLOSED,P0,STRUCTURAL,N/A,SUBSTANTIAL_PRIOR,HIGH,,,,NONE,,,,N/A_STRUCTURAL,NO,INV-001/INV-001-R1_REPLAY.md,NONE — CLOSED/PASS.
INV-002,W0,"Cartographie des articles : faits établis, hypothèses, claims forts, réfutations, gaps, acteurs, flux, mécanismes",CLOSED,P0,STRUCTURAL,N/A,SUBSTANTIAL_PRIOR,HIGH,INV-001,,,NONE,,,,N/A_CORPUS_MAPPING,NO,INV-002/INV-002_REPORT.md,NONE — CLOSED/PASS.
INV-003,W0,"Taxonomie générale du pouvoir d’influence : persuasion, lobbying, propagande, manipulation, astroturfing, capture, corruption, coercition, ingérence, subversion, psyops",CLOSED,P0,CONTROL_SPEC,N/A_METHOD,PARTIAL,HIGH,,,,NONE,,,A082:183123537.lempire-du-mensonge-rapport-dautopsie;A008:208733314.la-fabrique-de-la-menace-comment;A004:210182384.lingerence-sans-mesure;A091:181572197.lindustrie-de-linfluence-enquete,N/A_METHOD,N/A_METHOD,METHOD_PACK/METHOD_PACK.md,NONE — CLOSED by METHOD_PACK.
INV-004,W0,Échelle probatoire de l’influence : intérêt → capacité → accès → action → coordination → exposition → persuasion → comportement → impact,CLOSED,P0,CONTROL_SPEC,N/A_METHOD,PARTIAL,HIGH,,,,NONE,,,A004:210182384.lingerence-sans-mesure;A006:209222653.du-narratif-a-lingerence-le-seuil;A002:212051560.qui-fabrique-lautorite-du-vrai;A008:208733314.la-fabrique-de-la-menace-comment,N/A_METHOD,N/A_METHOD,METHOD_PACK/METHOD_PACK.md,NONE — CLOSED by METHOD_PACK.
INV-005,W0,"Mesurer réellement l’effet d’une opération d’influence : contrefactuels, causalité, attribution, exposition, persuasion, changement électoral",CLOSED,P0,CONTROL_SPEC,N/A_METHOD,PARTIAL,HIGH,,,,NONE,,,A004:210182384.lingerence-sans-mesure;A002:212051560.qui-fabrique-lautorite-du-vrai;A013:203962785.un-geyser-de-6-metres-a-clichy-autopsie,N/A_METHOD,N/A_METHOD,METHOD_PACK/METHOD_PACK.md,NONE — CLOSED by METHOD_PACK.
INV-006,W0,Source officielle et vérité : valeur des sources primaires sans privilège automatique de véracité interprétative,CLOSED,P0,CONTROL_SPEC,N/A_METHOD,SUBSTANTIAL_PRIOR,HIGH,,,,NONE,,,A001:212538645.qui-fact-checke-les-fact-checkers;A002:212051560.qui-fabrique-lautorite-du-vrai;A004:210182384.lingerence-sans-mesure;A006:209222653.du-narratif-a-lingerence-le-seuil;A118:180054346.kallas-et-les-19-pays-ce-que-les,N/A_METHOD,N/A_METHOD,METHOD_PACK/METHOD_PACK.md,NONE — CLOSED by METHOD_PACK.
INV-007,W0,Méthodologie anti-faux-complot : réseau ≠ coordination ; financeur ≠ commanditaire ; convergence ≠ planification ; corrélation ≠ causalité,CLOSED,P0,CONTROL_SPEC,N/A_METHOD,PARTIAL,HIGH,,,,NONE,,,A002:212051560.qui-fabrique-lautorite-du-vrai;A004:210182384.lingerence-sans-mesure;A055:192483249.ce-nest-pas-du-satanisme-cest-une;A068:187674415.le-triangle-de-la-capture-le-mecanisme,N/A_METHOD,N/A_METHOD,METHOD_PACK/METHOD_PACK.md,NONE — CLOSED by METHOD_PACK.
INV-008,W0,"Contre-théories obligatoires : pluralisme, capture sectorielle, réseaux, émergence sans chef, coordinations ponctuelles, architecture cohérente",CLOSED,P0,CONTROL_SPEC,N/A_METHOD,PARTIAL,HIGH,,,,NONE,,,A014:202848231.lecart-legalitelegitimite-la-signature;A039:198659211.opposition-controlee-anatomie-dun;A068:187674415.le-triangle-de-la-capture-le-mecanisme;A082:183123537.lempire-du-mensonge-rapport-dautopsie,N/A_METHOD,N/A_METHOD,METHOD_PACK/METHOD_PACK.md,NONE — CLOSED by METHOD_PACK.
INV-009,W1,"Généalogie de la propagande démocratique moderne : Bernays, relations publiques, publicité politique, État, industrie",BACKLOG,P1,PRIMARY,DEEPEN,PARTIAL,HIGH,,,,PILOT_VALIDATED,,,A082:183123537.lempire-du-mensonge-rapport-dautopsie;A071:186904003.larchitecture-de-la-censure-europeenne,NOT_RUN,UNDECIDED,,"Pilote validé. Au prochain cycle, reclasser via CORE_MISSION_GATE puis model_change > discrimination > dependency_unlock > coverage_gap > utility. Ne pas pré-sélectionner hors d’un artefact de reclassification courant."
INV-010,W1,"CIA et élections étrangères : Italie, Chili et autres cas documentés ; techniques, argent, médias, partis, résultats",CLOSED,P1,PRIMARY,DEEPEN,PARTIAL,HIGH,,,,NONE,"Dans quels cas historiquement documentés les États-Unis, notamment via la CIA, ont-ils matériellement tenté d’influencer des élections étrangères, par quels mécanismes, et jusqu’à quel niveau I0..I7 les effets sont-ils démontrables ?","Focaliser 1945–1975, avec Italie 1948 et Chili 1964/1970 comme cas principaux. Ajouter d’autres cas seulement si une documentation primaire/quasi-primaire apporte un discriminant. Distinguer influence électorale, déstabilisation et changement de régime ; ne pas extrapoler aux opérations contemporaines.",A118:180054346.kallas-et-les-19-pays-ce-que-les;A082:183123537.lempire-du-mensonge-rapport-dautopsie,DELIVERY_PASS_R2A2,CLOSED_NO_FURTHER_MATERIAL_DELTA,INV-010_RUN_HANDOFF.md,CLOSED — pilot reviewed; targeted RENARD closed.
INV-011,W1,"CIA, médias et Operation Mockingbird : faits établis, mythes, continuités éventuelles",BACKLOG,P1,PRIMARY,DEEPEN,PARTIAL,HIGH,,,,PILOT_VALIDATED,,,A071:186904003.larchitecture-de-la-censure-europeenne,NOT_RUN,UNDECIDED,,"Pilote validé. Au prochain cycle, reclasser via CORE_MISSION_GATE puis model_change > discrimination > dependency_unlock > coverage_gap > utility. Ne pas pré-sélectionner hors d’un artefact de reclassification courant."
INV-012,W1,"COINTELPRO et ingénierie politique intérieure américaine : infiltration, fragmentation, surveillance, neutralisation",BACKLOG,P1,PRIMARY,DEEPEN,PARTIAL,HIGH,,,,PILOT_VALIDATED,,,A071:186904003.larchitecture-de-la-censure-europeenne;A082:183123537.lempire-du-mensonge-rapport-dautopsie,NOT_RUN,UNDECIDED,,"Pilote validé. Au prochain cycle, reclasser via CORE_MISSION_GATE puis model_change > discrimination > dependency_unlock > coverage_gap > utility. Ne pas pré-sélectionner hors d’un artefact de reclassification courant."
INV-013,W1,"Active Measures soviétiques puis russes : continuités, ruptures, doctrine et efficacité réelle",BACKLOG,P1,PRIMARY,DEEPEN,PARTIAL,HIGH,,,,PILOT_VALIDATED,,,A004:210182384.lingerence-sans-mesure;A008:208733314.la-fabrique-de-la-menace-comment;A013:203962785.un-geyser-de-6-metres-a-clichy-autopsie;A116:180061326.qui-a-vraiment-la-tete-dans-le-sable,NOT_RUN,UNDECIDED,,"Pilote validé. Au prochain cycle, reclasser via CORE_MISSION_GATE puis model_change > discrimination > dependency_unlock > coverage_gap > utility. Ne pas pré-sélectionner hors d’un artefact de reclassification courant."
INV-014,W1,"Révolutions de couleur : Serbie, Géorgie, Ukraine, Kirghizistan ; dynamique endogène versus assistance extérieure",BACKLOG,P1,PRIMARY,DEEPEN,PARTIAL,HIGH,,,,PILOT_VALIDATED,,,A100:180377342.bandera-vs-petain-ce-que-les-faits;A111:180120693.macron-et-la-paix-en-ukraine-ce-que;A118:180054346.kallas-et-les-19-pays-ce-que-les,NOT_RUN,UNDECIDED,,"Pilote validé. Au prochain cycle, reclasser via CORE_MISSION_GATE puis model_change > discrimination > dependency_unlock > coverage_gap > utility. Ne pas pré-sélectionner hors d’un artefact de reclassification courant."
INV-015,W1,"Otpor, CANVAS et exportation des techniques de mobilisation politique",BACKLOG,P1,CASE,GREENFIELD,NEW,HIGH,,INV-014,,PILOT_VALIDATED,,,,NOT_RUN,UNDECIDED,,"Pilote validé. Au prochain cycle, reclasser via CORE_MISSION_GATE puis model_change > discrimination > dependency_unlock > coverage_gap > utility. Ne pas pré-sélectionner hors d’un artefact de reclassification courant."
INV-016,W1,"Printemps arabes : spontanéité, réseaux sociaux, assistance occidentale, ONG, diplomatie et intérêts géopolitiques",BACKLOG,P1,PRIMARY,GREENFIELD,NEW,HIGH,,,,PILOT_VALIDATED,,,,NOT_RUN,UNDECIDED,,"Pilote validé. Au prochain cycle, reclasser via CORE_MISSION_GATE puis model_change > discrimination > dependency_unlock > coverage_gap > utility. Ne pas pré-sélectionner hors d’un artefact de reclassification courant."
INV-017,W1,"Cambridge Analytica : données, psychométrie, microtargeting et différence entre capacité revendiquée et efficacité démontrée",BACKLOG,P1,CASE,DEEPEN,PARTIAL,HIGH,,INV-096,,PILOT_VALIDATED,,,A071:186904003.larchitecture-de-la-censure-europeenne;A082:183123537.lempire-du-mensonge-rapport-dautopsie,NOT_RUN,UNDECIDED,,"Pilote validé. Au prochain cycle, reclasser via CORE_MISSION_GATE puis model_change > discrimination > dependency_unlock > coverage_gap > utility. Ne pas pré-sélectionner hors d’un artefact de reclassification courant."
INV-018,W1,"Élections américaines 2016 : opération russe démontrée, effet électoral non démontré, construction politique ultérieure du récit",BACKLOG,P1,CASE,DEEPEN,PARTIAL,HIGH,,INV-013,,PILOT_VALIDATED,,,A118:180054346.kallas-et-les-19-pays-ce-que-les;A004:210182384.lingerence-sans-mesure,NOT_RUN,UNDECIDED,,"Pilote validé. Au prochain cycle, reclasser via CORE_MISSION_GATE puis model_change > discrimination > dependency_unlock > coverage_gap > utility. Ne pas pré-sélectionner hors d’un artefact de reclassification courant."
INV-019,W2,"États-Unis : architecture publique de promotion de la démocratie — State Department, USAID, NED, USAGM, médias/société civile/élections",CLOSED,P1,PRIMARY,DEEPEN,PARTIAL,HIGH,,,,NONE,"Quelle est l’architecture publique américaine de promotion de la démocratie à l’étranger, quels flux et mécanismes relient State Department, USAID, NED, USAGM et bénéficiaires, et quelles interfaces avec l’action clandestine sont réellement documentées ?","1983–2026. Cartographier bases juridiques, budgets/flux, critères, bénéficiaires, médias/société civile/élections et transparence. L’action CIA n’entre que lorsqu’une interface documentée avec l’architecture publique existe ; ne pas assimiler financement public et commandement clandestin.",A090:181766389.les-telegraphistes-de-la-terreur;A004:210182384.lingerence-sans-mesure,DELIVERY_PASS_R2A2,NO,INV-019_RUN_HANDOFF.md,CLOSED — pilot PASS; RENARD NO.
INV-020,W2,États-Unis : frontière diplomatie publique / soft power / influence / action clandestine,MERGED,P1,MERGED,MERGED,PARTIAL,HIGH,,INV-019,INV-019,N/A,,,A118:180054346.kallas-et-les-19-pays-ce-que-les;A082:183123537.lempire-du-mensonge-rapport-dautopsie,NOT_RUN,UNDECIDED,,Traité comme axe/cas dans INV-019; aucun run séparé.
INV-021,W2,"Services américains et France/Europe depuis la guerre froide : renseignement, influence, souveraineté, cas documentables",BACKLOG,P1,PRIMARY,DEEPEN,PARTIAL,HIGH,,,,PILOT_VALIDATED,,,A020:199655242.le-numerique-colonise-70-des-donnees;A071:186904003.larchitecture-de-la-censure-europeenne;A118:180054346.kallas-et-les-19-pays-ce-que-les,NOT_RUN,UNDECIDED,,"Pilote validé. Au prochain cycle, reclasser via CORE_MISSION_GATE puis model_change > discrimination > dependency_unlock > coverage_gap > utility. Ne pas pré-sélectionner hors d’un artefact de reclassification courant."
INV-022,W2,"Russie : opérations d’influence visant la France — acteurs, infrastructures, campagnes, audiences, impacts réels",CLOSED,P1,PRIMARY,RECHECK_EXTEND,SUBSTANTIAL_PRIOR,HIGH,,,,NONE,"Quelles opérations d’influence attribuables à des acteurs russes ont matériellement visé la France, quelles infrastructures/acteurs les ont soutenues, quelle exposition est documentée et quels effets réels peuvent être établis ?","France et infrastructures étrangères causalement liées au ciblage de la France, 2022–2026-09-06. Inclure opérations informationnelles, attribution, infrastructures, acteurs/réseaux, audience/exposition, causalité/impact et contre-mesures ; exclure cyber/espionnage sans lien matériel, propagande générique non ciblée France et effets de persuasion/électoraux non soutenus.",A004:210182384.lingerence-sans-mesure;A008:208733314.la-fabrique-de-la-menace-comment;A013:203962785.un-geyser-de-6-metres-a-clichy-autopsie;A116:180061326.qui-a-vraiment-la-tete-dans-le-sable;A119:180052771.qui-est-vraiment-louis-duclos,DELIVERY_PASS_R3,NO,INV-022_RUN_HANDOFF.md,NONE — CLOSED after post-run review; RENARD NO; future updates only on material new attribution/impact evidence.
INV-023,W2,"Russie : financement, contacts et relations avec partis/mouvements européens",CLOSED,P1,CASE,DEEPEN,PARTIAL,HIGH,,INV-022,,NONE,"Quels financements, accords, contacts structurés, rémunérations ou formes de coopération entre acteurs russes et partis/mouvements politiques européens sont matériellement établis entre 2014 et 2026, quels niveaux de relation/coordination peuvent être prouvés, et quelles allégations restent non établies ?","Union européenne, plus Royaume-Uni lorsque matériel, 2014–2026-09-06. Cas discriminants et non exhaustifs : financement partisan, accords formels, paid influence, contacts structurés, accès, coordination/tasking et issues juridiques ; exclure sympathie idéologique, convergence de vote, diplomatie ordinaire et culpabilité par association.",A116:180061326.qui-a-vraiment-la-tete-dans-le-sable;A119:180052771.qui-est-vraiment-louis-duclos,DELIVERY_PASS_R3P1,NO,INV-023_RUN_HANDOFF.md,NONE — CLOSED after post-run review; RENARD NO; pre-run registry-gate deviation logged.
INV-024,W2,"Chine : système d’influence en France et en Europe — entreprises, diaspora, universités, médias, diplomatie, standards technologiques",BACKLOG,P1,PRIMARY,DEEPEN,PARTIAL,HIGH,,,,PILOT_VALIDATED,,,A008:208733314.la-fabrique-de-la-menace-comment;A020:199655242.le-numerique-colonise-70-des-donnees,NOT_RUN,UNDECIDED,,"Pilote validé. Au prochain cycle, reclasser via CORE_MISSION_GATE puis model_change > discrimination > dependency_unlock > coverage_gap > utility. Ne pas pré-sélectionner hors d’un artefact de reclassification courant."
INV-025,W2,"Chine : United Front et frontière entre diaspora, influence et contrôle politique",BACKLOG,P1,CASE,GREENFIELD,NEW,HIGH,,INV-024,,PILOT_VALIDATED,,,,NOT_RUN,UNDECIDED,,"Pilote validé. Au prochain cycle, reclasser via CORE_MISSION_GATE puis model_change > discrimination > dependency_unlock > coverage_gap > utility. Ne pas pré-sélectionner hors d’un artefact de reclassification courant."
INV-026,W2,"Israël : influence étatique, diplomatique, industrielle, sécuritaire et informationnelle en France/UE",CLOSED,P1,PRIMARY,DEEPEN,PARTIAL,HIGH,,,,CORE_MISSION_RECLASSIFIED_2026-09-07_0610_R,"Quels mécanismes documentables permettent à des acteurs étatiques ou paraétatiques israéliens de chercher à influencer en France ou dans l’UE des décisions publiques, perceptions, coalitions politiques, politiques de sécurité ou l’environnement informationnel ; et jusqu’où peut-on établir financement, tasking, coordination, exposition et effet sans confondre diplomatie, lobbying privé, affinité politique et ingérence ?","France/UE 2017–2026, comparateurs seulement lorsqu’ils discriminent le mécanisme. Inclure diplomatie publique, ministères/ambassades, campagnes informationnelles, opérations numériques attribuées, soutien ou financement d’intermédiaires, relations sécuritaires/industrielles lorsqu’elles visent une décision ou perception politique, et cas judiciaires/parlementaires documentés. Exclure toute assimilation d’organisations juives, pro-israéliennes ou privées à l’État sans preuve de relation ; Israël != tout acteur pro-israélien ; financement/proximité != tasking ; lobbying légal != ingérence ; plaidoyer sur un conflit != opération étatique par nature.",A023:199655095.la-defense-rongee-449-md-sans-munitions;A055:192483249.ce-nest-pas-du-satanisme-cest-une;A057:192293819.la-democratie-en-cage,DELIVERY_PASS_R3P1,NO,INV-026_RUN_HANDOFF.md,NONE — CLOSED; Israel-as-sender symmetry controls available to INV-146; recheck only on material new sponsor/tasking/causal evidence.
INV-027,W2,"ELNET France : financements, voyages parlementaires, réseaux politiques, déclarations HATVP, effets démontrables",BACKLOG,P1,CASE,RECHECK_EXTEND,SUBSTANTIAL_PRIOR,HIGH,,INV-026,,PILOT_VALIDATED,,,A023:199655095.la-defense-rongee-449-md-sans-munitions;A045:194518266.lingenierie-de-lenclos;A055:192483249.ce-nest-pas-du-satanisme-cest-une;A057:192293819.la-democratie-en-cage,NOT_RUN,UNDECIDED,,"Pilote validé. Au prochain cycle, reclasser via CORE_MISSION_GATE puis model_change > discrimination > dependency_unlock > coverage_gap > utility. Ne pas pré-sélectionner hors d’un artefact de reclassification courant."
INV-028,W2,"AIPAC : mécanisme américain de lobbying pro-israélien, pouvoir électoral, financement, limites du parallèle avec la France",BACKLOG,P1,CASE,DEEPEN,PARTIAL,HIGH,,INV-026,,PILOT_VALIDATED,,,A055:192483249.ce-nest-pas-du-satanisme-cest-une,NOT_RUN,UNDECIDED,,"Pilote validé. Au prochain cycle, reclasser via CORE_MISSION_GATE puis model_change > discrimination > dependency_unlock > coverage_gap > utility. Ne pas pré-sélectionner hors d’un artefact de reclassification courant."
INV-029,W2,"Allemagne : exercice de puissance au sein de l’UE — institutions, coalitions, poids économique et réglementaire",BACKLOG,P1,PRIMARY,DEEPEN,PARTIAL,HIGH,,,,PILOT_VALIDATED,,,A024:199655040.leurope-piege-francais-12-contentieux;A060:190739827.le-sabotage-energetique-francais;A063:189855247.le-sanctuaire-inverse-comment-la,NOT_RUN,UNDECIDED,,"Pilote validé. Au prochain cycle, reclasser via CORE_MISSION_GATE puis model_change > discrimination > dependency_unlock > coverage_gap > utility. Ne pas pré-sélectionner hors d’un artefact de reclassification courant."
INV-030,W2,"France-Allemagne : nucléaire — divergence doctrinale, concurrence industrielle, règles européennes, intention versus effet",BACKLOG,P1,CASE,RECHECK_EXTEND,SUBSTANTIAL_PRIOR,HIGH,,INV-029,,PILOT_VALIDATED,,,A060:190739827.le-sabotage-energetique-francais;A063:189855247.le-sanctuaire-inverse-comment-la;A114:180084168.energies-renouvelables-le-double,NOT_RUN,UNDECIDED,,"Pilote validé. Au prochain cycle, reclasser via CORE_MISSION_GATE puis model_change > discrimination > dependency_unlock > coverage_gap > utility. Ne pas pré-sélectionner hors d’un artefact de reclassification courant."
INV-031,W2,"Royaume-Uni : influence financière, diplomatique, médiatique et renseignement en Europe",BACKLOG,P1,PRIMARY,GREENFIELD,NEW,HIGH,,,,PILOT_VALIDATED,,,,NOT_RUN,UNDECIDED,,"Pilote validé. Au prochain cycle, reclasser via CORE_MISSION_GATE puis model_change > discrimination > dependency_unlock > coverage_gap > utility. Ne pas pré-sélectionner hors d’un artefact de reclassification courant."
INV-032,W2,"Qatar : investissements, lobbying, sport, médias, islam, politique et soft power en France",BACKLOG,P1,PRIMARY,DEEPEN,PARTIAL,HIGH,,,,PILOT_VALIDATED,,,A083:183424330.lagonie-du-souverain-la-singularite;A115:180081515.ukraine-ce-que-hayer-trump-et-zelenskyy,NOT_RUN,UNDECIDED,,"Pilote validé. Au prochain cycle, reclasser via CORE_MISSION_GATE puis model_change > discrimination > dependency_unlock > coverage_gap > utility. Ne pas pré-sélectionner hors d’un artefact de reclassification courant."
INV-033,W2,"Émirats arabes unis : influence clandestine et réputationnelle en Europe, dont réseaux de renseignement privé lorsque démontrés",CLOSED,P1,PRIMARY,DEEPEN,PARTIAL,HIGH,,,,CORE_MISSION_RECLASSIFIED_2026-09-07_0650,"Quels mécanismes attribuables aux Émirats arabes unis ou à des commanditaires émiratis peuvent être documentés en France/Europe — lobbying et relations publiques, financements, campagnes réputationnelles, renseignement privé, surveillance ou opérations clandestines — et jusqu’où peut-on établir la chaîne commanditaire → intermédiaire/prestataire → action → cible → exposition/effet sans confondre intérêt émirati, relation commerciale, nationalité et tasking étatique ?","2017–2026, priorité France/UE avec comparateurs européens documentables. Inclure Alp Services/« Abu Dhabi Secrets » et autres cas seulement lorsqu’une chaîne client, paiement, instruction, action et cible est sourçable ; distinguer gouvernement/entités publiques, clients privés émiratis, prestataires et relais locaux. Exclure investissement ou proximité diplomatique sans mécanisme d’influence. Financement ≠ commandement ; accès ≠ contrôle ; origine émiratie ≠ attribution étatique ; opération ≠ effet.",A071:186904003.larchitecture-de-la-censure-europeenne,DELIVERY_PASS_R3P1,NO,INV-033_RUN_HANDOFF.md,CLOSED — UAE-linked private-intelligence/covert-reputation control routed to INV-146; recheck only on material judicial/tasking/causal evidence.
INV-034,W2,"Arabie saoudite : finance, religion, lobbying, industrie et relations politiques françaises",BACKLOG,P1,PRIMARY,DEEPEN,PARTIAL,HIGH,,,,PILOT_VALIDATED,,,A083:183424330.lagonie-du-souverain-la-singularite;A115:180081515.ukraine-ce-que-hayer-trump-et-zelenskyy,NOT_RUN,UNDECIDED,,"Pilote validé. Au prochain cycle, reclasser via CORE_MISSION_GATE puis model_change > discrimination > dependency_unlock > coverage_gap > utility. Ne pas pré-sélectionner hors d’un artefact de reclassification courant."
INV-035,W2,"Ukraine : diplomatie d’influence de guerre en France/UE, financement, communication, relais politiques et médiatiques",BACKLOG,P1,PRIMARY,RECHECK_EXTEND,SUBSTANTIAL_PRIOR,HIGH,,,,PILOT_VALIDATED,,,A008:208733314.la-fabrique-de-la-menace-comment;A058:191802696.la-guerre-des-autres;A090:181766389.les-telegraphistes-de-la-terreur;A099:180396722.alla-poedie-cafards-censure-et-opacite;A100:180377342.bandera-vs-petain-ce-que-les-faits;A103:180267309.corruption-en-ukraine-garraud-a-t;A104:180261963.democratie-rare-en-temps-de-guerre-82a;A111:180120693.macron-et-la-paix-en-ukraine-ce-que;A115:180081515.ukraine-ce-que-hayer-trump-et-zelenskyy;A118:180054346.kallas-et-les-19-pays-ce-que-les;A119:180052771.qui-est-vraiment-louis-duclos,NOT_RUN,UNDECIDED,,"Pilote validé. Au prochain cycle, reclasser via CORE_MISSION_GATE puis model_change > discrimination > dependency_unlock > coverage_gap > utility. Ne pas pré-sélectionner hors d’un artefact de reclassification courant."
INV-036,W2,"Turquie : État, diaspora, religion, associations et mobilisation politique en Europe",BACKLOG,P1,PRIMARY,GREENFIELD,NEW,HIGH,,,,PILOT_VALIDATED,,,,NOT_RUN,UNDECIDED,,"Pilote validé. Au prochain cycle, reclasser via CORE_MISSION_GATE puis model_change > discrimination > dependency_unlock > coverage_gap > utility. Ne pas pré-sélectionner hors d’un artefact de reclassification courant."
INV-037,W2,"Iran : influence, diasporas, réseaux politiques et opérations informationnelles en Europe",BACKLOG,P1,PRIMARY,DEEPEN,PARTIAL,HIGH,,,,PILOT_VALIDATED,,,A075:186127641.limpasse-persique-pourquoi-loccident,NOT_RUN,UNDECIDED,,"Pilote validé. Au prochain cycle, reclasser via CORE_MISSION_GATE puis model_change > discrimination > dependency_unlock > coverage_gap > utility. Ne pas pré-sélectionner hors d’un artefact de reclassification courant."
INV-038,W2,"Maroc et Algérie : influence politique, diplomatique et diasporique en France — séparer les deux États dans l’enquête",BLOCKED,P1,SYNTHESIS,SYNTHESIS,NEW,HIGH,INV-130;INV-131,,,CHILDREN_DONE,,,,NOT_RUN,UNDECIDED,,Ne lancer qu’après INV-130 et INV-131 ; comparer sans fusionner les causalités.
INV-039,W3,"Qui exerce réellement le pouvoir dans l’UE ? Commission, Conseil, Parlement, CJUE, BCE, États, lobbies",CLOSED,P1,PRIMARY,RECHECK_EXTEND,SUBSTANTIAL_PRIOR,HIGH,,,,POST_PILOT_DYNAMIC_SELECTION_2026-09-06_TIE_REGISTRY_ORDER,"Selon le type de décision, qui dispose réellement de quels pouvoirs dans l'Union européenne entre Commission, Conseil européen, Conseil de l'UE, Parlement, CJUE, BCE et États membres, et où l'accès des lobbies peut-il influer sans être confondu avec une autorité formelle ou un contrôle de résultat ?","Union européenne, architecture en vigueur et pratique 2010–2026, avec priorité au cadre actuel. Distinguer initiative/agenda, codécision et veto, budget, actes d'exécution et délégués, mise en œuvre nationale, nominations, contrôle juridictionnel, politique monétaire, sanctions/conditionnalité et révision des traités. Comparer pouvoir juridique formel, capacité d'agenda, contrôle de mise en œuvre et influence d'accès. Ne pas produire un classement global unique des institutions et ne pas inférer capture à partir du lobbying seul.",A014:202848231.lecart-legalitelegitimite-la-signature;A022:199655164.le-verrou-28-recours-au-493-57-dabstention;A024:199655040.leurope-piege-francais-12-contentieux;A037:199049245.le-changement-de-regime-pourquoi;A057:192293819.la-democratie-en-cage,DELIVERY_PASS_R3P1,NO,INV-039_RUN_HANDOFF.md,NONE — CLOSED; procedure-specific power map available to INV-040; synthesis remains blocked by other constitutive investigations.
INV-040,W3,Déficit démocratique européen : réalité mesurable versus slogan politique,BLOCKED,P1,SYNTHESIS,SYNTHESIS,SUBSTANTIAL_PRIOR,HIGH,INV-039;INV-041;INV-042;INV-043;INV-044;INV-045;INV-046;INV-047;INV-048,,,DEPENDENCIES_DONE,,,A007:206399715.le-peuple-nexiste-que-sur-convocation;A010:205911763.le-verrou-invisible-anatomie-du-ric;A014:202848231.lecart-legalitelegitimite-la-signature;A022:199655164.le-verrou-28-recours-au-493-57-dabstention;A037:199049245.le-changement-de-regime-pourquoi;A057:192293819.la-democratie-en-cage,NOT_RUN,UNDECIDED,,Attendre les investigations constitutives ; synthétiser seulement les deltas probatoires.
INV-041,W3,"Commission européenne et production réglementaire : initiative, expertise, consultations, trilogues, actes délégués",BACKLOG,P1,PRIMARY,DEEPEN,PARTIAL,HIGH,,,,PILOT_VALIDATED,,,A024:199655040.leurope-piege-francais-12-contentieux;A048:194040178.lingenierie-de-la-possession;A061:190587326.ue-mercosur-le-mensonge-sanitaire,NOT_RUN,UNDECIDED,,"Pilote validé. Au prochain cycle, reclasser via CORE_MISSION_GATE puis model_change > discrimination > dependency_unlock > coverage_gap > utility. Ne pas pré-sélectionner hors d’un artefact de reclassification courant."
INV-042,W3,"Lobbying européen : acteurs, dépenses, accès, consultations, portes tournantes",BACKLOG,P1,PRIMARY,DEEPEN,PARTIAL,HIGH,,,,PILOT_VALIDATED,,,A024:199655040.leurope-piege-francais-12-contentieux;A056:192351575.le-reseau-qui-nous-facture;A068:187674415.le-triangle-de-la-capture-le-mecanisme;A091:181572197.lindustrie-de-linfluence-enquete,NOT_RUN,UNDECIDED,,"Pilote validé. Au prochain cycle, reclasser via CORE_MISSION_GATE puis model_change > discrimination > dependency_unlock > coverage_gap > utility. Ne pas pré-sélectionner hors d’un artefact de reclassification courant."
INV-043,W3,"DSA comme dispositif de gouvernance informationnelle : obligations réelles, intermédiaires, effets et recours",BACKLOG,P1,PRIMARY,RECHECK_EXTEND,SUBSTANTIAL_PRIOR,HIGH,,,,PILOT_VALIDATED,,,A002:212051560.qui-fabrique-lautorite-du-vrai;A004:210182384.lingerence-sans-mesure;A006:209222653.du-narratif-a-lingerence-le-seuil;A071:186904003.larchitecture-de-la-censure-europeenne;A074:186286764.ce-que-macron-appelle-protection,NOT_RUN,UNDECIDED,,"Pilote validé. Au prochain cycle, reclasser via CORE_MISSION_GATE puis model_change > discrimination > dependency_unlock > coverage_gap > utility. Ne pas pré-sélectionner hors d’un artefact de reclassification courant."
INV-044,W3,European Democracy Shield / EDMO / EUvsDisinfo / anti-FIMI : appareil européen de défense cognitive,CLOSED,P1,PRIMARY,DEEPEN,PARTIAL,HIGH,,,,CORE_MISSION_RECLASSIFIED_2026-09-07_1133,"Quels dispositifs institutionnels, financiers, techniques et partenariaux composent l’appareil européen de lutte contre la désinformation et les FIMI (European Democracy Shield, EDMO, EUvsDisinfo et dispositifs connexes), quels pouvoirs, flux, intermédiaires, métriques et voies de recours sont réellement documentés, et où s’arrêtent coordination, financement, expertise ou signalement sans preuve de contrôle éditorial, de censure ou d’effet politique ?","Union européenne, 2018–2026, avec priorité aux mécanismes ayant un effet ou une interface en France. Tracer base juridique/mandat, gouvernance, budgets/subventions/marchés, acteurs et prestataires, flux d’information et de signalement, relations avec plateformes/fact-checkers/chercheurs, protections électorales, métriques, audits, corrections et recours. Distinguer coordination de pouvoir contraignant, financement de commandement, participation de capture, signalement de retrait effectif, action sur contenu d’effet politique. Ne pas présumer qu’anti-FIMI = censure ni qu’un budget croissant = menace fabriquée.",A002:212051560.qui-fabrique-lautorite-du-vrai;A004:210182384.lingerence-sans-mesure;A071:186904003.larchitecture-de-la-censure-europeenne;A072:186844276.tristan-mendes-france-la-machine,DELIVERY_PASS_R3P1,NO,INV-044_RUN_HANDOFF.md,NONE — CLOSED; distributed EU information-governance architecture established; centralized Commission censorship chain not established; feed INV-040 and INV-144.
INV-045,W3,"EFCSN, IFCN, fact-checkers et financement européen : certification comme infrastructure d’accès",BACKLOG,P1,PRIMARY,RECHECK_EXTEND,SUBSTANTIAL_PRIOR,HIGH,,,,PILOT_VALIDATED,,,A001:212538645.qui-fact-checke-les-fact-checkers;A002:212051560.qui-fabrique-lautorite-du-vrai;A004:210182384.lingerence-sans-mesure;A072:186844276.tristan-mendes-france-la-machine,NOT_RUN,UNDECIDED,,"Pilote validé. Au prochain cycle, reclasser via CORE_MISSION_GATE puis model_change > discrimination > dependency_unlock > coverage_gap > utility. Ne pas pré-sélectionner hors d’un artefact de reclassification courant."
INV-046,W3,"Chat Control, eIDAS, identité numérique, portefeuille européen : sécurité versus infrastructure potentielle de contrôle",BACKLOG,P1,PRIMARY,RECHECK_EXTEND,SUBSTANTIAL_PRIOR,HIGH,,,,PILOT_VALIDATED,,,A067:188810196.le-gulag-digital-surveilles-a-100;A071:186904003.larchitecture-de-la-censure-europeenne;A074:186286764.ce-que-macron-appelle-protection;A109:180129975.leurope-construit-elle-un-credit-40d;A110:180128122.leurope-construit-elle-un-credit,NOT_RUN,UNDECIDED,,"Pilote validé. Au prochain cycle, reclasser via CORE_MISSION_GATE puis model_change > discrimination > dependency_unlock > coverage_gap > utility. Ne pas pré-sélectionner hors d’un artefact de reclassification courant."
INV-047,W3,Sanctions européennes comme instrument de coercition politique et informationnelle,BACKLOG,P1,PRIMARY,DEEPEN,PARTIAL,HIGH,,,,PILOT_VALIDATED,,,A006:209222653.du-narratif-a-lingerence-le-seuil;A047:194130616.le-protocole-du-re-enracinement;A058:191802696.la-guerre-des-autres;A087:182502562.la-justice-spectrale-lere-du-bannissement;A118:180054346.kallas-et-les-19-pays-ce-que-les,NOT_RUN,UNDECIDED,,"Pilote validé. Au prochain cycle, reclasser via CORE_MISSION_GATE puis model_change > discrimination > dependency_unlock > coverage_gap > utility. Ne pas pré-sélectionner hors d’un artefact de reclassification courant."
INV-048,W3,"Commerce, normes et droit européen comme instruments de puissance : Mercosur, concurrence, standards, conditionnalité",BACKLOG,P1,PRIMARY,RECHECK_EXTEND,SUBSTANTIAL_PRIOR,HIGH,,,,PILOT_VALIDATED,,,A024:199655040.leurope-piege-francais-12-contentieux;A031:199654478.la-france-desindustrialisee-81-milliards;A048:194040178.lingenierie-de-la-possession;A061:190587326.ue-mercosur-le-mensonge-sanitaire,NOT_RUN,UNDECIDED,,"Pilote validé. Au prochain cycle, reclasser via CORE_MISSION_GATE puis model_change > discrimination > dependency_unlock > coverage_gap > utility. Ne pas pré-sélectionner hors d’un artefact de reclassification courant."
INV-049,W4,"Open Society Foundations / George Soros : flux réels, bénéficiaires, objectifs, mécanismes, effets ; tester mythologie et dénégation naïve",CLOSED,P1,PRIMARY,DEEPEN,PARTIAL,HIGH,,,,NONE,"Quels financements, bénéficiaires et mécanismes d’Open Society Foundations en France et dans l’UE sont documentés, et quels effets politiques, juridiques, médiatiques ou sociaux peuvent être établis sans confondre financement, influence et contrôle ?","Focus 2015–2026, avec remontée antérieure seulement si nécessaire à la causalité ou à la structure. Prioriser flux identifiables, bénéficiaires, programmes, contentieux/plaidoyer/médias/migration lorsque matériel. Tester symétriquement les récits de contrôle total et de neutralité philanthropique.",A045:194518266.lingenierie-de-lenclos;A072:186844276.tristan-mendes-france-la-machine;A097:180580808.pravda-quand-lelysee-ironise-sur;A098:180481861.quand-lelysee-attaque-un-journaliste,DELIVERY_PASS_R2A2,CLOSED_NO_FURTHER_MATERIAL_DELTA,INV-049_RUN_HANDOFF.md,CLOSED — pilot PASS after targeted RENARD; no further material delta.
INV-050,W4,"OSF en France et dans l’UE : justice, médias, migration, droits fondamentaux, think tanks, contentieux stratégique",MERGED,P1,MERGED,MERGED,PARTIAL,HIGH,,INV-049,INV-049,N/A,,,A045:194518266.lingenierie-de-lenclos;A072:186844276.tristan-mendes-france-la-machine;A097:180580808.pravda-quand-lelysee-ironise-sur;A098:180481861.quand-lelysee-attaque-un-journaliste,NOT_RUN,UNDECIDED,,Traité comme axe/cas dans INV-049; aucun run séparé.
INV-051,W4,"Fondations Gates, Ford, Rockefeller, Omidyar et grandes philanthropies : pouvoir politique sans mandat électif",BACKLOG,P1,PRIMARY,DEEPEN,PARTIAL,HIGH,,,,PILOT_VALIDATED,,,A045:194518266.lingenierie-de-lenclos;A082:183123537.lempire-du-mensonge-rapport-dautopsie,NOT_RUN,UNDECIDED,,"Pilote validé. Au prochain cycle, reclasser via CORE_MISSION_GATE puis model_change > discrimination > dependency_unlock > coverage_gap > utility. Ne pas pré-sélectionner hors d’un artefact de reclassification courant."
INV-052,W4,"Philanthrocapitalisme : quand le financement privé définit problèmes, métriques et solutions publiques",BLOCKED,P1,SYNTHESIS,SYNTHESIS,PARTIAL,HIGH,INV-049;INV-051;INV-053;INV-054;INV-057;INV-058,,,DEPENDENCIES_DONE,,,A045:194518266.lingenierie-de-lenclos;A053:193017697.comment-la-richesse-verrouille-le;A082:183123537.lempire-du-mensonge-rapport-dautopsie,NOT_RUN,UNDECIDED,,Attendre les investigations constitutives ; synthétiser seulement les deltas probatoires.
INV-053,W4,"ONG liées aux migrations en France/Europe : qui finance quoi, pourquoi, avec quel effet opérationnel et politique ?",BACKLOG,P1,PRIMARY,DEEPEN,PARTIAL,HIGH,,,,PILOT_VALIDATED,,,A029:199654638.limmigration-sans-cap-340-000-titres;A045:194518266.lingenierie-de-lenclos,NOT_RUN,UNDECIDED,,"Pilote validé. Au prochain cycle, reclasser via CORE_MISSION_GATE puis model_change > discrimination > dependency_unlock > coverage_gap > utility. Ne pas pré-sélectionner hors d’un artefact de reclassification courant."
INV-054,W4,ONG de droits humains et contentieux stratégique : recours judiciaire comme instrument de transformation politique,CLOSED,P1,PRIMARY,DEEPEN,PARTIAL,HIGH,,,,CORE_MISSION_RECLASSIFIED_2026-09-07_POST_INV044,"Dans quels cas des ONG de droits humains utilisent-elles le contentieux stratégique pour modifier des normes, pratiques ou décisions publiques en France et en Europe, quels financeurs, soutiens, coordinations et choix de dossiers sont documentés, et jusqu'où peut-on établir une chaîne financement/organisation -> stratégie contentieuse -> décision -> mise en œuvre -> effet politique sans confondre recours légal, proximité, financement ou victoire judiciaire avec tasking, capture ou causalité systémique ?","France/Europe 2015–2026, avec un petit nombre de cas juridiquement documentables et comparables. Tracer identité et gouvernance de l'ONG, financeurs pertinents, choix/objectif du contentieux lorsqu'il est public, représentation juridique, base légale, décision et recours, mise en œuvre, changement institutionnel et preuve éventuelle de coordination/tasking externe. Inclure cas négatifs et échecs. Séparer financement de commandement, accès au juge de contrôle de l'issue, victoire judiciaire d'effet politique durable, contentieux stratégique de procédure abusive. INV-129 synthétisera ensuite lawfare/coercition avec d'autres mécanismes.",A006:209222653.du-narratif-a-lingerence-le-seuil;A045:194518266.lingenierie-de-lenclos;A087:182502562.la-justice-spectrale-lere-du-bannissement,DELIVERY_PASS_R3P1,NO,INV-054_RUN_HANDOFF.md,NONE — CLOSED; strategic litigation is intentional legal influence with case-specific institutional effects; external donor tasking and durable counterfactual effect not established; feed INV-052 and INV-129.
INV-055,W4,Financement public des ONG qui font ensuite pression sur le pouvoir public : boucle institutionnelle et conditions de légitimité,MERGED,P1,MERGED,MERGED,PARTIAL,HIGH,,INV-058,INV-058,N/A,,,A002:212051560.qui-fabrique-lautorite-du-vrai;A004:210182384.lingerence-sans-mesure;A045:194518266.lingenierie-de-lenclos;A072:186844276.tristan-mendes-france-la-machine,NOT_RUN,UNDECIDED,,Traité comme axe/cas dans INV-058; aucun run séparé.
INV-056,W4,Astroturfing : organisations présentées comme grassroots mais financées ou orchestrées par des intérêts structurés,BACKLOG,P1,PRIMARY,DEEPEN,PARTIAL,HIGH,,,,PILOT_VALIDATED,,,A013:203962785.un-geyser-de-6-metres-a-clichy-autopsie;A091:181572197.lindustrie-de-linfluence-enquete,NOT_RUN,UNDECIDED,,"Pilote validé. Au prochain cycle, reclasser via CORE_MISSION_GATE puis model_change > discrimination > dependency_unlock > coverage_gap > utility. Ne pas pré-sélectionner hors d’un artefact de reclassification courant."
INV-057,W4,"ONG comme intermédiaires de politique étrangère : comparaison USA, UE, États et fondations",BACKLOG,P1,PRIMARY,DEEPEN,PARTIAL,HIGH,,,,PILOT_VALIDATED,,,A004:210182384.lingerence-sans-mesure;A045:194518266.lingenierie-de-lenclos;A090:181766389.les-telegraphistes-de-la-terreur,NOT_RUN,UNDECIDED,,"Pilote validé. Au prochain cycle, reclasser via CORE_MISSION_GATE puis model_change > discrimination > dependency_unlock > coverage_gap > utility. Ne pas pré-sélectionner hors d’un artefact de reclassification courant."
INV-058,W4,"Qui contrôle les contrôleurs associatifs ? Gouvernance, transparence, conflits d’intérêts et accountability des ONG",BACKLOG,P1,PRIMARY,DEEPEN,PARTIAL,HIGH,,,,PILOT_VALIDATED,,,A002:212051560.qui-fabrique-lautorite-du-vrai;A004:210182384.lingerence-sans-mesure;A045:194518266.lingenierie-de-lenclos;A072:186844276.tristan-mendes-france-la-machine,NOT_RUN,UNDECIDED,,"Pilote validé. Au prochain cycle, reclasser via CORE_MISSION_GATE puis model_change > discrimination > dependency_unlock > coverage_gap > utility. Ne pas pré-sélectionner hors d’un artefact de reclassification courant."
INV-059,W5,Think tanks français : cartographie argent → experts → médias → cabinets → politiques publiques,BACKLOG,P1,PRIMARY,DEEPEN,PARTIAL,HIGH,,,,PILOT_VALIDATED,,,A036:199422722.la-caste-parasite-qui-gouverne-la;A053:193017697.comment-la-richesse-verrouille-le;A068:187674415.le-triangle-de-la-capture-le-mecanisme,NOT_RUN,UNDECIDED,,"Pilote validé. Au prochain cycle, reclasser via CORE_MISSION_GATE puis model_change > discrimination > dependency_unlock > coverage_gap > utility. Ne pas pré-sélectionner hors d’un artefact de reclassification courant."
INV-060,W5,"Institut Montaigne, Terra Nova, Fondapol, Fondation Jean-Jaurès, IFRI : comparaison des modèles d’influence",MERGED,P1,MERGED,MERGED,PARTIAL,HIGH,,INV-059,INV-059,N/A,,,A039:198659211.opposition-controlee-anatomie-dun;A059:191154925.pourquoi-les-electeurs-francais-votent,NOT_RUN,UNDECIDED,,Traité comme axe/cas dans INV-059; aucun run séparé.
INV-061,W5,"Think tanks américains et politique française/européenne : Atlantic Council, German Marshall Fund, Brookings, Heritage, etc.",BACKLOG,P1,PRIMARY,DEEPEN,PARTIAL,HIGH,,,,PILOT_VALIDATED,,,A071:186904003.larchitecture-de-la-censure-europeenne;A082:183123537.lempire-du-mensonge-rapport-dautopsie,NOT_RUN,UNDECIDED,,"Pilote validé. Au prochain cycle, reclasser via CORE_MISSION_GATE puis model_change > discrimination > dependency_unlock > coverage_gap > utility. Ne pas pré-sélectionner hors d’un artefact de reclassification courant."
INV-062,W5,McKinsey et cabinets de conseil dans l’État français : prestation technique ou délégation cognitive de souveraineté ?,BACKLOG,P1,PRIMARY,RECHECK_EXTEND,SUBSTANTIAL_PRIOR,HIGH,,,,PILOT_VALIDATED,,,A015:202607767.le-systeme-informatique-detat-autopsie;A068:187674415.le-triangle-de-la-capture-le-mecanisme,NOT_RUN,UNDECIDED,,"Pilote validé. Au prochain cycle, reclasser via CORE_MISSION_GATE puis model_change > discrimination > dependency_unlock > coverage_gap > utility. Ne pas pré-sélectionner hors d’un artefact de reclassification courant."
INV-063,W5,"Big Four et production de normes : conseil, audit, réglementation, marchés publics, revolving doors",BACKLOG,P1,PRIMARY,DEEPEN,PARTIAL,HIGH,,,,PILOT_VALIDATED,,,A035:199655748.largent-qui-disparait-80-a-100-milliards;A056:192351575.le-reseau-qui-nous-facture,NOT_RUN,UNDECIDED,,"Pilote validé. Au prochain cycle, reclasser via CORE_MISSION_GATE puis model_change > discrimination > dependency_unlock > coverage_gap > utility. Ne pas pré-sélectionner hors d’un artefact de reclassification courant."
INV-064,W5,Cabinets de relations publiques et communication stratégique : marché professionnel de fabrication de réputation et d’opinion,BACKLOG,P1,PRIMARY,DEEPEN,PARTIAL,HIGH,,,,PILOT_VALIDATED,,,A008:208733314.la-fabrique-de-la-menace-comment;A082:183123537.lempire-du-mensonge-rapport-dautopsie;A091:181572197.lindustrie-de-linfluence-enquete;A097:180580808.pravda-quand-lelysee-ironise-sur;A098:180481861.quand-lelysee-attaque-un-journaliste,NOT_RUN,UNDECIDED,,"Pilote validé. Au prochain cycle, reclasser via CORE_MISSION_GATE puis model_change > discrimination > dependency_unlock > coverage_gap > utility. Ne pas pré-sélectionner hors d’un artefact de reclassification courant."
INV-065,W5,"Experts médiatiques : sélection, financement, conflits d’intérêts invisibles",BACKLOG,P1,PRIMARY,RECHECK_EXTEND,SUBSTANTIAL_PRIOR,HIGH,,,,PILOT_VALIDATED,,,A012:204169916.le-debat-qui-nexistait-pas-6-mecanismes;A025:199654938.medias-censure-et-desinformation;A072:186844276.tristan-mendes-france-la-machine;A091:181572197.lindustrie-de-linfluence-enquete,NOT_RUN,UNDECIDED,,"Pilote validé. Au prochain cycle, reclasser via CORE_MISSION_GATE puis model_change > discrimination > dependency_unlock > coverage_gap > utility. Ne pas pré-sélectionner hors d’un artefact de reclassification courant."
INV-066,W5,Recherche académique financée par intérêts publics ou privés : agenda-setting scientifique et indépendance réelle,BACKLOG,P1,PRIMARY,DEEPEN,PARTIAL,HIGH,,,,PILOT_VALIDATED,,,A001:212538645.qui-fact-checke-les-fact-checkers;A002:212051560.qui-fabrique-lautorite-du-vrai;A042:197963983.climat-les-deux-escroqueries;A069:187436825.darwin-et-evolution-enquete-sur-les,NOT_RUN,UNDECIDED,,"Pilote validé. Au prochain cycle, reclasser via CORE_MISSION_GATE puis model_change > discrimination > dependency_unlock > coverage_gap > utility. Ne pas pré-sélectionner hors d’un artefact de reclassification courant."
INV-067,W5,"Groupes d’experts publics : composition, conflits d’intérêts, sélection et pouvoir normatif",BACKLOG,P1,PRIMARY,DEEPEN,PARTIAL,HIGH,,,,PILOT_VALIDATED,,,A002:212051560.qui-fabrique-lautorite-du-vrai;A014:202848231.lecart-legalitelegitimite-la-signature;A042:197963983.climat-les-deux-escroqueries,NOT_RUN,UNDECIDED,,"Pilote validé. Au prochain cycle, reclasser via CORE_MISSION_GATE puis model_change > discrimination > dependency_unlock > coverage_gap > utility. Ne pas pré-sélectionner hors d’un artefact de reclassification courant."
INV-068,W5,Narrative laundering : intérêt → think tank → expert → média → décideur → apparence de consensus indépendant,BLOCKED,P1,SYNTHESIS,SYNTHESIS,SUBSTANTIAL_PRIOR,HIGH,INV-059;INV-061;INV-062;INV-063;INV-064;INV-065;INV-066;INV-067;INV-085,,,DEPENDENCIES_DONE,,,A008:208733314.la-fabrique-de-la-menace-comment;A012:204169916.le-debat-qui-nexistait-pas-6-mecanismes;A025:199654938.medias-censure-et-desinformation;A072:186844276.tristan-mendes-france-la-machine;A091:181572197.lindustrie-de-linfluence-enquete,NOT_RUN,UNDECIDED,,Attendre les investigations constitutives ; synthétiser seulement les deltas probatoires.
INV-069,W6,"Communication gouvernementale française : SIG, Élysée, ministères, budgets, campagnes et objectifs comportementaux",BACKLOG,P1,PRIMARY,RECHECK_EXTEND,SUBSTANTIAL_PRIOR,HIGH,,,,PILOT_VALIDATED,,,A008:208733314.la-fabrique-de-la-menace-comment;A013:203962785.un-geyser-de-6-metres-a-clichy-autopsie;A014:202848231.lecart-legalitelegitimite-la-signature;A077:185893876.budget-2026-larchitecture-du-mensonge;A079:185160908.annie-genevard-plus-de-cas-de-dnc;A097:180580808.pravda-quand-lelysee-ironise-sur;A098:180481861.quand-lelysee-attaque-un-journaliste;A106:180194877.407-mensonges-lautopsie-dun-systeme;A111:180120693.macron-et-la-paix-en-ukraine-ce-que,NOT_RUN,UNDECIDED,,"Pilote validé. Au prochain cycle, reclasser via CORE_MISSION_GATE puis model_change > discrimination > dependency_unlock > coverage_gap > utility. Ne pas pré-sélectionner hors d’un artefact de reclassification courant."
INV-070,W6,"Sciences comportementales dans l’État : DITP, nudges, architecture de choix, éthique et usages réels",BACKLOG,P1,PRIMARY,DEEPEN,PARTIAL,HIGH,,,,PILOT_VALIDATED,,,A082:183123537.lempire-du-mensonge-rapport-dautopsie,NOT_RUN,UNDECIDED,,"Pilote validé. Au prochain cycle, reclasser via CORE_MISSION_GATE puis model_change > discrimination > dependency_unlock > coverage_gap > utility. Ne pas pré-sélectionner hors d’un artefact de reclassification courant."
INV-071,W6,"VIGINUM : doctrine, critères, données, attribution, mesure d’impact et accountability",CLOSED,P1,PRIMARY,RECHECK_EXTEND,SUBSTANTIAL_PRIOR,HIGH,,,,NONE,"Que fait réellement VIGINUM depuis sa création : autorités, critères, méthodes, données, attribution, communication, mesure d’impact, contrôles et effets observés ; et que ses publications ne permettent-elles pas de conclure ?","France, 2021–2026. Distinguer détection de comportement coordonné, attribution étrangère, qualification narrative, impact mesuré et conséquences administratives/politiques. Prioriser textes fondateurs, rapports, méthodologies, cas et contrôles.",A004:210182384.lingerence-sans-mesure;A006:209222653.du-narratif-a-lingerence-le-seuil;A013:203962785.un-geyser-de-6-metres-a-clichy-autopsie;A072:186844276.tristan-mendes-france-la-machine,DELIVERY_PASS_R2A2,NO,INV-071_RUN_HANDOFF.md,CLOSED — pilot PASS; RENARD NO.
INV-072,W6,SGDSN et doctrine française de guerre/influence informationnelle,BACKLOG,P1,PRIMARY,DEEPEN,PARTIAL,HIGH,,,,PILOT_VALIDATED,,,A004:210182384.lingerence-sans-mesure;A012:204169916.le-debat-qui-nexistait-pas-6-mecanismes;A082:183123537.lempire-du-mensonge-rapport-dautopsie,NOT_RUN,UNDECIDED,,"Pilote validé. Au prochain cycle, reclasser via CORE_MISSION_GATE puis model_change > discrimination > dependency_unlock > coverage_gap > utility. Ne pas pré-sélectionner hors d’un artefact de reclassification courant."
INV-073,W6,"Armées françaises et guerre cognitive / influence : doctrines, capacités, cibles et frontière intérieur/extérieur",BACKLOG,P1,PRIMARY,DEEPEN,PARTIAL,HIGH,,,,PILOT_VALIDATED,,,A012:204169916.le-debat-qui-nexistait-pas-6-mecanismes;A058:191802696.la-guerre-des-autres;A082:183123537.lempire-du-mensonge-rapport-dautopsie;A090:181766389.les-telegraphistes-de-la-terreur;A105:180223640.larmee-potemkine-quand-le-spectre,NOT_RUN,UNDECIDED,,"Pilote validé. Au prochain cycle, reclasser via CORE_MISSION_GATE puis model_change > discrimination > dependency_unlock > coverage_gap > utility. Ne pas pré-sélectionner hors d’un artefact de reclassification courant."
INV-074,W6,"ARCOM : régulateur, arbitre politique ou infrastructure procédurale ?",BACKLOG,P1,PRIMARY,RECHECK_EXTEND,SUBSTANTIAL_PRIOR,HIGH,,,,PILOT_VALIDATED,,,A022:199655164.le-verrou-28-recours-au-493-57-dabstention;A025:199654938.medias-censure-et-desinformation;A049:193809543.audiovisuel-public-anatomie-dune;A091:181572197.lindustrie-de-linfluence-enquete,NOT_RUN,UNDECIDED,,"Pilote validé. Au prochain cycle, reclasser via CORE_MISSION_GATE puis model_change > discrimination > dependency_unlock > coverage_gap > utility. Ne pas pré-sélectionner hors d’un artefact de reclassification courant."
INV-075,W6,"Audiovisuel public : argent, gouvernance, production privée, nominations et indépendance éditoriale",BACKLOG,P1,PRIMARY,RECHECK_EXTEND,SUBSTANTIAL_PRIOR,HIGH,,,,PILOT_VALIDATED,,,A025:199654938.medias-censure-et-desinformation;A049:193809543.audiovisuel-public-anatomie-dune,NOT_RUN,UNDECIDED,,"Pilote validé. Au prochain cycle, reclasser via CORE_MISSION_GATE puis model_change > discrimination > dependency_unlock > coverage_gap > utility. Ne pas pré-sélectionner hors d’un artefact de reclassification courant."
INV-076,W6,Subventions publiques et aides à la presse : dépendance économique et effets possibles sur le pluralisme,BACKLOG,P1,CASE,RECHECK_EXTEND,SUBSTANTIAL_PRIOR,HIGH,,INV-081,,PILOT_VALIDATED,,,A025:199654938.medias-censure-et-desinformation;A049:193809543.audiovisuel-public-anatomie-dune;A091:181572197.lindustrie-de-linfluence-enquete,NOT_RUN,UNDECIDED,,"Pilote validé. Au prochain cycle, reclasser via CORE_MISSION_GATE puis model_change > discrimination > dependency_unlock > coverage_gap > utility. Ne pas pré-sélectionner hors d’un artefact de reclassification courant."
INV-077,W6,Publicité et campagnes institutionnelles comme levier économique sur les médias,BACKLOG,P1,PRIMARY,DEEPEN,PARTIAL,HIGH,,,,PILOT_VALIDATED,,,A025:199654938.medias-censure-et-desinformation;A049:193809543.audiovisuel-public-anatomie-dune,NOT_RUN,UNDECIDED,,"Pilote validé. Au prochain cycle, reclasser via CORE_MISSION_GATE puis model_change > discrimination > dependency_unlock > coverage_gap > utility. Ne pas pré-sélectionner hors d’un artefact de reclassification courant."
INV-078,W6,Fonds Marianne et financement étatique de la contre-influence : anatomie complète,BACKLOG,P1,PRIMARY,RECHECK_EXTEND,SUBSTANTIAL_PRIOR,HIGH,,,,PILOT_VALIDATED,,,A002:212051560.qui-fabrique-lautorite-du-vrai;A039:198659211.opposition-controlee-anatomie-dun;A072:186844276.tristan-mendes-france-la-machine,NOT_RUN,UNDECIDED,,"Pilote validé. Au prochain cycle, reclasser via CORE_MISSION_GATE puis model_change > discrimination > dependency_unlock > coverage_gap > utility. Ne pas pré-sélectionner hors d’un artefact de reclassification courant."
INV-079,W6,"Associations et prestataires subventionnés pour lutter contre désinformation, haine ou radicalisation",BACKLOG,P1,PRIMARY,RECHECK_EXTEND,SUBSTANTIAL_PRIOR,HIGH,,,,PILOT_VALIDATED,,,A002:212051560.qui-fabrique-lautorite-du-vrai;A004:210182384.lingerence-sans-mesure;A039:198659211.opposition-controlee-anatomie-dun;A072:186844276.tristan-mendes-france-la-machine,NOT_RUN,UNDECIDED,,"Pilote validé. Au prochain cycle, reclasser via CORE_MISSION_GATE puis model_change > discrimination > dependency_unlock > coverage_gap > utility. Ne pas pré-sélectionner hors d’un artefact de reclassification courant."
INV-080,W6,"Sanction administrative sans condamnation judiciaire : gel des avoirs, expulsions, interdictions, réputation et seuil de preuve",BACKLOG,P1,PRIMARY,RECHECK_EXTEND,SUBSTANTIAL_PRIOR,HIGH,,,,PILOT_VALIDATED,,,A006:209222653.du-narratif-a-lingerence-le-seuil;A087:182502562.la-justice-spectrale-lere-du-bannissement,NOT_RUN,UNDECIDED,,"Pilote validé. Au prochain cycle, reclasser via CORE_MISSION_GATE puis model_change > discrimination > dependency_unlock > coverage_gap > utility. Ne pas pré-sélectionner hors d’un artefact de reclassification courant."
INV-081,W7,Propriété réelle des médias français : reconstruire les chiffres sans reprendre 9 milliardaires/80-90 % sans dénominateur,CLOSED,P1,PRIMARY,RECHECK_EXTEND,SUBSTANTIAL_PRIOR,HIGH,,,,POST_PILOT_DYNAMIC_SELECTION_2026-09-06,"Quelle est la concentration réelle de la propriété et du contrôle des médias d'information français, selon des dénominateurs explicites et comparables (audience, diffusion, chiffre d'affaires, titres/chaînes/sites et contrôle capitalistique), et que permettent réellement de conclure ces mesures sur le pluralisme sans confondre propriété, audience et contrôle éditorial ?","France, état actuel et trajectoire 2010–2026 lorsque les séries sont comparables. Identifier bénéficiaires effectifs/groupes de contrôle, périmètre des actifs d'information, parts selon plusieurs dénominateurs explicites, service public et indépendants, changements de propriété et limites méthodologiques. Tester spécifiquement les slogans '9 milliardaires' et '80–90 %' sans accepter un pourcentage sans univers, date et métrique. Exclure l'inférence automatique propriété -> ligne éditoriale, qui relève d'INV-082.",A012:204169916.le-debat-qui-nexistait-pas-6-mecanismes;A014:202848231.lecart-legalitelegitimite-la-signature;A022:199655164.le-verrou-28-recours-au-493-57-dabstention;A025:199654938.medias-censure-et-desinformation;A036:199422722.la-caste-parasite-qui-gouverne-la;A049:193809543.audiovisuel-public-anatomie-dune;A091:181572197.lindustrie-de-linfluence-enquete,DELIVERY_PASS_R3P1,NO,INV-081_RUN_HANDOFF.md,NONE — CLOSED; output available to INV-082 and INV-095 when their other dependencies are satisfied.
INV-082,W7,Concentration économique versus concentration éditoriale : quelle causalité peut réellement être démontrée ?,BLOCKED,P1,SYNTHESIS,SYNTHESIS,PARTIAL,HIGH,INV-081;INV-085,,,DEPENDENCIES_DONE,,,A012:204169916.le-debat-qui-nexistait-pas-6-mecanismes;A025:199654938.medias-censure-et-desinformation;A049:193809543.audiovisuel-public-anatomie-dune;A091:181572197.lindustrie-de-linfluence-enquete,NOT_RUN,UNDECIDED,,Attendre les investigations constitutives ; synthétiser seulement les deltas probatoires.
INV-083,W7,"Dépendances économiques des rédactions : propriétaires, annonceurs, abonnements, subventions, plateformes",MERGED,P1,MERGED,MERGED,SUBSTANTIAL_PRIOR,HIGH,,INV-081,INV-081,N/A,,,A025:199654938.medias-censure-et-desinformation;A049:193809543.audiovisuel-public-anatomie-dune;A091:181572197.lindustrie-de-linfluence-enquete,NOT_RUN,UNDECIDED,,Traité comme axe/cas dans INV-081; aucun run séparé.
INV-084,W7,"AFP, Reuters, AP : pouvoir des agences sur la définition de l’agenda informationnel",BACKLOG,P1,PRIMARY,DEEPEN,PARTIAL,HIGH,,,,PILOT_VALIDATED,,,A001:212538645.qui-fact-checke-les-fact-checkers;A002:212051560.qui-fabrique-lautorite-du-vrai;A008:208733314.la-fabrique-de-la-menace-comment,NOT_RUN,UNDECIDED,,"Pilote validé. Au prochain cycle, reclasser via CORE_MISSION_GATE puis model_change > discrimination > dependency_unlock > coverage_gap > utility. Ne pas pré-sélectionner hors d’un artefact de reclassification courant."
INV-085,W7,Sélection des sujets avant même leur traitement : pouvoir éditorial en amont du verdict,BACKLOG,P1,PRIMARY,RECHECK_EXTEND,SUBSTANTIAL_PRIOR,HIGH,,,,PILOT_VALIDATED,,,A001:212538645.qui-fact-checke-les-fact-checkers;A002:212051560.qui-fabrique-lautorite-du-vrai;A008:208733314.la-fabrique-de-la-menace-comment;A012:204169916.le-debat-qui-nexistait-pas-6-mecanismes;A025:199654938.medias-censure-et-desinformation;A091:181572197.lindustrie-de-linfluence-enquete,NOT_RUN,UNDECIDED,,"Pilote validé. Au prochain cycle, reclasser via CORE_MISSION_GATE puis model_change > discrimination > dependency_unlock > coverage_gap > utility. Ne pas pré-sélectionner hors d’un artefact de reclassification courant."
INV-086,W7,"Plateaux d’experts et pluralisme artificiel : sélection, cadrage, composition et fenêtres d’Overton",MERGED,P1,MERGED,MERGED,SUBSTANTIAL_PRIOR,HIGH,,INV-085,INV-085,N/A,,,A008:208733314.la-fabrique-de-la-menace-comment;A012:204169916.le-debat-qui-nexistait-pas-6-mecanismes;A025:199654938.medias-censure-et-desinformation;A091:181572197.lindustrie-de-linfluence-enquete,NOT_RUN,UNDECIDED,,Traité comme axe/cas dans INV-085; aucun run séparé.
INV-087,W7,"Sondages comme technologie d’influence : formulation, publication, horse-race politics, effets d’entraînement",BACKLOG,P1,PRIMARY,DEEPEN,PARTIAL,HIGH,,,,PILOT_VALIDATED,,,A059:191154925.pourquoi-les-electeurs-francais-votent,NOT_RUN,UNDECIDED,,"Pilote validé. Au prochain cycle, reclasser via CORE_MISSION_GATE puis model_change > discrimination > dependency_unlock > coverage_gap > utility. Ne pas pré-sélectionner hors d’un artefact de reclassification courant."
INV-088,W7,Fact-checking comme infrastructure de qualification : consolidation des enquêtes existantes,BLOCKED,P1,SYNTHESIS,SYNTHESIS,SUBSTANTIAL_PRIOR,HIGH,INV-045;INV-079;INV-089;INV-090;INV-091,,,DEPENDENCIES_DONE,,,A001:212538645.qui-fact-checke-les-fact-checkers;A002:212051560.qui-fabrique-lautorite-du-vrai;A004:210182384.lingerence-sans-mesure;A072:186844276.tristan-mendes-france-la-machine,NOT_RUN,UNDECIDED,,Attendre les investigations constitutives ; synthétiser seulement les deltas probatoires.
INV-089,W7,Trusted flaggers et intermédiaires de modération : pouvoir sans responsabilité directe,BACKLOG,P1,CASE,RECHECK_EXTEND,SUBSTANTIAL_PRIOR,HIGH,,INV-088,,PILOT_VALIDATED,,,A002:212051560.qui-fabrique-lautorite-du-vrai;A004:210182384.lingerence-sans-mesure;A071:186904003.larchitecture-de-la-censure-europeenne;A074:186286764.ce-que-macron-appelle-protection,NOT_RUN,UNDECIDED,,"Pilote validé. Au prochain cycle, reclasser via CORE_MISSION_GATE puis model_change > discrimination > dependency_unlock > coverage_gap > utility. Ne pas pré-sélectionner hors d’un artefact de reclassification courant."
INV-090,W7,"Shadow banning, démonétisation, déréférencement et friction algorithmique : existence, fréquence, recours",BACKLOG,P1,CASE,RECHECK_EXTEND,SUBSTANTIAL_PRIOR,HIGH,,INV-088,,PILOT_VALIDATED,,,A002:212051560.qui-fabrique-lautorite-du-vrai;A004:210182384.lingerence-sans-mesure;A071:186904003.larchitecture-de-la-censure-europeenne;A097:180580808.pravda-quand-lelysee-ironise-sur;A098:180481861.quand-lelysee-attaque-un-journaliste,NOT_RUN,UNDECIDED,,"Pilote validé. Au prochain cycle, reclasser via CORE_MISSION_GATE puis model_change > discrimination > dependency_unlock > coverage_gap > utility. Ne pas pré-sélectionner hors d’un artefact de reclassification courant."
INV-091,W7,Moteurs de recherche et recommandation : structuration de l’exposition politique sans produire de contenu,BACKLOG,P1,CASE,DEEPEN,PARTIAL,HIGH,,INV-088,,PILOT_VALIDATED,,,A002:212051560.qui-fabrique-lautorite-du-vrai;A020:199655242.le-numerique-colonise-70-des-donnees;A071:186904003.larchitecture-de-la-censure-europeenne,NOT_RUN,UNDECIDED,,"Pilote validé. Au prochain cycle, reclasser via CORE_MISSION_GATE puis model_change > discrimination > dependency_unlock > coverage_gap > utility. Ne pas pré-sélectionner hors d’un artefact de reclassification courant."
INV-092,W7,"IA générative, deepfakes et opérations d’influence automatisées : changement d’échelle réel ou panique anticipatoire ?",BACKLOG,P1,PRIMARY,DEEPEN,PARTIAL,HIGH,,,,PILOT_VALIDATED,,,A082:183123537.lempire-du-mensonge-rapport-dautopsie,NOT_RUN,UNDECIDED,,"Pilote validé. Au prochain cycle, reclasser via CORE_MISSION_GATE puis model_change > discrimination > dependency_unlock > coverage_gap > utility. Ne pas pré-sélectionner hors d’un artefact de reclassification courant."
INV-093,W8,"Financement des campagnes françaises : argent, prêts, micro-partis, prestations, contournements possibles",CLOSED,P1,PRIMARY,DEEPEN,PARTIAL,HIGH,,,,CORE_MISSION_RECLASSIFIED_2026-09-07_1523,"Comment les campagnes électorales françaises sont-elles effectivement financées et contrôlées — dons, prêts, micro-partis, mandataires, prestations, dépenses de campagne et flux connexes —, quelles irrégularités ou contournements sont juridiquement documentés, et jusqu’où peut-on relier un flux financier à un avantage politique, une violation, une sanction ou un effet sans convertir anomalie comptable, proximité ou prêt en fraude ou corruption ?","France, 2012–2026, priorité élections présidentielle, législatives et européennes lorsque les données CNCCFP, juridictionnelles ou comptables sont comparables. Tracer source des fonds, véhicule juridique, bénéficiaire, prestation/dépense, règles applicables, contrôle, décision, recours et conséquence. Distinguer don, prêt, prestation, dette, micro-parti, dépense tierce et avantage en nature. Exclure le financement étranger comme objet principal, traité par INV-094/INV-140, sauf lorsqu’il éclaire une règle ou un mécanisme français. Une irrégularité comptable n’est pas en soi une fraude; rejet ou réformation de comptes n’établit pas une corruption; financement n’établit pas commandement politique.",A003:210245443.limpossible-rassemblement;A039:198659211.opposition-controlee-anatomie-dun;A101:180309272.ladieu-aux-partis-du-diagnostic-de,DELIVERY_PASS_R3P1,NO,INV-093_RUN_HANDOFF.md,NONE — CLOSED; regulated multi-channel financing and graded controls established; upstream individual-fund origin gap remains; route terminal delta to INV-095 and INV-102; recheck only on material primary origin-of-funds or causal evidence.
INV-094,W8,Financement étranger direct ou indirect des partis et candidats européens,CLOSED,P1,CASE,DEEPEN,PARTIAL,HIGH,,INV-093,,CORE_MISSION_RECLASSIFIED_2026-09-07_1933,"Dans quels cas et par quels mécanismes des fonds ou avantages d’origine étrangère atteignent-ils directement ou indirectement des partis ou candidats européens, comment l’origine bénéficiaire et les véhicules intermédiaires sont-ils établis, et quelles preuves permettent de distinguer financement légal ou illégal, contournement, commandement politique et effet électoral ?","France/Europe 2012–2026, priorité aux cas où un parti ou candidat reçoit un prêt, don, avantage en nature, prestation, garantie ou soutien financier attribuable à une source étrangère, directement ou via un véhicule intermédiaire. Tracer source et bénéficiaire réel, véhicule, transfert, base juridique, déclaration/contrôle, décision/sanction, coordination ou tasking éventuel et effet. Complément d’INV-093 (financement domestique réglementé) et d’INV-140 (espace électoral indirect hors partis/candidats). Gardes : foreign funding != interference ; funding != command ; loan != donation ; intermediary != concealed principal ; illegality != electoral effect ; sanction != result changed.",A116:180061326.qui-a-vraiment-la-tete-dans-le-sable;A119:180052771.qui-est-vraiment-louis-duclos,DELIVERY_PASS_R3P1,NO,INV-094_RUN_HANDOFF.md,"NONE — CLOSED; route terminal delta to INV-095; recheck only on material beneficial-owner, contract/counterparty, judicial/prosecutorial or causal evidence."
INV-095,W8,"Sélection des candidats avant l’élection : partis, financeurs, réseaux, médias, grandes écoles et cooptation",BLOCKED,P1,SYNTHESIS,SYNTHESIS,SUBSTANTIAL_PRIOR,HIGH,INV-093;INV-094;INV-119;INV-081,,,DEPENDENCIES_DONE,,,A003:210245443.limpossible-rassemblement;A014:202848231.lecart-legalitelegitimite-la-signature;A036:199422722.la-caste-parasite-qui-gouverne-la;A039:198659211.opposition-controlee-anatomie-dun;A053:193017697.comment-la-richesse-verrouille-le;A068:187674415.le-triangle-de-la-capture-le-mecanisme;A101:180309272.ladieu-aux-partis-du-diagnostic-de,NOT_RUN,UNDECIDED,,Attendre les investigations constitutives ; synthétiser seulement les deltas probatoires.
INV-096,W8,Microtargeting électoral et données personnelles en France/UE,BACKLOG,P1,PRIMARY,DEEPEN,PARTIAL,HIGH,,,,PILOT_VALIDATED,,,A071:186904003.larchitecture-de-la-censure-europeenne;A082:183123537.lempire-du-mensonge-rapport-dautopsie,NOT_RUN,UNDECIDED,,"Pilote validé. Au prochain cycle, reclasser via CORE_MISSION_GATE puis model_change > discrimination > dependency_unlock > coverage_gap > utility. Ne pas pré-sélectionner hors d’un artefact de reclassification courant."
INV-097,W8,"Bots, faux comptes, astroturfing et amplification artificielle pendant les élections",BACKLOG,P1,PRIMARY,RECHECK_EXTEND,SUBSTANTIAL_PRIOR,HIGH,,,,PILOT_VALIDATED,,,A004:210182384.lingerence-sans-mesure;A013:203962785.un-geyser-de-6-metres-a-clichy-autopsie;A071:186904003.larchitecture-de-la-censure-europeenne,NOT_RUN,UNDECIDED,,"Pilote validé. Au prochain cycle, reclasser via CORE_MISSION_GATE puis model_change > discrimination > dependency_unlock > coverage_gap > utility. Ne pas pré-sélectionner hors d’un artefact de reclassification courant."
INV-098,W8,"Achat de votes, clientélisme et redistribution électoraliste : formes modernes et réalité française",BACKLOG,P1,PRIMARY,GREENFIELD,NEW,HIGH,,,,PILOT_VALIDATED,,,,NOT_RUN,UNDECIDED,,"Pilote validé. Au prochain cycle, reclasser via CORE_MISSION_GATE puis model_change > discrimination > dependency_unlock > coverage_gap > utility. Ne pas pré-sélectionner hors d’un artefact de reclassification courant."
INV-099,W8,"Fraude électorale réelle versus industrie de l’accusation de fraude : fréquence, mécanismes, vérifiabilité",BACKLOG,P1,PRIMARY,GREENFIELD,NEW,HIGH,,,,PILOT_VALIDATED,,,,NOT_RUN,UNDECIDED,,"Pilote validé. Au prochain cycle, reclasser via CORE_MISSION_GATE puis model_change > discrimination > dependency_unlock > coverage_gap > utility. Ne pas pré-sélectionner hors d’un artefact de reclassification courant."
INV-100,W8,Annulation ou neutralisation judiciaire/administrative d’une élection : Roumanie et comparaisons internationales,CLOSED,P1,PRIMARY,DEEPEN,PARTIAL,HIGH,,,,CORE_MISSION_RECLASSIFIED_2026-09-07_0829,"Dans quels cas, sur quelles bases juridiques et avec quel niveau de preuve une juridiction ou une autorité administrative peut-elle annuler, invalider ou neutraliser une élection, une candidature ou un résultat au nom d’irrégularités, d’ingérence, de financement, de désinformation ou de sécurité, et comment distinguer remède institutionnel normal, erreur, effet politique et instrumentalisation démontrée ?","France/Europe 2015–2026 avec la Roumanie comme cas central et comparateurs uniquement s’ils sont juridiquement et procéduralement comparables. Tracer base juridique, faits retenus, origine et qualité des preuves, standard de preuve, calendrier, contradictoire, décision, recours, effet sur la compétition et preuve éventuelle d’intention. Séparer accusation d’ingérence, constat juridictionnel, annulation légale, effet électoral et instrumentalisation. INV-143 traite séparément le timing préélectoral.",A006:209222653.du-narratif-a-lingerence-le-seuil;A057:192293819.la-democratie-en-cage,DELIVERY_PASS_R3P1,NO,INV-100_RUN_HANDOFF.md,NONE — CLOSED; route terminal delta to INV-102 and INV-129; recheck only on material judicial/declassified/causal evidence.
INV-101,W8,"Référendum, RIC et accès du peuple à la décision : qui peut initier la question ?",DEFERRED,P1,DEFER_CONTEXT,DEFER,SUBSTANTIAL_PRIOR,HIGH,,,,ARTICLE_NEEDS_DEMOCRATIC_ALTERNATIVES,,,A003:210245443.limpossible-rassemblement;A007:206399715.le-peuple-nexiste-que-sur-convocation;A010:205911763.le-verrou-invisible-anatomie-du-ric;A022:199655164.le-verrou-28-recours-au-493-57-dabstention;A037:199049245.le-changement-de-regime-pourquoi;A038:199724760.le-peuple-est-le-seul-souverain-le;A057:192293819.la-democratie-en-cage;A101:180309272.ladieu-aux-partis-du-diagnostic-de,NOT_RUN,UNDECIDED,,Réactiver seulement si l’article traite explicitement des alternatives institutionnelles.
INV-102,W8,"Consentement sans choix réel : verrou institutionnel, offre politique, abstention, vote stratégique et légitimité",BLOCKED,P1,SYNTHESIS,SYNTHESIS,SUBSTANTIAL_PRIOR,HIGH,INV-093;INV-095;INV-098;INV-099;INV-100,,,DEPENDENCIES_DONE,,,A003:210245443.limpossible-rassemblement;A007:206399715.le-peuple-nexiste-que-sur-convocation;A010:205911763.le-verrou-invisible-anatomie-du-ric;A014:202848231.lecart-legalitelegitimite-la-signature;A022:199655164.le-verrou-28-recours-au-493-57-dabstention;A037:199049245.le-changement-de-regime-pourquoi;A038:199724760.le-peuple-est-le-seul-souverain-le;A041:198170736.le-paradoxe-francais-66-de-colere;A057:192293819.la-democratie-en-cage;A059:191154925.pourquoi-les-electeurs-francais-votent;A101:180309272.ladieu-aux-partis-du-diagnostic-de,NOT_RUN,UNDECIDED,,Attendre les investigations constitutives ; synthétiser seulement les deltas probatoires.
INV-103,W9,Défiance institutionnelle française : mesurer précisément qui n’est plus cru et pourquoi,CLOSED,P1,PRIMARY,DEEPEN,PARTIAL,HIGH,,,,INV-071_PILOT_REVIEW_COMPLETE,"Comment la confiance et la défiance se distribuent-elles réellement entre institutions en France, comment ont-elles évolué, et quelles causes sont soutenues par des preuves plutôt que par de simples corrélations ?","France, 2010–2026 avec focus 2020–2026. Séparer institutions politiques nationales, locales, médias, justice, police/armée, santé et démocratie comme régime. Examiner séries temporelles, comparateurs, déterminants et limites causales ; éviter l’agrégat vague 'défiance envers les institutions'.",A010:205911763.le-verrou-invisible-anatomie-du-ric;A014:202848231.lecart-legalitelegitimite-la-signature;A021:199655311.la-justice-fantome-020-du-pib-86;A022:199655164.le-verrou-28-recours-au-493-57-dabstention;A041:198170736.le-paradoxe-francais-66-de-colere;A057:192293819.la-democratie-en-cage;A059:191154925.pourquoi-les-electeurs-francais-votent;A082:183123537.lempire-du-mensonge-rapport-dautopsie;A106:180194877.407-mensonges-lautopsie-dun-systeme,DELIVERY_PASS_R3P1,NO,INV-103_RUN_HANDOFF.md,NONE — CLOSED after post-run review; RENARD NO; causal upgrades require new identified designs/data.
INV-104,W9,Mensonge institutionnel → défiance → vulnérabilité à la manipulation : la boucle causale existe-t-elle ?,BLOCKED,P1,SYNTHESIS,SYNTHESIS,SUBSTANTIAL_PRIOR,HIGH,INV-103;INV-106;INV-107;INV-111;INV-112,,,DEPENDENCIES_DONE,,,A008:208733314.la-fabrique-de-la-menace-comment;A014:202848231.lecart-legalitelegitimite-la-signature;A041:198170736.le-paradoxe-francais-66-de-colere;A065:189043675.la-machine-a-silence;A072:186844276.tristan-mendes-france-la-machine;A077:185893876.budget-2026-larchitecture-du-mensonge;A082:183123537.lempire-du-mensonge-rapport-dautopsie;A097:180580808.pravda-quand-lelysee-ironise-sur;A098:180481861.quand-lelysee-attaque-un-journaliste;A106:180194877.407-mensonges-lautopsie-dun-systeme;A111:180120693.macron-et-la-paix-en-ukraine-ce-que,NOT_RUN,UNDECIDED,,Attendre les investigations constitutives ; synthétiser seulement les deltas probatoires.
INV-105,W9,"Autorité, conformisme et obéissance : ce que Milgram, Asch et recherches contemporaines permettent réellement d’extrapoler",BACKLOG,P1,PRIMARY,DEEPEN,PARTIAL,HIGH,,,,PILOT_VALIDATED,,,A052:193239406.oak-island-le-mecanisme-de-capture;A070:187237034.de-lombre-des-cavernes-a-lecran-lumineux;A082:183123537.lempire-du-mensonge-rapport-dautopsie,NOT_RUN,UNDECIDED,,"Pilote validé. Au prochain cycle, reclasser via CORE_MISSION_GATE puis model_change > discrimination > dependency_unlock > coverage_gap > utility. Ne pas pré-sélectionner hors d’un artefact de reclassification courant."
INV-106,W9,"Peur et production de menace : terrorisme, guerre, pandémie, climat, immigration, cybermenaces",BACKLOG,P1,PRIMARY,RECHECK_EXTEND,SUBSTANTIAL_PRIOR,HIGH,,,,PILOT_VALIDATED,,,A008:208733314.la-fabrique-de-la-menace-comment;A012:204169916.le-debat-qui-nexistait-pas-6-mecanismes;A013:203962785.un-geyser-de-6-metres-a-clichy-autopsie;A058:191802696.la-guerre-des-autres;A071:186904003.larchitecture-de-la-censure-europeenne;A075:186127641.limpasse-persique-pourquoi-loccident;A082:183123537.lempire-du-mensonge-rapport-dautopsie;A090:181766389.les-telegraphistes-de-la-terreur;A104:180261963.democratie-rare-en-temps-de-guerre-82a;A105:180223640.larmee-potemkine-quand-le-spectre,NOT_RUN,UNDECIDED,,"Pilote validé. Au prochain cycle, reclasser via CORE_MISSION_GATE puis model_change > discrimination > dependency_unlock > coverage_gap > utility. Ne pas pré-sélectionner hors d’un artefact de reclassification courant."
INV-107,W9,Moral panics et politiques publiques : comment un événement devient urgence collective,BACKLOG,P1,PRIMARY,DEEPEN,PARTIAL,HIGH,,,,PILOT_VALIDATED,,,A008:208733314.la-fabrique-de-la-menace-comment;A013:203962785.un-geyser-de-6-metres-a-clichy-autopsie;A075:186127641.limpasse-persique-pourquoi-loccident;A082:183123537.lempire-du-mensonge-rapport-dautopsie;A096:180734703.abattage-massif-en-savoie-la-france,NOT_RUN,UNDECIDED,,"Pilote validé. Au prochain cycle, reclasser via CORE_MISSION_GATE puis model_change > discrimination > dependency_unlock > coverage_gap > utility. Ne pas pré-sélectionner hors d’un artefact de reclassification courant."
INV-108,W9,"Identité politique, tribalisme et raisonnement motivé : pourquoi les faits seuls échouent",BACKLOG,P1,PRIMARY,DEEPEN,PARTIAL,HIGH,,,,PILOT_VALIDATED,,,A059:191154925.pourquoi-les-electeurs-francais-votent;A069:187436825.darwin-et-evolution-enquete-sur-les;A082:183123537.lempire-du-mensonge-rapport-dautopsie,NOT_RUN,UNDECIDED,,"Pilote validé. Au prochain cycle, reclasser via CORE_MISSION_GATE puis model_change > discrimination > dependency_unlock > coverage_gap > utility. Ne pas pré-sélectionner hors d’un artefact de reclassification courant."
INV-109,W9,"Illusory truth, répétition et familiarité : limites réelles du pouvoir propagandiste",BACKLOG,P1,PRIMARY,DEEPEN,PARTIAL,HIGH,,,,PILOT_VALIDATED,,,A008:208733314.la-fabrique-de-la-menace-comment;A082:183123537.lempire-du-mensonge-rapport-dautopsie,NOT_RUN,UNDECIDED,,"Pilote validé. Au prochain cycle, reclasser via CORE_MISSION_GATE puis model_change > discrimination > dependency_unlock > coverage_gap > utility. Ne pas pré-sélectionner hors d’un artefact de reclassification courant."
INV-110,W9,"Learned helplessness, efficacité politique et résignation démocratique",CONDITIONAL,P1,CONDITIONAL_CASE,CONDITIONAL,PARTIAL,HIGH,INV-103,,,EMPIRICAL_POLITICAL_EFFICACY_GAP,,,A041:198170736.le-paradoxe-francais-66-de-colere;A052:193239406.oak-island-le-mecanisme-de-capture;A082:183123537.lempire-du-mensonge-rapport-dautopsie,NOT_RUN,UNDECIDED,,N’activer qu’en reformulant vers efficacité politique/résignation avec littérature empirique contemporaine.
INV-111,W9,Économie de l’indignation : médias et plateformes transforment-ils la colère en produit plutôt qu’en action ?,BACKLOG,P1,PRIMARY,RECHECK_EXTEND,SUBSTANTIAL_PRIOR,HIGH,,,,PILOT_VALIDATED,,,A008:208733314.la-fabrique-de-la-menace-comment;A012:204169916.le-debat-qui-nexistait-pas-6-mecanismes;A025:199654938.medias-censure-et-desinformation;A065:189043675.la-machine-a-silence;A072:186844276.tristan-mendes-france-la-machine;A082:183123537.lempire-du-mensonge-rapport-dautopsie;A091:181572197.lindustrie-de-linfluence-enquete,NOT_RUN,UNDECIDED,,"Pilote validé. Au prochain cycle, reclasser via CORE_MISSION_GATE puis model_change > discrimination > dependency_unlock > coverage_gap > utility. Ne pas pré-sélectionner hors d’un artefact de reclassification courant."
INV-112,W9,"Complotisme comme symptôme, marché et instrument politique : causes réelles, exploitations et erreurs institutionnelles",BACKLOG,P1,PRIMARY,RECHECK_EXTEND,SUBSTANTIAL_PRIOR,HIGH,,,,PILOT_VALIDATED,,,A001:212538645.qui-fact-checke-les-fact-checkers;A002:212051560.qui-fabrique-lautorite-du-vrai;A008:208733314.la-fabrique-de-la-menace-comment;A059:191154925.pourquoi-les-electeurs-francais-votent;A069:187436825.darwin-et-evolution-enquete-sur-les;A072:186844276.tristan-mendes-france-la-machine;A082:183123537.lempire-du-mensonge-rapport-dautopsie,NOT_RUN,UNDECIDED,,"Pilote validé. Au prochain cycle, reclasser via CORE_MISSION_GATE puis model_change > discrimination > dependency_unlock > coverage_gap > utility. Ne pas pré-sélectionner hors d’un artefact de reclassification courant."
INV-113,W10,"Franc-maçonnerie : sociologie des réseaux, accès, cooptation et décisions démontrables",CONDITIONAL,P2,CONDITIONAL_CASE,CONDITIONAL,PARTIAL,MEDIUM,INV-132,INV-132,,MATERIAL_LEAD_FROM_INV-132,,,A055:192483249.ce-nest-pas-du-satanisme-cest-une;A010:205911763.le-verrou-invisible-anatomie-du-ric,NOT_RUN,UNDECIDED,,"Activer seulement si INV-132 établit un lead matériel, discriminant et documentable."
INV-114,W10,"Le Siècle : composition, circulation des élites, accès et influence démontrable",CONDITIONAL,P2,CONDITIONAL_CASE,CONDITIONAL,PARTIAL,MEDIUM,INV-132,INV-132,,MATERIAL_LEAD_FROM_INV-132,,,A036:199422722.la-caste-parasite-qui-gouverne-la;A055:192483249.ce-nest-pas-du-satanisme-cest-une,NOT_RUN,UNDECIDED,,"Activer seulement si INV-132 établit un lead matériel, discriminant et documentable."
INV-115,W10,"Bilderberg : participants, agenda, réseaux, mythes et effets réellement traçables",CONDITIONAL,P2,CONDITIONAL_CASE,CONDITIONAL,PARTIAL,MEDIUM,INV-132,INV-132,,MATERIAL_LEAD_FROM_INV-132,,,A055:192483249.ce-nest-pas-du-satanisme-cest-une,NOT_RUN,UNDECIDED,,"Activer seulement si INV-132 établit un lead matériel, discriminant et documentable."
INV-116,W10,"WEF / Young Global Leaders : sélection, réseaux, idées, trajectoires et limites des inférences de contrôle",CONDITIONAL,P2,CONDITIONAL_CASE,CONDITIONAL,PARTIAL,MEDIUM,INV-132,INV-132,,MATERIAL_LEAD_FROM_INV-132,,,A044:194695720.larchitecture-a-luvre;A054:192726440.le-vampire-de-la-croissance;A082:183123537.lempire-du-mensonge-rapport-dautopsie,NOT_RUN,UNDECIDED,,"Activer seulement si INV-132 établit un lead matériel, discriminant et documentable."
INV-117,W10,"French-American Foundation / Young Leaders : réseau transatlantique, carrières et influence démontrable",CONDITIONAL,P2,CONDITIONAL_CASE,CONDITIONAL,PARTIAL,MEDIUM,INV-132,INV-132,,MATERIAL_LEAD_FROM_INV-132,,,A036:199422722.la-caste-parasite-qui-gouverne-la;A090:181766389.les-telegraphistes-de-la-terreur,NOT_RUN,UNDECIDED,,"Activer seulement si INV-132 établit un lead matériel, discriminant et documentable."
INV-118,W10,CFR / Trilateral Commission / réseaux transatlantiques : influence intellectuelle versus coordination politique,CONDITIONAL,P2,CONDITIONAL_CASE,CONDITIONAL,NEW,MEDIUM,INV-132,INV-132,,MATERIAL_LEAD_FROM_INV-132,,,,NOT_RUN,UNDECIDED,,"Activer seulement si INV-132 établit un lead matériel, discriminant et documentable."
INV-119,W10,"Grandes écoles, ENA/INSP, Inspection des finances : reproduction, circulation et concentration des élites administratives",BACKLOG,P2,PRIMARY,RECHECK_EXTEND,SUBSTANTIAL_PRIOR,HIGH,,,,PILOT_VALIDATED,,,A014:202848231.lecart-legalitelegitimite-la-signature;A036:199422722.la-caste-parasite-qui-gouverne-la;A053:193017697.comment-la-richesse-verrouille-le;A068:187674415.le-triangle-de-la-capture-le-mecanisme,NOT_RUN,UNDECIDED,,"Pilote validé. Au prochain cycle, reclasser via CORE_MISSION_GATE puis model_change > discrimination > dependency_unlock > coverage_gap > utility. Ne pas pré-sélectionner hors d’un artefact de reclassification courant."
INV-120,W10,"Finance et banques : lobbying, revolving doors, dépendance réglementaire et pouvoir de marché sur la décision publique",BACKLOG,P2,PRIMARY,DEEPEN,PARTIAL,HIGH,,,,PILOT_VALIDATED,,,A034:199653976.la-dette-instrumentalisee-3-200-milliards;A035:199655748.largent-qui-disparait-80-a-100-milliards;A046:194422681.le-leviathan-de-verre;A053:193017697.comment-la-richesse-verrouille-le;A054:192726440.le-vampire-de-la-croissance;A062:190192234.le-grand-manege-de-la-depossession;A083:183424330.lagonie-du-souverain-la-singularite;A089:182308074.france-2025-lanatomie-dune-feodalite,NOT_RUN,UNDECIDED,,"Pilote validé. Au prochain cycle, reclasser via CORE_MISSION_GATE puis model_change > discrimination > dependency_unlock > coverage_gap > utility. Ne pas pré-sélectionner hors d’un artefact de reclassification courant."
INV-121,W10,"Industrie pharmaceutique : lobbying, expertise, recherche, régulation, médias et conflits d’intérêts",BACKLOG,P2,PRIMARY,DEEPEN,PARTIAL,MEDIUM,,,,PILOT_VALIDATED,,,A001:212538645.qui-fact-checke-les-fact-checkers;A043:194966421.la-constellation-davril;A045:194518266.lingenierie-de-lenclos;A056:192351575.le-reseau-qui-nous-facture;A082:183123537.lempire-du-mensonge-rapport-dautopsie;A089:182308074.france-2025-lanatomie-dune-feodalite;A095:180851146.france-2025-larchitecture-de-lenfer,NOT_RUN,UNDECIDED,,"Pilote validé. Au prochain cycle, reclasser via CORE_MISSION_GATE puis model_change > discrimination > dependency_unlock > coverage_gap > utility. Ne pas pré-sélectionner hors d’un artefact de reclassification courant."
INV-122,W10,"Industrie de défense : commandes publiques, lobbying, think tanks, médias et politique étrangère",BACKLOG,P2,PRIMARY,RECHECK_EXTEND,SUBSTANTIAL_PRIOR,HIGH,,,,PILOT_VALIDATED,,,A023:199655095.la-defense-rongee-449-md-sans-munitions;A058:191802696.la-guerre-des-autres;A063:189855247.le-sanctuaire-inverse-comment-la;A075:186127641.limpasse-persique-pourquoi-loccident;A083:183424330.lagonie-du-souverain-la-singularite;A090:181766389.les-telegraphistes-de-la-terreur;A105:180223640.larmee-potemkine-quand-le-spectre;A107:180162835.service-militaire-volontaire-ce-que;A115:180081515.ukraine-ce-que-hayer-trump-et-zelenskyy,NOT_RUN,UNDECIDED,,"Pilote validé. Au prochain cycle, reclasser via CORE_MISSION_GATE puis model_change > discrimination > dependency_unlock > coverage_gap > utility. Ne pas pré-sélectionner hors d’un artefact de reclassification courant."
INV-123,W10,"Big Tech : lobbying, infrastructures, modération, données, dépendance étatique et pouvoir normatif",BACKLOG,P2,PRIMARY,RECHECK_EXTEND,SUBSTANTIAL_PRIOR,HIGH,,,,PILOT_VALIDATED,,,A002:212051560.qui-fabrique-lautorite-du-vrai;A004:210182384.lingerence-sans-mesure;A020:199655242.le-numerique-colonise-70-des-donnees;A067:188810196.le-gulag-digital-surveilles-a-100;A071:186904003.larchitecture-de-la-censure-europeenne;A074:186286764.ce-que-macron-appelle-protection;A109:180129975.leurope-construit-elle-un-credit-40d;A110:180128122.leurope-construit-elle-un-credit,NOT_RUN,UNDECIDED,,"Pilote validé. Au prochain cycle, reclasser via CORE_MISSION_GATE puis model_change > discrimination > dependency_unlock > coverage_gap > utility. Ne pas pré-sélectionner hors d’un artefact de reclassification courant."
INV-124,W10,"Debanking, paiements, sanctions et accès financier comme infrastructure privée/publique de coercition",BACKLOG,P2,PRIMARY,DEEPEN,PARTIAL,HIGH,,,,PILOT_VALIDATED,,,A067:188810196.le-gulag-digital-surveilles-a-100;A083:183424330.lagonie-du-souverain-la-singularite;A087:182502562.la-justice-spectrale-lere-du-bannissement;A109:180129975.leurope-construit-elle-un-credit-40d;A110:180128122.leurope-construit-elle-un-credit,NOT_RUN,UNDECIDED,,"Pilote validé. Au prochain cycle, reclasser via CORE_MISSION_GATE puis model_change > discrimination > dependency_unlock > coverage_gap > utility. Ne pas pré-sélectionner hors d’un artefact de reclassification courant."
INV-125,W10,"Infrastructures numériques critiques et souveraineté : cloud, hébergement, données, câbles, puces, extraterritorialité et dépendance comme leviers de pouvoir",BACKLOG,P1,PRIMARY,DEEPEN,PARTIAL,HIGH,,,,PILOT_VALIDATED,,,A020:199655242.le-numerique-colonise-70-des-donnees,NOT_RUN,UNDECIDED,,"Pilote validé. Au prochain cycle, reclasser via CORE_MISSION_GATE puis model_change > discrimination > dependency_unlock > coverage_gap > utility. Ne pas pré-sélectionner hors d’un artefact de reclassification courant."
INV-126,W10,"Corps intermédiaires, syndicats, fédérations professionnelles et chambres consulaires : représentation légitime versus capture de la décision",BACKLOG,P1,PRIMARY,DEEPEN,PARTIAL,HIGH,,,,PILOT_VALIDATED,,,A112:180109075.liceberg-du-syndicalisme-agricole;A120:180043331.le-double-discours-du-rn-sur-lagriculture,NOT_RUN,UNDECIDED,,"Pilote validé. Au prochain cycle, reclasser via CORE_MISSION_GATE puis model_change > discrimination > dependency_unlock > coverage_gap > utility. Ne pas pré-sélectionner hors d’un artefact de reclassification courant."
INV-127,W10,"Soft power culturel et académique : universités, bourses, instituts, échanges, langue, culture et formation des élites",BACKLOG,P2,PRIMARY,GREENFIELD,NEW,MEDIUM,,,,PILOT_VALIDATED,,,,NOT_RUN,UNDECIDED,,"Pilote validé. Au prochain cycle, reclasser via CORE_MISSION_GATE puis model_change > discrimination > dependency_unlock > coverage_gap > utility. Ne pas pré-sélectionner hors d’un artefact de reclassification courant."
INV-128,W10,"Influence-for-hire : renseignement privé, cabinets d’intelligence, réputation, infiltration et campagnes clandestines pour clients étatiques ou privés",CLOSED,P1,PRIMARY,DEEPEN,PARTIAL,HIGH,,,,CORE_MISSION_REFOCUS_2026-09-06,"Quels services d’influence clandestine peuvent être achetés sur le marché privé — faux comptes, hacking, infiltration, faux médias, amplification, renseignement, réputation et suppression de contenu — et dans quels cas peut-on établir une chaîne client → prestataire → action → cible → exposition/effet sans confondre capacité annoncée, démonstration commerciale, opération exécutée, attribution et résultat ?","2010–2026, priorité France/Europe avec comparateurs internationaux lorsque les traces sont meilleures. Étudier notamment les prestataires d’influence-for-hire et leurs chaînes documentées (Team Jorge, STOIC/Zero Zeno, Alp Services/EAU et cas comparables), en séparant strictement identité du client, contrat/paiement, capacité, action effectivement exécutée, cible, portée et effet. Exclure le lobbying déclaré et la PR ordinaire (INV-042/064), le cybercrime sans objectif politique ou réputationnel, et toute attribution de client fondée sur la seule nationalité, géographie ou proximité.",A004:210182384.lingerence-sans-mesure;A071:186904003.larchitecture-de-la-censure-europeenne;A091:181572197.lindustrie-de-linfluence-enquete,DELIVERY_PASS_R3P1,NO,INV-128_RUN_HANDOFF.md,"NONE — CLOSED; route attribution/client gaps to INV-134, indirect electoral funding to INV-140, symmetry to INV-146."
INV-129,W10,"Lawfare et coercition juridique : contentieux stratégique, SLAPP, sanctions administratives, procédures et droit comme instruments d’influence",BLOCKED,P1,SYNTHESIS,SYNTHESIS,PARTIAL,HIGH,INV-054;INV-080;INV-100;INV-124,,,DEPENDENCIES_DONE,,,A006:209222653.du-narratif-a-lingerence-le-seuil;A087:182502562.la-justice-spectrale-lere-du-bannissement;A098:180481861.quand-lelysee-attaque-un-journaliste,NOT_RUN,UNDECIDED,,Attendre les investigations constitutives ; synthétiser seulement les deltas probatoires.
INV-130,W2,"Maroc : influence politique, diplomatique, économique, sécuritaire et diasporique en France",BACKLOG,P1,PRIMARY,GREENFIELD,NEW,HIGH,,INV-038,,PILOT_VALIDATED,,,,NOT_RUN,UNDECIDED,,"Pilote validé. Au prochain cycle, reclasser via CORE_MISSION_GATE puis model_change > discrimination > dependency_unlock > coverage_gap > utility. Ne pas pré-sélectionner hors d’un artefact de reclassification courant."
INV-131,W2,"Algérie : influence politique, diplomatique, économique, sécuritaire et diasporique en France",BACKLOG,P1,PRIMARY,GREENFIELD,NEW,HIGH,,INV-038,,PILOT_VALIDATED,,,,NOT_RUN,UNDECIDED,,"Pilote validé. Au prochain cycle, reclasser via CORE_MISSION_GATE puis model_change > discrimination > dependency_unlock > coverage_gap > utility. Ne pas pré-sélectionner hors d’un artefact de reclassification courant."
INV-132,W10,Réseaux d’élites extra-institutionnels : cartographie comparative France/transnational et triage des cas réellement matériels,BACKLOG,P1,PRIMARY,DEEPEN,PARTIAL,HIGH,,,,PILOT_VALIDATED,,,,NOT_RUN,UNDECIDED,,"Pilote validé. Au prochain cycle, reclasser via CORE_MISSION_GATE puis model_change > discrimination > dependency_unlock > coverage_gap > utility. Ne pas pré-sélectionner hors d’un artefact de reclassification courant."
INV-133,W0,"Synthèse systémique finale : pluralisme, captures sectorielles, réseaux, émergence, coordinations et architecture de pouvoir — départager les modèles concurrents",BLOCKED,P0,SYNTHESIS,SYNTHESIS,PARTIAL,HIGH,INV-038;INV-040;INV-052;INV-068;INV-082;INV-088;INV-095;INV-102;INV-104;INV-129;INV-144;INV-146,,,EVIDENCE_SUFFICIENT,,,,NOT_RUN,UNDECIDED,,"Attendre les synthèses constitutives, dont économie politique de la contre-ingérence et test d’asymétrie ; départager pluralisme/captures/réseaux/émergence/coordination."
INV-134,W0,"Attribution d’ingérence : chaîne de preuve, degrés de confiance, contradictions, corrections et responsabilités",CLOSED,P1,PRIMARY,RECHECK_EXTEND,PARTIAL,HIGH,,,,CORE_MISSION_GATE,"Lorsqu’un État, un service, une plateforme ou un média attribue une opération à un acteur étranger, quelles preuves permettent de passer de l’incident observable à l’opérateur, puis au commanditaire étatique, à l’intention et à l’effet ; quels degrés de confiance, contradictions, révisions ou rétractations apparaissent ensuite ?","France/UE 2017–2026 avec comparateurs documentables. Auditer des chaînes d’attribution complètes, notamment VIGINUM, rapports de plateformes et cas où versions institutionnelles se contredisent. Cas von der Leyen/GPS 2025 comme test de méthode : distinguer existence d’une perturbation, attribution technique, lien à un État, intention et effet. Toute accusation et tout démenti sont des claims ; aucune autorité n’est une preuve par statut.",A004:210182384.lingerence-sans-mesure;A006:209222653.du-narratif-a-lingerence-le-seuil;A097:180580808.pravda-quand-lelysee-ironise-sur,DELIVERY_PASS_R3P1,NO,INV-134_RUN_HANDOFF.md,NONE — CLOSED; attribution-edge model available to INV-137/144/146; recheck only on material new technical/tasking/causal evidence.
INV-135,W8,"Hack-and-leak, kompromat et divulgations synchronisées : voler, authentifier, falsifier ou publier pour peser sur une élection",CLOSED,P1,PRIMARY,DEEPEN,PARTIAL,HIGH,,,,CORE_MISSION_RECLASSIFIED_2026-09-06,"Comment distinguer dans une opération hack-and-leak l’intrusion, l’attribution du vol, l’authenticité ou l’altération des documents, le choix du moment de publication, l’amplification coordonnée et un effet électoral réellement mesurable ?","Élections 2016–2026 avec priorité France/Europe et comparateurs US. Inclure MacronLeaks 2017, DNC 2016 et autres cas suffisamment documentés. Séparer hack, leak, falsification éventuelle, publication, relais, exposition et effet ; ne pas convertir synchronisation ou bénéfice politique en commandement.",A004:210182384.lingerence-sans-mesure,DELIVERY_PASS_R3P1,NO,INV-135_RUN_HANDOFF.md,"NONE — CLOSED; route attribution chronology to INV-137, timing questions to INV-143, symmetry to INV-146; recheck only on material new technical/judicial/causal evidence."
INV-136,W3,"Corruption étrangère au cœur des institutions européennes : Qatargate/Morocco, Huawei et diplomatie des cadeaux",CLOSED,P1,PRIMARY,DEEPEN,PARTIAL,HIGH,,,,CORE_MISSION_REFOCUS_2026-09-06,"Dans quels dossiers européens peut-on tracer un avantage, paiement, cadeau ou financement provenant d’un intérêt étranger vers un intermédiaire ou responsable public, puis vers un acte politique identifiable ; et où la preuve s’arrête-t-elle à l’accusation, l’enquête ou l’accès sans contrepartie démontrée ?","Institutions UE et Conseil de l’Europe, 2008–2026. Qatargate/Morocco, enquête Huawei 2025 et cas de « caviar diplomacy » comme familles séparées. Encoder procédure, accusations, preuves matérielles, défense, statut judiciaire et acte politique allégué. Pas de culpabilité par mise en examen, perquisition, nationalité ou proximité.",A023:199655095.la-defense-rongee-449-md-sans-munitions;A091:181572197.lindustrie-de-linfluence-enquete,DELIVERY_PASS_R3P1,NO,INV-136_RUN_HANDOFF.md,NONE — CLOSED; recheck Qatargate/Huawei only on material judicial/documentary evidence; route disclosure boundary to INV-145 and symmetry to INV-146.
INV-137,W6,Renseignement → exécutif → médias : la chaîne d’attribution anonyme comme dispositif d’influence,CLOSED,P1,PRIMARY,DEEPEN,PARTIAL,HIGH,,,,CORE_MISSION_GATE,"Comment une évaluation de renseignement ou un briefing non public devient-il une affirmation publique, puis une certitude médiatique et éventuellement une décision politique ; quelles parties de la chaîne sont vérifiables, corrigées ou impossibles à auditer ?","France/UE 2015–2026. Tracer incident → source de renseignement/évaluation → porte-parole/exécutif → médias → mesure politique → correction éventuelle. Comparer briefings nommés, anonymes et documents déclassifiés. Distinguer protection légitime des sources, information probabiliste, fuite stratégique et manipulation démontrée.",A004:210182384.lingerence-sans-mesure;A008:208733314.la-fabrique-de-la-menace-comment,DELIVERY_PASS_R3P1,NO,INV-137_RUN_HANDOFF.md,NONE — CLOSED; disclosure/confidence model available to INV-144/146; recheck Murayev/bounties/Nord Stream only on material declassification/judicial evidence.
INV-138,W2,"France comme puissance d’influence à l’étranger : diplomatie, AFD, médias internationaux, réseaux politiques, assistance électorale et renseignement",CLOSED,P1,PRIMARY,DEEPEN,PARTIAL,HIGH,,,,CORE_MISSION_RECLASSIFIED_2026-09-06_2212,"Quels mécanismes la France utilise-t-elle pour influencer des espaces politiques étrangers, lesquels sont transparents et consentis, lesquels sont coercitifs ou clandestins, et selon quels critères les qualifier sans employer un standard différent de celui appliqué aux puissances visant la France ?","2000–2026, échantillon de cas documentables. Diplomatie publique, AFD, France Médias Monde, coopération institutionnelle/électorale, réseaux politiques, sanctions/conditionnalité et opérations clandestines uniquement lorsque documentées. Ne pas appeler « ingérence » l’aide, le média international ou la diplomatie par nature ; classifier mécanisme, visibilité, consentement, légalité, coordination et effet.",A004:210182384.lingerence-sans-mesure;A091:181572197.lindustrie-de-linfluence-enquete,DELIVERY_PASS_R3P1,NO,INV-138_RUN_HANDOFF.md,NONE - CLOSED; France-as-sender controls available to INV-146; recheck only on material tasking/candidate/causal evidence.
INV-139,W3,"Union européenne comme puissance d’influence extérieure : société civile, observation électorale, partis, conditionnalité et sanctions",CLOSED,P1,PRIMARY,DEEPEN,PARTIAL,HIGH,,,,CORE_MISSION_GATE,"Comment l’UE cherche-t-elle explicitement à modifier institutions, normes, capacités civiques et processus électoraux hors UE, quels instruments financiers ou politiques sont employés, et où se situe la frontière entre coopération, promotion démocratique, conditionnalité, coercition et ingérence selon un standard symétrique ?","2000–2026. Missions d’observation électorale, assistance électorale, financements société civile/médias, diplomatie, conditionnalité commerciale/financière et sanctions. Prioriser bases juridiques, programmes, bénéficiaires et évaluations. Ne pas assimiler intervention ouverte/consentie à opération clandestine.",A024:199655040.leurope-piege-francais-12-contentieux;A091:181572197.lindustrie-de-linfluence-enquete,DELIVERY_PASS_R3P1,NO,INV-139_RECOVERY_HANDOFF.md,CLOSED — Library persistence recovered with bounded handoff; original final bytes unavailable; EU-as-sender symmetry delta usable by INV-146/133.
INV-140,W8,"Financement étranger indirect de l’espace électoral : ONG, médias, fondations, think tanks et campagnes thématiques hors partis",CLOSED,P1,PRIMARY,DEEPEN,PARTIAL,HIGH,,,,CORE_MISSION_RECLASSIFIED_2026-09-06_2354,"Quels financements étrangers légaux ou occultes peuvent agir sur une campagne sans financer directement un parti ou un candidat — médias, ONG, think tanks, sondages, contentieux, campagnes thématiques — et quelles traces permettent d’établir intention électorale, coordination, exposition et effet ?","France/Europe 2017–2027 avec comparateurs. Complément d’INV-094 : exclure le financement direct des partis/candidats. Inclure grants, prestations, médias, campagnes d’enjeu, recherche/sondage et organisations civiques lorsqu’un lien temporel/objectif électoral est documentable. Financement étranger seul ≠ commandement ni illégalité.",A004:210182384.lingerence-sans-mesure;A091:181572197.lindustrie-de-linfluence-enquete,DELIVERY_PASS_R3P1,NO,INV-140_RECOVERY_HANDOFF.md,CLOSED — Library persistence recovered from frozen terminal narrative; origin->vehicle->earmarking->tasking->effect control usable by INV-146/133.
INV-141,W10,"Spyware, surveillance et compromission de responsables politiques, journalistes et opposants comme levier d’influence",BACKLOG,P1,PRIMARY,DEEPEN,PARTIAL,HIGH,,,,CORE_MISSION_GATE,"Quand la compromission numérique de responsables politiques, journalistes ou opposants fournit-elle seulement un accès clandestin à l’information, et quand peut-on documenter chantage, intimidation, changement de comportement, décision ou avantage politique ?","France/Europe 2015–2026 avec cas Pegasus/Predator et autres outils uniquement si la cible, l’opérateur/client et les traces techniques ou judiciaires sont suffisamment établis. Séparer capacité du logiciel, infection, attribution du client, données obtenues, usage ultérieur et effet. Ne pas inférer le commanditaire d’un fournisseur ou d’une infrastructure.",A071:186904003.larchitecture-de-la-censure-europeenne,NOT_RUN,UNDECIDED,,CORE_MISSION backlog — coercion/information clandestine ; exiger chaîne technique + client + usage.
INV-142,W7,"Influence cachée par contenu sponsorisé : influenceurs payés, native advertising, faux médias, syndication et relais locaux",BACKLOG,P1,PRIMARY,DEEPEN,PARTIAL,HIGH,,,,CORE_MISSION_GATE,"Comment des intérêts étatiques, politiques ou privés achètent-ils une apparence de parole indépendante via influenceurs, faux médias, publirédactionnel, syndication ou relais locaux, et quelles preuves permettent de relier financeur → intermédiaire → contenu → diffusion → audience/effet ?","France/Europe 2018–2026, avec comparateurs internationaux. Distinguer publicité déclarée, sponsoring imparfaitement signalé, prestataire opaque et campagne clandestine. Inclure contrats, bibliothèques publicitaires, disclosures, factures ou fuites lorsque disponibles. Ne pas inférer paiement à partir d’un message favorable.",A008:208733314.la-fabrique-de-la-menace-comment;A091:181572197.lindustrie-de-linfluence-enquete,NOT_RUN,UNDECIDED,,CORE_MISSION backlog — mécanisme média direct ; peut fournir des cas à INV-128.
INV-143,W8,"Timing judiciaire et administratif en période électorale : enquêtes, fuites, inéligibilités, sanctions et « October surprises » institutionnelles",BACKLOG,P1,PRIMARY,DEEPEN,PARTIAL,HIGH,,,,CORE_MISSION_GATE,"Dans quelles conditions l’ouverture, la publicité ou le calendrier d’une procédure judiciaire/administrative avant un scrutin modifie-t-il la compétition politique, et comment distinguer application normale du droit, fuite opportuniste, erreur de calendrier et instrumentalisation démontrée ?","France/Europe avec comparateurs 2015–2026. Complément d’INV-100 : ici le mécanisme est le timing avant scrutin, pas seulement l’annulation. Tracer autorité compétente, calendrier procédural normal, décisions, fuites/communication, couverture, effet mesuré et preuve éventuelle d’intention. Une décision défavorable à un candidat n’est pas en soi une ingérence.",A006:209222653.du-narratif-a-lingerence-le-seuil,NOT_RUN,UNDECIDED,,CORE_MISSION backlog — mécanisme institutionnel électoral ; utiliser contrôles de calendrier et cas négatifs.
INV-144,W6,"Économie politique de la lutte contre l’ingérence : menace, budgets, marchés, prestataires, métriques et incitations à l’expansion",BLOCKED,P1,SYNTHESIS,SYNTHESIS,PARTIAL,HIGH,INV-044;INV-045;INV-071;INV-078;INV-079;INV-134,,,DEPENDENCIES_DONE,"Les dispositifs de lutte contre l’ingérence produisent-ils des incitations institutionnelles ou économiques à élargir la menace, et quelles boucles sont réellement documentées sans présumer coordination ou mauvaise foi ?","France/UE 2018–2027. Synthétiser budgets, effectifs, marchés, subventions, prestataires, métriques de succès/impact, pouvoirs acquis, mécanismes de contrôle, faux positifs/corrections et bénéficiaires. Tester au moins trois modèles : adaptation proportionnée à la menace ; expansion bureaucratique/industrielle ; combinaison des deux. Aucun budget croissant n’est une preuve de menace fabriquée.",A004:210182384.lingerence-sans-mesure;A001:212538645.qui-fact-checke-les-fact-checkers;A002:212051560.qui-fabrique-lautorite-du-vrai,NOT_RUN,UNDECIDED,,"Attendre les dépendances ; synthèse destinée à tester, pas présumer, une industrie de la contre-ingérence."
INV-145,W0,"Qui est un « agent étranger » ? FARA, dispositifs français et européens : mêmes mécanismes, qualifications et sanctions asymétriques",CLOSED,P1,PRIMARY,DEEPEN,PARTIAL,HIGH,,,,CORE_MISSION_RECLASSIFIED_2026-09-07_0157,"À comportement matériel comparable — financement, représentation d’intérêts, communication, conseil politique, campagne — quand le droit exige-t-il transparence, enregistrement ou sanction comme influence étrangère, et quelles différences de périmètre ou d’application existent entre États-Unis, France et UE ?","Cadres en vigueur 2018–2026 : FARA américain, registre français de l’influence étrangère/HATVP et mécanismes européens pertinents. Comparer définitions, exemptions, obligations, données publiques, sanctions et enforcement sur cas comparables. La différence de droit n’est pas automatiquement un double standard ; la conclusion doit venir de la comparaison.",A004:210182384.lingerence-sans-mesure;A006:209222653.du-narratif-a-lingerence-le-seuil,DELIVERY_PASS_R3P1,NO,INV-145_RUN_HANDOFF.md,CLOSED — legal-design asymmetry established; enforcement asymmetry not established; feed INV-146 when remaining dependencies close.
INV-146,W0,"Asymétrie alliés/adversaires : mêmes mécanismes, mêmes standards de preuve, mêmes mots ?",CLOSED,P1,SYNTHESIS,SYNTHESIS,PARTIAL,HIGH,INV-019;INV-022;INV-026;INV-033;INV-128;INV-134;INV-138;INV-139;INV-140;INV-145,,,DEPENDENCIES_DONE,"À mécanismes comparables, les influences provenant d’alliés, d’adversaires et d’acteurs domestiques sont-elles décrites, documentées et sanctionnées avec les mêmes catégories et seuils de preuve ?","Synthèse comparative France/UE. Construire des paires ou triplets isomorphes par mécanisme : financement, lobbying, média, faux comptes, prestataire clandestin, sanctions, promotion démocratique. Comparer seulement des objets suffisamment semblables en visibilité, légalité, relation au commanditaire, cible et effet. Ne pas conclure à l’asymétrie sur simple différence de pays ou de vocabulaire.",A004:210182384.lingerence-sans-mesure;A091:181572197.lindustrie-de-linfluence-enquete,NOT_RUN,NO,INV-146_RUN_HANDOFF.md,CLOSED — SYNTHESIS PASS; legal-design asymmetry established; systematic evidentiary/vocabulary/enforcement asymmetry not established; feed bounded result to INV-133.
